snapshot_month,district,category,job_postings,job_openings,median_salary,company_count,source_date,snapshot_created_at,pipeline_version,job_postings_mom_pct,job_openings_mom_pct,salary_mom_pct,absolute_openings_change,demand_growth_signal
2026-08,三峽區,一般人員,3,3,,1,"{""job_deadline_month_max"": ""2036-12"", ""job_deadline_month_min"": ""2026-08"", ""job_updated_month_max"": ""2026-08"", ""job_updated_month_min"": ""2019-08"", ""jobs_downloaded_at"": ""2026-08-30T00:45:24"", ""jobs_reference_date"": ""2026-08-29"", ""jobs_snapshot_as_of"": ""2026-08-30T00:45:24"", ""note"": ""processed_at is excluded from source_date inference."", ""population_downloaded_at"": null, ""population_reference_month"": ""2026-07"", ""population_source_month"": ""2026-07"", ""taiwanjobs_downloaded_at_max"": ""2026-08-30T00:45:24"", ""taiwanjobs_downloaded_at_min"": ""2026-08-30T00:45:15""}",2026-08-31T02:57:28,trend_snapshot_v1,,,,,
2026-08,三峽區,保全／軍警消,1,1,40000.0,1,"{""job_deadline_month_max"": ""2036-12"", ""job_deadline_month_min"": ""2026-08"", ""job_updated_month_max"": ""2026-08"", ""job_updated_month_min"": ""2019-08"", ""jobs_downloaded_at"": ""2026-08-30T00:45:24"", ""jobs_reference_date"": ""2026-08-29"", ""jobs_snapshot_as_of"": ""2026-08-30T00:45:24"", ""note"": ""processed_at is excluded from source_date inference."", ""population_downloaded_at"": null, ""population_reference_month"": ""2026-07"", ""population_source_month"": ""2026-07"", ""taiwanjobs_downloaded_at_max"": ""2026-08-30T00:45:24"", ""taiwanjobs_downloaded_at_min"": ""2026-08-30T00:45:15""}",2026-08-31T02:57:28,trend_snapshot_v1,,,,,
2026-08,三峽區,其他人員,6,12,,3,"{""job_deadline_month_max"": ""2036-12"", ""job_deadline_month_min"": ""2026-08"", ""job_updated_month_max"": ""2026-08"", ""job_updated_month_min"": ""2019-08"", ""jobs_downloaded_at"": ""2026-08-30T00:45:24"", ""jobs_reference_date"": ""2026-08-29"", ""jobs_snapshot_as_of"": ""2026-08-30T00:45:24"", ""note"": ""processed_at is excluded from source_date inference."", ""population_downloaded_at"": null, ""population_reference_month"": ""2026-07"", ""population_source_month"": ""2026-07"", ""taiwanjobs_downloaded_at_max"": ""2026-08-30T00:45:24"", ""taiwanjobs_downloaded_at_min"": ""2026-08-30T00:45:15""}",2026-08-31T02:57:28,trend_snapshot_v1,,,,,
2026-08,三峽區,其他職類,2,13,,2,"{""job_deadline_month_max"": ""2036-12"", ""job_deadline_month_min"": ""2026-08"", ""job_updated_month_max"": ""2026-08"", ""job_updated_month_min"": ""2019-08"", ""jobs_downloaded_at"": ""2026-08-30T00:45:24"", ""jobs_reference_date"": ""2026-08-29"", ""jobs_snapshot_as_of"": ""2026-08-30T00:45:24"", ""note"": ""processed_at is excluded from source_date inference."", ""population_downloaded_at"": null, ""population_reference_month"": ""2026-07"", ""population_source_month"": ""2026-07"", ""taiwanjobs_downloaded_at_max"": ""2026-08-30T00:45:24"", ""taiwanjobs_downloaded_at_min"": ""2026-08-30T00:45:15""}",2026-08-31T02:57:28,trend_snapshot_v1,,,,,
2026-08,三峽區,品管／製造／環衛,6,16,30000.0,5,"{""job_deadline_month_max"": ""2036-12"", ""job_deadline_month_min"": ""2026-08"", ""job_updated_month_max"": ""2026-08"", ""job_updated_month_min"": ""2019-08"", ""jobs_downloaded_at"": ""2026-08-30T00:45:24"", ""jobs_reference_date"": ""2026-08-29"", ""jobs_snapshot_as_of"": ""2026-08-30T00:45:24"", ""note"": ""processed_at is excluded from source_date inference."", ""population_downloaded_at"": null, ""population_reference_month"": ""2026-07"", ""population_source_month"": ""2026-07"", ""taiwanjobs_downloaded_at_max"": ""2026-08-30T00:45:24"", ""taiwanjobs_downloaded_at_min"": ""2026-08-30T00:45:15""}",2026-08-31T02:57:28,trend_snapshot_v1,,,,,
2026-08,三峽區,客服／門市,4,16,37485.0,3,"{""job_deadline_month_max"": ""2036-12"", ""job_deadline_month_min"": ""2026-08"", ""job_updated_month_max"": ""2026-08"", ""job_updated_month_min"": ""2019-08"", ""jobs_downloaded_at"": ""2026-08-30T00:45:24"", ""jobs_reference_date"": ""2026-08-29"", ""jobs_snapshot_as_of"": ""2026-08-30T00:45:24"", ""note"": ""processed_at is excluded from source_date inference."", ""population_downloaded_at"": null, ""population_reference_month"": ""2026-07"", ""population_source_month"": ""2026-07"", ""taiwanjobs_downloaded_at_max"": ""2026-08-30T00:45:24"", ""taiwanjobs_downloaded_at_min"": ""2026-08-30T00:45:15""}",2026-08-31T02:57:28,trend_snapshot_v1,,,,,
2026-08,三峽區,工程／研發／生技,1,4,32000.0,1,"{""job_deadline_month_max"": ""2036-12"", ""job_deadline_month_min"": ""2026-08"", ""job_updated_month_max"": ""2026-08"", ""job_updated_month_min"": ""2019-08"", ""jobs_downloaded_at"": ""2026-08-30T00:45:24"", ""jobs_reference_date"": ""2026-08-29"", ""jobs_snapshot_as_of"": ""2026-08-30T00:45:24"", ""note"": ""processed_at is excluded from source_date inference."", ""population_downloaded_at"": null, ""population_reference_month"": ""2026-07"", ""population_source_month"": ""2026-07"", ""taiwanjobs_downloaded_at_max"": ""2026-08-30T00:45:24"", ""taiwanjobs_downloaded_at_min"": ""2026-08-30T00:45:15""}",2026-08-31T02:57:28,trend_snapshot_v1,,,,,
2026-08,三峽區,廣告／公關／設計,1,1,37500.0,1,"{""job_deadline_month_max"": ""2036-12"", ""job_deadline_month_min"": ""2026-08"", ""job_updated_month_max"": ""2026-08"", ""job_updated_month_min"": ""2019-08"", ""jobs_downloaded_at"": ""2026-08-30T00:45:24"", ""jobs_reference_date"": ""2026-08-29"", ""jobs_snapshot_as_of"": ""2026-08-30T00:45:24"", ""note"": ""processed_at is excluded from source_date inference."", ""population_downloaded_at"": null, ""population_reference_month"": ""2026-07"", ""population_source_month"": ""2026-07"", ""taiwanjobs_downloaded_at_max"": ""2026-08-30T00:45:24"", ""taiwanjobs_downloaded_at_min"": ""2026-08-30T00:45:15""}",2026-08-31T02:57:28,trend_snapshot_v1,,,,,
2026-08,三峽區,技術／維修／操作,10,31,32616.25,8,"{""job_deadline_month_max"": ""2036-12"", ""job_deadline_month_min"": ""2026-08"", ""job_updated_month_max"": ""2026-08"", ""job_updated_month_min"": ""2019-08"", ""jobs_downloaded_at"": ""2026-08-30T00:45:24"", ""jobs_reference_date"": ""2026-08-29"", ""jobs_snapshot_as_of"": ""2026-08-30T00:45:24"", ""note"": ""processed_at is excluded from source_date inference."", ""population_downloaded_at"": null, ""population_reference_month"": ""2026-07"", ""population_source_month"": ""2026-07"", ""taiwanjobs_downloaded_at_max"": ""2026-08-30T00:45:24"", ""taiwanjobs_downloaded_at_min"": ""2026-08-30T00:45:15""}",2026-08-31T02:57:28,trend_snapshot_v1,,,,,
2026-08,三峽區,教育人員,6,8,,2,"{""job_deadline_month_max"": ""2036-12"", ""job_deadline_month_min"": ""2026-08"", ""job_updated_month_max"": ""2026-08"", ""job_updated_month_min"": ""2019-08"", ""jobs_downloaded_at"": ""2026-08-30T00:45:24"", ""jobs_reference_date"": ""2026-08-29"", ""jobs_snapshot_as_of"": ""2026-08-30T00:45:24"", ""note"": ""processed_at is excluded from source_date inference."", ""population_downloaded_at"": null, ""population_reference_month"": ""2026-07"", ""population_source_month"": ""2026-07"", ""taiwanjobs_downloaded_at_max"": ""2026-08-30T00:45:24"", ""taiwanjobs_downloaded_at_min"": ""2026-08-30T00:45:15""}",2026-08-31T02:57:28,trend_snapshot_v1,,,,,
2026-08,三峽區,教育／學術／研究,3,7,31000.0,1,"{""job_deadline_month_max"": ""2036-12"", ""job_deadline_month_min"": ""2026-08"", ""job_updated_month_max"": ""2026-08"", ""job_updated_month_min"": ""2019-08"", ""jobs_downloaded_at"": ""2026-08-30T00:45:24"", ""jobs_reference_date"": ""2026-08-29"", ""jobs_snapshot_as_of"": ""2026-08-30T00:45:24"", ""note"": ""processed_at is excluded from source_date inference."", ""population_downloaded_at"": null, ""population_reference_month"": ""2026-07"", ""population_source_month"": ""2026-07"", ""taiwanjobs_downloaded_at_max"": ""2026-08-30T00:45:24"", ""taiwanjobs_downloaded_at_min"": ""2026-08-30T00:45:15""}",2026-08-31T02:57:28,trend_snapshot_v1,,,,,
2026-08,三峽區,旅遊／餐飲／休閒,3,26,29500.0,1,"{""job_deadline_month_max"": ""2036-12"", ""job_deadline_month_min"": ""2026-08"", ""job_updated_month_max"": ""2026-08"", ""job_updated_month_min"": ""2019-08"", ""jobs_downloaded_at"": ""2026-08-30T00:45:24"", ""jobs_reference_date"": ""2026-08-29"", ""jobs_snapshot_as_of"": ""2026-08-30T00:45:24"", ""note"": ""processed_at is excluded from source_date inference."", ""population_downloaded_at"": null, ""population_reference_month"": ""2026-07"", ""population_source_month"": ""2026-07"", ""taiwanjobs_downloaded_at_max"": ""2026-08-30T00:45:24"", ""taiwanjobs_downloaded_at_min"": ""2026-08-30T00:45:15""}",2026-08-31T02:57:28,trend_snapshot_v1,,,,,
2026-08,三峽區,業務／貿易／銷售,5,10,40000.0,5,"{""job_deadline_month_max"": ""2036-12"", ""job_deadline_month_min"": ""2026-08"", ""job_updated_month_max"": ""2026-08"", ""job_updated_month_min"": ""2019-08"", ""jobs_downloaded_at"": ""2026-08-30T00:45:24"", ""jobs_reference_date"": ""2026-08-29"", ""jobs_snapshot_as_of"": ""2026-08-30T00:45:24"", ""note"": ""processed_at is excluded from source_date inference."", ""population_downloaded_at"": null, ""population_reference_month"": ""2026-07"", ""population_source_month"": ""2026-07"", ""taiwanjobs_downloaded_at_max"": ""2026-08-30T00:45:24"", ""taiwanjobs_downloaded_at_min"": ""2026-08-30T00:45:15""}",2026-08-31T02:57:28,trend_snapshot_v1,,,,,
2026-08,三峽區,清潔／家事／托育(保母),7,12,30750.0,7,"{""job_deadline_month_max"": ""2036-12"", ""job_deadline_month_min"": ""2026-08"", ""job_updated_month_max"": ""2026-08"", ""job_updated_month_min"": ""2019-08"", ""jobs_downloaded_at"": ""2026-08-30T00:45:24"", ""jobs_reference_date"": ""2026-08-29"", ""jobs_snapshot_as_of"": ""2026-08-30T00:45:24"", ""note"": ""processed_at is excluded from source_date inference."", ""population_downloaded_at"": null, ""population_reference_month"": ""2026-07"", ""population_source_month"": ""2026-07"", ""taiwanjobs_downloaded_at_max"": ""2026-08-30T00:45:24"", ""taiwanjobs_downloaded_at_min"": ""2026-08-30T00:45:15""}",2026-08-31T02:57:28,trend_snapshot_v1,,,,,
2026-08,三峽區,營建／製圖／施作,1,2,40000.0,1,"{""job_deadline_month_max"": ""2036-12"", ""job_deadline_month_min"": ""2026-08"", ""job_updated_month_max"": ""2026-08"", ""job_updated_month_min"": ""2019-08"", ""jobs_downloaded_at"": ""2026-08-30T00:45:24"", ""jobs_reference_date"": ""2026-08-29"", ""jobs_snapshot_as_of"": ""2026-08-30T00:45:24"", ""note"": ""processed_at is excluded from source_date inference."", ""population_downloaded_at"": null, ""population_reference_month"": ""2026-07"", ""population_source_month"": ""2026-07"", ""taiwanjobs_downloaded_at_max"": ""2026-08-30T00:45:24"", ""taiwanjobs_downloaded_at_min"": ""2026-08-30T00:45:15""}",2026-08-31T02:57:28,trend_snapshot_v1,,,,,
2026-08,三峽區,物流／運輸／資材,5,6,37500.0,5,"{""job_deadline_month_max"": ""2036-12"", ""job_deadline_month_min"": ""2026-08"", ""job_updated_month_max"": ""2026-08"", ""job_updated_month_min"": ""2019-08"", ""jobs_downloaded_at"": ""2026-08-30T00:45:24"", ""jobs_reference_date"": ""2026-08-29"", ""jobs_snapshot_as_of"": ""2026-08-30T00:45:24"", ""note"": ""processed_at is excluded from source_date inference."", ""population_downloaded_at"": null, ""population_reference_month"": ""2026-07"", ""population_source_month"": ""2026-07"", ""taiwanjobs_downloaded_at_max"": ""2026-08-30T00:45:24"", ""taiwanjobs_downloaded_at_min"": ""2026-08-30T00:45:15""}",2026-08-31T02:57:28,trend_snapshot_v1,,,,,
2026-08,三峽區,約僱人員,1,1,,1,"{""job_deadline_month_max"": ""2036-12"", ""job_deadline_month_min"": ""2026-08"", ""job_updated_month_max"": ""2026-08"", ""job_updated_month_min"": ""2019-08"", ""jobs_downloaded_at"": ""2026-08-30T00:45:24"", ""jobs_reference_date"": ""2026-08-29"", ""jobs_snapshot_as_of"": ""2026-08-30T00:45:24"", ""note"": ""processed_at is excluded from source_date inference."", ""population_downloaded_at"": null, ""population_reference_month"": ""2026-07"", ""population_source_month"": ""2026-07"", ""taiwanjobs_downloaded_at_max"": ""2026-08-30T00:45:24"", ""taiwanjobs_downloaded_at_min"": ""2026-08-30T00:45:15""}",2026-08-31T02:57:28,trend_snapshot_v1,,,,,
2026-08,三峽區,經營／行政／總務,3,6,34000.0,2,"{""job_deadline_month_max"": ""2036-12"", ""job_deadline_month_min"": ""2026-08"", ""job_updated_month_max"": ""2026-08"", ""job_updated_month_min"": ""2019-08"", ""jobs_downloaded_at"": ""2026-08-30T00:45:24"", ""jobs_reference_date"": ""2026-08-29"", ""jobs_snapshot_as_of"": ""2026-08-30T00:45:24"", ""note"": ""processed_at is excluded from source_date inference."", ""population_downloaded_at"": null, ""population_reference_month"": ""2026-07"", ""population_source_month"": ""2026-07"", ""taiwanjobs_downloaded_at_max"": ""2026-08-30T00:45:24"", ""taiwanjobs_downloaded_at_min"": ""2026-08-30T00:45:15""}",2026-08-31T02:57:28,trend_snapshot_v1,,,,,
2026-08,三峽區,聘用人員,1,1,,1,"{""job_deadline_month_max"": ""2036-12"", ""job_deadline_month_min"": ""2026-08"", ""job_updated_month_max"": ""2026-08"", ""job_updated_month_min"": ""2019-08"", ""jobs_downloaded_at"": ""2026-08-30T00:45:24"", ""jobs_reference_date"": ""2026-08-29"", ""jobs_snapshot_as_of"": ""2026-08-30T00:45:24"", ""note"": ""processed_at is excluded from source_date inference."", ""population_downloaded_at"": null, ""population_reference_month"": ""2026-07"", ""population_source_month"": ""2026-07"", ""taiwanjobs_downloaded_at_max"": ""2026-08-30T00:45:24"", ""taiwanjobs_downloaded_at_min"": ""2026-08-30T00:45:15""}",2026-08-31T02:57:28,trend_snapshot_v1,,,,,
2026-08,三峽區,財務／金融／保險,6,7,33500.0,6,"{""job_deadline_month_max"": ""2036-12"", ""job_deadline_month_min"": ""2026-08"", ""job_updated_month_max"": ""2026-08"", ""job_updated_month_min"": ""2019-08"", ""jobs_downloaded_at"": ""2026-08-30T00:45:24"", ""jobs_reference_date"": ""2026-08-29"", ""jobs_snapshot_as_of"": ""2026-08-30T00:45:24"", ""note"": ""processed_at is excluded from source_date inference."", ""population_downloaded_at"": null, ""population_reference_month"": ""2026-07"", ""population_source_month"": ""2026-07"", ""taiwanjobs_downloaded_at_max"": ""2026-08-30T00:45:24"", ""taiwanjobs_downloaded_at_min"": ""2026-08-30T00:45:15""}",2026-08-31T02:57:28,trend_snapshot_v1,,,,,
2026-08,三峽區,醫療／美容／保健,38,165,34657.0,24,"{""job_deadline_month_max"": ""2036-12"", ""job_deadline_month_min"": ""2026-08"", ""job_updated_month_max"": ""2026-08"", ""job_updated_month_min"": ""2019-08"", ""jobs_downloaded_at"": ""2026-08-30T00:45:24"", ""jobs_reference_date"": ""2026-08-29"", ""jobs_snapshot_as_of"": ""2026-08-30T00:45:24"", ""note"": ""processed_at is excluded from source_date inference."", ""population_downloaded_at"": null, ""population_reference_month"": ""2026-07"", ""population_source_month"": ""2026-07"", ""taiwanjobs_downloaded_at_max"": ""2026-08-30T00:45:24"", ""taiwanjobs_downloaded_at_min"": ""2026-08-30T00:45:15""}",2026-08-31T02:57:28,trend_snapshot_v1,,,,,
2026-08,三峽區,駕駛,1,1,,1,"{""job_deadline_month_max"": ""2036-12"", ""job_deadline_month_min"": ""2026-08"", ""job_updated_month_max"": ""2026-08"", ""job_updated_month_min"": ""2019-08"", ""jobs_downloaded_at"": ""2026-08-30T00:45:24"", ""jobs_reference_date"": ""2026-08-29"", ""jobs_snapshot_as_of"": ""2026-08-30T00:45:24"", ""note"": ""processed_at is excluded from source_date inference."", ""population_downloaded_at"": null, ""population_reference_month"": ""2026-07"", ""population_source_month"": ""2026-07"", ""taiwanjobs_downloaded_at_max"": ""2026-08-30T00:45:24"", ""taiwanjobs_downloaded_at_min"": ""2026-08-30T00:45:15""}",2026-08-31T02:57:28,trend_snapshot_v1,,,,,
2026-08,三芝區,一般人員,1,1,,1,"{""job_deadline_month_max"": ""2036-12"", ""job_deadline_month_min"": ""2026-08"", ""job_updated_month_max"": ""2026-08"", ""job_updated_month_min"": ""2019-08"", ""jobs_downloaded_at"": ""2026-08-30T00:45:24"", ""jobs_reference_date"": ""2026-08-29"", ""jobs_snapshot_as_of"": ""2026-08-30T00:45:24"", ""note"": ""processed_at is excluded from source_date inference."", ""population_downloaded_at"": null, ""population_reference_month"": ""2026-07"", ""population_source_month"": ""2026-07"", ""taiwanjobs_downloaded_at_max"": ""2026-08-30T00:45:24"", ""taiwanjobs_downloaded_at_min"": ""2026-08-30T00:45:15""}",2026-08-31T02:57:28,trend_snapshot_v1,,,,,
2026-08,三芝區,保全／軍警消,1,2,35000.0,1,"{""job_deadline_month_max"": ""2036-12"", ""job_deadline_month_min"": ""2026-08"", ""job_updated_month_max"": ""2026-08"", ""job_updated_month_min"": ""2019-08"", ""jobs_downloaded_at"": ""2026-08-30T00:45:24"", ""jobs_reference_date"": ""2026-08-29"", ""jobs_snapshot_as_of"": ""2026-08-30T00:45:24"", ""note"": ""processed_at is excluded from source_date inference."", ""population_downloaded_at"": null, ""population_reference_month"": ""2026-07"", ""population_source_month"": ""2026-07"", ""taiwanjobs_downloaded_at_max"": ""2026-08-30T00:45:24"", ""taiwanjobs_downloaded_at_min"": ""2026-08-30T00:45:15""}",2026-08-31T02:57:28,trend_snapshot_v1,,,,,
2026-08,三芝區,品管／製造／環衛,1,5,40000.0,1,"{""job_deadline_month_max"": ""2036-12"", ""job_deadline_month_min"": ""2026-08"", ""job_updated_month_max"": ""2026-08"", ""job_updated_month_min"": ""2019-08"", ""jobs_downloaded_at"": ""2026-08-30T00:45:24"", ""jobs_reference_date"": ""2026-08-29"", ""jobs_snapshot_as_of"": ""2026-08-30T00:45:24"", ""note"": ""processed_at is excluded from source_date inference."", ""population_downloaded_at"": null, ""population_reference_month"": ""2026-07"", ""population_source_month"": ""2026-07"", ""taiwanjobs_downloaded_at_max"": ""2026-08-30T00:45:24"", ""taiwanjobs_downloaded_at_min"": ""2026-08-30T00:45:15""}",2026-08-31T02:57:28,trend_snapshot_v1,,,,,
2026-08,三芝區,工友,1,1,,1,"{""job_deadline_month_max"": ""2036-12"", ""job_deadline_month_min"": ""2026-08"", ""job_updated_month_max"": ""2026-08"", ""job_updated_month_min"": ""2019-08"", ""jobs_downloaded_at"": ""2026-08-30T00:45:24"", ""jobs_reference_date"": ""2026-08-29"", ""jobs_snapshot_as_of"": ""2026-08-30T00:45:24"", ""note"": ""processed_at is excluded from source_date inference."", ""population_downloaded_at"": null, ""population_reference_month"": ""2026-07"", ""population_source_month"": ""2026-07"", ""taiwanjobs_downloaded_at_max"": ""2026-08-30T00:45:24"", ""taiwanjobs_downloaded_at_min"": ""2026-08-30T00:45:15""}",2026-08-31T02:57:28,trend_snapshot_v1,,,,,
2026-08,三芝區,教育／學術／研究,4,4,34000.0,3,"{""job_deadline_month_max"": ""2036-12"", ""job_deadline_month_min"": ""2026-08"", ""job_updated_month_max"": ""2026-08"", ""job_updated_month_min"": ""2019-08"", ""jobs_downloaded_at"": ""2026-08-30T00:45:24"", ""jobs_reference_date"": ""2026-08-29"", ""jobs_snapshot_as_of"": ""2026-08-30T00:45:24"", ""note"": ""processed_at is excluded from source_date inference."", ""population_downloaded_at"": null, ""population_reference_month"": ""2026-07"", ""population_source_month"": ""2026-07"", ""taiwanjobs_downloaded_at_max"": ""2026-08-30T00:45:24"", ""taiwanjobs_downloaded_at_min"": ""2026-08-30T00:45:15""}",2026-08-31T02:57:28,trend_snapshot_v1,,,,,
2026-08,三芝區,旅遊／餐飲／休閒,3,12,37500.0,1,"{""job_deadline_month_max"": ""2036-12"", ""job_deadline_month_min"": ""2026-08"", ""job_updated_month_max"": ""2026-08"", ""job_updated_month_min"": ""2019-08"", ""jobs_downloaded_at"": ""2026-08-30T00:45:24"", ""jobs_reference_date"": ""2026-08-29"", ""jobs_snapshot_as_of"": ""2026-08-30T00:45:24"", ""note"": ""processed_at is excluded from source_date inference."", ""population_downloaded_at"": null, ""population_reference_month"": ""2026-07"", ""population_source_month"": ""2026-07"", ""taiwanjobs_downloaded_at_max"": ""2026-08-30T00:45:24"", ""taiwanjobs_downloaded_at_min"": ""2026-08-30T00:45:15""}",2026-08-31T02:57:28,trend_snapshot_v1,,,,,
2026-08,三芝區,業務／貿易／銷售,1,5,38000.0,1,"{""job_deadline_month_max"": ""2036-12"", ""job_deadline_month_min"": ""2026-08"", ""job_updated_month_max"": ""2026-08"", ""job_updated_month_min"": ""2019-08"", ""jobs_downloaded_at"": ""2026-08-30T00:45:24"", ""jobs_reference_date"": ""2026-08-29"", ""jobs_snapshot_as_of"": ""2026-08-30T00:45:24"", ""note"": ""processed_at is excluded from source_date inference."", ""population_downloaded_at"": null, ""population_reference_month"": ""2026-07"", ""population_source_month"": ""2026-07"", ""taiwanjobs_downloaded_at_max"": ""2026-08-30T00:45:24"", ""taiwanjobs_downloaded_at_min"": ""2026-08-30T00:45:15""}",2026-08-31T02:57:28,trend_snapshot_v1,,,,,
2026-08,三芝區,清潔／家事／托育(保母),2,3,35255.5,2,"{""job_deadline_month_max"": ""2036-12"", ""job_deadline_month_min"": ""2026-08"", ""job_updated_month_max"": ""2026-08"", ""job_updated_month_min"": ""2019-08"", ""jobs_downloaded_at"": ""2026-08-30T00:45:24"", ""jobs_reference_date"": ""2026-08-29"", ""jobs_snapshot_as_of"": ""2026-08-30T00:45:24"", ""note"": ""processed_at is excluded from source_date inference."", ""population_downloaded_at"": null, ""population_reference_month"": ""2026-07"", ""population_source_month"": ""2026-07"", ""taiwanjobs_downloaded_at_max"": ""2026-08-30T00:45:24"", ""taiwanjobs_downloaded_at_min"": ""2026-08-30T00:45:15""}",2026-08-31T02:57:28,trend_snapshot_v1,,,,,
2026-08,三芝區,經營／行政／總務,1,2,31750.0,1,"{""job_deadline_month_max"": ""2036-12"", ""job_deadline_month_min"": ""2026-08"", ""job_updated_month_max"": ""2026-08"", ""job_updated_month_min"": ""2019-08"", ""jobs_downloaded_at"": ""2026-08-30T00:45:24"", ""jobs_reference_date"": ""2026-08-29"", ""jobs_snapshot_as_of"": ""2026-08-30T00:45:24"", ""note"": ""processed_at is excluded from source_date inference."", ""population_downloaded_at"": null, ""population_reference_month"": ""2026-07"", ""population_source_month"": ""2026-07"", ""taiwanjobs_downloaded_at_max"": ""2026-08-30T00:45:24"", ""taiwanjobs_downloaded_at_min"": ""2026-08-30T00:45:15""}",2026-08-31T02:57:28,trend_snapshot_v1,,,,,
2026-08,三芝區,醫療／美容／保健,7,13,33500.0,6,"{""job_deadline_month_max"": ""2036-12"", ""job_deadline_month_min"": ""2026-08"", ""job_updated_month_max"": ""2026-08"", ""job_updated_month_min"": ""2019-08"", ""jobs_downloaded_at"": ""2026-08-30T00:45:24"", ""jobs_reference_date"": ""2026-08-29"", ""jobs_snapshot_as_of"": ""2026-08-30T00:45:24"", ""note"": ""processed_at is excluded from source_date inference."", ""population_downloaded_at"": null, ""population_reference_month"": ""2026-07"", ""population_source_month"": ""2026-07"", ""taiwanjobs_downloaded_at_max"": ""2026-08-30T00:45:24"", ""taiwanjobs_downloaded_at_min"": ""2026-08-30T00:45:15""}",2026-08-31T02:57:28,trend_snapshot_v1,,,,,
2026-08,三重區,一般人員,3,5,,2,"{""job_deadline_month_max"": ""2036-12"", ""job_deadline_month_min"": ""2026-08"", ""job_updated_month_max"": ""2026-08"", ""job_updated_month_min"": ""2019-08"", ""jobs_downloaded_at"": ""2026-08-30T00:45:24"", ""jobs_reference_date"": ""2026-08-29"", ""jobs_snapshot_as_of"": ""2026-08-30T00:45:24"", ""note"": ""processed_at is excluded from source_date inference."", ""population_downloaded_at"": null, ""population_reference_month"": ""2026-07"", ""population_source_month"": ""2026-07"", ""taiwanjobs_downloaded_at_max"": ""2026-08-30T00:45:24"", ""taiwanjobs_downloaded_at_min"": ""2026-08-30T00:45:15""}",2026-08-31T02:57:28,trend_snapshot_v1,,,,,
2026-08,三重區,人資／法務／智財,2,2,33000.0,2,"{""job_deadline_month_max"": ""2036-12"", ""job_deadline_month_min"": ""2026-08"", ""job_updated_month_max"": ""2026-08"", ""job_updated_month_min"": ""2019-08"", ""jobs_downloaded_at"": ""2026-08-30T00:45:24"", ""jobs_reference_date"": ""2026-08-29"", ""jobs_snapshot_as_of"": ""2026-08-30T00:45:24"", ""note"": ""processed_at is excluded from source_date inference."", ""population_downloaded_at"": null, ""population_reference_month"": ""2026-07"", ""population_source_month"": ""2026-07"", ""taiwanjobs_downloaded_at_max"": ""2026-08-30T00:45:24"", ""taiwanjobs_downloaded_at_min"": ""2026-08-30T00:45:15""}",2026-08-31T02:57:28,trend_snapshot_v1,,,,,
2026-08,三重區,保全／軍警消,10,19,35500.0,7,"{""job_deadline_month_max"": ""2036-12"", ""job_deadline_month_min"": ""2026-08"", ""job_updated_month_max"": ""2026-08"", ""job_updated_month_min"": ""2019-08"", ""jobs_downloaded_at"": ""2026-08-30T00:45:24"", ""jobs_reference_date"": ""2026-08-29"", ""jobs_snapshot_as_of"": ""2026-08-30T00:45:24"", ""note"": ""processed_at is excluded from source_date inference."", ""population_downloaded_at"": null, ""population_reference_month"": ""2026-07"", ""population_source_month"": ""2026-07"", ""taiwanjobs_downloaded_at_max"": ""2026-08-30T00:45:24"", ""taiwanjobs_downloaded_at_min"": ""2026-08-30T00:45:15""}",2026-08-31T02:57:28,trend_snapshot_v1,,,,,
2026-08,三重區,其他人員,2,2,,2,"{""job_deadline_month_max"": ""2036-12"", ""job_deadline_month_min"": ""2026-08"", ""job_updated_month_max"": ""2026-08"", ""job_updated_month_min"": ""2019-08"", ""jobs_downloaded_at"": ""2026-08-30T00:45:24"", ""jobs_reference_date"": ""2026-08-29"", ""jobs_snapshot_as_of"": ""2026-08-30T00:45:24"", ""note"": ""processed_at is excluded from source_date inference."", ""population_downloaded_at"": null, ""population_reference_month"": ""2026-07"", ""population_source_month"": ""2026-07"", ""taiwanjobs_downloaded_at_max"": ""2026-08-30T00:45:24"", ""taiwanjobs_downloaded_at_min"": ""2026-08-30T00:45:15""}",2026-08-31T02:57:28,trend_snapshot_v1,,,,,
2026-08,三重區,其他職類,2,2,,2,"{""job_deadline_month_max"": ""2036-12"", ""job_deadline_month_min"": ""2026-08"", ""job_updated_month_max"": ""2026-08"", ""job_updated_month_min"": ""2019-08"", ""jobs_downloaded_at"": ""2026-08-30T00:45:24"", ""jobs_reference_date"": ""2026-08-29"", ""jobs_snapshot_as_of"": ""2026-08-30T00:45:24"", ""note"": ""processed_at is excluded from source_date inference."", ""population_downloaded_at"": null, ""population_reference_month"": ""2026-07"", ""population_source_month"": ""2026-07"", ""taiwanjobs_downloaded_at_max"": ""2026-08-30T00:45:24"", ""taiwanjobs_downloaded_at_min"": ""2026-08-30T00:45:15""}",2026-08-31T02:57:28,trend_snapshot_v1,,,,,
2026-08,三重區,品管／製造／環衛,11,24,35000.0,8,"{""job_deadline_month_max"": ""2036-12"", ""job_deadline_month_min"": ""2026-08"", ""job_updated_month_max"": ""2026-08"", ""job_updated_month_min"": ""2019-08"", ""jobs_downloaded_at"": ""2026-08-30T00:45:24"", ""jobs_reference_date"": ""2026-08-29"", ""jobs_snapshot_as_of"": ""2026-08-30T00:45:24"", ""note"": ""processed_at is excluded from source_date inference."", ""population_downloaded_at"": null, ""population_reference_month"": ""2026-07"", ""population_source_month"": ""2026-07"", ""taiwanjobs_downloaded_at_max"": ""2026-08-30T00:45:24"", ""taiwanjobs_downloaded_at_min"": ""2026-08-30T00:45:15""}",2026-08-31T02:57:28,trend_snapshot_v1,,,,,
2026-08,三重區,客服／門市,11,74,37500.0,8,"{""job_deadline_month_max"": ""2036-12"", ""job_deadline_month_min"": ""2026-08"", ""job_updated_month_max"": ""2026-08"", ""job_updated_month_min"": ""2019-08"", ""jobs_downloaded_at"": ""2026-08-30T00:45:24"", ""jobs_reference_date"": ""2026-08-29"", ""jobs_snapshot_as_of"": ""2026-08-30T00:45:24"", ""note"": ""processed_at is excluded from source_date inference."", ""population_downloaded_at"": null, ""population_reference_month"": ""2026-07"", ""population_source_month"": ""2026-07"", ""taiwanjobs_downloaded_at_max"": ""2026-08-30T00:45:24"", ""taiwanjobs_downloaded_at_min"": ""2026-08-30T00:45:15""}",2026-08-31T02:57:28,trend_snapshot_v1,,,,,
2026-08,三重區,工友,2,2,,1,"{""job_deadline_month_max"": ""2036-12"", ""job_deadline_month_min"": ""2026-08"", ""job_updated_month_max"": ""2026-08"", ""job_updated_month_min"": ""2019-08"", ""jobs_downloaded_at"": ""2026-08-30T00:45:24"", ""jobs_reference_date"": ""2026-08-29"", ""jobs_snapshot_as_of"": ""2026-08-30T00:45:24"", ""note"": ""processed_at is excluded from source_date inference."", ""population_downloaded_at"": null, ""population_reference_month"": ""2026-07"", ""population_source_month"": ""2026-07"", ""taiwanjobs_downloaded_at_max"": ""2026-08-30T00:45:24"", ""taiwanjobs_downloaded_at_min"": ""2026-08-30T00:45:15""}",2026-08-31T02:57:28,trend_snapshot_v1,,,,,
2026-08,三重區,工程／研發／生技,7,12,38500.0,5,"{""job_deadline_month_max"": ""2036-12"", ""job_deadline_month_min"": ""2026-08"", ""job_updated_month_max"": ""2026-08"", ""job_updated_month_min"": ""2019-08"", ""jobs_downloaded_at"": ""2026-08-30T00:45:24"", ""jobs_reference_date"": ""2026-08-29"", ""jobs_snapshot_as_of"": ""2026-08-30T00:45:24"", ""note"": ""processed_at is excluded from source_date inference."", ""population_downloaded_at"": null, ""population_reference_month"": ""2026-07"", ""population_source_month"": ""2026-07"", ""taiwanjobs_downloaded_at_max"": ""2026-08-30T00:45:24"", ""taiwanjobs_downloaded_at_min"": ""2026-08-30T00:45:15""}",2026-08-31T02:57:28,trend_snapshot_v1,,,,,
2026-08,三重區,廣告／公關／設計,2,2,33000.0,1,"{""job_deadline_month_max"": ""2036-12"", ""job_deadline_month_min"": ""2026-08"", ""job_updated_month_max"": ""2026-08"", ""job_updated_month_min"": ""2019-08"", ""jobs_downloaded_at"": ""2026-08-30T00:45:24"", ""jobs_reference_date"": ""2026-08-29"", ""jobs_snapshot_as_of"": ""2026-08-30T00:45:24"", ""note"": ""processed_at is excluded from source_date inference."", ""population_downloaded_at"": null, ""population_reference_month"": ""2026-07"", ""population_source_month"": ""2026-07"", ""taiwanjobs_downloaded_at_max"": ""2026-08-30T00:45:24"", ""taiwanjobs_downloaded_at_min"": ""2026-08-30T00:45:15""}",2026-08-31T02:57:28,trend_snapshot_v1,,,,,
2026-08,三重區,技術／維修／操作,34,153,34778.75,31,"{""job_deadline_month_max"": ""2036-12"", ""job_deadline_month_min"": ""2026-08"", ""job_updated_month_max"": ""2026-08"", ""job_updated_month_min"": ""2019-08"", ""jobs_downloaded_at"": ""2026-08-30T00:45:24"", ""jobs_reference_date"": ""2026-08-29"", ""jobs_snapshot_as_of"": ""2026-08-30T00:45:24"", ""note"": ""processed_at is excluded from source_date inference."", ""population_downloaded_at"": null, ""population_reference_month"": ""2026-07"", ""population_source_month"": ""2026-07"", ""taiwanjobs_downloaded_at_max"": ""2026-08-30T00:45:24"", ""taiwanjobs_downloaded_at_min"": ""2026-08-30T00:45:15""}",2026-08-31T02:57:28,trend_snapshot_v1,,,,,
2026-08,三重區,教育／學術／研究,3,17,40000.0,2,"{""job_deadline_month_max"": ""2036-12"", ""job_deadline_month_min"": ""2026-08"", ""job_updated_month_max"": ""2026-08"", ""job_updated_month_min"": ""2019-08"", ""jobs_downloaded_at"": ""2026-08-30T00:45:24"", ""jobs_reference_date"": ""2026-08-29"", ""jobs_snapshot_as_of"": ""2026-08-30T00:45:24"", ""note"": ""processed_at is excluded from source_date inference."", ""population_downloaded_at"": null, ""population_reference_month"": ""2026-07"", ""population_source_month"": ""2026-07"", ""taiwanjobs_downloaded_at_max"": ""2026-08-30T00:45:24"", ""taiwanjobs_downloaded_at_min"": ""2026-08-30T00:45:15""}",2026-08-31T02:57:28,trend_snapshot_v1,,,,,
2026-08,三重區,旅遊／餐飲／休閒,13,66,35100.0,12,"{""job_deadline_month_max"": ""2036-12"", ""job_deadline_month_min"": ""2026-08"", ""job_updated_month_max"": ""2026-08"", ""job_updated_month_min"": ""2019-08"", ""jobs_downloaded_at"": ""2026-08-30T00:45:24"", ""jobs_reference_date"": ""2026-08-29"", ""jobs_snapshot_as_of"": ""2026-08-30T00:45:24"", ""note"": ""processed_at is excluded from source_date inference."", ""population_downloaded_at"": null, ""population_reference_month"": ""2026-07"", ""population_source_month"": ""2026-07"", ""taiwanjobs_downloaded_at_max"": ""2026-08-30T00:45:24"", ""taiwanjobs_downloaded_at_min"": ""2026-08-30T00:45:15""}",2026-08-31T02:57:28,trend_snapshot_v1,,,,,
2026-08,三重區,業務／貿易／銷售,17,41,32500.0,13,"{""job_deadline_month_max"": ""2036-12"", ""job_deadline_month_min"": ""2026-08"", ""job_updated_month_max"": ""2026-08"", ""job_updated_month_min"": ""2019-08"", ""jobs_downloaded_at"": ""2026-08-30T00:45:24"", ""jobs_reference_date"": ""2026-08-29"", ""jobs_snapshot_as_of"": ""2026-08-30T00:45:24"", ""note"": ""processed_at is excluded from source_date inference."", ""population_downloaded_at"": null, ""population_reference_month"": ""2026-07"", ""population_source_month"": ""2026-07"", ""taiwanjobs_downloaded_at_max"": ""2026-08-30T00:45:24"", ""taiwanjobs_downloaded_at_min"": ""2026-08-30T00:45:15""}",2026-08-31T02:57:28,trend_snapshot_v1,,,,,
2026-08,三重區,清潔／家事／托育(保母),12,22,32450.0,10,"{""job_deadline_month_max"": ""2036-12"", ""job_deadline_month_min"": ""2026-08"", ""job_updated_month_max"": ""2026-08"", ""job_updated_month_min"": ""2019-08"", ""jobs_downloaded_at"": ""2026-08-30T00:45:24"", ""jobs_reference_date"": ""2026-08-29"", ""jobs_snapshot_as_of"": ""2026-08-30T00:45:24"", ""note"": ""processed_at is excluded from source_date inference."", ""population_downloaded_at"": null, ""population_reference_month"": ""2026-07"", ""population_source_month"": ""2026-07"", ""taiwanjobs_downloaded_at_max"": ""2026-08-30T00:45:24"", ""taiwanjobs_downloaded_at_min"": ""2026-08-30T00:45:15""}",2026-08-31T02:57:28,trend_snapshot_v1,,,,,
2026-08,三重區,營建／製圖／施作,9,53,35240.0,9,"{""job_deadline_month_max"": ""2036-12"", ""job_deadline_month_min"": ""2026-08"", ""job_updated_month_max"": ""2026-08"", ""job_updated_month_min"": ""2019-08"", ""jobs_downloaded_at"": ""2026-08-30T00:45:24"", ""jobs_reference_date"": ""2026-08-29"", ""jobs_snapshot_as_of"": ""2026-08-30T00:45:24"", ""note"": ""processed_at is excluded from source_date inference."", ""population_downloaded_at"": null, ""population_reference_month"": ""2026-07"", ""population_source_month"": ""2026-07"", ""taiwanjobs_downloaded_at_max"": ""2026-08-30T00:45:24"", ""taiwanjobs_downloaded_at_min"": ""2026-08-30T00:45:15""}",2026-08-31T02:57:28,trend_snapshot_v1,,,,,
2026-08,三重區,物流／運輸／資材,16,50,35000.0,10,"{""job_deadline_month_max"": ""2036-12"", ""job_deadline_month_min"": ""2026-08"", ""job_updated_month_max"": ""2026-08"", ""job_updated_month_min"": ""2019-08"", ""jobs_downloaded_at"": ""2026-08-30T00:45:24"", ""jobs_reference_date"": ""2026-08-29"", ""jobs_snapshot_as_of"": ""2026-08-30T00:45:24"", ""note"": ""processed_at is excluded from source_date inference."", ""population_downloaded_at"": null, ""population_reference_month"": ""2026-07"", ""population_source_month"": ""2026-07"", ""taiwanjobs_downloaded_at_max"": ""2026-08-30T00:45:24"", ""taiwanjobs_downloaded_at_min"": ""2026-08-30T00:45:15""}",2026-08-31T02:57:28,trend_snapshot_v1,,,,,
2026-08,三重區,約僱人員,2,2,,2,"{""job_deadline_month_max"": ""2036-12"", ""job_deadline_month_min"": ""2026-08"", ""job_updated_month_max"": ""2026-08"", ""job_updated_month_min"": ""2019-08"", ""jobs_downloaded_at"": ""2026-08-30T00:45:24"", ""jobs_reference_date"": ""2026-08-29"", ""jobs_snapshot_as_of"": ""2026-08-30T00:45:24"", ""note"": ""processed_at is excluded from source_date inference."", ""population_downloaded_at"": null, ""population_reference_month"": ""2026-07"", ""population_source_month"": ""2026-07"", ""taiwanjobs_downloaded_at_max"": ""2026-08-30T00:45:24"", ""taiwanjobs_downloaded_at_min"": ""2026-08-30T00:45:15""}",2026-08-31T02:57:28,trend_snapshot_v1,,,,,
2026-08,三重區,經營／行政／總務,9,13,32750.0,9,"{""job_deadline_month_max"": ""2036-12"", ""job_deadline_month_min"": ""2026-08"", ""job_updated_month_max"": ""2026-08"", ""job_updated_month_min"": ""2019-08"", ""jobs_downloaded_at"": ""2026-08-30T00:45:24"", ""jobs_reference_date"": ""2026-08-29"", ""jobs_snapshot_as_of"": ""2026-08-30T00:45:24"", ""note"": ""processed_at is excluded from source_date inference."", ""population_downloaded_at"": null, ""population_reference_month"": ""2026-07"", ""population_source_month"": ""2026-07"", ""taiwanjobs_downloaded_at_max"": ""2026-08-30T00:45:24"", ""taiwanjobs_downloaded_at_min"": ""2026-08-30T00:45:15""}",2026-08-31T02:57:28,trend_snapshot_v1,,,,,
2026-08,三重區,行銷／企劃／專案,5,5,40500.0,2,"{""job_deadline_month_max"": ""2036-12"", ""job_deadline_month_min"": ""2026-08"", ""job_updated_month_max"": ""2026-08"", ""job_updated_month_min"": ""2019-08"", ""jobs_downloaded_at"": ""2026-08-30T00:45:24"", ""jobs_reference_date"": ""2026-08-29"", ""jobs_snapshot_as_of"": ""2026-08-30T00:45:24"", ""note"": ""processed_at is excluded from source_date inference."", ""population_downloaded_at"": null, ""population_reference_month"": ""2026-07"", ""population_source_month"": ""2026-07"", ""taiwanjobs_downloaded_at_max"": ""2026-08-30T00:45:24"", ""taiwanjobs_downloaded_at_min"": ""2026-08-30T00:45:15""}",2026-08-31T02:57:28,trend_snapshot_v1,,,,,
2026-08,三重區,財務／金融／保險,10,10,33500.0,8,"{""job_deadline_month_max"": ""2036-12"", ""job_deadline_month_min"": ""2026-08"", ""job_updated_month_max"": ""2026-08"", ""job_updated_month_min"": ""2019-08"", ""jobs_downloaded_at"": ""2026-08-30T00:45:24"", ""jobs_reference_date"": ""2026-08-29"", ""jobs_snapshot_as_of"": ""2026-08-30T00:45:24"", ""note"": ""processed_at is excluded from source_date inference."", ""population_downloaded_at"": null, ""population_reference_month"": ""2026-07"", ""population_source_month"": ""2026-07"", ""taiwanjobs_downloaded_at_max"": ""2026-08-30T00:45:24"", ""taiwanjobs_downloaded_at_min"": ""2026-08-30T00:45:15""}",2026-08-31T02:57:28,trend_snapshot_v1,,,,,
2026-08,三重區,資訊／軟體／系統,1,1,57500.0,1,"{""job_deadline_month_max"": ""2036-12"", ""job_deadline_month_min"": ""2026-08"", ""job_updated_month_max"": ""2026-08"", ""job_updated_month_min"": ""2019-08"", ""jobs_downloaded_at"": ""2026-08-30T00:45:24"", ""jobs_reference_date"": ""2026-08-29"", ""jobs_snapshot_as_of"": ""2026-08-30T00:45:24"", ""note"": ""processed_at is excluded from source_date inference."", ""population_downloaded_at"": null, ""population_reference_month"": ""2026-07"", ""population_source_month"": ""2026-07"", ""taiwanjobs_downloaded_at_max"": ""2026-08-30T00:45:24"", ""taiwanjobs_downloaded_at_min"": ""2026-08-30T00:45:15""}",2026-08-31T02:57:28,trend_snapshot_v1,,,,,
2026-08,三重區,醫療／美容／保健,56,215,33500.0,40,"{""job_deadline_month_max"": ""2036-12"", ""job_deadline_month_min"": ""2026-08"", ""job_updated_month_max"": ""2026-08"", ""job_updated_month_min"": ""2019-08"", ""jobs_downloaded_at"": ""2026-08-30T00:45:24"", ""jobs_reference_date"": ""2026-08-29"", ""jobs_snapshot_as_of"": ""2026-08-30T00:45:24"", ""note"": ""processed_at is excluded from source_date inference."", ""population_downloaded_at"": null, ""population_reference_month"": ""2026-07"", ""population_source_month"": ""2026-07"", ""taiwanjobs_downloaded_at_max"": ""2026-08-30T00:45:24"", ""taiwanjobs_downloaded_at_min"": ""2026-08-30T00:45:15""}",2026-08-31T02:57:28,trend_snapshot_v1,,,,,
2026-08,中和區,一般人員,8,9,,5,"{""job_deadline_month_max"": ""2036-12"", ""job_deadline_month_min"": ""2026-08"", ""job_updated_month_max"": ""2026-08"", ""job_updated_month_min"": ""2019-08"", ""jobs_downloaded_at"": ""2026-08-30T00:45:24"", ""jobs_reference_date"": ""2026-08-29"", ""jobs_snapshot_as_of"": ""2026-08-30T00:45:24"", ""note"": ""processed_at is excluded from source_date inference."", ""population_downloaded_at"": null, ""population_reference_month"": ""2026-07"", ""population_source_month"": ""2026-07"", ""taiwanjobs_downloaded_at_max"": ""2026-08-30T00:45:24"", ""taiwanjobs_downloaded_at_min"": ""2026-08-30T00:45:15""}",2026-08-31T02:57:28,trend_snapshot_v1,,,,,
2026-08,中和區,保全／軍警消,4,4,30875.0,3,"{""job_deadline_month_max"": ""2036-12"", ""job_deadline_month_min"": ""2026-08"", ""job_updated_month_max"": ""2026-08"", ""job_updated_month_min"": ""2019-08"", ""jobs_downloaded_at"": ""2026-08-30T00:45:24"", ""jobs_reference_date"": ""2026-08-29"", ""jobs_snapshot_as_of"": ""2026-08-30T00:45:24"", ""note"": ""processed_at is excluded from source_date inference."", ""population_downloaded_at"": null, ""population_reference_month"": ""2026-07"", ""population_source_month"": ""2026-07"", ""taiwanjobs_downloaded_at_max"": ""2026-08-30T00:45:24"", ""taiwanjobs_downloaded_at_min"": ""2026-08-30T00:45:15""}",2026-08-31T02:57:28,trend_snapshot_v1,,,,,
2026-08,中和區,其他人員,1,1,,1,"{""job_deadline_month_max"": ""2036-12"", ""job_deadline_month_min"": ""2026-08"", ""job_updated_month_max"": ""2026-08"", ""job_updated_month_min"": ""2019-08"", ""jobs_downloaded_at"": ""2026-08-30T00:45:24"", ""jobs_reference_date"": ""2026-08-29"", ""jobs_snapshot_as_of"": ""2026-08-30T00:45:24"", ""note"": ""processed_at is excluded from source_date inference."", ""population_downloaded_at"": null, ""population_reference_month"": ""2026-07"", ""population_source_month"": ""2026-07"", ""taiwanjobs_downloaded_at_max"": ""2026-08-30T00:45:24"", ""taiwanjobs_downloaded_at_min"": ""2026-08-30T00:45:15""}",2026-08-31T02:57:28,trend_snapshot_v1,,,,,
2026-08,中和區,其他職類,4,18,,4,"{""job_deadline_month_max"": ""2036-12"", ""job_deadline_month_min"": ""2026-08"", ""job_updated_month_max"": ""2026-08"", ""job_updated_month_min"": ""2019-08"", ""jobs_downloaded_at"": ""2026-08-30T00:45:24"", ""jobs_reference_date"": ""2026-08-29"", ""jobs_snapshot_as_of"": ""2026-08-30T00:45:24"", ""note"": ""processed_at is excluded from source_date inference."", ""population_downloaded_at"": null, ""population_reference_month"": ""2026-07"", ""population_source_month"": ""2026-07"", ""taiwanjobs_downloaded_at_max"": ""2026-08-30T00:45:24"", ""taiwanjobs_downloaded_at_min"": ""2026-08-30T00:45:15""}",2026-08-31T02:57:28,trend_snapshot_v1,,,,,
2026-08,中和區,品管／製造／環衛,17,72,32787.5,11,"{""job_deadline_month_max"": ""2036-12"", ""job_deadline_month_min"": ""2026-08"", ""job_updated_month_max"": ""2026-08"", ""job_updated_month_min"": ""2019-08"", ""jobs_downloaded_at"": ""2026-08-30T00:45:24"", ""jobs_reference_date"": ""2026-08-29"", ""jobs_snapshot_as_of"": ""2026-08-30T00:45:24"", ""note"": ""processed_at is excluded from source_date inference."", ""population_downloaded_at"": null, ""population_reference_month"": ""2026-07"", ""population_source_month"": ""2026-07"", ""taiwanjobs_downloaded_at_max"": ""2026-08-30T00:45:24"", ""taiwanjobs_downloaded_at_min"": ""2026-08-30T00:45:15""}",2026-08-31T02:57:28,trend_snapshot_v1,,,,,
2026-08,中和區,客服／門市,18,106,33000.0,11,"{""job_deadline_month_max"": ""2036-12"", ""job_deadline_month_min"": ""2026-08"", ""job_updated_month_max"": ""2026-08"", ""job_updated_month_min"": ""2019-08"", ""jobs_downloaded_at"": ""2026-08-30T00:45:24"", ""jobs_reference_date"": ""2026-08-29"", ""jobs_snapshot_as_of"": ""2026-08-30T00:45:24"", ""note"": ""processed_at is excluded from source_date inference."", ""population_downloaded_at"": null, ""population_reference_month"": ""2026-07"", ""population_source_month"": ""2026-07"", ""taiwanjobs_downloaded_at_max"": ""2026-08-30T00:45:24"", ""taiwanjobs_downloaded_at_min"": ""2026-08-30T00:45:15""}",2026-08-31T02:57:28,trend_snapshot_v1,,,,,
2026-08,中和區,工友,1,1,,1,"{""job_deadline_month_max"": ""2036-12"", ""job_deadline_month_min"": ""2026-08"", ""job_updated_month_max"": ""2026-08"", ""job_updated_month_min"": ""2019-08"", ""jobs_downloaded_at"": ""2026-08-30T00:45:24"", ""jobs_reference_date"": ""2026-08-29"", ""jobs_snapshot_as_of"": ""2026-08-30T00:45:24"", ""note"": ""processed_at is excluded from source_date inference."", ""population_downloaded_at"": null, ""population_reference_month"": ""2026-07"", ""population_source_month"": ""2026-07"", ""taiwanjobs_downloaded_at_max"": ""2026-08-30T00:45:24"", ""taiwanjobs_downloaded_at_min"": ""2026-08-30T00:45:15""}",2026-08-31T02:57:28,trend_snapshot_v1,,,,,
2026-08,中和區,工程／研發／生技,3,8,40000.0,3,"{""job_deadline_month_max"": ""2036-12"", ""job_deadline_month_min"": ""2026-08"", ""job_updated_month_max"": ""2026-08"", ""job_updated_month_min"": ""2019-08"", ""jobs_downloaded_at"": ""2026-08-30T00:45:24"", ""jobs_reference_date"": ""2026-08-29"", ""jobs_snapshot_as_of"": ""2026-08-30T00:45:24"", ""note"": ""processed_at is excluded from source_date inference."", ""population_downloaded_at"": null, ""population_reference_month"": ""2026-07"", ""population_source_month"": ""2026-07"", ""taiwanjobs_downloaded_at_max"": ""2026-08-30T00:45:24"", ""taiwanjobs_downloaded_at_min"": ""2026-08-30T00:45:15""}",2026-08-31T02:57:28,trend_snapshot_v1,,,,,
2026-08,中和區,廣告／公關／設計,4,8,31250.0,4,"{""job_deadline_month_max"": ""2036-12"", ""job_deadline_month_min"": ""2026-08"", ""job_updated_month_max"": ""2026-08"", ""job_updated_month_min"": ""2019-08"", ""jobs_downloaded_at"": ""2026-08-30T00:45:24"", ""jobs_reference_date"": ""2026-08-29"", ""jobs_snapshot_as_of"": ""2026-08-30T00:45:24"", ""note"": ""processed_at is excluded from source_date inference."", ""population_downloaded_at"": null, ""population_reference_month"": ""2026-07"", ""population_source_month"": ""2026-07"", ""taiwanjobs_downloaded_at_max"": ""2026-08-30T00:45:24"", ""taiwanjobs_downloaded_at_min"": ""2026-08-30T00:45:15""}",2026-08-31T02:57:28,trend_snapshot_v1,,,,,
2026-08,中和區,技術／維修／操作,52,242,35400.0,38,"{""job_deadline_month_max"": ""2036-12"", ""job_deadline_month_min"": ""2026-08"", ""job_updated_month_max"": ""2026-08"", ""job_updated_month_min"": ""2019-08"", ""jobs_downloaded_at"": ""2026-08-30T00:45:24"", ""jobs_reference_date"": ""2026-08-29"", ""jobs_snapshot_as_of"": ""2026-08-30T00:45:24"", ""note"": ""processed_at is excluded from source_date inference."", ""population_downloaded_at"": null, ""population_reference_month"": ""2026-07"", ""population_source_month"": ""2026-07"", ""taiwanjobs_downloaded_at_max"": ""2026-08-30T00:45:24"", ""taiwanjobs_downloaded_at_min"": ""2026-08-30T00:45:15""}",2026-08-31T02:57:28,trend_snapshot_v1,,,,,
2026-08,中和區,教育／學術／研究,7,13,35500.0,6,"{""job_deadline_month_max"": ""2036-12"", ""job_deadline_month_min"": ""2026-08"", ""job_updated_month_max"": ""2026-08"", ""job_updated_month_min"": ""2019-08"", ""jobs_downloaded_at"": ""2026-08-30T00:45:24"", ""jobs_reference_date"": ""2026-08-29"", ""jobs_snapshot_as_of"": ""2026-08-30T00:45:24"", ""note"": ""processed_at is excluded from source_date inference."", ""population_downloaded_at"": null, ""population_reference_month"": ""2026-07"", ""population_source_month"": ""2026-07"", ""taiwanjobs_downloaded_at_max"": ""2026-08-30T00:45:24"", ""taiwanjobs_downloaded_at_min"": ""2026-08-30T00:45:15""}",2026-08-31T02:57:28,trend_snapshot_v1,,,,,
2026-08,中和區,旅遊／餐飲／休閒,19,85,33400.0,11,"{""job_deadline_month_max"": ""2036-12"", ""job_deadline_month_min"": ""2026-08"", ""job_updated_month_max"": ""2026-08"", ""job_updated_month_min"": ""2019-08"", ""jobs_downloaded_at"": ""2026-08-30T00:45:24"", ""jobs_reference_date"": ""2026-08-29"", ""jobs_snapshot_as_of"": ""2026-08-30T00:45:24"", ""note"": ""processed_at is excluded from source_date inference."", ""population_downloaded_at"": null, ""population_reference_month"": ""2026-07"", ""population_source_month"": ""2026-07"", ""taiwanjobs_downloaded_at_max"": ""2026-08-30T00:45:24"", ""taiwanjobs_downloaded_at_min"": ""2026-08-30T00:45:15""}",2026-08-31T02:57:28,trend_snapshot_v1,,,,,
2026-08,中和區,業務／貿易／銷售,16,37,34250.0,13,"{""job_deadline_month_max"": ""2036-12"", ""job_deadline_month_min"": ""2026-08"", ""job_updated_month_max"": ""2026-08"", ""job_updated_month_min"": ""2019-08"", ""jobs_downloaded_at"": ""2026-08-30T00:45:24"", ""jobs_reference_date"": ""2026-08-29"", ""jobs_snapshot_as_of"": ""2026-08-30T00:45:24"", ""note"": ""processed_at is excluded from source_date inference."", ""population_downloaded_at"": null, ""population_reference_month"": ""2026-07"", ""population_source_month"": ""2026-07"", ""taiwanjobs_downloaded_at_max"": ""2026-08-30T00:45:24"", ""taiwanjobs_downloaded_at_min"": ""2026-08-30T00:45:15""}",2026-08-31T02:57:28,trend_snapshot_v1,,,,,
2026-08,中和區,清潔／家事／托育(保母),22,32,34500.0,22,"{""job_deadline_month_max"": ""2036-12"", ""job_deadline_month_min"": ""2026-08"", ""job_updated_month_max"": ""2026-08"", ""job_updated_month_min"": ""2019-08"", ""jobs_downloaded_at"": ""2026-08-30T00:45:24"", ""jobs_reference_date"": ""2026-08-29"", ""jobs_snapshot_as_of"": ""2026-08-30T00:45:24"", ""note"": ""processed_at is excluded from source_date inference."", ""population_downloaded_at"": null, ""population_reference_month"": ""2026-07"", ""population_source_month"": ""2026-07"", ""taiwanjobs_downloaded_at_max"": ""2026-08-30T00:45:24"", ""taiwanjobs_downloaded_at_min"": ""2026-08-30T00:45:15""}",2026-08-31T02:57:28,trend_snapshot_v1,,,,,
2026-08,中和區,營建／製圖／施作,10,66,42000.0,7,"{""job_deadline_month_max"": ""2036-12"", ""job_deadline_month_min"": ""2026-08"", ""job_updated_month_max"": ""2026-08"", ""job_updated_month_min"": ""2019-08"", ""jobs_downloaded_at"": ""2026-08-30T00:45:24"", ""jobs_reference_date"": ""2026-08-29"", ""jobs_snapshot_as_of"": ""2026-08-30T00:45:24"", ""note"": ""processed_at is excluded from source_date inference."", ""population_downloaded_at"": null, ""population_reference_month"": ""2026-07"", ""population_source_month"": ""2026-07"", ""taiwanjobs_downloaded_at_max"": ""2026-08-30T00:45:24"", ""taiwanjobs_downloaded_at_min"": ""2026-08-30T00:45:15""}",2026-08-31T02:57:28,trend_snapshot_v1,,,,,
2026-08,中和區,物流／運輸／資材,15,55,35000.0,12,"{""job_deadline_month_max"": ""2036-12"", ""job_deadline_month_min"": ""2026-08"", ""job_updated_month_max"": ""2026-08"", ""job_updated_month_min"": ""2019-08"", ""jobs_downloaded_at"": ""2026-08-30T00:45:24"", ""jobs_reference_date"": ""2026-08-29"", ""jobs_snapshot_as_of"": ""2026-08-30T00:45:24"", ""note"": ""processed_at is excluded from source_date inference."", ""population_downloaded_at"": null, ""population_reference_month"": ""2026-07"", ""population_source_month"": ""2026-07"", ""taiwanjobs_downloaded_at_max"": ""2026-08-30T00:45:24"", ""taiwanjobs_downloaded_at_min"": ""2026-08-30T00:45:15""}",2026-08-31T02:57:28,trend_snapshot_v1,,,,,
2026-08,中和區,約僱人員,13,16,,4,"{""job_deadline_month_max"": ""2036-12"", ""job_deadline_month_min"": ""2026-08"", ""job_updated_month_max"": ""2026-08"", ""job_updated_month_min"": ""2019-08"", ""jobs_downloaded_at"": ""2026-08-30T00:45:24"", ""jobs_reference_date"": ""2026-08-29"", ""jobs_snapshot_as_of"": ""2026-08-30T00:45:24"", ""note"": ""processed_at is excluded from source_date inference."", ""population_downloaded_at"": null, ""population_reference_month"": ""2026-07"", ""population_source_month"": ""2026-07"", ""taiwanjobs_downloaded_at_max"": ""2026-08-30T00:45:24"", ""taiwanjobs_downloaded_at_min"": ""2026-08-30T00:45:15""}",2026-08-31T02:57:28,trend_snapshot_v1,,,,,
2026-08,中和區,經營／行政／總務,10,21,32125.0,8,"{""job_deadline_month_max"": ""2036-12"", ""job_deadline_month_min"": ""2026-08"", ""job_updated_month_max"": ""2026-08"", ""job_updated_month_min"": ""2019-08"", ""jobs_downloaded_at"": ""2026-08-30T00:45:24"", ""jobs_reference_date"": ""2026-08-29"", ""jobs_snapshot_as_of"": ""2026-08-30T00:45:24"", ""note"": ""processed_at is excluded from source_date inference."", ""population_downloaded_at"": null, ""population_reference_month"": ""2026-07"", ""population_source_month"": ""2026-07"", ""taiwanjobs_downloaded_at_max"": ""2026-08-30T00:45:24"", ""taiwanjobs_downloaded_at_min"": ""2026-08-30T00:45:15""}",2026-08-31T02:57:28,trend_snapshot_v1,,,,,
2026-08,中和區,行銷／企劃／專案,3,5,62500.0,2,"{""job_deadline_month_max"": ""2036-12"", ""job_deadline_month_min"": ""2026-08"", ""job_updated_month_max"": ""2026-08"", ""job_updated_month_min"": ""2019-08"", ""jobs_downloaded_at"": ""2026-08-30T00:45:24"", ""jobs_reference_date"": ""2026-08-29"", ""jobs_snapshot_as_of"": ""2026-08-30T00:45:24"", ""note"": ""processed_at is excluded from source_date inference."", ""population_downloaded_at"": null, ""population_reference_month"": ""2026-07"", ""population_source_month"": ""2026-07"", ""taiwanjobs_downloaded_at_max"": ""2026-08-30T00:45:24"", ""taiwanjobs_downloaded_at_min"": ""2026-08-30T00:45:15""}",2026-08-31T02:57:28,trend_snapshot_v1,,,,,
2026-08,中和區,財務／金融／保險,2,3,31625.0,2,"{""job_deadline_month_max"": ""2036-12"", ""job_deadline_month_min"": ""2026-08"", ""job_updated_month_max"": ""2026-08"", ""job_updated_month_min"": ""2019-08"", ""jobs_downloaded_at"": ""2026-08-30T00:45:24"", ""jobs_reference_date"": ""2026-08-29"", ""jobs_snapshot_as_of"": ""2026-08-30T00:45:24"", ""note"": ""processed_at is excluded from source_date inference."", ""population_downloaded_at"": null, ""population_reference_month"": ""2026-07"", ""population_source_month"": ""2026-07"", ""taiwanjobs_downloaded_at_max"": ""2026-08-30T00:45:24"", ""taiwanjobs_downloaded_at_min"": ""2026-08-30T00:45:15""}",2026-08-31T02:57:28,trend_snapshot_v1,,,,,
2026-08,中和區,醫療／美容／保健,49,170,33500.0,45,"{""job_deadline_month_max"": ""2036-12"", ""job_deadline_month_min"": ""2026-08"", ""job_updated_month_max"": ""2026-08"", ""job_updated_month_min"": ""2019-08"", ""jobs_downloaded_at"": ""2026-08-30T00:45:24"", ""jobs_reference_date"": ""2026-08-29"", ""jobs_snapshot_as_of"": ""2026-08-30T00:45:24"", ""note"": ""processed_at is excluded from source_date inference."", ""population_downloaded_at"": null, ""population_reference_month"": ""2026-07"", ""population_source_month"": ""2026-07"", ""taiwanjobs_downloaded_at_max"": ""2026-08-30T00:45:24"", ""taiwanjobs_downloaded_at_min"": ""2026-08-30T00:45:15""}",2026-08-31T02:57:28,trend_snapshot_v1,,,,,
2026-08,中和區,駕駛,1,1,,1,"{""job_deadline_month_max"": ""2036-12"", ""job_deadline_month_min"": ""2026-08"", ""job_updated_month_max"": ""2026-08"", ""job_updated_month_min"": ""2019-08"", ""jobs_downloaded_at"": ""2026-08-30T00:45:24"", ""jobs_reference_date"": ""2026-08-29"", ""jobs_snapshot_as_of"": ""2026-08-30T00:45:24"", ""note"": ""processed_at is excluded from source_date inference."", ""population_downloaded_at"": null, ""population_reference_month"": ""2026-07"", ""population_source_month"": ""2026-07"", ""taiwanjobs_downloaded_at_max"": ""2026-08-30T00:45:24"", ""taiwanjobs_downloaded_at_min"": ""2026-08-30T00:45:15""}",2026-08-31T02:57:28,trend_snapshot_v1,,,,,
2026-08,五股區,保全／軍警消,5,13,36000.0,4,"{""job_deadline_month_max"": ""2036-12"", ""job_deadline_month_min"": ""2026-08"", ""job_updated_month_max"": ""2026-08"", ""job_updated_month_min"": ""2019-08"", ""jobs_downloaded_at"": ""2026-08-30T00:45:24"", ""jobs_reference_date"": ""2026-08-29"", ""jobs_snapshot_as_of"": ""2026-08-30T00:45:24"", ""note"": ""processed_at is excluded from source_date inference."", ""population_downloaded_at"": null, ""population_reference_month"": ""2026-07"", ""population_source_month"": ""2026-07"", ""taiwanjobs_downloaded_at_max"": ""2026-08-30T00:45:24"", ""taiwanjobs_downloaded_at_min"": ""2026-08-30T00:45:15""}",2026-08-31T02:57:28,trend_snapshot_v1,,,,,
2026-08,五股區,其他人員,1,1,,1,"{""job_deadline_month_max"": ""2036-12"", ""job_deadline_month_min"": ""2026-08"", ""job_updated_month_max"": ""2026-08"", ""job_updated_month_min"": ""2019-08"", ""jobs_downloaded_at"": ""2026-08-30T00:45:24"", ""jobs_reference_date"": ""2026-08-29"", ""jobs_snapshot_as_of"": ""2026-08-30T00:45:24"", ""note"": ""processed_at is excluded from source_date inference."", ""population_downloaded_at"": null, ""population_reference_month"": ""2026-07"", ""population_source_month"": ""2026-07"", ""taiwanjobs_downloaded_at_max"": ""2026-08-30T00:45:24"", ""taiwanjobs_downloaded_at_min"": ""2026-08-30T00:45:15""}",2026-08-31T02:57:28,trend_snapshot_v1,,,,,
2026-08,五股區,其他職類,2,7,,2,"{""job_deadline_month_max"": ""2036-12"", ""job_deadline_month_min"": ""2026-08"", ""job_updated_month_max"": ""2026-08"", ""job_updated_month_min"": ""2019-08"", ""jobs_downloaded_at"": ""2026-08-30T00:45:24"", ""jobs_reference_date"": ""2026-08-29"", ""jobs_snapshot_as_of"": ""2026-08-30T00:45:24"", ""note"": ""processed_at is excluded from source_date inference."", ""population_downloaded_at"": null, ""population_reference_month"": ""2026-07"", ""population_source_month"": ""2026-07"", ""taiwanjobs_downloaded_at_max"": ""2026-08-30T00:45:24"", ""taiwanjobs_downloaded_at_min"": ""2026-08-30T00:45:15""}",2026-08-31T02:57:28,trend_snapshot_v1,,,,,
2026-08,五股區,品管／製造／環衛,15,39,33000.0,12,"{""job_deadline_month_max"": ""2036-12"", ""job_deadline_month_min"": ""2026-08"", ""job_updated_month_max"": ""2026-08"", ""job_updated_month_min"": ""2019-08"", ""jobs_downloaded_at"": ""2026-08-30T00:45:24"", ""jobs_reference_date"": ""2026-08-29"", ""jobs_snapshot_as_of"": ""2026-08-30T00:45:24"", ""note"": ""processed_at is excluded from source_date inference."", ""population_downloaded_at"": null, ""population_reference_month"": ""2026-07"", ""population_source_month"": ""2026-07"", ""taiwanjobs_downloaded_at_max"": ""2026-08-30T00:45:24"", ""taiwanjobs_downloaded_at_min"": ""2026-08-30T00:45:15""}",2026-08-31T02:57:28,trend_snapshot_v1,,,,,
2026-08,五股區,技術／維修／操作,23,116,34903.75,22,"{""job_deadline_month_max"": ""2036-12"", ""job_deadline_month_min"": ""2026-08"", ""job_updated_month_max"": ""2026-08"", ""job_updated_month_min"": ""2019-08"", ""jobs_downloaded_at"": ""2026-08-30T00:45:24"", ""jobs_reference_date"": ""2026-08-29"", ""jobs_snapshot_as_of"": ""2026-08-30T00:45:24"", ""note"": ""processed_at is excluded from source_date inference."", ""population_downloaded_at"": null, ""population_reference_month"": ""2026-07"", ""population_source_month"": ""2026-07"", ""taiwanjobs_downloaded_at_max"": ""2026-08-30T00:45:24"", ""taiwanjobs_downloaded_at_min"": ""2026-08-30T00:45:15""}",2026-08-31T02:57:28,trend_snapshot_v1,,,,,
2026-08,五股區,教育／學術／研究,3,5,32500.0,1,"{""job_deadline_month_max"": ""2036-12"", ""job_deadline_month_min"": ""2026-08"", ""job_updated_month_max"": ""2026-08"", ""job_updated_month_min"": ""2019-08"", ""jobs_downloaded_at"": ""2026-08-30T00:45:24"", ""jobs_reference_date"": ""2026-08-29"", ""jobs_snapshot_as_of"": ""2026-08-30T00:45:24"", ""note"": ""processed_at is excluded from source_date inference."", ""population_downloaded_at"": null, ""population_reference_month"": ""2026-07"", ""population_source_month"": ""2026-07"", ""taiwanjobs_downloaded_at_max"": ""2026-08-30T00:45:24"", ""taiwanjobs_downloaded_at_min"": ""2026-08-30T00:45:15""}",2026-08-31T02:57:28,trend_snapshot_v1,,,,,
2026-08,五股區,旅遊／餐飲／休閒,3,15,33500.0,3,"{""job_deadline_month_max"": ""2036-12"", ""job_deadline_month_min"": ""2026-08"", ""job_updated_month_max"": ""2026-08"", ""job_updated_month_min"": ""2019-08"", ""jobs_downloaded_at"": ""2026-08-30T00:45:24"", ""jobs_reference_date"": ""2026-08-29"", ""jobs_snapshot_as_of"": ""2026-08-30T00:45:24"", ""note"": ""processed_at is excluded from source_date inference."", ""population_downloaded_at"": null, ""population_reference_month"": ""2026-07"", ""population_source_month"": ""2026-07"", ""taiwanjobs_downloaded_at_max"": ""2026-08-30T00:45:24"", ""taiwanjobs_downloaded_at_min"": ""2026-08-30T00:45:15""}",2026-08-31T02:57:28,trend_snapshot_v1,,,,,
2026-08,五股區,業務／貿易／銷售,4,9,36750.0,4,"{""job_deadline_month_max"": ""2036-12"", ""job_deadline_month_min"": ""2026-08"", ""job_updated_month_max"": ""2026-08"", ""job_updated_month_min"": ""2019-08"", ""jobs_downloaded_at"": ""2026-08-30T00:45:24"", ""jobs_reference_date"": ""2026-08-29"", ""jobs_snapshot_as_of"": ""2026-08-30T00:45:24"", ""note"": ""processed_at is excluded from source_date inference."", ""population_downloaded_at"": null, ""population_reference_month"": ""2026-07"", ""population_source_month"": ""2026-07"", ""taiwanjobs_downloaded_at_max"": ""2026-08-30T00:45:24"", ""taiwanjobs_downloaded_at_min"": ""2026-08-30T00:45:15""}",2026-08-31T02:57:28,trend_snapshot_v1,,,,,
2026-08,五股區,清潔／家事／托育(保母),6,37,29750.0,6,"{""job_deadline_month_max"": ""2036-12"", ""job_deadline_month_min"": ""2026-08"", ""job_updated_month_max"": ""2026-08"", ""job_updated_month_min"": ""2019-08"", ""jobs_downloaded_at"": ""2026-08-30T00:45:24"", ""jobs_reference_date"": ""2026-08-29"", ""jobs_snapshot_as_of"": ""2026-08-30T00:45:24"", ""note"": ""processed_at is excluded from source_date inference."", ""population_downloaded_at"": null, ""population_reference_month"": ""2026-07"", ""population_source_month"": ""2026-07"", ""taiwanjobs_downloaded_at_max"": ""2026-08-30T00:45:24"", ""taiwanjobs_downloaded_at_min"": ""2026-08-30T00:45:15""}",2026-08-31T02:57:28,trend_snapshot_v1,,,,,
2026-08,五股區,營建／製圖／施作,2,6,40000.0,2,"{""job_deadline_month_max"": ""2036-12"", ""job_deadline_month_min"": ""2026-08"", ""job_updated_month_max"": ""2026-08"", ""job_updated_month_min"": ""2019-08"", ""jobs_downloaded_at"": ""2026-08-30T00:45:24"", ""jobs_reference_date"": ""2026-08-29"", ""jobs_snapshot_as_of"": ""2026-08-30T00:45:24"", ""note"": ""processed_at is excluded from source_date inference."", ""population_downloaded_at"": null, ""population_reference_month"": ""2026-07"", ""population_source_month"": ""2026-07"", ""taiwanjobs_downloaded_at_max"": ""2026-08-30T00:45:24"", ""taiwanjobs_downloaded_at_min"": ""2026-08-30T00:45:15""}",2026-08-31T02:57:28,trend_snapshot_v1,,,,,
2026-08,五股區,物流／運輸／資材,13,21,38500.0,13,"{""job_deadline_month_max"": ""2036-12"", ""job_deadline_month_min"": ""2026-08"", ""job_updated_month_max"": ""2026-08"", ""job_updated_month_min"": ""2019-08"", ""jobs_downloaded_at"": ""2026-08-30T00:45:24"", ""jobs_reference_date"": ""2026-08-29"", ""jobs_snapshot_as_of"": ""2026-08-30T00:45:24"", ""note"": ""processed_at is excluded from source_date inference."", ""population_downloaded_at"": null, ""population_reference_month"": ""2026-07"", ""population_source_month"": ""2026-07"", ""taiwanjobs_downloaded_at_max"": ""2026-08-30T00:45:24"", ""taiwanjobs_downloaded_at_min"": ""2026-08-30T00:45:15""}",2026-08-31T02:57:28,trend_snapshot_v1,,,,,
2026-08,五股區,約僱人員,1,1,,1,"{""job_deadline_month_max"": ""2036-12"", ""job_deadline_month_min"": ""2026-08"", ""job_updated_month_max"": ""2026-08"", ""job_updated_month_min"": ""2019-08"", ""jobs_downloaded_at"": ""2026-08-30T00:45:24"", ""jobs_reference_date"": ""2026-08-29"", ""jobs_snapshot_as_of"": ""2026-08-30T00:45:24"", ""note"": ""processed_at is excluded from source_date inference."", ""population_downloaded_at"": null, ""population_reference_month"": ""2026-07"", ""population_source_month"": ""2026-07"", ""taiwanjobs_downloaded_at_max"": ""2026-08-30T00:45:24"", ""taiwanjobs_downloaded_at_min"": ""2026-08-30T00:45:15""}",2026-08-31T02:57:28,trend_snapshot_v1,,,,,
2026-08,五股區,經營／行政／總務,3,3,42750.0,3,"{""job_deadline_month_max"": ""2036-12"", ""job_deadline_month_min"": ""2026-08"", ""job_updated_month_max"": ""2026-08"", ""job_updated_month_min"": ""2019-08"", ""jobs_downloaded_at"": ""2026-08-30T00:45:24"", ""jobs_reference_date"": ""2026-08-29"", ""jobs_snapshot_as_of"": ""2026-08-30T00:45:24"", ""note"": ""processed_at is excluded from source_date inference."", ""population_downloaded_at"": null, ""population_reference_month"": ""2026-07"", ""population_source_month"": ""2026-07"", ""taiwanjobs_downloaded_at_max"": ""2026-08-30T00:45:24"", ""taiwanjobs_downloaded_at_min"": ""2026-08-30T00:45:15""}",2026-08-31T02:57:28,trend_snapshot_v1,,,,,
2026-08,五股區,聘用人員,2,4,,2,"{""job_deadline_month_max"": ""2036-12"", ""job_deadline_month_min"": ""2026-08"", ""job_updated_month_max"": ""2026-08"", ""job_updated_month_min"": ""2019-08"", ""jobs_downloaded_at"": ""2026-08-30T00:45:24"", ""jobs_reference_date"": ""2026-08-29"", ""jobs_snapshot_as_of"": ""2026-08-30T00:45:24"", ""note"": ""processed_at is excluded from source_date inference."", ""population_downloaded_at"": null, ""population_reference_month"": ""2026-07"", ""population_source_month"": ""2026-07"", ""taiwanjobs_downloaded_at_max"": ""2026-08-30T00:45:24"", ""taiwanjobs_downloaded_at_min"": ""2026-08-30T00:45:15""}",2026-08-31T02:57:28,trend_snapshot_v1,,,,,
2026-08,五股區,醫療／美容／保健,5,27,34250.0,5,"{""job_deadline_month_max"": ""2036-12"", ""job_deadline_month_min"": ""2026-08"", ""job_updated_month_max"": ""2026-08"", ""job_updated_month_min"": ""2019-08"", ""jobs_downloaded_at"": ""2026-08-30T00:45:24"", ""jobs_reference_date"": ""2026-08-29"", ""jobs_snapshot_as_of"": ""2026-08-30T00:45:24"", ""note"": ""processed_at is excluded from source_date inference."", ""population_downloaded_at"": null, ""population_reference_month"": ""2026-07"", ""population_source_month"": ""2026-07"", ""taiwanjobs_downloaded_at_max"": ""2026-08-30T00:45:24"", ""taiwanjobs_downloaded_at_min"": ""2026-08-30T00:45:15""}",2026-08-31T02:57:28,trend_snapshot_v1,,,,,
2026-08,八里區,一般人員,1,1,,1,"{""job_deadline_month_max"": ""2036-12"", ""job_deadline_month_min"": ""2026-08"", ""job_updated_month_max"": ""2026-08"", ""job_updated_month_min"": ""2019-08"", ""jobs_downloaded_at"": ""2026-08-30T00:45:24"", ""jobs_reference_date"": ""2026-08-29"", ""jobs_snapshot_as_of"": ""2026-08-30T00:45:24"", ""note"": ""processed_at is excluded from source_date inference."", ""population_downloaded_at"": null, ""population_reference_month"": ""2026-07"", ""population_source_month"": ""2026-07"", ""taiwanjobs_downloaded_at_max"": ""2026-08-30T00:45:24"", ""taiwanjobs_downloaded_at_min"": ""2026-08-30T00:45:15""}",2026-08-31T02:57:28,trend_snapshot_v1,,,,,
2026-08,八里區,其他人員,4,4,,4,"{""job_deadline_month_max"": ""2036-12"", ""job_deadline_month_min"": ""2026-08"", ""job_updated_month_max"": ""2026-08"", ""job_updated_month_min"": ""2019-08"", ""jobs_downloaded_at"": ""2026-08-30T00:45:24"", ""jobs_reference_date"": ""2026-08-29"", ""jobs_snapshot_as_of"": ""2026-08-30T00:45:24"", ""note"": ""processed_at is excluded from source_date inference."", ""population_downloaded_at"": null, ""population_reference_month"": ""2026-07"", ""population_source_month"": ""2026-07"", ""taiwanjobs_downloaded_at_max"": ""2026-08-30T00:45:24"", ""taiwanjobs_downloaded_at_min"": ""2026-08-30T00:45:15""}",2026-08-31T02:57:28,trend_snapshot_v1,,,,,
2026-08,八里區,品管／製造／環衛,6,10,31000.0,5,"{""job_deadline_month_max"": ""2036-12"", ""job_deadline_month_min"": ""2026-08"", ""job_updated_month_max"": ""2026-08"", ""job_updated_month_min"": ""2019-08"", ""jobs_downloaded_at"": ""2026-08-30T00:45:24"", ""jobs_reference_date"": ""2026-08-29"", ""jobs_snapshot_as_of"": ""2026-08-30T00:45:24"", ""note"": ""processed_at is excluded from source_date inference."", ""population_downloaded_at"": null, ""population_reference_month"": ""2026-07"", ""population_source_month"": ""2026-07"", ""taiwanjobs_downloaded_at_max"": ""2026-08-30T00:45:24"", ""taiwanjobs_downloaded_at_min"": ""2026-08-30T00:45:15""}",2026-08-31T02:57:28,trend_snapshot_v1,,,,,
2026-08,八里區,工程／研發／生技,1,3,40000.0,1,"{""job_deadline_month_max"": ""2036-12"", ""job_deadline_month_min"": ""2026-08"", ""job_updated_month_max"": ""2026-08"", ""job_updated_month_min"": ""2019-08"", ""jobs_downloaded_at"": ""2026-08-30T00:45:24"", ""jobs_reference_date"": ""2026-08-29"", ""jobs_snapshot_as_of"": ""2026-08-30T00:45:24"", ""note"": ""processed_at is excluded from source_date inference."", ""population_downloaded_at"": null, ""population_reference_month"": ""2026-07"", ""population_source_month"": ""2026-07"", ""taiwanjobs_downloaded_at_max"": ""2026-08-30T00:45:24"", ""taiwanjobs_downloaded_at_min"": ""2026-08-30T00:45:15""}",2026-08-31T02:57:28,trend_snapshot_v1,,,,,
2026-08,八里區,技術／維修／操作,21,106,34492.5,16,"{""job_deadline_month_max"": ""2036-12"", ""job_deadline_month_min"": ""2026-08"", ""job_updated_month_max"": ""2026-08"", ""job_updated_month_min"": ""2019-08"", ""jobs_downloaded_at"": ""2026-08-30T00:45:24"", ""jobs_reference_date"": ""2026-08-29"", ""jobs_snapshot_as_of"": ""2026-08-30T00:45:24"", ""note"": ""processed_at is excluded from source_date inference."", ""population_downloaded_at"": null, ""population_reference_month"": ""2026-07"", ""population_source_month"": ""2026-07"", ""taiwanjobs_downloaded_at_max"": ""2026-08-30T00:45:24"", ""taiwanjobs_downloaded_at_min"": ""2026-08-30T00:45:15""}",2026-08-31T02:57:28,trend_snapshot_v1,,,,,
2026-08,八里區,旅遊／餐飲／休閒,4,7,34000.0,2,"{""job_deadline_month_max"": ""2036-12"", ""job_deadline_month_min"": ""2026-08"", ""job_updated_month_max"": ""2026-08"", ""job_updated_month_min"": ""2019-08"", ""jobs_downloaded_at"": ""2026-08-30T00:45:24"", ""jobs_reference_date"": ""2026-08-29"", ""jobs_snapshot_as_of"": ""2026-08-30T00:45:24"", ""note"": ""processed_at is excluded from source_date inference."", ""population_downloaded_at"": null, ""population_reference_month"": ""2026-07"", ""population_source_month"": ""2026-07"", ""taiwanjobs_downloaded_at_max"": ""2026-08-30T00:45:24"", ""taiwanjobs_downloaded_at_min"": ""2026-08-30T00:45:15""}",2026-08-31T02:57:28,trend_snapshot_v1,,,,,
2026-08,八里區,業務／貿易／銷售,1,1,42500.0,1,"{""job_deadline_month_max"": ""2036-12"", ""job_deadline_month_min"": ""2026-08"", ""job_updated_month_max"": ""2026-08"", ""job_updated_month_min"": ""2019-08"", ""jobs_downloaded_at"": ""2026-08-30T00:45:24"", ""jobs_reference_date"": ""2026-08-29"", ""jobs_snapshot_as_of"": ""2026-08-30T00:45:24"", ""note"": ""processed_at is excluded from source_date inference."", ""population_downloaded_at"": null, ""population_reference_month"": ""2026-07"", ""population_source_month"": ""2026-07"", ""taiwanjobs_downloaded_at_max"": ""2026-08-30T00:45:24"", ""taiwanjobs_downloaded_at_min"": ""2026-08-30T00:45:15""}",2026-08-31T02:57:28,trend_snapshot_v1,,,,,
2026-08,八里區,清潔／家事／托育(保母),3,4,34500.0,3,"{""job_deadline_month_max"": ""2036-12"", ""job_deadline_month_min"": ""2026-08"", ""job_updated_month_max"": ""2026-08"", ""job_updated_month_min"": ""2019-08"", ""jobs_downloaded_at"": ""2026-08-30T00:45:24"", ""jobs_reference_date"": ""2026-08-29"", ""jobs_snapshot_as_of"": ""2026-08-30T00:45:24"", ""note"": ""processed_at is excluded from source_date inference."", ""population_downloaded_at"": null, ""population_reference_month"": ""2026-07"", ""population_source_month"": ""2026-07"", ""taiwanjobs_downloaded_at_max"": ""2026-08-30T00:45:24"", ""taiwanjobs_downloaded_at_min"": ""2026-08-30T00:45:15""}",2026-08-31T02:57:28,trend_snapshot_v1,,,,,
2026-08,八里區,營建／製圖／施作,5,13,43250.0,4,"{""job_deadline_month_max"": ""2036-12"", ""job_deadline_month_min"": ""2026-08"", ""job_updated_month_max"": ""2026-08"", ""job_updated_month_min"": ""2019-08"", ""jobs_downloaded_at"": ""2026-08-30T00:45:24"", ""jobs_reference_date"": ""2026-08-29"", ""jobs_snapshot_as_of"": ""2026-08-30T00:45:24"", ""note"": ""processed_at is excluded from source_date inference."", ""population_downloaded_at"": null, ""population_reference_month"": ""2026-07"", ""population_source_month"": ""2026-07"", ""taiwanjobs_downloaded_at_max"": ""2026-08-30T00:45:24"", ""taiwanjobs_downloaded_at_min"": ""2026-08-30T00:45:15""}",2026-08-31T02:57:28,trend_snapshot_v1,,,,,
2026-08,八里區,物流／運輸／資材,9,41,41000.0,6,"{""job_deadline_month_max"": ""2036-12"", ""job_deadline_month_min"": ""2026-08"", ""job_updated_month_max"": ""2026-08"", ""job_updated_month_min"": ""2019-08"", ""jobs_downloaded_at"": ""2026-08-30T00:45:24"", ""jobs_reference_date"": ""2026-08-29"", ""jobs_snapshot_as_of"": ""2026-08-30T00:45:24"", ""note"": ""processed_at is excluded from source_date inference."", ""population_downloaded_at"": null, ""population_reference_month"": ""2026-07"", ""population_source_month"": ""2026-07"", ""taiwanjobs_downloaded_at_max"": ""2026-08-30T00:45:24"", ""taiwanjobs_downloaded_at_min"": ""2026-08-30T00:45:15""}",2026-08-31T02:57:28,trend_snapshot_v1,,,,,
2026-08,八里區,約僱人員,2,2,,1,"{""job_deadline_month_max"": ""2036-12"", ""job_deadline_month_min"": ""2026-08"", ""job_updated_month_max"": ""2026-08"", ""job_updated_month_min"": ""2019-08"", ""jobs_downloaded_at"": ""2026-08-30T00:45:24"", ""jobs_reference_date"": ""2026-08-29"", ""jobs_snapshot_as_of"": ""2026-08-30T00:45:24"", ""note"": ""processed_at is excluded from source_date inference."", ""population_downloaded_at"": null, ""population_reference_month"": ""2026-07"", ""population_source_month"": ""2026-07"", ""taiwanjobs_downloaded_at_max"": ""2026-08-30T00:45:24"", ""taiwanjobs_downloaded_at_min"": ""2026-08-30T00:45:15""}",2026-08-31T02:57:28,trend_snapshot_v1,,,,,
2026-08,八里區,經營／行政／總務,5,16,36170.0,3,"{""job_deadline_month_max"": ""2036-12"", ""job_deadline_month_min"": ""2026-08"", ""job_updated_month_max"": ""2026-08"", ""job_updated_month_min"": ""2019-08"", ""jobs_downloaded_at"": ""2026-08-30T00:45:24"", ""jobs_reference_date"": ""2026-08-29"", ""jobs_snapshot_as_of"": ""2026-08-30T00:45:24"", ""note"": ""processed_at is excluded from source_date inference."", ""population_downloaded_at"": null, ""population_reference_month"": ""2026-07"", ""population_source_month"": ""2026-07"", ""taiwanjobs_downloaded_at_max"": ""2026-08-30T00:45:24"", ""taiwanjobs_downloaded_at_min"": ""2026-08-30T00:45:15""}",2026-08-31T02:57:28,trend_snapshot_v1,,,,,
2026-08,八里區,農林漁牧相關,1,3,,1,"{""job_deadline_month_max"": ""2036-12"", ""job_deadline_month_min"": ""2026-08"", ""job_updated_month_max"": ""2026-08"", ""job_updated_month_min"": ""2019-08"", ""jobs_downloaded_at"": ""2026-08-30T00:45:24"", ""jobs_reference_date"": ""2026-08-29"", ""jobs_snapshot_as_of"": ""2026-08-30T00:45:24"", ""note"": ""processed_at is excluded from source_date inference."", ""population_downloaded_at"": null, ""population_reference_month"": ""2026-07"", ""population_source_month"": ""2026-07"", ""taiwanjobs_downloaded_at_max"": ""2026-08-30T00:45:24"", ""taiwanjobs_downloaded_at_min"": ""2026-08-30T00:45:15""}",2026-08-31T02:57:28,trend_snapshot_v1,,,,,
2026-08,八里區,醫療／美容／保健,17,21,50142.25,4,"{""job_deadline_month_max"": ""2036-12"", ""job_deadline_month_min"": ""2026-08"", ""job_updated_month_max"": ""2026-08"", ""job_updated_month_min"": ""2019-08"", ""jobs_downloaded_at"": ""2026-08-30T00:45:24"", ""jobs_reference_date"": ""2026-08-29"", ""jobs_snapshot_as_of"": ""2026-08-30T00:45:24"", ""note"": ""processed_at is excluded from source_date inference."", ""population_downloaded_at"": null, ""population_reference_month"": ""2026-07"", ""population_source_month"": ""2026-07"", ""taiwanjobs_downloaded_at_max"": ""2026-08-30T00:45:24"", ""taiwanjobs_downloaded_at_min"": ""2026-08-30T00:45:15""}",2026-08-31T02:57:28,trend_snapshot_v1,,,,,
2026-08,土城區,一般人員,1,1,,1,"{""job_deadline_month_max"": ""2036-12"", ""job_deadline_month_min"": ""2026-08"", ""job_updated_month_max"": ""2026-08"", ""job_updated_month_min"": ""2019-08"", ""jobs_downloaded_at"": ""2026-08-30T00:45:24"", ""jobs_reference_date"": ""2026-08-29"", ""jobs_snapshot_as_of"": ""2026-08-30T00:45:24"", ""note"": ""processed_at is excluded from source_date inference."", ""population_downloaded_at"": null, ""population_reference_month"": ""2026-07"", ""population_source_month"": ""2026-07"", ""taiwanjobs_downloaded_at_max"": ""2026-08-30T00:45:24"", ""taiwanjobs_downloaded_at_min"": ""2026-08-30T00:45:15""}",2026-08-31T02:57:28,trend_snapshot_v1,,,,,
2026-08,土城區,人資／法務／智財,2,2,37750.0,2,"{""job_deadline_month_max"": ""2036-12"", ""job_deadline_month_min"": ""2026-08"", ""job_updated_month_max"": ""2026-08"", ""job_updated_month_min"": ""2019-08"", ""jobs_downloaded_at"": ""2026-08-30T00:45:24"", ""jobs_reference_date"": ""2026-08-29"", ""jobs_snapshot_as_of"": ""2026-08-30T00:45:24"", ""note"": ""processed_at is excluded from source_date inference."", ""population_downloaded_at"": null, ""population_reference_month"": ""2026-07"", ""population_source_month"": ""2026-07"", ""taiwanjobs_downloaded_at_max"": ""2026-08-30T00:45:24"", ""taiwanjobs_downloaded_at_min"": ""2026-08-30T00:45:15""}",2026-08-31T02:57:28,trend_snapshot_v1,,,,,
2026-08,土城區,傳播／娛樂／藝術,2,7,32000.0,2,"{""job_deadline_month_max"": ""2036-12"", ""job_deadline_month_min"": ""2026-08"", ""job_updated_month_max"": ""2026-08"", ""job_updated_month_min"": ""2019-08"", ""jobs_downloaded_at"": ""2026-08-30T00:45:24"", ""jobs_reference_date"": ""2026-08-29"", ""jobs_snapshot_as_of"": ""2026-08-30T00:45:24"", ""note"": ""processed_at is excluded from source_date inference."", ""population_downloaded_at"": null, ""population_reference_month"": ""2026-07"", ""population_source_month"": ""2026-07"", ""taiwanjobs_downloaded_at_max"": ""2026-08-30T00:45:24"", ""taiwanjobs_downloaded_at_min"": ""2026-08-30T00:45:15""}",2026-08-31T02:57:28,trend_snapshot_v1,,,,,
2026-08,土城區,其他人員,1,1,,1,"{""job_deadline_month_max"": ""2036-12"", ""job_deadline_month_min"": ""2026-08"", ""job_updated_month_max"": ""2026-08"", ""job_updated_month_min"": ""2019-08"", ""jobs_downloaded_at"": ""2026-08-30T00:45:24"", ""jobs_reference_date"": ""2026-08-29"", ""jobs_snapshot_as_of"": ""2026-08-30T00:45:24"", ""note"": ""processed_at is excluded from source_date inference."", ""population_downloaded_at"": null, ""population_reference_month"": ""2026-07"", ""population_source_month"": ""2026-07"", ""taiwanjobs_downloaded_at_max"": ""2026-08-30T00:45:24"", ""taiwanjobs_downloaded_at_min"": ""2026-08-30T00:45:15""}",2026-08-31T02:57:28,trend_snapshot_v1,,,,,
2026-08,土城區,其他職類,7,20,,4,"{""job_deadline_month_max"": ""2036-12"", ""job_deadline_month_min"": ""2026-08"", ""job_updated_month_max"": ""2026-08"", ""job_updated_month_min"": ""2019-08"", ""jobs_downloaded_at"": ""2026-08-30T00:45:24"", ""jobs_reference_date"": ""2026-08-29"", ""jobs_snapshot_as_of"": ""2026-08-30T00:45:24"", ""note"": ""processed_at is excluded from source_date inference."", ""population_downloaded_at"": null, ""population_reference_month"": ""2026-07"", ""population_source_month"": ""2026-07"", ""taiwanjobs_downloaded_at_max"": ""2026-08-30T00:45:24"", ""taiwanjobs_downloaded_at_min"": ""2026-08-30T00:45:15""}",2026-08-31T02:57:28,trend_snapshot_v1,,,,,
2026-08,土城區,品管／製造／環衛,50,133,34500.0,19,"{""job_deadline_month_max"": ""2036-12"", ""job_deadline_month_min"": ""2026-08"", ""job_updated_month_max"": ""2026-08"", ""job_updated_month_min"": ""2019-08"", ""jobs_downloaded_at"": ""2026-08-30T00:45:24"", ""jobs_reference_date"": ""2026-08-29"", ""jobs_snapshot_as_of"": ""2026-08-30T00:45:24"", ""note"": ""processed_at is excluded from source_date inference."", ""population_downloaded_at"": null, ""population_reference_month"": ""2026-07"", ""population_source_month"": ""2026-07"", ""taiwanjobs_downloaded_at_max"": ""2026-08-30T00:45:24"", ""taiwanjobs_downloaded_at_min"": ""2026-08-30T00:45:15""}",2026-08-31T02:57:28,trend_snapshot_v1,,,,,
2026-08,土城區,客服／門市,9,46,30750.0,6,"{""job_deadline_month_max"": ""2036-12"", ""job_deadline_month_min"": ""2026-08"", ""job_updated_month_max"": ""2026-08"", ""job_updated_month_min"": ""2019-08"", ""jobs_downloaded_at"": ""2026-08-30T00:45:24"", ""jobs_reference_date"": ""2026-08-29"", ""jobs_snapshot_as_of"": ""2026-08-30T00:45:24"", ""note"": ""processed_at is excluded from source_date inference."", ""population_downloaded_at"": null, ""population_reference_month"": ""2026-07"", ""population_source_month"": ""2026-07"", ""taiwanjobs_downloaded_at_max"": ""2026-08-30T00:45:24"", ""taiwanjobs_downloaded_at_min"": ""2026-08-30T00:45:15""}",2026-08-31T02:57:28,trend_snapshot_v1,,,,,
2026-08,土城區,工友,1,4,,1,"{""job_deadline_month_max"": ""2036-12"", ""job_deadline_month_min"": ""2026-08"", ""job_updated_month_max"": ""2026-08"", ""job_updated_month_min"": ""2019-08"", ""jobs_downloaded_at"": ""2026-08-30T00:45:24"", ""jobs_reference_date"": ""2026-08-29"", ""jobs_snapshot_as_of"": ""2026-08-30T00:45:24"", ""note"": ""processed_at is excluded from source_date inference."", ""population_downloaded_at"": null, ""population_reference_month"": ""2026-07"", ""population_source_month"": ""2026-07"", ""taiwanjobs_downloaded_at_max"": ""2026-08-30T00:45:24"", ""taiwanjobs_downloaded_at_min"": ""2026-08-30T00:45:15""}",2026-08-31T02:57:28,trend_snapshot_v1,,,,,
2026-08,土城區,工程／研發／生技,21,68,35000.0,10,"{""job_deadline_month_max"": ""2036-12"", ""job_deadline_month_min"": ""2026-08"", ""job_updated_month_max"": ""2026-08"", ""job_updated_month_min"": ""2019-08"", ""jobs_downloaded_at"": ""2026-08-30T00:45:24"", ""jobs_reference_date"": ""2026-08-29"", ""jobs_snapshot_as_of"": ""2026-08-30T00:45:24"", ""note"": ""processed_at is excluded from source_date inference."", ""population_downloaded_at"": null, ""population_reference_month"": ""2026-07"", ""population_source_month"": ""2026-07"", ""taiwanjobs_downloaded_at_max"": ""2026-08-30T00:45:24"", ""taiwanjobs_downloaded_at_min"": ""2026-08-30T00:45:15""}",2026-08-31T02:57:28,trend_snapshot_v1,,,,,
2026-08,土城區,廣告／公關／設計,3,11,34000.0,3,"{""job_deadline_month_max"": ""2036-12"", ""job_deadline_month_min"": ""2026-08"", ""job_updated_month_max"": ""2026-08"", ""job_updated_month_min"": ""2019-08"", ""jobs_downloaded_at"": ""2026-08-30T00:45:24"", ""jobs_reference_date"": ""2026-08-29"", ""jobs_snapshot_as_of"": ""2026-08-30T00:45:24"", ""note"": ""processed_at is excluded from source_date inference."", ""population_downloaded_at"": null, ""population_reference_month"": ""2026-07"", ""population_source_month"": ""2026-07"", ""taiwanjobs_downloaded_at_max"": ""2026-08-30T00:45:24"", ""taiwanjobs_downloaded_at_min"": ""2026-08-30T00:45:15""}",2026-08-31T02:57:28,trend_snapshot_v1,,,,,
2026-08,土城區,技術／維修／操作,51,232,36000.0,37,"{""job_deadline_month_max"": ""2036-12"", ""job_deadline_month_min"": ""2026-08"", ""job_updated_month_max"": ""2026-08"", ""job_updated_month_min"": ""2019-08"", ""jobs_downloaded_at"": ""2026-08-30T00:45:24"", ""jobs_reference_date"": ""2026-08-29"", ""jobs_snapshot_as_of"": ""2026-08-30T00:45:24"", ""note"": ""processed_at is excluded from source_date inference."", ""population_downloaded_at"": null, ""population_reference_month"": ""2026-07"", ""population_source_month"": ""2026-07"", ""taiwanjobs_downloaded_at_max"": ""2026-08-30T00:45:24"", ""taiwanjobs_downloaded_at_min"": ""2026-08-30T00:45:15""}",2026-08-31T02:57:28,trend_snapshot_v1,,,,,
2026-08,土城區,教育／學術／研究,2,6,39344.5,2,"{""job_deadline_month_max"": ""2036-12"", ""job_deadline_month_min"": ""2026-08"", ""job_updated_month_max"": ""2026-08"", ""job_updated_month_min"": ""2019-08"", ""jobs_downloaded_at"": ""2026-08-30T00:45:24"", ""jobs_reference_date"": ""2026-08-29"", ""jobs_snapshot_as_of"": ""2026-08-30T00:45:24"", ""note"": ""processed_at is excluded from source_date inference."", ""population_downloaded_at"": null, ""population_reference_month"": ""2026-07"", ""population_source_month"": ""2026-07"", ""taiwanjobs_downloaded_at_max"": ""2026-08-30T00:45:24"", ""taiwanjobs_downloaded_at_min"": ""2026-08-30T00:45:15""}",2026-08-31T02:57:28,trend_snapshot_v1,,,,,
2026-08,土城區,新聞／出版／印刷,1,2,32000.0,1,"{""job_deadline_month_max"": ""2036-12"", ""job_deadline_month_min"": ""2026-08"", ""job_updated_month_max"": ""2026-08"", ""job_updated_month_min"": ""2019-08"", ""jobs_downloaded_at"": ""2026-08-30T00:45:24"", ""jobs_reference_date"": ""2026-08-29"", ""jobs_snapshot_as_of"": ""2026-08-30T00:45:24"", ""note"": ""processed_at is excluded from source_date inference."", ""population_downloaded_at"": null, ""population_reference_month"": ""2026-07"", ""population_source_month"": ""2026-07"", ""taiwanjobs_downloaded_at_max"": ""2026-08-30T00:45:24"", ""taiwanjobs_downloaded_at_min"": ""2026-08-30T00:45:15""}",2026-08-31T02:57:28,trend_snapshot_v1,,,,,
2026-08,土城區,旅遊／餐飲／休閒,13,62,31300.0,8,"{""job_deadline_month_max"": ""2036-12"", ""job_deadline_month_min"": ""2026-08"", ""job_updated_month_max"": ""2026-08"", ""job_updated_month_min"": ""2019-08"", ""jobs_downloaded_at"": ""2026-08-30T00:45:24"", ""jobs_reference_date"": ""2026-08-29"", ""jobs_snapshot_as_of"": ""2026-08-30T00:45:24"", ""note"": ""processed_at is excluded from source_date inference."", ""population_downloaded_at"": null, ""population_reference_month"": ""2026-07"", ""population_source_month"": ""2026-07"", ""taiwanjobs_downloaded_at_max"": ""2026-08-30T00:45:24"", ""taiwanjobs_downloaded_at_min"": ""2026-08-30T00:45:15""}",2026-08-31T02:57:28,trend_snapshot_v1,,,,,
2026-08,土城區,業務／貿易／銷售,21,58,34500.0,16,"{""job_deadline_month_max"": ""2036-12"", ""job_deadline_month_min"": ""2026-08"", ""job_updated_month_max"": ""2026-08"", ""job_updated_month_min"": ""2019-08"", ""jobs_downloaded_at"": ""2026-08-30T00:45:24"", ""jobs_reference_date"": ""2026-08-29"", ""jobs_snapshot_as_of"": ""2026-08-30T00:45:24"", ""note"": ""processed_at is excluded from source_date inference."", ""population_downloaded_at"": null, ""population_reference_month"": ""2026-07"", ""population_source_month"": ""2026-07"", ""taiwanjobs_downloaded_at_max"": ""2026-08-30T00:45:24"", ""taiwanjobs_downloaded_at_min"": ""2026-08-30T00:45:15""}",2026-08-31T02:57:28,trend_snapshot_v1,,,,,
2026-08,土城區,清潔／家事／托育(保母),13,18,34250.0,12,"{""job_deadline_month_max"": ""2036-12"", ""job_deadline_month_min"": ""2026-08"", ""job_updated_month_max"": ""2026-08"", ""job_updated_month_min"": ""2019-08"", ""jobs_downloaded_at"": ""2026-08-30T00:45:24"", ""jobs_reference_date"": ""2026-08-29"", ""jobs_snapshot_as_of"": ""2026-08-30T00:45:24"", ""note"": ""processed_at is excluded from source_date inference."", ""population_downloaded_at"": null, ""population_reference_month"": ""2026-07"", ""population_source_month"": ""2026-07"", ""taiwanjobs_downloaded_at_max"": ""2026-08-30T00:45:24"", ""taiwanjobs_downloaded_at_min"": ""2026-08-30T00:45:15""}",2026-08-31T02:57:28,trend_snapshot_v1,,,,,
2026-08,土城區,營建／製圖／施作,8,50,36750.0,6,"{""job_deadline_month_max"": ""2036-12"", ""job_deadline_month_min"": ""2026-08"", ""job_updated_month_max"": ""2026-08"", ""job_updated_month_min"": ""2019-08"", ""jobs_downloaded_at"": ""2026-08-30T00:45:24"", ""jobs_reference_date"": ""2026-08-29"", ""jobs_snapshot_as_of"": ""2026-08-30T00:45:24"", ""note"": ""processed_at is excluded from source_date inference."", ""population_downloaded_at"": null, ""population_reference_month"": ""2026-07"", ""population_source_month"": ""2026-07"", ""taiwanjobs_downloaded_at_max"": ""2026-08-30T00:45:24"", ""taiwanjobs_downloaded_at_min"": ""2026-08-30T00:45:15""}",2026-08-31T02:57:28,trend_snapshot_v1,,,,,
2026-08,土城區,物流／運輸／資材,22,73,33500.0,14,"{""job_deadline_month_max"": ""2036-12"", ""job_deadline_month_min"": ""2026-08"", ""job_updated_month_max"": ""2026-08"", ""job_updated_month_min"": ""2019-08"", ""jobs_downloaded_at"": ""2026-08-30T00:45:24"", ""jobs_reference_date"": ""2026-08-29"", ""jobs_snapshot_as_of"": ""2026-08-30T00:45:24"", ""note"": ""processed_at is excluded from source_date inference."", ""population_downloaded_at"": null, ""population_reference_month"": ""2026-07"", ""population_source_month"": ""2026-07"", ""taiwanjobs_downloaded_at_max"": ""2026-08-30T00:45:24"", ""taiwanjobs_downloaded_at_min"": ""2026-08-30T00:45:15""}",2026-08-31T02:57:28,trend_snapshot_v1,,,,,
2026-08,土城區,約僱人員,1,1,,1,"{""job_deadline_month_max"": ""2036-12"", ""job_deadline_month_min"": ""2026-08"", ""job_updated_month_max"": ""2026-08"", ""job_updated_month_min"": ""2019-08"", ""jobs_downloaded_at"": ""2026-08-30T00:45:24"", ""jobs_reference_date"": ""2026-08-29"", ""jobs_snapshot_as_of"": ""2026-08-30T00:45:24"", ""note"": ""processed_at is excluded from source_date inference."", ""population_downloaded_at"": null, ""population_reference_month"": ""2026-07"", ""population_source_month"": ""2026-07"", ""taiwanjobs_downloaded_at_max"": ""2026-08-30T00:45:24"", ""taiwanjobs_downloaded_at_min"": ""2026-08-30T00:45:15""}",2026-08-31T02:57:28,trend_snapshot_v1,,,,,
2026-08,土城區,經營／行政／總務,12,22,35000.0,9,"{""job_deadline_month_max"": ""2036-12"", ""job_deadline_month_min"": ""2026-08"", ""job_updated_month_max"": ""2026-08"", ""job_updated_month_min"": ""2019-08"", ""jobs_downloaded_at"": ""2026-08-30T00:45:24"", ""jobs_reference_date"": ""2026-08-29"", ""jobs_snapshot_as_of"": ""2026-08-30T00:45:24"", ""note"": ""processed_at is excluded from source_date inference."", ""population_downloaded_at"": null, ""population_reference_month"": ""2026-07"", ""population_source_month"": ""2026-07"", ""taiwanjobs_downloaded_at_max"": ""2026-08-30T00:45:24"", ""taiwanjobs_downloaded_at_min"": ""2026-08-30T00:45:15""}",2026-08-31T02:57:28,trend_snapshot_v1,,,,,
2026-08,土城區,聘用人員,1,1,,1,"{""job_deadline_month_max"": ""2036-12"", ""job_deadline_month_min"": ""2026-08"", ""job_updated_month_max"": ""2026-08"", ""job_updated_month_min"": ""2019-08"", ""jobs_downloaded_at"": ""2026-08-30T00:45:24"", ""jobs_reference_date"": ""2026-08-29"", ""jobs_snapshot_as_of"": ""2026-08-30T00:45:24"", ""note"": ""processed_at is excluded from source_date inference."", ""population_downloaded_at"": null, ""population_reference_month"": ""2026-07"", ""population_source_month"": ""2026-07"", ""taiwanjobs_downloaded_at_max"": ""2026-08-30T00:45:24"", ""taiwanjobs_downloaded_at_min"": ""2026-08-30T00:45:15""}",2026-08-31T02:57:28,trend_snapshot_v1,,,,,
2026-08,土城區,行銷／企劃／專案,7,12,34000.0,6,"{""job_deadline_month_max"": ""2036-12"", ""job_deadline_month_min"": ""2026-08"", ""job_updated_month_max"": ""2026-08"", ""job_updated_month_min"": ""2019-08"", ""jobs_downloaded_at"": ""2026-08-30T00:45:24"", ""jobs_reference_date"": ""2026-08-29"", ""jobs_snapshot_as_of"": ""2026-08-30T00:45:24"", ""note"": ""processed_at is excluded from source_date inference."", ""population_downloaded_at"": null, ""population_reference_month"": ""2026-07"", ""population_source_month"": ""2026-07"", ""taiwanjobs_downloaded_at_max"": ""2026-08-30T00:45:24"", ""taiwanjobs_downloaded_at_min"": ""2026-08-30T00:45:15""}",2026-08-31T02:57:28,trend_snapshot_v1,,,,,
2026-08,土城區,財務／金融／保險,7,7,34000.0,6,"{""job_deadline_month_max"": ""2036-12"", ""job_deadline_month_min"": ""2026-08"", ""job_updated_month_max"": ""2026-08"", ""job_updated_month_min"": ""2019-08"", ""jobs_downloaded_at"": ""2026-08-30T00:45:24"", ""jobs_reference_date"": ""2026-08-29"", ""jobs_snapshot_as_of"": ""2026-08-30T00:45:24"", ""note"": ""processed_at is excluded from source_date inference."", ""population_downloaded_at"": null, ""population_reference_month"": ""2026-07"", ""population_source_month"": ""2026-07"", ""taiwanjobs_downloaded_at_max"": ""2026-08-30T00:45:24"", ""taiwanjobs_downloaded_at_min"": ""2026-08-30T00:45:15""}",2026-08-31T02:57:28,trend_snapshot_v1,,,,,
2026-08,土城區,資訊／軟體／系統,7,7,38200.0,5,"{""job_deadline_month_max"": ""2036-12"", ""job_deadline_month_min"": ""2026-08"", ""job_updated_month_max"": ""2026-08"", ""job_updated_month_min"": ""2019-08"", ""jobs_downloaded_at"": ""2026-08-30T00:45:24"", ""jobs_reference_date"": ""2026-08-29"", ""jobs_snapshot_as_of"": ""2026-08-30T00:45:24"", ""note"": ""processed_at is excluded from source_date inference."", ""population_downloaded_at"": null, ""population_reference_month"": ""2026-07"", ""population_source_month"": ""2026-07"", ""taiwanjobs_downloaded_at_max"": ""2026-08-30T00:45:24"", ""taiwanjobs_downloaded_at_min"": ""2026-08-30T00:45:15""}",2026-08-31T02:57:28,trend_snapshot_v1,,,,,
2026-08,土城區,農林漁牧相關,1,3,,1,"{""job_deadline_month_max"": ""2036-12"", ""job_deadline_month_min"": ""2026-08"", ""job_updated_month_max"": ""2026-08"", ""job_updated_month_min"": ""2019-08"", ""jobs_downloaded_at"": ""2026-08-30T00:45:24"", ""jobs_reference_date"": ""2026-08-29"", ""jobs_snapshot_as_of"": ""2026-08-30T00:45:24"", ""note"": ""processed_at is excluded from source_date inference."", ""population_downloaded_at"": null, ""population_reference_month"": ""2026-07"", ""population_source_month"": ""2026-07"", ""taiwanjobs_downloaded_at_max"": ""2026-08-30T00:45:24"", ""taiwanjobs_downloaded_at_min"": ""2026-08-30T00:45:15""}",2026-08-31T02:57:28,trend_snapshot_v1,,,,,
2026-08,土城區,醫療／美容／保健,18,44,33500.0,13,"{""job_deadline_month_max"": ""2036-12"", ""job_deadline_month_min"": ""2026-08"", ""job_updated_month_max"": ""2026-08"", ""job_updated_month_min"": ""2019-08"", ""jobs_downloaded_at"": ""2026-08-30T00:45:24"", ""jobs_reference_date"": ""2026-08-29"", ""jobs_snapshot_as_of"": ""2026-08-30T00:45:24"", ""note"": ""processed_at is excluded from source_date inference."", ""population_downloaded_at"": null, ""population_reference_month"": ""2026-07"", ""population_source_month"": ""2026-07"", ""taiwanjobs_downloaded_at_max"": ""2026-08-30T00:45:24"", ""taiwanjobs_downloaded_at_min"": ""2026-08-30T00:45:15""}",2026-08-31T02:57:28,trend_snapshot_v1,,,,,
2026-08,土城區,駕駛,1,5,,1,"{""job_deadline_month_max"": ""2036-12"", ""job_deadline_month_min"": ""2026-08"", ""job_updated_month_max"": ""2026-08"", ""job_updated_month_min"": ""2019-08"", ""jobs_downloaded_at"": ""2026-08-30T00:45:24"", ""jobs_reference_date"": ""2026-08-29"", ""jobs_snapshot_as_of"": ""2026-08-30T00:45:24"", ""note"": ""processed_at is excluded from source_date inference."", ""population_downloaded_at"": null, ""population_reference_month"": ""2026-07"", ""population_source_month"": ""2026-07"", ""taiwanjobs_downloaded_at_max"": ""2026-08-30T00:45:24"", ""taiwanjobs_downloaded_at_min"": ""2026-08-30T00:45:15""}",2026-08-31T02:57:28,trend_snapshot_v1,,,,,
2026-08,坪林區,其他人員,3,3,,2,"{""job_deadline_month_max"": ""2036-12"", ""job_deadline_month_min"": ""2026-08"", ""job_updated_month_max"": ""2026-08"", ""job_updated_month_min"": ""2019-08"", ""jobs_downloaded_at"": ""2026-08-30T00:45:24"", ""jobs_reference_date"": ""2026-08-29"", ""jobs_snapshot_as_of"": ""2026-08-30T00:45:24"", ""note"": ""processed_at is excluded from source_date inference."", ""population_downloaded_at"": null, ""population_reference_month"": ""2026-07"", ""population_source_month"": ""2026-07"", ""taiwanjobs_downloaded_at_max"": ""2026-08-30T00:45:24"", ""taiwanjobs_downloaded_at_min"": ""2026-08-30T00:45:15""}",2026-08-31T02:57:28,trend_snapshot_v1,,,,,
2026-08,坪林區,技術／維修／操作,1,6,41500.0,1,"{""job_deadline_month_max"": ""2036-12"", ""job_deadline_month_min"": ""2026-08"", ""job_updated_month_max"": ""2026-08"", ""job_updated_month_min"": ""2019-08"", ""jobs_downloaded_at"": ""2026-08-30T00:45:24"", ""jobs_reference_date"": ""2026-08-29"", ""jobs_snapshot_as_of"": ""2026-08-30T00:45:24"", ""note"": ""processed_at is excluded from source_date inference."", ""population_downloaded_at"": null, ""population_reference_month"": ""2026-07"", ""population_source_month"": ""2026-07"", ""taiwanjobs_downloaded_at_max"": ""2026-08-30T00:45:24"", ""taiwanjobs_downloaded_at_min"": ""2026-08-30T00:45:15""}",2026-08-31T02:57:28,trend_snapshot_v1,,,,,
2026-08,坪林區,清潔／家事／托育(保母),1,1,31449.0,1,"{""job_deadline_month_max"": ""2036-12"", ""job_deadline_month_min"": ""2026-08"", ""job_updated_month_max"": ""2026-08"", ""job_updated_month_min"": ""2019-08"", ""jobs_downloaded_at"": ""2026-08-30T00:45:24"", ""jobs_reference_date"": ""2026-08-29"", ""jobs_snapshot_as_of"": ""2026-08-30T00:45:24"", ""note"": ""processed_at is excluded from source_date inference."", ""population_downloaded_at"": null, ""population_reference_month"": ""2026-07"", ""population_source_month"": ""2026-07"", ""taiwanjobs_downloaded_at_max"": ""2026-08-30T00:45:24"", ""taiwanjobs_downloaded_at_min"": ""2026-08-30T00:45:15""}",2026-08-31T02:57:28,trend_snapshot_v1,,,,,
2026-08,坪林區,經營／行政／總務,1,1,34500.0,1,"{""job_deadline_month_max"": ""2036-12"", ""job_deadline_month_min"": ""2026-08"", ""job_updated_month_max"": ""2026-08"", ""job_updated_month_min"": ""2019-08"", ""jobs_downloaded_at"": ""2026-08-30T00:45:24"", ""jobs_reference_date"": ""2026-08-29"", ""jobs_snapshot_as_of"": ""2026-08-30T00:45:24"", ""note"": ""processed_at is excluded from source_date inference."", ""population_downloaded_at"": null, ""population_reference_month"": ""2026-07"", ""population_source_month"": ""2026-07"", ""taiwanjobs_downloaded_at_max"": ""2026-08-30T00:45:24"", ""taiwanjobs_downloaded_at_min"": ""2026-08-30T00:45:15""}",2026-08-31T02:57:28,trend_snapshot_v1,,,,,
2026-08,平溪區,代理教師,1,5,,1,"{""job_deadline_month_max"": ""2036-12"", ""job_deadline_month_min"": ""2026-08"", ""job_updated_month_max"": ""2026-08"", ""job_updated_month_min"": ""2019-08"", ""jobs_downloaded_at"": ""2026-08-30T00:45:24"", ""jobs_reference_date"": ""2026-08-29"", ""jobs_snapshot_as_of"": ""2026-08-30T00:45:24"", ""note"": ""processed_at is excluded from source_date inference."", ""population_downloaded_at"": null, ""population_reference_month"": ""2026-07"", ""population_source_month"": ""2026-07"", ""taiwanjobs_downloaded_at_max"": ""2026-08-30T00:45:24"", ""taiwanjobs_downloaded_at_min"": ""2026-08-30T00:45:15""}",2026-08-31T02:57:28,trend_snapshot_v1,,,,,
2026-08,平溪區,其他人員,3,3,,2,"{""job_deadline_month_max"": ""2036-12"", ""job_deadline_month_min"": ""2026-08"", ""job_updated_month_max"": ""2026-08"", ""job_updated_month_min"": ""2019-08"", ""jobs_downloaded_at"": ""2026-08-30T00:45:24"", ""jobs_reference_date"": ""2026-08-29"", ""jobs_snapshot_as_of"": ""2026-08-30T00:45:24"", ""note"": ""processed_at is excluded from source_date inference."", ""population_downloaded_at"": null, ""population_reference_month"": ""2026-07"", ""population_source_month"": ""2026-07"", ""taiwanjobs_downloaded_at_max"": ""2026-08-30T00:45:24"", ""taiwanjobs_downloaded_at_min"": ""2026-08-30T00:45:15""}",2026-08-31T02:57:28,trend_snapshot_v1,,,,,
2026-08,平溪區,農林漁牧相關,1,3,35000.0,1,"{""job_deadline_month_max"": ""2036-12"", ""job_deadline_month_min"": ""2026-08"", ""job_updated_month_max"": ""2026-08"", ""job_updated_month_min"": ""2019-08"", ""jobs_downloaded_at"": ""2026-08-30T00:45:24"", ""jobs_reference_date"": ""2026-08-29"", ""jobs_snapshot_as_of"": ""2026-08-30T00:45:24"", ""note"": ""processed_at is excluded from source_date inference."", ""population_downloaded_at"": null, ""population_reference_month"": ""2026-07"", ""population_source_month"": ""2026-07"", ""taiwanjobs_downloaded_at_max"": ""2026-08-30T00:45:24"", ""taiwanjobs_downloaded_at_min"": ""2026-08-30T00:45:15""}",2026-08-31T02:57:28,trend_snapshot_v1,,,,,
2026-08,平溪區,醫療／美容／保健,1,2,,1,"{""job_deadline_month_max"": ""2036-12"", ""job_deadline_month_min"": ""2026-08"", ""job_updated_month_max"": ""2026-08"", ""job_updated_month_min"": ""2019-08"", ""jobs_downloaded_at"": ""2026-08-30T00:45:24"", ""jobs_reference_date"": ""2026-08-29"", ""jobs_snapshot_as_of"": ""2026-08-30T00:45:24"", ""note"": ""processed_at is excluded from source_date inference."", ""population_downloaded_at"": null, ""population_reference_month"": ""2026-07"", ""population_source_month"": ""2026-07"", ""taiwanjobs_downloaded_at_max"": ""2026-08-30T00:45:24"", ""taiwanjobs_downloaded_at_min"": ""2026-08-30T00:45:15""}",2026-08-31T02:57:28,trend_snapshot_v1,,,,,
2026-08,新店區,一般人員,7,8,,4,"{""job_deadline_month_max"": ""2036-12"", ""job_deadline_month_min"": ""2026-08"", ""job_updated_month_max"": ""2026-08"", ""job_updated_month_min"": ""2019-08"", ""jobs_downloaded_at"": ""2026-08-30T00:45:24"", ""jobs_reference_date"": ""2026-08-29"", ""jobs_snapshot_as_of"": ""2026-08-30T00:45:24"", ""note"": ""processed_at is excluded from source_date inference."", ""population_downloaded_at"": null, ""population_reference_month"": ""2026-07"", ""population_source_month"": ""2026-07"", ""taiwanjobs_downloaded_at_max"": ""2026-08-30T00:45:24"", ""taiwanjobs_downloaded_at_min"": ""2026-08-30T00:45:15""}",2026-08-31T02:57:28,trend_snapshot_v1,,,,,
2026-08,新店區,主計人員,1,1,,1,"{""job_deadline_month_max"": ""2036-12"", ""job_deadline_month_min"": ""2026-08"", ""job_updated_month_max"": ""2026-08"", ""job_updated_month_min"": ""2019-08"", ""jobs_downloaded_at"": ""2026-08-30T00:45:24"", ""jobs_reference_date"": ""2026-08-29"", ""jobs_snapshot_as_of"": ""2026-08-30T00:45:24"", ""note"": ""processed_at is excluded from source_date inference."", ""population_downloaded_at"": null, ""population_reference_month"": ""2026-07"", ""population_source_month"": ""2026-07"", ""taiwanjobs_downloaded_at_max"": ""2026-08-30T00:45:24"", ""taiwanjobs_downloaded_at_min"": ""2026-08-30T00:45:15""}",2026-08-31T02:57:28,trend_snapshot_v1,,,,,
2026-08,新店區,保全／軍警消,3,5,46000.0,2,"{""job_deadline_month_max"": ""2036-12"", ""job_deadline_month_min"": ""2026-08"", ""job_updated_month_max"": ""2026-08"", ""job_updated_month_min"": ""2019-08"", ""jobs_downloaded_at"": ""2026-08-30T00:45:24"", ""jobs_reference_date"": ""2026-08-29"", ""jobs_snapshot_as_of"": ""2026-08-30T00:45:24"", ""note"": ""processed_at is excluded from source_date inference."", ""population_downloaded_at"": null, ""population_reference_month"": ""2026-07"", ""population_source_month"": ""2026-07"", ""taiwanjobs_downloaded_at_max"": ""2026-08-30T00:45:24"", ""taiwanjobs_downloaded_at_min"": ""2026-08-30T00:45:15""}",2026-08-31T02:57:28,trend_snapshot_v1,,,,,
2026-08,新店區,傳播／娛樂／藝術,1,1,43500.0,1,"{""job_deadline_month_max"": ""2036-12"", ""job_deadline_month_min"": ""2026-08"", ""job_updated_month_max"": ""2026-08"", ""job_updated_month_min"": ""2019-08"", ""jobs_downloaded_at"": ""2026-08-30T00:45:24"", ""jobs_reference_date"": ""2026-08-29"", ""jobs_snapshot_as_of"": ""2026-08-30T00:45:24"", ""note"": ""processed_at is excluded from source_date inference."", ""population_downloaded_at"": null, ""population_reference_month"": ""2026-07"", ""population_source_month"": ""2026-07"", ""taiwanjobs_downloaded_at_max"": ""2026-08-30T00:45:24"", ""taiwanjobs_downloaded_at_min"": ""2026-08-30T00:45:15""}",2026-08-31T02:57:28,trend_snapshot_v1,,,,,
2026-08,新店區,其他人員,3,4,,3,"{""job_deadline_month_max"": ""2036-12"", ""job_deadline_month_min"": ""2026-08"", ""job_updated_month_max"": ""2026-08"", ""job_updated_month_min"": ""2019-08"", ""jobs_downloaded_at"": ""2026-08-30T00:45:24"", ""jobs_reference_date"": ""2026-08-29"", ""jobs_snapshot_as_of"": ""2026-08-30T00:45:24"", ""note"": ""processed_at is excluded from source_date inference."", ""population_downloaded_at"": null, ""population_reference_month"": ""2026-07"", ""population_source_month"": ""2026-07"", ""taiwanjobs_downloaded_at_max"": ""2026-08-30T00:45:24"", ""taiwanjobs_downloaded_at_min"": ""2026-08-30T00:45:15""}",2026-08-31T02:57:28,trend_snapshot_v1,,,,,
2026-08,新店區,其他職類,2,12,,2,"{""job_deadline_month_max"": ""2036-12"", ""job_deadline_month_min"": ""2026-08"", ""job_updated_month_max"": ""2026-08"", ""job_updated_month_min"": ""2019-08"", ""jobs_downloaded_at"": ""2026-08-30T00:45:24"", ""jobs_reference_date"": ""2026-08-29"", ""jobs_snapshot_as_of"": ""2026-08-30T00:45:24"", ""note"": ""processed_at is excluded from source_date inference."", ""population_downloaded_at"": null, ""population_reference_month"": ""2026-07"", ""population_source_month"": ""2026-07"", ""taiwanjobs_downloaded_at_max"": ""2026-08-30T00:45:24"", ""taiwanjobs_downloaded_at_min"": ""2026-08-30T00:45:15""}",2026-08-31T02:57:28,trend_snapshot_v1,,,,,
2026-08,新店區,品管／製造／環衛,12,54,31250.0,9,"{""job_deadline_month_max"": ""2036-12"", ""job_deadline_month_min"": ""2026-08"", ""job_updated_month_max"": ""2026-08"", ""job_updated_month_min"": ""2019-08"", ""jobs_downloaded_at"": ""2026-08-30T00:45:24"", ""jobs_reference_date"": ""2026-08-29"", ""jobs_snapshot_as_of"": ""2026-08-30T00:45:24"", ""note"": ""processed_at is excluded from source_date inference."", ""population_downloaded_at"": null, ""population_reference_month"": ""2026-07"", ""population_source_month"": ""2026-07"", ""taiwanjobs_downloaded_at_max"": ""2026-08-30T00:45:24"", ""taiwanjobs_downloaded_at_min"": ""2026-08-30T00:45:15""}",2026-08-31T02:57:28,trend_snapshot_v1,,,,,
2026-08,新店區,客服／門市,16,68,34875.0,12,"{""job_deadline_month_max"": ""2036-12"", ""job_deadline_month_min"": ""2026-08"", ""job_updated_month_max"": ""2026-08"", ""job_updated_month_min"": ""2019-08"", ""jobs_downloaded_at"": ""2026-08-30T00:45:24"", ""jobs_reference_date"": ""2026-08-29"", ""jobs_snapshot_as_of"": ""2026-08-30T00:45:24"", ""note"": ""processed_at is excluded from source_date inference."", ""population_downloaded_at"": null, ""population_reference_month"": ""2026-07"", ""population_source_month"": ""2026-07"", ""taiwanjobs_downloaded_at_max"": ""2026-08-30T00:45:24"", ""taiwanjobs_downloaded_at_min"": ""2026-08-30T00:45:15""}",2026-08-31T02:57:28,trend_snapshot_v1,,,,,
2026-08,新店區,工程／研發／生技,6,12,35000.0,4,"{""job_deadline_month_max"": ""2036-12"", ""job_deadline_month_min"": ""2026-08"", ""job_updated_month_max"": ""2026-08"", ""job_updated_month_min"": ""2019-08"", ""jobs_downloaded_at"": ""2026-08-30T00:45:24"", ""jobs_reference_date"": ""2026-08-29"", ""jobs_snapshot_as_of"": ""2026-08-30T00:45:24"", ""note"": ""processed_at is excluded from source_date inference."", ""population_downloaded_at"": null, ""population_reference_month"": ""2026-07"", ""population_source_month"": ""2026-07"", ""taiwanjobs_downloaded_at_max"": ""2026-08-30T00:45:24"", ""taiwanjobs_downloaded_at_min"": ""2026-08-30T00:45:15""}",2026-08-31T02:57:28,trend_snapshot_v1,,,,,
2026-08,新店區,技術／維修／操作,19,61,35000.0,14,"{""job_deadline_month_max"": ""2036-12"", ""job_deadline_month_min"": ""2026-08"", ""job_updated_month_max"": ""2026-08"", ""job_updated_month_min"": ""2019-08"", ""jobs_downloaded_at"": ""2026-08-30T00:45:24"", ""jobs_reference_date"": ""2026-08-29"", ""jobs_snapshot_as_of"": ""2026-08-30T00:45:24"", ""note"": ""processed_at is excluded from source_date inference."", ""population_downloaded_at"": null, ""population_reference_month"": ""2026-07"", ""population_source_month"": ""2026-07"", ""taiwanjobs_downloaded_at_max"": ""2026-08-30T00:45:24"", ""taiwanjobs_downloaded_at_min"": ""2026-08-30T00:45:15""}",2026-08-31T02:57:28,trend_snapshot_v1,,,,,
2026-08,新店區,教育／學術／研究,2,4,37000.0,2,"{""job_deadline_month_max"": ""2036-12"", ""job_deadline_month_min"": ""2026-08"", ""job_updated_month_max"": ""2026-08"", ""job_updated_month_min"": ""2019-08"", ""jobs_downloaded_at"": ""2026-08-30T00:45:24"", ""jobs_reference_date"": ""2026-08-29"", ""jobs_snapshot_as_of"": ""2026-08-30T00:45:24"", ""note"": ""processed_at is excluded from source_date inference."", ""population_downloaded_at"": null, ""population_reference_month"": ""2026-07"", ""population_source_month"": ""2026-07"", ""taiwanjobs_downloaded_at_max"": ""2026-08-30T00:45:24"", ""taiwanjobs_downloaded_at_min"": ""2026-08-30T00:45:15""}",2026-08-31T02:57:28,trend_snapshot_v1,,,,,
2026-08,新店區,新聞／出版／印刷,2,3,39250.0,1,"{""job_deadline_month_max"": ""2036-12"", ""job_deadline_month_min"": ""2026-08"", ""job_updated_month_max"": ""2026-08"", ""job_updated_month_min"": ""2019-08"", ""jobs_downloaded_at"": ""2026-08-30T00:45:24"", ""jobs_reference_date"": ""2026-08-29"", ""jobs_snapshot_as_of"": ""2026-08-30T00:45:24"", ""note"": ""processed_at is excluded from source_date inference."", ""population_downloaded_at"": null, ""population_reference_month"": ""2026-07"", ""population_source_month"": ""2026-07"", ""taiwanjobs_downloaded_at_max"": ""2026-08-30T00:45:24"", ""taiwanjobs_downloaded_at_min"": ""2026-08-30T00:45:15""}",2026-08-31T02:57:28,trend_snapshot_v1,,,,,
2026-08,新店區,旅遊／餐飲／休閒,49,195,37750.0,17,"{""job_deadline_month_max"": ""2036-12"", ""job_deadline_month_min"": ""2026-08"", ""job_updated_month_max"": ""2026-08"", ""job_updated_month_min"": ""2019-08"", ""jobs_downloaded_at"": ""2026-08-30T00:45:24"", ""jobs_reference_date"": ""2026-08-29"", ""jobs_snapshot_as_of"": ""2026-08-30T00:45:24"", ""note"": ""processed_at is excluded from source_date inference."", ""population_downloaded_at"": null, ""population_reference_month"": ""2026-07"", ""population_source_month"": ""2026-07"", ""taiwanjobs_downloaded_at_max"": ""2026-08-30T00:45:24"", ""taiwanjobs_downloaded_at_min"": ""2026-08-30T00:45:15""}",2026-08-31T02:57:28,trend_snapshot_v1,,,,,
2026-08,新店區,業務／貿易／銷售,14,30,37250.0,11,"{""job_deadline_month_max"": ""2036-12"", ""job_deadline_month_min"": ""2026-08"", ""job_updated_month_max"": ""2026-08"", ""job_updated_month_min"": ""2019-08"", ""jobs_downloaded_at"": ""2026-08-30T00:45:24"", ""jobs_reference_date"": ""2026-08-29"", ""jobs_snapshot_as_of"": ""2026-08-30T00:45:24"", ""note"": ""processed_at is excluded from source_date inference."", ""population_downloaded_at"": null, ""population_reference_month"": ""2026-07"", ""population_source_month"": ""2026-07"", ""taiwanjobs_downloaded_at_max"": ""2026-08-30T00:45:24"", ""taiwanjobs_downloaded_at_min"": ""2026-08-30T00:45:15""}",2026-08-31T02:57:28,trend_snapshot_v1,,,,,
2026-08,新店區,清潔／家事／托育(保母),22,38,31000.0,22,"{""job_deadline_month_max"": ""2036-12"", ""job_deadline_month_min"": ""2026-08"", ""job_updated_month_max"": ""2026-08"", ""job_updated_month_min"": ""2019-08"", ""jobs_downloaded_at"": ""2026-08-30T00:45:24"", ""jobs_reference_date"": ""2026-08-29"", ""jobs_snapshot_as_of"": ""2026-08-30T00:45:24"", ""note"": ""processed_at is excluded from source_date inference."", ""population_downloaded_at"": null, ""population_reference_month"": ""2026-07"", ""population_source_month"": ""2026-07"", ""taiwanjobs_downloaded_at_max"": ""2026-08-30T00:45:24"", ""taiwanjobs_downloaded_at_min"": ""2026-08-30T00:45:15""}",2026-08-31T02:57:28,trend_snapshot_v1,,,,,
2026-08,新店區,營建／製圖／施作,11,25,45000.0,6,"{""job_deadline_month_max"": ""2036-12"", ""job_deadline_month_min"": ""2026-08"", ""job_updated_month_max"": ""2026-08"", ""job_updated_month_min"": ""2019-08"", ""jobs_downloaded_at"": ""2026-08-30T00:45:24"", ""jobs_reference_date"": ""2026-08-29"", ""jobs_snapshot_as_of"": ""2026-08-30T00:45:24"", ""note"": ""processed_at is excluded from source_date inference."", ""population_downloaded_at"": null, ""population_reference_month"": ""2026-07"", ""population_source_month"": ""2026-07"", ""taiwanjobs_downloaded_at_max"": ""2026-08-30T00:45:24"", ""taiwanjobs_downloaded_at_min"": ""2026-08-30T00:45:15""}",2026-08-31T02:57:28,trend_snapshot_v1,,,,,
2026-08,新店區,物流／運輸／資材,21,45,35600.0,16,"{""job_deadline_month_max"": ""2036-12"", ""job_deadline_month_min"": ""2026-08"", ""job_updated_month_max"": ""2026-08"", ""job_updated_month_min"": ""2019-08"", ""jobs_downloaded_at"": ""2026-08-30T00:45:24"", ""jobs_reference_date"": ""2026-08-29"", ""jobs_snapshot_as_of"": ""2026-08-30T00:45:24"", ""note"": ""processed_at is excluded from source_date inference."", ""population_downloaded_at"": null, ""population_reference_month"": ""2026-07"", ""population_source_month"": ""2026-07"", ""taiwanjobs_downloaded_at_max"": ""2026-08-30T00:45:24"", ""taiwanjobs_downloaded_at_min"": ""2026-08-30T00:45:15""}",2026-08-31T02:57:28,trend_snapshot_v1,,,,,
2026-08,新店區,約僱人員,2,2,,2,"{""job_deadline_month_max"": ""2036-12"", ""job_deadline_month_min"": ""2026-08"", ""job_updated_month_max"": ""2026-08"", ""job_updated_month_min"": ""2019-08"", ""jobs_downloaded_at"": ""2026-08-30T00:45:24"", ""jobs_reference_date"": ""2026-08-29"", ""jobs_snapshot_as_of"": ""2026-08-30T00:45:24"", ""note"": ""processed_at is excluded from source_date inference."", ""population_downloaded_at"": null, ""population_reference_month"": ""2026-07"", ""population_source_month"": ""2026-07"", ""taiwanjobs_downloaded_at_max"": ""2026-08-30T00:45:24"", ""taiwanjobs_downloaded_at_min"": ""2026-08-30T00:45:15""}",2026-08-31T02:57:28,trend_snapshot_v1,,,,,
2026-08,新店區,經營／行政／總務,23,48,36000.0,10,"{""job_deadline_month_max"": ""2036-12"", ""job_deadline_month_min"": ""2026-08"", ""job_updated_month_max"": ""2026-08"", ""job_updated_month_min"": ""2019-08"", ""jobs_downloaded_at"": ""2026-08-30T00:45:24"", ""jobs_reference_date"": ""2026-08-29"", ""jobs_snapshot_as_of"": ""2026-08-30T00:45:24"", ""note"": ""processed_at is excluded from source_date inference."", ""population_downloaded_at"": null, ""population_reference_month"": ""2026-07"", ""population_source_month"": ""2026-07"", ""taiwanjobs_downloaded_at_max"": ""2026-08-30T00:45:24"", ""taiwanjobs_downloaded_at_min"": ""2026-08-30T00:45:15""}",2026-08-31T02:57:28,trend_snapshot_v1,,,,,
2026-08,新店區,聘用人員,4,6,,2,"{""job_deadline_month_max"": ""2036-12"", ""job_deadline_month_min"": ""2026-08"", ""job_updated_month_max"": ""2026-08"", ""job_updated_month_min"": ""2019-08"", ""jobs_downloaded_at"": ""2026-08-30T00:45:24"", ""jobs_reference_date"": ""2026-08-29"", ""jobs_snapshot_as_of"": ""2026-08-30T00:45:24"", ""note"": ""processed_at is excluded from source_date inference."", ""population_downloaded_at"": null, ""population_reference_month"": ""2026-07"", ""population_source_month"": ""2026-07"", ""taiwanjobs_downloaded_at_max"": ""2026-08-30T00:45:24"", ""taiwanjobs_downloaded_at_min"": ""2026-08-30T00:45:15""}",2026-08-31T02:57:28,trend_snapshot_v1,,,,,
2026-08,新店區,行銷／企劃／專案,6,9,44250.0,4,"{""job_deadline_month_max"": ""2036-12"", ""job_deadline_month_min"": ""2026-08"", ""job_updated_month_max"": ""2026-08"", ""job_updated_month_min"": ""2019-08"", ""jobs_downloaded_at"": ""2026-08-30T00:45:24"", ""jobs_reference_date"": ""2026-08-29"", ""jobs_snapshot_as_of"": ""2026-08-30T00:45:24"", ""note"": ""processed_at is excluded from source_date inference."", ""population_downloaded_at"": null, ""population_reference_month"": ""2026-07"", ""population_source_month"": ""2026-07"", ""taiwanjobs_downloaded_at_max"": ""2026-08-30T00:45:24"", ""taiwanjobs_downloaded_at_min"": ""2026-08-30T00:45:15""}",2026-08-31T02:57:28,trend_snapshot_v1,,,,,
2026-08,新店區,財務／金融／保險,10,14,34833.0,8,"{""job_deadline_month_max"": ""2036-12"", ""job_deadline_month_min"": ""2026-08"", ""job_updated_month_max"": ""2026-08"", ""job_updated_month_min"": ""2019-08"", ""jobs_downloaded_at"": ""2026-08-30T00:45:24"", ""jobs_reference_date"": ""2026-08-29"", ""jobs_snapshot_as_of"": ""2026-08-30T00:45:24"", ""note"": ""processed_at is excluded from source_date inference."", ""population_downloaded_at"": null, ""population_reference_month"": ""2026-07"", ""population_source_month"": ""2026-07"", ""taiwanjobs_downloaded_at_max"": ""2026-08-30T00:45:24"", ""taiwanjobs_downloaded_at_min"": ""2026-08-30T00:45:15""}",2026-08-31T02:57:28,trend_snapshot_v1,,,,,
2026-08,新店區,資訊／軟體／系統,8,15,40000.0,6,"{""job_deadline_month_max"": ""2036-12"", ""job_deadline_month_min"": ""2026-08"", ""job_updated_month_max"": ""2026-08"", ""job_updated_month_min"": ""2019-08"", ""jobs_downloaded_at"": ""2026-08-30T00:45:24"", ""jobs_reference_date"": ""2026-08-29"", ""jobs_snapshot_as_of"": ""2026-08-30T00:45:24"", ""note"": ""processed_at is excluded from source_date inference."", ""population_downloaded_at"": null, ""population_reference_month"": ""2026-07"", ""population_source_month"": ""2026-07"", ""taiwanjobs_downloaded_at_max"": ""2026-08-30T00:45:24"", ""taiwanjobs_downloaded_at_min"": ""2026-08-30T00:45:15""}",2026-08-31T02:57:28,trend_snapshot_v1,,,,,
2026-08,新店區,農林漁牧相關,1,5,33500.0,1,"{""job_deadline_month_max"": ""2036-12"", ""job_deadline_month_min"": ""2026-08"", ""job_updated_month_max"": ""2026-08"", ""job_updated_month_min"": ""2019-08"", ""jobs_downloaded_at"": ""2026-08-30T00:45:24"", ""jobs_reference_date"": ""2026-08-29"", ""jobs_snapshot_as_of"": ""2026-08-30T00:45:24"", ""note"": ""processed_at is excluded from source_date inference."", ""population_downloaded_at"": null, ""population_reference_month"": ""2026-07"", ""population_source_month"": ""2026-07"", ""taiwanjobs_downloaded_at_max"": ""2026-08-30T00:45:24"", ""taiwanjobs_downloaded_at_min"": ""2026-08-30T00:45:15""}",2026-08-31T02:57:28,trend_snapshot_v1,,,,,
2026-08,新店區,醫療／美容／保健,52,162,33500.0,43,"{""job_deadline_month_max"": ""2036-12"", ""job_deadline_month_min"": ""2026-08"", ""job_updated_month_max"": ""2026-08"", ""job_updated_month_min"": ""2019-08"", ""jobs_downloaded_at"": ""2026-08-30T00:45:24"", ""jobs_reference_date"": ""2026-08-29"", ""jobs_snapshot_as_of"": ""2026-08-30T00:45:24"", ""note"": ""processed_at is excluded from source_date inference."", ""population_downloaded_at"": null, ""population_reference_month"": ""2026-07"", ""population_source_month"": ""2026-07"", ""taiwanjobs_downloaded_at_max"": ""2026-08-30T00:45:24"", ""taiwanjobs_downloaded_at_min"": ""2026-08-30T00:45:15""}",2026-08-31T02:57:28,trend_snapshot_v1,,,,,
2026-08,新店區,駕駛,1,41,,1,"{""job_deadline_month_max"": ""2036-12"", ""job_deadline_month_min"": ""2026-08"", ""job_updated_month_max"": ""2026-08"", ""job_updated_month_min"": ""2019-08"", ""jobs_downloaded_at"": ""2026-08-30T00:45:24"", ""jobs_reference_date"": ""2026-08-29"", ""jobs_snapshot_as_of"": ""2026-08-30T00:45:24"", ""note"": ""processed_at is excluded from source_date inference."", ""population_downloaded_at"": null, ""population_reference_month"": ""2026-07"", ""population_source_month"": ""2026-07"", ""taiwanjobs_downloaded_at_max"": ""2026-08-30T00:45:24"", ""taiwanjobs_downloaded_at_min"": ""2026-08-30T00:45:15""}",2026-08-31T02:57:28,trend_snapshot_v1,,,,,
2026-08,新莊區,一般人員,18,18,,9,"{""job_deadline_month_max"": ""2036-12"", ""job_deadline_month_min"": ""2026-08"", ""job_updated_month_max"": ""2026-08"", ""job_updated_month_min"": ""2019-08"", ""jobs_downloaded_at"": ""2026-08-30T00:45:24"", ""jobs_reference_date"": ""2026-08-29"", ""jobs_snapshot_as_of"": ""2026-08-30T00:45:24"", ""note"": ""processed_at is excluded from source_date inference."", ""population_downloaded_at"": null, ""population_reference_month"": ""2026-07"", ""population_source_month"": ""2026-07"", ""taiwanjobs_downloaded_at_max"": ""2026-08-30T00:45:24"", ""taiwanjobs_downloaded_at_min"": ""2026-08-30T00:45:15""}",2026-08-31T02:57:28,trend_snapshot_v1,,,,,
2026-08,新莊區,人事人員,1,1,,1,"{""job_deadline_month_max"": ""2036-12"", ""job_deadline_month_min"": ""2026-08"", ""job_updated_month_max"": ""2026-08"", ""job_updated_month_min"": ""2019-08"", ""jobs_downloaded_at"": ""2026-08-30T00:45:24"", ""jobs_reference_date"": ""2026-08-29"", ""jobs_snapshot_as_of"": ""2026-08-30T00:45:24"", ""note"": ""processed_at is excluded from source_date inference."", ""population_downloaded_at"": null, ""population_reference_month"": ""2026-07"", ""population_source_month"": ""2026-07"", ""taiwanjobs_downloaded_at_max"": ""2026-08-30T00:45:24"", ""taiwanjobs_downloaded_at_min"": ""2026-08-30T00:45:15""}",2026-08-31T02:57:28,trend_snapshot_v1,,,,,
2026-08,新莊區,人資／法務／智財,3,3,38000.0,2,"{""job_deadline_month_max"": ""2036-12"", ""job_deadline_month_min"": ""2026-08"", ""job_updated_month_max"": ""2026-08"", ""job_updated_month_min"": ""2019-08"", ""jobs_downloaded_at"": ""2026-08-30T00:45:24"", ""jobs_reference_date"": ""2026-08-29"", ""jobs_snapshot_as_of"": ""2026-08-30T00:45:24"", ""note"": ""processed_at is excluded from source_date inference."", ""population_downloaded_at"": null, ""population_reference_month"": ""2026-07"", ""population_source_month"": ""2026-07"", ""taiwanjobs_downloaded_at_max"": ""2026-08-30T00:45:24"", ""taiwanjobs_downloaded_at_min"": ""2026-08-30T00:45:15""}",2026-08-31T02:57:28,trend_snapshot_v1,,,,,
2026-08,新莊區,保全／軍警消,12,21,39750.0,6,"{""job_deadline_month_max"": ""2036-12"", ""job_deadline_month_min"": ""2026-08"", ""job_updated_month_max"": ""2026-08"", ""job_updated_month_min"": ""2019-08"", ""jobs_downloaded_at"": ""2026-08-30T00:45:24"", ""jobs_reference_date"": ""2026-08-29"", ""jobs_snapshot_as_of"": ""2026-08-30T00:45:24"", ""note"": ""processed_at is excluded from source_date inference."", ""population_downloaded_at"": null, ""population_reference_month"": ""2026-07"", ""population_source_month"": ""2026-07"", ""taiwanjobs_downloaded_at_max"": ""2026-08-30T00:45:24"", ""taiwanjobs_downloaded_at_min"": ""2026-08-30T00:45:15""}",2026-08-31T02:57:28,trend_snapshot_v1,,,,,
2026-08,新莊區,其他人員,8,8,,4,"{""job_deadline_month_max"": ""2036-12"", ""job_deadline_month_min"": ""2026-08"", ""job_updated_month_max"": ""2026-08"", ""job_updated_month_min"": ""2019-08"", ""jobs_downloaded_at"": ""2026-08-30T00:45:24"", ""jobs_reference_date"": ""2026-08-29"", ""jobs_snapshot_as_of"": ""2026-08-30T00:45:24"", ""note"": ""processed_at is excluded from source_date inference."", ""population_downloaded_at"": null, ""population_reference_month"": ""2026-07"", ""population_source_month"": ""2026-07"", ""taiwanjobs_downloaded_at_max"": ""2026-08-30T00:45:24"", ""taiwanjobs_downloaded_at_min"": ""2026-08-30T00:45:15""}",2026-08-31T02:57:28,trend_snapshot_v1,,,,,
2026-08,新莊區,其他職類,2,4,,1,"{""job_deadline_month_max"": ""2036-12"", ""job_deadline_month_min"": ""2026-08"", ""job_updated_month_max"": ""2026-08"", ""job_updated_month_min"": ""2019-08"", ""jobs_downloaded_at"": ""2026-08-30T00:45:24"", ""jobs_reference_date"": ""2026-08-29"", ""jobs_snapshot_as_of"": ""2026-08-30T00:45:24"", ""note"": ""processed_at is excluded from source_date inference."", ""population_downloaded_at"": null, ""population_reference_month"": ""2026-07"", ""population_source_month"": ""2026-07"", ""taiwanjobs_downloaded_at_max"": ""2026-08-30T00:45:24"", ""taiwanjobs_downloaded_at_min"": ""2026-08-30T00:45:15""}",2026-08-31T02:57:28,trend_snapshot_v1,,,,,
2026-08,新莊區,品管／製造／環衛,24,38,32850.0,18,"{""job_deadline_month_max"": ""2036-12"", ""job_deadline_month_min"": ""2026-08"", ""job_updated_month_max"": ""2026-08"", ""job_updated_month_min"": ""2019-08"", ""jobs_downloaded_at"": ""2026-08-30T00:45:24"", ""jobs_reference_date"": ""2026-08-29"", ""jobs_snapshot_as_of"": ""2026-08-30T00:45:24"", ""note"": ""processed_at is excluded from source_date inference."", ""population_downloaded_at"": null, ""population_reference_month"": ""2026-07"", ""population_source_month"": ""2026-07"", ""taiwanjobs_downloaded_at_max"": ""2026-08-30T00:45:24"", ""taiwanjobs_downloaded_at_min"": ""2026-08-30T00:45:15""}",2026-08-31T02:57:28,trend_snapshot_v1,,,,,
2026-08,新莊區,客服／門市,3,4,30750.0,3,"{""job_deadline_month_max"": ""2036-12"", ""job_deadline_month_min"": ""2026-08"", ""job_updated_month_max"": ""2026-08"", ""job_updated_month_min"": ""2019-08"", ""jobs_downloaded_at"": ""2026-08-30T00:45:24"", ""jobs_reference_date"": ""2026-08-29"", ""jobs_snapshot_as_of"": ""2026-08-30T00:45:24"", ""note"": ""processed_at is excluded from source_date inference."", ""population_downloaded_at"": null, ""population_reference_month"": ""2026-07"", ""population_source_month"": ""2026-07"", ""taiwanjobs_downloaded_at_max"": ""2026-08-30T00:45:24"", ""taiwanjobs_downloaded_at_min"": ""2026-08-30T00:45:15""}",2026-08-31T02:57:28,trend_snapshot_v1,,,,,
2026-08,新莊區,工程／研發／生技,15,30,45500.0,7,"{""job_deadline_month_max"": ""2036-12"", ""job_deadline_month_min"": ""2026-08"", ""job_updated_month_max"": ""2026-08"", ""job_updated_month_min"": ""2019-08"", ""jobs_downloaded_at"": ""2026-08-30T00:45:24"", ""jobs_reference_date"": ""2026-08-29"", ""jobs_snapshot_as_of"": ""2026-08-30T00:45:24"", ""note"": ""processed_at is excluded from source_date inference."", ""population_downloaded_at"": null, ""population_reference_month"": ""2026-07"", ""population_source_month"": ""2026-07"", ""taiwanjobs_downloaded_at_max"": ""2026-08-30T00:45:24"", ""taiwanjobs_downloaded_at_min"": ""2026-08-30T00:45:15""}",2026-08-31T02:57:28,trend_snapshot_v1,,,,,
2026-08,新莊區,廣告／公關／設計,1,1,33500.0,1,"{""job_deadline_month_max"": ""2036-12"", ""job_deadline_month_min"": ""2026-08"", ""job_updated_month_max"": ""2026-08"", ""job_updated_month_min"": ""2019-08"", ""jobs_downloaded_at"": ""2026-08-30T00:45:24"", ""jobs_reference_date"": ""2026-08-29"", ""jobs_snapshot_as_of"": ""2026-08-30T00:45:24"", ""note"": ""processed_at is excluded from source_date inference."", ""population_downloaded_at"": null, ""population_reference_month"": ""2026-07"", ""population_source_month"": ""2026-07"", ""taiwanjobs_downloaded_at_max"": ""2026-08-30T00:45:24"", ""taiwanjobs_downloaded_at_min"": ""2026-08-30T00:45:15""}",2026-08-31T02:57:28,trend_snapshot_v1,,,,,
2026-08,新莊區,技術／維修／操作,77,343,34650.0,62,"{""job_deadline_month_max"": ""2036-12"", ""job_deadline_month_min"": ""2026-08"", ""job_updated_month_max"": ""2026-08"", ""job_updated_month_min"": ""2019-08"", ""jobs_downloaded_at"": ""2026-08-30T00:45:24"", ""jobs_reference_date"": ""2026-08-29"", ""jobs_snapshot_as_of"": ""2026-08-30T00:45:24"", ""note"": ""processed_at is excluded from source_date inference."", ""population_downloaded_at"": null, ""population_reference_month"": ""2026-07"", ""population_source_month"": ""2026-07"", ""taiwanjobs_downloaded_at_max"": ""2026-08-30T00:45:24"", ""taiwanjobs_downloaded_at_min"": ""2026-08-30T00:45:15""}",2026-08-31T02:57:28,trend_snapshot_v1,,,,,
2026-08,新莊區,新聞／出版／印刷,1,3,36500.0,1,"{""job_deadline_month_max"": ""2036-12"", ""job_deadline_month_min"": ""2026-08"", ""job_updated_month_max"": ""2026-08"", ""job_updated_month_min"": ""2019-08"", ""jobs_downloaded_at"": ""2026-08-30T00:45:24"", ""jobs_reference_date"": ""2026-08-29"", ""jobs_snapshot_as_of"": ""2026-08-30T00:45:24"", ""note"": ""processed_at is excluded from source_date inference."", ""population_downloaded_at"": null, ""population_reference_month"": ""2026-07"", ""population_source_month"": ""2026-07"", ""taiwanjobs_downloaded_at_max"": ""2026-08-30T00:45:24"", ""taiwanjobs_downloaded_at_min"": ""2026-08-30T00:45:15""}",2026-08-31T02:57:28,trend_snapshot_v1,,,,,
2026-08,新莊區,旅遊／餐飲／休閒,25,82,38500.0,16,"{""job_deadline_month_max"": ""2036-12"", ""job_deadline_month_min"": ""2026-08"", ""job_updated_month_max"": ""2026-08"", ""job_updated_month_min"": ""2019-08"", ""jobs_downloaded_at"": ""2026-08-30T00:45:24"", ""jobs_reference_date"": ""2026-08-29"", ""jobs_snapshot_as_of"": ""2026-08-30T00:45:24"", ""note"": ""processed_at is excluded from source_date inference."", ""population_downloaded_at"": null, ""population_reference_month"": ""2026-07"", ""population_source_month"": ""2026-07"", ""taiwanjobs_downloaded_at_max"": ""2026-08-30T00:45:24"", ""taiwanjobs_downloaded_at_min"": ""2026-08-30T00:45:15""}",2026-08-31T02:57:28,trend_snapshot_v1,,,,,
2026-08,新莊區,業務／貿易／銷售,36,91,33750.0,23,"{""job_deadline_month_max"": ""2036-12"", ""job_deadline_month_min"": ""2026-08"", ""job_updated_month_max"": ""2026-08"", ""job_updated_month_min"": ""2019-08"", ""jobs_downloaded_at"": ""2026-08-30T00:45:24"", ""jobs_reference_date"": ""2026-08-29"", ""jobs_snapshot_as_of"": ""2026-08-30T00:45:24"", ""note"": ""processed_at is excluded from source_date inference."", ""population_downloaded_at"": null, ""population_reference_month"": ""2026-07"", ""population_source_month"": ""2026-07"", ""taiwanjobs_downloaded_at_max"": ""2026-08-30T00:45:24"", ""taiwanjobs_downloaded_at_min"": ""2026-08-30T00:45:15""}",2026-08-31T02:57:28,trend_snapshot_v1,,,,,
2026-08,新莊區,清潔／家事／托育(保母),21,27,31000.0,16,"{""job_deadline_month_max"": ""2036-12"", ""job_deadline_month_min"": ""2026-08"", ""job_updated_month_max"": ""2026-08"", ""job_updated_month_min"": ""2019-08"", ""jobs_downloaded_at"": ""2026-08-30T00:45:24"", ""jobs_reference_date"": ""2026-08-29"", ""jobs_snapshot_as_of"": ""2026-08-30T00:45:24"", ""note"": ""processed_at is excluded from source_date inference."", ""population_downloaded_at"": null, ""population_reference_month"": ""2026-07"", ""population_source_month"": ""2026-07"", ""taiwanjobs_downloaded_at_max"": ""2026-08-30T00:45:24"", ""taiwanjobs_downloaded_at_min"": ""2026-08-30T00:45:15""}",2026-08-31T02:57:28,trend_snapshot_v1,,,,,
2026-08,新莊區,營建／製圖／施作,8,16,36750.0,6,"{""job_deadline_month_max"": ""2036-12"", ""job_deadline_month_min"": ""2026-08"", ""job_updated_month_max"": ""2026-08"", ""job_updated_month_min"": ""2019-08"", ""jobs_downloaded_at"": ""2026-08-30T00:45:24"", ""jobs_reference_date"": ""2026-08-29"", ""jobs_snapshot_as_of"": ""2026-08-30T00:45:24"", ""note"": ""processed_at is excluded from source_date inference."", ""population_downloaded_at"": null, ""population_reference_month"": ""2026-07"", ""population_source_month"": ""2026-07"", ""taiwanjobs_downloaded_at_max"": ""2026-08-30T00:45:24"", ""taiwanjobs_downloaded_at_min"": ""2026-08-30T00:45:15""}",2026-08-31T02:57:28,trend_snapshot_v1,,,,,
2026-08,新莊區,物流／運輸／資材,12,32,36500.0,9,"{""job_deadline_month_max"": ""2036-12"", ""job_deadline_month_min"": ""2026-08"", ""job_updated_month_max"": ""2026-08"", ""job_updated_month_min"": ""2019-08"", ""jobs_downloaded_at"": ""2026-08-30T00:45:24"", ""jobs_reference_date"": ""2026-08-29"", ""jobs_snapshot_as_of"": ""2026-08-30T00:45:24"", ""note"": ""processed_at is excluded from source_date inference."", ""population_downloaded_at"": null, ""population_reference_month"": ""2026-07"", ""population_source_month"": ""2026-07"", ""taiwanjobs_downloaded_at_max"": ""2026-08-30T00:45:24"", ""taiwanjobs_downloaded_at_min"": ""2026-08-30T00:45:15""}",2026-08-31T02:57:28,trend_snapshot_v1,,,,,
2026-08,新莊區,約僱人員,14,14,,7,"{""job_deadline_month_max"": ""2036-12"", ""job_deadline_month_min"": ""2026-08"", ""job_updated_month_max"": ""2026-08"", ""job_updated_month_min"": ""2019-08"", ""jobs_downloaded_at"": ""2026-08-30T00:45:24"", ""jobs_reference_date"": ""2026-08-29"", ""jobs_snapshot_as_of"": ""2026-08-30T00:45:24"", ""note"": ""processed_at is excluded from source_date inference."", ""population_downloaded_at"": null, ""population_reference_month"": ""2026-07"", ""population_source_month"": ""2026-07"", ""taiwanjobs_downloaded_at_max"": ""2026-08-30T00:45:24"", ""taiwanjobs_downloaded_at_min"": ""2026-08-30T00:45:15""}",2026-08-31T02:57:28,trend_snapshot_v1,,,,,
2026-08,新莊區,經營／行政／總務,18,30,38293.5,11,"{""job_deadline_month_max"": ""2036-12"", ""job_deadline_month_min"": ""2026-08"", ""job_updated_month_max"": ""2026-08"", ""job_updated_month_min"": ""2019-08"", ""jobs_downloaded_at"": ""2026-08-30T00:45:24"", ""jobs_reference_date"": ""2026-08-29"", ""jobs_snapshot_as_of"": ""2026-08-30T00:45:24"", ""note"": ""processed_at is excluded from source_date inference."", ""population_downloaded_at"": null, ""population_reference_month"": ""2026-07"", ""population_source_month"": ""2026-07"", ""taiwanjobs_downloaded_at_max"": ""2026-08-30T00:45:24"", ""taiwanjobs_downloaded_at_min"": ""2026-08-30T00:45:15""}",2026-08-31T02:57:28,trend_snapshot_v1,,,,,
2026-08,新莊區,聘用人員,7,11,,5,"{""job_deadline_month_max"": ""2036-12"", ""job_deadline_month_min"": ""2026-08"", ""job_updated_month_max"": ""2026-08"", ""job_updated_month_min"": ""2019-08"", ""jobs_downloaded_at"": ""2026-08-30T00:45:24"", ""jobs_reference_date"": ""2026-08-29"", ""jobs_snapshot_as_of"": ""2026-08-30T00:45:24"", ""note"": ""processed_at is excluded from source_date inference."", ""population_downloaded_at"": null, ""population_reference_month"": ""2026-07"", ""population_source_month"": ""2026-07"", ""taiwanjobs_downloaded_at_max"": ""2026-08-30T00:45:24"", ""taiwanjobs_downloaded_at_min"": ""2026-08-30T00:45:15""}",2026-08-31T02:57:28,trend_snapshot_v1,,,,,
2026-08,新莊區,行銷／企劃／專案,4,14,34500.0,2,"{""job_deadline_month_max"": ""2036-12"", ""job_deadline_month_min"": ""2026-08"", ""job_updated_month_max"": ""2026-08"", ""job_updated_month_min"": ""2019-08"", ""jobs_downloaded_at"": ""2026-08-30T00:45:24"", ""jobs_reference_date"": ""2026-08-29"", ""jobs_snapshot_as_of"": ""2026-08-30T00:45:24"", ""note"": ""processed_at is excluded from source_date inference."", ""population_downloaded_at"": null, ""population_reference_month"": ""2026-07"", ""population_source_month"": ""2026-07"", ""taiwanjobs_downloaded_at_max"": ""2026-08-30T00:45:24"", ""taiwanjobs_downloaded_at_min"": ""2026-08-30T00:45:15""}",2026-08-31T02:57:28,trend_snapshot_v1,,,,,
2026-08,新莊區,財務／金融／保險,12,17,37500.0,10,"{""job_deadline_month_max"": ""2036-12"", ""job_deadline_month_min"": ""2026-08"", ""job_updated_month_max"": ""2026-08"", ""job_updated_month_min"": ""2019-08"", ""jobs_downloaded_at"": ""2026-08-30T00:45:24"", ""jobs_reference_date"": ""2026-08-29"", ""jobs_snapshot_as_of"": ""2026-08-30T00:45:24"", ""note"": ""processed_at is excluded from source_date inference."", ""population_downloaded_at"": null, ""population_reference_month"": ""2026-07"", ""population_source_month"": ""2026-07"", ""taiwanjobs_downloaded_at_max"": ""2026-08-30T00:45:24"", ""taiwanjobs_downloaded_at_min"": ""2026-08-30T00:45:15""}",2026-08-31T02:57:28,trend_snapshot_v1,,,,,
2026-08,新莊區,資訊／軟體／系統,2,17,39750.0,2,"{""job_deadline_month_max"": ""2036-12"", ""job_deadline_month_min"": ""2026-08"", ""job_updated_month_max"": ""2026-08"", ""job_updated_month_min"": ""2019-08"", ""jobs_downloaded_at"": ""2026-08-30T00:45:24"", ""jobs_reference_date"": ""2026-08-29"", ""jobs_snapshot_as_of"": ""2026-08-30T00:45:24"", ""note"": ""processed_at is excluded from source_date inference."", ""population_downloaded_at"": null, ""population_reference_month"": ""2026-07"", ""population_source_month"": ""2026-07"", ""taiwanjobs_downloaded_at_max"": ""2026-08-30T00:45:24"", ""taiwanjobs_downloaded_at_min"": ""2026-08-30T00:45:15""}",2026-08-31T02:57:28,trend_snapshot_v1,,,,,
2026-08,新莊區,醫療／美容／保健,40,123,33500.0,29,"{""job_deadline_month_max"": ""2036-12"", ""job_deadline_month_min"": ""2026-08"", ""job_updated_month_max"": ""2026-08"", ""job_updated_month_min"": ""2019-08"", ""jobs_downloaded_at"": ""2026-08-30T00:45:24"", ""jobs_reference_date"": ""2026-08-29"", ""jobs_snapshot_as_of"": ""2026-08-30T00:45:24"", ""note"": ""processed_at is excluded from source_date inference."", ""population_downloaded_at"": null, ""population_reference_month"": ""2026-07"", ""population_source_month"": ""2026-07"", ""taiwanjobs_downloaded_at_max"": ""2026-08-30T00:45:24"", ""taiwanjobs_downloaded_at_min"": ""2026-08-30T00:45:15""}",2026-08-31T02:57:28,trend_snapshot_v1,,,,,
2026-08,板橋區,一般人員,18,18,,12,"{""job_deadline_month_max"": ""2036-12"", ""job_deadline_month_min"": ""2026-08"", ""job_updated_month_max"": ""2026-08"", ""job_updated_month_min"": ""2019-08"", ""jobs_downloaded_at"": ""2026-08-30T00:45:24"", ""jobs_reference_date"": ""2026-08-29"", ""jobs_snapshot_as_of"": ""2026-08-30T00:45:24"", ""note"": ""processed_at is excluded from source_date inference."", ""population_downloaded_at"": null, ""population_reference_month"": ""2026-07"", ""population_source_month"": ""2026-07"", ""taiwanjobs_downloaded_at_max"": ""2026-08-30T00:45:24"", ""taiwanjobs_downloaded_at_min"": ""2026-08-30T00:45:15""}",2026-08-31T02:57:28,trend_snapshot_v1,,,,,
2026-08,板橋區,人資／法務／智財,2,10,,1,"{""job_deadline_month_max"": ""2036-12"", ""job_deadline_month_min"": ""2026-08"", ""job_updated_month_max"": ""2026-08"", ""job_updated_month_min"": ""2019-08"", ""jobs_downloaded_at"": ""2026-08-30T00:45:24"", ""jobs_reference_date"": ""2026-08-29"", ""jobs_snapshot_as_of"": ""2026-08-30T00:45:24"", ""note"": ""processed_at is excluded from source_date inference."", ""population_downloaded_at"": null, ""population_reference_month"": ""2026-07"", ""population_source_month"": ""2026-07"", ""taiwanjobs_downloaded_at_max"": ""2026-08-30T00:45:24"", ""taiwanjobs_downloaded_at_min"": ""2026-08-30T00:45:15""}",2026-08-31T02:57:28,trend_snapshot_v1,,,,,
2026-08,板橋區,保全／軍警消,20,53,44580.0,5,"{""job_deadline_month_max"": ""2036-12"", ""job_deadline_month_min"": ""2026-08"", ""job_updated_month_max"": ""2026-08"", ""job_updated_month_min"": ""2019-08"", ""jobs_downloaded_at"": ""2026-08-30T00:45:24"", ""jobs_reference_date"": ""2026-08-29"", ""jobs_snapshot_as_of"": ""2026-08-30T00:45:24"", ""note"": ""processed_at is excluded from source_date inference."", ""population_downloaded_at"": null, ""population_reference_month"": ""2026-07"", ""population_source_month"": ""2026-07"", ""taiwanjobs_downloaded_at_max"": ""2026-08-30T00:45:24"", ""taiwanjobs_downloaded_at_min"": ""2026-08-30T00:45:15""}",2026-08-31T02:57:28,trend_snapshot_v1,,,,,
2026-08,板橋區,傳播／娛樂／藝術,1,1,42500.0,1,"{""job_deadline_month_max"": ""2036-12"", ""job_deadline_month_min"": ""2026-08"", ""job_updated_month_max"": ""2026-08"", ""job_updated_month_min"": ""2019-08"", ""jobs_downloaded_at"": ""2026-08-30T00:45:24"", ""jobs_reference_date"": ""2026-08-29"", ""jobs_snapshot_as_of"": ""2026-08-30T00:45:24"", ""note"": ""processed_at is excluded from source_date inference."", ""population_downloaded_at"": null, ""population_reference_month"": ""2026-07"", ""population_source_month"": ""2026-07"", ""taiwanjobs_downloaded_at_max"": ""2026-08-30T00:45:24"", ""taiwanjobs_downloaded_at_min"": ""2026-08-30T00:45:15""}",2026-08-31T02:57:28,trend_snapshot_v1,,,,,
2026-08,板橋區,其他人員,21,30,,13,"{""job_deadline_month_max"": ""2036-12"", ""job_deadline_month_min"": ""2026-08"", ""job_updated_month_max"": ""2026-08"", ""job_updated_month_min"": ""2019-08"", ""jobs_downloaded_at"": ""2026-08-30T00:45:24"", ""jobs_reference_date"": ""2026-08-29"", ""jobs_snapshot_as_of"": ""2026-08-30T00:45:24"", ""note"": ""processed_at is excluded from source_date inference."", ""population_downloaded_at"": null, ""population_reference_month"": ""2026-07"", ""population_source_month"": ""2026-07"", ""taiwanjobs_downloaded_at_max"": ""2026-08-30T00:45:24"", ""taiwanjobs_downloaded_at_min"": ""2026-08-30T00:45:15""}",2026-08-31T02:57:28,trend_snapshot_v1,,,,,
2026-08,板橋區,其他職類,20,65,37500.0,13,"{""job_deadline_month_max"": ""2036-12"", ""job_deadline_month_min"": ""2026-08"", ""job_updated_month_max"": ""2026-08"", ""job_updated_month_min"": ""2019-08"", ""jobs_downloaded_at"": ""2026-08-30T00:45:24"", ""jobs_reference_date"": ""2026-08-29"", ""jobs_snapshot_as_of"": ""2026-08-30T00:45:24"", ""note"": ""processed_at is excluded from source_date inference."", ""population_downloaded_at"": null, ""population_reference_month"": ""2026-07"", ""population_source_month"": ""2026-07"", ""taiwanjobs_downloaded_at_max"": ""2026-08-30T00:45:24"", ""taiwanjobs_downloaded_at_min"": ""2026-08-30T00:45:15""}",2026-08-31T02:57:28,trend_snapshot_v1,,,,,
2026-08,板橋區,品管／製造／環衛,4,11,32750.0,4,"{""job_deadline_month_max"": ""2036-12"", ""job_deadline_month_min"": ""2026-08"", ""job_updated_month_max"": ""2026-08"", ""job_updated_month_min"": ""2019-08"", ""jobs_downloaded_at"": ""2026-08-30T00:45:24"", ""jobs_reference_date"": ""2026-08-29"", ""jobs_snapshot_as_of"": ""2026-08-30T00:45:24"", ""note"": ""processed_at is excluded from source_date inference."", ""population_downloaded_at"": null, ""population_reference_month"": ""2026-07"", ""population_source_month"": ""2026-07"", ""taiwanjobs_downloaded_at_max"": ""2026-08-30T00:45:24"", ""taiwanjobs_downloaded_at_min"": ""2026-08-30T00:45:15""}",2026-08-31T02:57:28,trend_snapshot_v1,,,,,
2026-08,板橋區,客服／門市,25,111,33000.0,15,"{""job_deadline_month_max"": ""2036-12"", ""job_deadline_month_min"": ""2026-08"", ""job_updated_month_max"": ""2026-08"", ""job_updated_month_min"": ""2019-08"", ""jobs_downloaded_at"": ""2026-08-30T00:45:24"", ""jobs_reference_date"": ""2026-08-29"", ""jobs_snapshot_as_of"": ""2026-08-30T00:45:24"", ""note"": ""processed_at is excluded from source_date inference."", ""population_downloaded_at"": null, ""population_reference_month"": ""2026-07"", ""population_source_month"": ""2026-07"", ""taiwanjobs_downloaded_at_max"": ""2026-08-30T00:45:24"", ""taiwanjobs_downloaded_at_min"": ""2026-08-30T00:45:15""}",2026-08-31T02:57:28,trend_snapshot_v1,,,,,
2026-08,板橋區,審計人員,1,1,,1,"{""job_deadline_month_max"": ""2036-12"", ""job_deadline_month_min"": ""2026-08"", ""job_updated_month_max"": ""2026-08"", ""job_updated_month_min"": ""2019-08"", ""jobs_downloaded_at"": ""2026-08-30T00:45:24"", ""jobs_reference_date"": ""2026-08-29"", ""jobs_snapshot_as_of"": ""2026-08-30T00:45:24"", ""note"": ""processed_at is excluded from source_date inference."", ""population_downloaded_at"": null, ""population_reference_month"": ""2026-07"", ""population_source_month"": ""2026-07"", ""taiwanjobs_downloaded_at_max"": ""2026-08-30T00:45:24"", ""taiwanjobs_downloaded_at_min"": ""2026-08-30T00:45:15""}",2026-08-31T02:57:28,trend_snapshot_v1,,,,,
2026-08,板橋區,工友,1,1,,1,"{""job_deadline_month_max"": ""2036-12"", ""job_deadline_month_min"": ""2026-08"", ""job_updated_month_max"": ""2026-08"", ""job_updated_month_min"": ""2019-08"", ""jobs_downloaded_at"": ""2026-08-30T00:45:24"", ""jobs_reference_date"": ""2026-08-29"", ""jobs_snapshot_as_of"": ""2026-08-30T00:45:24"", ""note"": ""processed_at is excluded from source_date inference."", ""population_downloaded_at"": null, ""population_reference_month"": ""2026-07"", ""population_source_month"": ""2026-07"", ""taiwanjobs_downloaded_at_max"": ""2026-08-30T00:45:24"", ""taiwanjobs_downloaded_at_min"": ""2026-08-30T00:45:15""}",2026-08-31T02:57:28,trend_snapshot_v1,,,,,
2026-08,板橋區,工程／研發／生技,5,14,35000.0,4,"{""job_deadline_month_max"": ""2036-12"", ""job_deadline_month_min"": ""2026-08"", ""job_updated_month_max"": ""2026-08"", ""job_updated_month_min"": ""2019-08"", ""jobs_downloaded_at"": ""2026-08-30T00:45:24"", ""jobs_reference_date"": ""2026-08-29"", ""jobs_snapshot_as_of"": ""2026-08-30T00:45:24"", ""note"": ""processed_at is excluded from source_date inference."", ""population_downloaded_at"": null, ""population_reference_month"": ""2026-07"", ""population_source_month"": ""2026-07"", ""taiwanjobs_downloaded_at_max"": ""2026-08-30T00:45:24"", ""taiwanjobs_downloaded_at_min"": ""2026-08-30T00:45:15""}",2026-08-31T02:57:28,trend_snapshot_v1,,,,,
2026-08,板橋區,廣告／公關／設計,4,22,37500.0,4,"{""job_deadline_month_max"": ""2036-12"", ""job_deadline_month_min"": ""2026-08"", ""job_updated_month_max"": ""2026-08"", ""job_updated_month_min"": ""2019-08"", ""jobs_downloaded_at"": ""2026-08-30T00:45:24"", ""jobs_reference_date"": ""2026-08-29"", ""jobs_snapshot_as_of"": ""2026-08-30T00:45:24"", ""note"": ""processed_at is excluded from source_date inference."", ""population_downloaded_at"": null, ""population_reference_month"": ""2026-07"", ""population_source_month"": ""2026-07"", ""taiwanjobs_downloaded_at_max"": ""2026-08-30T00:45:24"", ""taiwanjobs_downloaded_at_min"": ""2026-08-30T00:45:15""}",2026-08-31T02:57:28,trend_snapshot_v1,,,,,
2026-08,板橋區,技術／維修／操作,12,48,35250.0,9,"{""job_deadline_month_max"": ""2036-12"", ""job_deadline_month_min"": ""2026-08"", ""job_updated_month_max"": ""2026-08"", ""job_updated_month_min"": ""2019-08"", ""jobs_downloaded_at"": ""2026-08-30T00:45:24"", ""jobs_reference_date"": ""2026-08-29"", ""jobs_snapshot_as_of"": ""2026-08-30T00:45:24"", ""note"": ""processed_at is excluded from source_date inference."", ""population_downloaded_at"": null, ""population_reference_month"": ""2026-07"", ""population_source_month"": ""2026-07"", ""taiwanjobs_downloaded_at_max"": ""2026-08-30T00:45:24"", ""taiwanjobs_downloaded_at_min"": ""2026-08-30T00:45:15""}",2026-08-31T02:57:28,trend_snapshot_v1,,,,,
2026-08,板橋區,教育／學術／研究,9,15,38440.0,6,"{""job_deadline_month_max"": ""2036-12"", ""job_deadline_month_min"": ""2026-08"", ""job_updated_month_max"": ""2026-08"", ""job_updated_month_min"": ""2019-08"", ""jobs_downloaded_at"": ""2026-08-30T00:45:24"", ""jobs_reference_date"": ""2026-08-29"", ""jobs_snapshot_as_of"": ""2026-08-30T00:45:24"", ""note"": ""processed_at is excluded from source_date inference."", ""population_downloaded_at"": null, ""population_reference_month"": ""2026-07"", ""population_source_month"": ""2026-07"", ""taiwanjobs_downloaded_at_max"": ""2026-08-30T00:45:24"", ""taiwanjobs_downloaded_at_min"": ""2026-08-30T00:45:15""}",2026-08-31T02:57:28,trend_snapshot_v1,,,,,
2026-08,板橋區,旅遊／餐飲／休閒,50,270,35000.0,29,"{""job_deadline_month_max"": ""2036-12"", ""job_deadline_month_min"": ""2026-08"", ""job_updated_month_max"": ""2026-08"", ""job_updated_month_min"": ""2019-08"", ""jobs_downloaded_at"": ""2026-08-30T00:45:24"", ""jobs_reference_date"": ""2026-08-29"", ""jobs_snapshot_as_of"": ""2026-08-30T00:45:24"", ""note"": ""processed_at is excluded from source_date inference."", ""population_downloaded_at"": null, ""population_reference_month"": ""2026-07"", ""population_source_month"": ""2026-07"", ""taiwanjobs_downloaded_at_max"": ""2026-08-30T00:45:24"", ""taiwanjobs_downloaded_at_min"": ""2026-08-30T00:45:15""}",2026-08-31T02:57:28,trend_snapshot_v1,,,,,
2026-08,板橋區,業務／貿易／銷售,16,57,32750.0,14,"{""job_deadline_month_max"": ""2036-12"", ""job_deadline_month_min"": ""2026-08"", ""job_updated_month_max"": ""2026-08"", ""job_updated_month_min"": ""2019-08"", ""jobs_downloaded_at"": ""2026-08-30T00:45:24"", ""jobs_reference_date"": ""2026-08-29"", ""jobs_snapshot_as_of"": ""2026-08-30T00:45:24"", ""note"": ""processed_at is excluded from source_date inference."", ""population_downloaded_at"": null, ""population_reference_month"": ""2026-07"", ""population_source_month"": ""2026-07"", ""taiwanjobs_downloaded_at_max"": ""2026-08-30T00:45:24"", ""taiwanjobs_downloaded_at_min"": ""2026-08-30T00:45:15""}",2026-08-31T02:57:28,trend_snapshot_v1,,,,,
2026-08,板橋區,清潔／家事／托育(保母),20,34,31000.0,15,"{""job_deadline_month_max"": ""2036-12"", ""job_deadline_month_min"": ""2026-08"", ""job_updated_month_max"": ""2026-08"", ""job_updated_month_min"": ""2019-08"", ""jobs_downloaded_at"": ""2026-08-30T00:45:24"", ""jobs_reference_date"": ""2026-08-29"", ""jobs_snapshot_as_of"": ""2026-08-30T00:45:24"", ""note"": ""processed_at is excluded from source_date inference."", ""population_downloaded_at"": null, ""population_reference_month"": ""2026-07"", ""population_source_month"": ""2026-07"", ""taiwanjobs_downloaded_at_max"": ""2026-08-30T00:45:24"", ""taiwanjobs_downloaded_at_min"": ""2026-08-30T00:45:15""}",2026-08-31T02:57:28,trend_snapshot_v1,,,,,
2026-08,板橋區,營建／製圖／施作,9,38,35000.0,6,"{""job_deadline_month_max"": ""2036-12"", ""job_deadline_month_min"": ""2026-08"", ""job_updated_month_max"": ""2026-08"", ""job_updated_month_min"": ""2019-08"", ""jobs_downloaded_at"": ""2026-08-30T00:45:24"", ""jobs_reference_date"": ""2026-08-29"", ""jobs_snapshot_as_of"": ""2026-08-30T00:45:24"", ""note"": ""processed_at is excluded from source_date inference."", ""population_downloaded_at"": null, ""population_reference_month"": ""2026-07"", ""population_source_month"": ""2026-07"", ""taiwanjobs_downloaded_at_max"": ""2026-08-30T00:45:24"", ""taiwanjobs_downloaded_at_min"": ""2026-08-30T00:45:15""}",2026-08-31T02:57:28,trend_snapshot_v1,,,,,
2026-08,板橋區,物流／運輸／資材,11,27,36800.0,8,"{""job_deadline_month_max"": ""2036-12"", ""job_deadline_month_min"": ""2026-08"", ""job_updated_month_max"": ""2026-08"", ""job_updated_month_min"": ""2019-08"", ""jobs_downloaded_at"": ""2026-08-30T00:45:24"", ""jobs_reference_date"": ""2026-08-29"", ""jobs_snapshot_as_of"": ""2026-08-30T00:45:24"", ""note"": ""processed_at is excluded from source_date inference."", ""population_downloaded_at"": null, ""population_reference_month"": ""2026-07"", ""population_source_month"": ""2026-07"", ""taiwanjobs_downloaded_at_max"": ""2026-08-30T00:45:24"", ""taiwanjobs_downloaded_at_min"": ""2026-08-30T00:45:15""}",2026-08-31T02:57:28,trend_snapshot_v1,,,,,
2026-08,板橋區,約僱人員,21,37,,13,"{""job_deadline_month_max"": ""2036-12"", ""job_deadline_month_min"": ""2026-08"", ""job_updated_month_max"": ""2026-08"", ""job_updated_month_min"": ""2019-08"", ""jobs_downloaded_at"": ""2026-08-30T00:45:24"", ""jobs_reference_date"": ""2026-08-29"", ""jobs_snapshot_as_of"": ""2026-08-30T00:45:24"", ""note"": ""processed_at is excluded from source_date inference."", ""population_downloaded_at"": null, ""population_reference_month"": ""2026-07"", ""population_source_month"": ""2026-07"", ""taiwanjobs_downloaded_at_max"": ""2026-08-30T00:45:24"", ""taiwanjobs_downloaded_at_min"": ""2026-08-30T00:45:15""}",2026-08-31T02:57:28,trend_snapshot_v1,,,,,
2026-08,板橋區,經營／行政／總務,26,57,35780.0,19,"{""job_deadline_month_max"": ""2036-12"", ""job_deadline_month_min"": ""2026-08"", ""job_updated_month_max"": ""2026-08"", ""job_updated_month_min"": ""2019-08"", ""jobs_downloaded_at"": ""2026-08-30T00:45:24"", ""jobs_reference_date"": ""2026-08-29"", ""jobs_snapshot_as_of"": ""2026-08-30T00:45:24"", ""note"": ""processed_at is excluded from source_date inference."", ""population_downloaded_at"": null, ""population_reference_month"": ""2026-07"", ""population_source_month"": ""2026-07"", ""taiwanjobs_downloaded_at_max"": ""2026-08-30T00:45:24"", ""taiwanjobs_downloaded_at_min"": ""2026-08-30T00:45:15""}",2026-08-31T02:57:28,trend_snapshot_v1,,,,,
2026-08,板橋區,聘用人員,11,23,,7,"{""job_deadline_month_max"": ""2036-12"", ""job_deadline_month_min"": ""2026-08"", ""job_updated_month_max"": ""2026-08"", ""job_updated_month_min"": ""2019-08"", ""jobs_downloaded_at"": ""2026-08-30T00:45:24"", ""jobs_reference_date"": ""2026-08-29"", ""jobs_snapshot_as_of"": ""2026-08-30T00:45:24"", ""note"": ""processed_at is excluded from source_date inference."", ""population_downloaded_at"": null, ""population_reference_month"": ""2026-07"", ""population_source_month"": ""2026-07"", ""taiwanjobs_downloaded_at_max"": ""2026-08-30T00:45:24"", ""taiwanjobs_downloaded_at_min"": ""2026-08-30T00:45:15""}",2026-08-31T02:57:28,trend_snapshot_v1,,,,,
2026-08,板橋區,行銷／企劃／專案,10,34,35000.0,9,"{""job_deadline_month_max"": ""2036-12"", ""job_deadline_month_min"": ""2026-08"", ""job_updated_month_max"": ""2026-08"", ""job_updated_month_min"": ""2019-08"", ""jobs_downloaded_at"": ""2026-08-30T00:45:24"", ""jobs_reference_date"": ""2026-08-29"", ""jobs_snapshot_as_of"": ""2026-08-30T00:45:24"", ""note"": ""processed_at is excluded from source_date inference."", ""population_downloaded_at"": null, ""population_reference_month"": ""2026-07"", ""population_source_month"": ""2026-07"", ""taiwanjobs_downloaded_at_max"": ""2026-08-30T00:45:24"", ""taiwanjobs_downloaded_at_min"": ""2026-08-30T00:45:15""}",2026-08-31T02:57:28,trend_snapshot_v1,,,,,
2026-08,板橋區,財務／金融／保險,7,19,37250.0,7,"{""job_deadline_month_max"": ""2036-12"", ""job_deadline_month_min"": ""2026-08"", ""job_updated_month_max"": ""2026-08"", ""job_updated_month_min"": ""2019-08"", ""jobs_downloaded_at"": ""2026-08-30T00:45:24"", ""jobs_reference_date"": ""2026-08-29"", ""jobs_snapshot_as_of"": ""2026-08-30T00:45:24"", ""note"": ""processed_at is excluded from source_date inference."", ""population_downloaded_at"": null, ""population_reference_month"": ""2026-07"", ""population_source_month"": ""2026-07"", ""taiwanjobs_downloaded_at_max"": ""2026-08-30T00:45:24"", ""taiwanjobs_downloaded_at_min"": ""2026-08-30T00:45:15""}",2026-08-31T02:57:28,trend_snapshot_v1,,,,,
2026-08,板橋區,資訊／軟體／系統,4,6,37750.0,3,"{""job_deadline_month_max"": ""2036-12"", ""job_deadline_month_min"": ""2026-08"", ""job_updated_month_max"": ""2026-08"", ""job_updated_month_min"": ""2019-08"", ""jobs_downloaded_at"": ""2026-08-30T00:45:24"", ""jobs_reference_date"": ""2026-08-29"", ""jobs_snapshot_as_of"": ""2026-08-30T00:45:24"", ""note"": ""processed_at is excluded from source_date inference."", ""population_downloaded_at"": null, ""population_reference_month"": ""2026-07"", ""population_source_month"": ""2026-07"", ""taiwanjobs_downloaded_at_max"": ""2026-08-30T00:45:24"", ""taiwanjobs_downloaded_at_min"": ""2026-08-30T00:45:15""}",2026-08-31T02:57:28,trend_snapshot_v1,,,,,
2026-08,板橋區,醫療／美容／保健,38,107,33500.0,32,"{""job_deadline_month_max"": ""2036-12"", ""job_deadline_month_min"": ""2026-08"", ""job_updated_month_max"": ""2026-08"", ""job_updated_month_min"": ""2019-08"", ""jobs_downloaded_at"": ""2026-08-30T00:45:24"", ""jobs_reference_date"": ""2026-08-29"", ""jobs_snapshot_as_of"": ""2026-08-30T00:45:24"", ""note"": ""processed_at is excluded from source_date inference."", ""population_downloaded_at"": null, ""population_reference_month"": ""2026-07"", ""population_source_month"": ""2026-07"", ""taiwanjobs_downloaded_at_max"": ""2026-08-30T00:45:24"", ""taiwanjobs_downloaded_at_min"": ""2026-08-30T00:45:15""}",2026-08-31T02:57:28,trend_snapshot_v1,,,,,
2026-08,板橋區,駕駛,2,2,,2,"{""job_deadline_month_max"": ""2036-12"", ""job_deadline_month_min"": ""2026-08"", ""job_updated_month_max"": ""2026-08"", ""job_updated_month_min"": ""2019-08"", ""jobs_downloaded_at"": ""2026-08-30T00:45:24"", ""jobs_reference_date"": ""2026-08-29"", ""jobs_snapshot_as_of"": ""2026-08-30T00:45:24"", ""note"": ""processed_at is excluded from source_date inference."", ""population_downloaded_at"": null, ""population_reference_month"": ""2026-07"", ""population_source_month"": ""2026-07"", ""taiwanjobs_downloaded_at_max"": ""2026-08-30T00:45:24"", ""taiwanjobs_downloaded_at_min"": ""2026-08-30T00:45:15""}",2026-08-31T02:57:28,trend_snapshot_v1,,,,,
2026-08,林口區,一般人員,2,2,,1,"{""job_deadline_month_max"": ""2036-12"", ""job_deadline_month_min"": ""2026-08"", ""job_updated_month_max"": ""2026-08"", ""job_updated_month_min"": ""2019-08"", ""jobs_downloaded_at"": ""2026-08-30T00:45:24"", ""jobs_reference_date"": ""2026-08-29"", ""jobs_snapshot_as_of"": ""2026-08-30T00:45:24"", ""note"": ""processed_at is excluded from source_date inference."", ""population_downloaded_at"": null, ""population_reference_month"": ""2026-07"", ""population_source_month"": ""2026-07"", ""taiwanjobs_downloaded_at_max"": ""2026-08-30T00:45:24"", ""taiwanjobs_downloaded_at_min"": ""2026-08-30T00:45:15""}",2026-08-31T02:57:28,trend_snapshot_v1,,,,,
2026-08,林口區,保全／軍警消,5,17,45000.0,3,"{""job_deadline_month_max"": ""2036-12"", ""job_deadline_month_min"": ""2026-08"", ""job_updated_month_max"": ""2026-08"", ""job_updated_month_min"": ""2019-08"", ""jobs_downloaded_at"": ""2026-08-30T00:45:24"", ""jobs_reference_date"": ""2026-08-29"", ""jobs_snapshot_as_of"": ""2026-08-30T00:45:24"", ""note"": ""processed_at is excluded from source_date inference."", ""population_downloaded_at"": null, ""population_reference_month"": ""2026-07"", ""population_source_month"": ""2026-07"", ""taiwanjobs_downloaded_at_max"": ""2026-08-30T00:45:24"", ""taiwanjobs_downloaded_at_min"": ""2026-08-30T00:45:15""}",2026-08-31T02:57:28,trend_snapshot_v1,,,,,
2026-08,林口區,其他人員,2,2,,2,"{""job_deadline_month_max"": ""2036-12"", ""job_deadline_month_min"": ""2026-08"", ""job_updated_month_max"": ""2026-08"", ""job_updated_month_min"": ""2019-08"", ""jobs_downloaded_at"": ""2026-08-30T00:45:24"", ""jobs_reference_date"": ""2026-08-29"", ""jobs_snapshot_as_of"": ""2026-08-30T00:45:24"", ""note"": ""processed_at is excluded from source_date inference."", ""population_downloaded_at"": null, ""population_reference_month"": ""2026-07"", ""population_source_month"": ""2026-07"", ""taiwanjobs_downloaded_at_max"": ""2026-08-30T00:45:24"", ""taiwanjobs_downloaded_at_min"": ""2026-08-30T00:45:15""}",2026-08-31T02:57:28,trend_snapshot_v1,,,,,
2026-08,林口區,其他職類,3,14,,3,"{""job_deadline_month_max"": ""2036-12"", ""job_deadline_month_min"": ""2026-08"", ""job_updated_month_max"": ""2026-08"", ""job_updated_month_min"": ""2019-08"", ""jobs_downloaded_at"": ""2026-08-30T00:45:24"", ""jobs_reference_date"": ""2026-08-29"", ""jobs_snapshot_as_of"": ""2026-08-30T00:45:24"", ""note"": ""processed_at is excluded from source_date inference."", ""population_downloaded_at"": null, ""population_reference_month"": ""2026-07"", ""population_source_month"": ""2026-07"", ""taiwanjobs_downloaded_at_max"": ""2026-08-30T00:45:24"", ""taiwanjobs_downloaded_at_min"": ""2026-08-30T00:45:15""}",2026-08-31T02:57:28,trend_snapshot_v1,,,,,
2026-08,林口區,品管／製造／環衛,9,26,32500.0,7,"{""job_deadline_month_max"": ""2036-12"", ""job_deadline_month_min"": ""2026-08"", ""job_updated_month_max"": ""2026-08"", ""job_updated_month_min"": ""2019-08"", ""jobs_downloaded_at"": ""2026-08-30T00:45:24"", ""jobs_reference_date"": ""2026-08-29"", ""jobs_snapshot_as_of"": ""2026-08-30T00:45:24"", ""note"": ""processed_at is excluded from source_date inference."", ""population_downloaded_at"": null, ""population_reference_month"": ""2026-07"", ""population_source_month"": ""2026-07"", ""taiwanjobs_downloaded_at_max"": ""2026-08-30T00:45:24"", ""taiwanjobs_downloaded_at_min"": ""2026-08-30T00:45:15""}",2026-08-31T02:57:28,trend_snapshot_v1,,,,,
2026-08,林口區,客服／門市,15,101,35050.0,7,"{""job_deadline_month_max"": ""2036-12"", ""job_deadline_month_min"": ""2026-08"", ""job_updated_month_max"": ""2026-08"", ""job_updated_month_min"": ""2019-08"", ""jobs_downloaded_at"": ""2026-08-30T00:45:24"", ""jobs_reference_date"": ""2026-08-29"", ""jobs_snapshot_as_of"": ""2026-08-30T00:45:24"", ""note"": ""processed_at is excluded from source_date inference."", ""population_downloaded_at"": null, ""population_reference_month"": ""2026-07"", ""population_source_month"": ""2026-07"", ""taiwanjobs_downloaded_at_max"": ""2026-08-30T00:45:24"", ""taiwanjobs_downloaded_at_min"": ""2026-08-30T00:45:15""}",2026-08-31T02:57:28,trend_snapshot_v1,,,,,
2026-08,林口區,工友,1,1,,1,"{""job_deadline_month_max"": ""2036-12"", ""job_deadline_month_min"": ""2026-08"", ""job_updated_month_max"": ""2026-08"", ""job_updated_month_min"": ""2019-08"", ""jobs_downloaded_at"": ""2026-08-30T00:45:24"", ""jobs_reference_date"": ""2026-08-29"", ""jobs_snapshot_as_of"": ""2026-08-30T00:45:24"", ""note"": ""processed_at is excluded from source_date inference."", ""population_downloaded_at"": null, ""population_reference_month"": ""2026-07"", ""population_source_month"": ""2026-07"", ""taiwanjobs_downloaded_at_max"": ""2026-08-30T00:45:24"", ""taiwanjobs_downloaded_at_min"": ""2026-08-30T00:45:15""}",2026-08-31T02:57:28,trend_snapshot_v1,,,,,
2026-08,林口區,技術／維修／操作,31,151,35500.0,24,"{""job_deadline_month_max"": ""2036-12"", ""job_deadline_month_min"": ""2026-08"", ""job_updated_month_max"": ""2026-08"", ""job_updated_month_min"": ""2019-08"", ""jobs_downloaded_at"": ""2026-08-30T00:45:24"", ""jobs_reference_date"": ""2026-08-29"", ""jobs_snapshot_as_of"": ""2026-08-30T00:45:24"", ""note"": ""processed_at is excluded from source_date inference."", ""population_downloaded_at"": null, ""population_reference_month"": ""2026-07"", ""population_source_month"": ""2026-07"", ""taiwanjobs_downloaded_at_max"": ""2026-08-30T00:45:24"", ""taiwanjobs_downloaded_at_min"": ""2026-08-30T00:45:15""}",2026-08-31T02:57:28,trend_snapshot_v1,,,,,
2026-08,林口區,旅遊／餐飲／休閒,21,91,38000.0,11,"{""job_deadline_month_max"": ""2036-12"", ""job_deadline_month_min"": ""2026-08"", ""job_updated_month_max"": ""2026-08"", ""job_updated_month_min"": ""2019-08"", ""jobs_downloaded_at"": ""2026-08-30T00:45:24"", ""jobs_reference_date"": ""2026-08-29"", ""jobs_snapshot_as_of"": ""2026-08-30T00:45:24"", ""note"": ""processed_at is excluded from source_date inference."", ""population_downloaded_at"": null, ""population_reference_month"": ""2026-07"", ""population_source_month"": ""2026-07"", ""taiwanjobs_downloaded_at_max"": ""2026-08-30T00:45:24"", ""taiwanjobs_downloaded_at_min"": ""2026-08-30T00:45:15""}",2026-08-31T02:57:28,trend_snapshot_v1,,,,,
2026-08,林口區,業務／貿易／銷售,6,6,35250.0,4,"{""job_deadline_month_max"": ""2036-12"", ""job_deadline_month_min"": ""2026-08"", ""job_updated_month_max"": ""2026-08"", ""job_updated_month_min"": ""2019-08"", ""jobs_downloaded_at"": ""2026-08-30T00:45:24"", ""jobs_reference_date"": ""2026-08-29"", ""jobs_snapshot_as_of"": ""2026-08-30T00:45:24"", ""note"": ""processed_at is excluded from source_date inference."", ""population_downloaded_at"": null, ""population_reference_month"": ""2026-07"", ""population_source_month"": ""2026-07"", ""taiwanjobs_downloaded_at_max"": ""2026-08-30T00:45:24"", ""taiwanjobs_downloaded_at_min"": ""2026-08-30T00:45:15""}",2026-08-31T02:57:28,trend_snapshot_v1,,,,,
2026-08,林口區,清潔／家事／托育(保母),19,34,34500.0,17,"{""job_deadline_month_max"": ""2036-12"", ""job_deadline_month_min"": ""2026-08"", ""job_updated_month_max"": ""2026-08"", ""job_updated_month_min"": ""2019-08"", ""jobs_downloaded_at"": ""2026-08-30T00:45:24"", ""jobs_reference_date"": ""2026-08-29"", ""jobs_snapshot_as_of"": ""2026-08-30T00:45:24"", ""note"": ""processed_at is excluded from source_date inference."", ""population_downloaded_at"": null, ""population_reference_month"": ""2026-07"", ""population_source_month"": ""2026-07"", ""taiwanjobs_downloaded_at_max"": ""2026-08-30T00:45:24"", ""taiwanjobs_downloaded_at_min"": ""2026-08-30T00:45:15""}",2026-08-31T02:57:28,trend_snapshot_v1,,,,,
2026-08,林口區,營建／製圖／施作,11,23,41500.0,8,"{""job_deadline_month_max"": ""2036-12"", ""job_deadline_month_min"": ""2026-08"", ""job_updated_month_max"": ""2026-08"", ""job_updated_month_min"": ""2019-08"", ""jobs_downloaded_at"": ""2026-08-30T00:45:24"", ""jobs_reference_date"": ""2026-08-29"", ""jobs_snapshot_as_of"": ""2026-08-30T00:45:24"", ""note"": ""processed_at is excluded from source_date inference."", ""population_downloaded_at"": null, ""population_reference_month"": ""2026-07"", ""population_source_month"": ""2026-07"", ""taiwanjobs_downloaded_at_max"": ""2026-08-30T00:45:24"", ""taiwanjobs_downloaded_at_min"": ""2026-08-30T00:45:15""}",2026-08-31T02:57:28,trend_snapshot_v1,,,,,
2026-08,林口區,物流／運輸／資材,13,30,37500.0,12,"{""job_deadline_month_max"": ""2036-12"", ""job_deadline_month_min"": ""2026-08"", ""job_updated_month_max"": ""2026-08"", ""job_updated_month_min"": ""2019-08"", ""jobs_downloaded_at"": ""2026-08-30T00:45:24"", ""jobs_reference_date"": ""2026-08-29"", ""jobs_snapshot_as_of"": ""2026-08-30T00:45:24"", ""note"": ""processed_at is excluded from source_date inference."", ""population_downloaded_at"": null, ""population_reference_month"": ""2026-07"", ""population_source_month"": ""2026-07"", ""taiwanjobs_downloaded_at_max"": ""2026-08-30T00:45:24"", ""taiwanjobs_downloaded_at_min"": ""2026-08-30T00:45:15""}",2026-08-31T02:57:28,trend_snapshot_v1,,,,,
2026-08,林口區,經營／行政／總務,6,6,38500.0,6,"{""job_deadline_month_max"": ""2036-12"", ""job_deadline_month_min"": ""2026-08"", ""job_updated_month_max"": ""2026-08"", ""job_updated_month_min"": ""2019-08"", ""jobs_downloaded_at"": ""2026-08-30T00:45:24"", ""jobs_reference_date"": ""2026-08-29"", ""jobs_snapshot_as_of"": ""2026-08-30T00:45:24"", ""note"": ""processed_at is excluded from source_date inference."", ""population_downloaded_at"": null, ""population_reference_month"": ""2026-07"", ""population_source_month"": ""2026-07"", ""taiwanjobs_downloaded_at_max"": ""2026-08-30T00:45:24"", ""taiwanjobs_downloaded_at_min"": ""2026-08-30T00:45:15""}",2026-08-31T02:57:28,trend_snapshot_v1,,,,,
2026-08,林口區,行銷／企劃／專案,2,2,37500.0,2,"{""job_deadline_month_max"": ""2036-12"", ""job_deadline_month_min"": ""2026-08"", ""job_updated_month_max"": ""2026-08"", ""job_updated_month_min"": ""2019-08"", ""jobs_downloaded_at"": ""2026-08-30T00:45:24"", ""jobs_reference_date"": ""2026-08-29"", ""jobs_snapshot_as_of"": ""2026-08-30T00:45:24"", ""note"": ""processed_at is excluded from source_date inference."", ""population_downloaded_at"": null, ""population_reference_month"": ""2026-07"", ""population_source_month"": ""2026-07"", ""taiwanjobs_downloaded_at_max"": ""2026-08-30T00:45:24"", ""taiwanjobs_downloaded_at_min"": ""2026-08-30T00:45:15""}",2026-08-31T02:57:28,trend_snapshot_v1,,,,,
2026-08,林口區,財務／金融／保險,3,4,33500.0,3,"{""job_deadline_month_max"": ""2036-12"", ""job_deadline_month_min"": ""2026-08"", ""job_updated_month_max"": ""2026-08"", ""job_updated_month_min"": ""2019-08"", ""jobs_downloaded_at"": ""2026-08-30T00:45:24"", ""jobs_reference_date"": ""2026-08-29"", ""jobs_snapshot_as_of"": ""2026-08-30T00:45:24"", ""note"": ""processed_at is excluded from source_date inference."", ""population_downloaded_at"": null, ""population_reference_month"": ""2026-07"", ""population_source_month"": ""2026-07"", ""taiwanjobs_downloaded_at_max"": ""2026-08-30T00:45:24"", ""taiwanjobs_downloaded_at_min"": ""2026-08-30T00:45:15""}",2026-08-31T02:57:28,trend_snapshot_v1,,,,,
2026-08,林口區,農林漁牧相關,1,3,33000.0,1,"{""job_deadline_month_max"": ""2036-12"", ""job_deadline_month_min"": ""2026-08"", ""job_updated_month_max"": ""2026-08"", ""job_updated_month_min"": ""2019-08"", ""jobs_downloaded_at"": ""2026-08-30T00:45:24"", ""jobs_reference_date"": ""2026-08-29"", ""jobs_snapshot_as_of"": ""2026-08-30T00:45:24"", ""note"": ""processed_at is excluded from source_date inference."", ""population_downloaded_at"": null, ""population_reference_month"": ""2026-07"", ""population_source_month"": ""2026-07"", ""taiwanjobs_downloaded_at_max"": ""2026-08-30T00:45:24"", ""taiwanjobs_downloaded_at_min"": ""2026-08-30T00:45:15""}",2026-08-31T02:57:28,trend_snapshot_v1,,,,,
2026-08,林口區,醫療／美容／保健,25,117,39750.0,18,"{""job_deadline_month_max"": ""2036-12"", ""job_deadline_month_min"": ""2026-08"", ""job_updated_month_max"": ""2026-08"", ""job_updated_month_min"": ""2019-08"", ""jobs_downloaded_at"": ""2026-08-30T00:45:24"", ""jobs_reference_date"": ""2026-08-29"", ""jobs_snapshot_as_of"": ""2026-08-30T00:45:24"", ""note"": ""processed_at is excluded from source_date inference."", ""population_downloaded_at"": null, ""population_reference_month"": ""2026-07"", ""population_source_month"": ""2026-07"", ""taiwanjobs_downloaded_at_max"": ""2026-08-30T00:45:24"", ""taiwanjobs_downloaded_at_min"": ""2026-08-30T00:45:15""}",2026-08-31T02:57:28,trend_snapshot_v1,,,,,
2026-08,樹林區,一般人員,3,3,,2,"{""job_deadline_month_max"": ""2036-12"", ""job_deadline_month_min"": ""2026-08"", ""job_updated_month_max"": ""2026-08"", ""job_updated_month_min"": ""2019-08"", ""jobs_downloaded_at"": ""2026-08-30T00:45:24"", ""jobs_reference_date"": ""2026-08-29"", ""jobs_snapshot_as_of"": ""2026-08-30T00:45:24"", ""note"": ""processed_at is excluded from source_date inference."", ""population_downloaded_at"": null, ""population_reference_month"": ""2026-07"", ""population_source_month"": ""2026-07"", ""taiwanjobs_downloaded_at_max"": ""2026-08-30T00:45:24"", ""taiwanjobs_downloaded_at_min"": ""2026-08-30T00:45:15""}",2026-08-31T02:57:28,trend_snapshot_v1,,,,,
2026-08,樹林區,人資／法務／智財,3,6,34125.0,3,"{""job_deadline_month_max"": ""2036-12"", ""job_deadline_month_min"": ""2026-08"", ""job_updated_month_max"": ""2026-08"", ""job_updated_month_min"": ""2019-08"", ""jobs_downloaded_at"": ""2026-08-30T00:45:24"", ""jobs_reference_date"": ""2026-08-29"", ""jobs_snapshot_as_of"": ""2026-08-30T00:45:24"", ""note"": ""processed_at is excluded from source_date inference."", ""population_downloaded_at"": null, ""population_reference_month"": ""2026-07"", ""population_source_month"": ""2026-07"", ""taiwanjobs_downloaded_at_max"": ""2026-08-30T00:45:24"", ""taiwanjobs_downloaded_at_min"": ""2026-08-30T00:45:15""}",2026-08-31T02:57:28,trend_snapshot_v1,,,,,
2026-08,樹林區,保全／軍警消,2,4,41375.0,2,"{""job_deadline_month_max"": ""2036-12"", ""job_deadline_month_min"": ""2026-08"", ""job_updated_month_max"": ""2026-08"", ""job_updated_month_min"": ""2019-08"", ""jobs_downloaded_at"": ""2026-08-30T00:45:24"", ""jobs_reference_date"": ""2026-08-29"", ""jobs_snapshot_as_of"": ""2026-08-30T00:45:24"", ""note"": ""processed_at is excluded from source_date inference."", ""population_downloaded_at"": null, ""population_reference_month"": ""2026-07"", ""population_source_month"": ""2026-07"", ""taiwanjobs_downloaded_at_max"": ""2026-08-30T00:45:24"", ""taiwanjobs_downloaded_at_min"": ""2026-08-30T00:45:15""}",2026-08-31T02:57:28,trend_snapshot_v1,,,,,
2026-08,樹林區,其他人員,2,2,,2,"{""job_deadline_month_max"": ""2036-12"", ""job_deadline_month_min"": ""2026-08"", ""job_updated_month_max"": ""2026-08"", ""job_updated_month_min"": ""2019-08"", ""jobs_downloaded_at"": ""2026-08-30T00:45:24"", ""jobs_reference_date"": ""2026-08-29"", ""jobs_snapshot_as_of"": ""2026-08-30T00:45:24"", ""note"": ""processed_at is excluded from source_date inference."", ""population_downloaded_at"": null, ""population_reference_month"": ""2026-07"", ""population_source_month"": ""2026-07"", ""taiwanjobs_downloaded_at_max"": ""2026-08-30T00:45:24"", ""taiwanjobs_downloaded_at_min"": ""2026-08-30T00:45:15""}",2026-08-31T02:57:28,trend_snapshot_v1,,,,,
2026-08,樹林區,其他職類,5,26,,4,"{""job_deadline_month_max"": ""2036-12"", ""job_deadline_month_min"": ""2026-08"", ""job_updated_month_max"": ""2026-08"", ""job_updated_month_min"": ""2019-08"", ""jobs_downloaded_at"": ""2026-08-30T00:45:24"", ""jobs_reference_date"": ""2026-08-29"", ""jobs_snapshot_as_of"": ""2026-08-30T00:45:24"", ""note"": ""processed_at is excluded from source_date inference."", ""population_downloaded_at"": null, ""population_reference_month"": ""2026-07"", ""population_source_month"": ""2026-07"", ""taiwanjobs_downloaded_at_max"": ""2026-08-30T00:45:24"", ""taiwanjobs_downloaded_at_min"": ""2026-08-30T00:45:15""}",2026-08-31T02:57:28,trend_snapshot_v1,,,,,
2026-08,樹林區,品管／製造／環衛,83,309,34000.0,39,"{""job_deadline_month_max"": ""2036-12"", ""job_deadline_month_min"": ""2026-08"", ""job_updated_month_max"": ""2026-08"", ""job_updated_month_min"": ""2019-08"", ""jobs_downloaded_at"": ""2026-08-30T00:45:24"", ""jobs_reference_date"": ""2026-08-29"", ""jobs_snapshot_as_of"": ""2026-08-30T00:45:24"", ""note"": ""processed_at is excluded from source_date inference."", ""population_downloaded_at"": null, ""population_reference_month"": ""2026-07"", ""population_source_month"": ""2026-07"", ""taiwanjobs_downloaded_at_max"": ""2026-08-30T00:45:24"", ""taiwanjobs_downloaded_at_min"": ""2026-08-30T00:45:15""}",2026-08-31T02:57:28,trend_snapshot_v1,,,,,
2026-08,樹林區,客服／門市,6,11,35750.0,4,"{""job_deadline_month_max"": ""2036-12"", ""job_deadline_month_min"": ""2026-08"", ""job_updated_month_max"": ""2026-08"", ""job_updated_month_min"": ""2019-08"", ""jobs_downloaded_at"": ""2026-08-30T00:45:24"", ""jobs_reference_date"": ""2026-08-29"", ""jobs_snapshot_as_of"": ""2026-08-30T00:45:24"", ""note"": ""processed_at is excluded from source_date inference."", ""population_downloaded_at"": null, ""population_reference_month"": ""2026-07"", ""population_source_month"": ""2026-07"", ""taiwanjobs_downloaded_at_max"": ""2026-08-30T00:45:24"", ""taiwanjobs_downloaded_at_min"": ""2026-08-30T00:45:15""}",2026-08-31T02:57:28,trend_snapshot_v1,,,,,
2026-08,樹林區,工程／研發／生技,34,97,37750.0,17,"{""job_deadline_month_max"": ""2036-12"", ""job_deadline_month_min"": ""2026-08"", ""job_updated_month_max"": ""2026-08"", ""job_updated_month_min"": ""2019-08"", ""jobs_downloaded_at"": ""2026-08-30T00:45:24"", ""jobs_reference_date"": ""2026-08-29"", ""jobs_snapshot_as_of"": ""2026-08-30T00:45:24"", ""note"": ""processed_at is excluded from source_date inference."", ""population_downloaded_at"": null, ""population_reference_month"": ""2026-07"", ""population_source_month"": ""2026-07"", ""taiwanjobs_downloaded_at_max"": ""2026-08-30T00:45:24"", ""taiwanjobs_downloaded_at_min"": ""2026-08-30T00:45:15""}",2026-08-31T02:57:28,trend_snapshot_v1,,,,,
2026-08,樹林區,廣告／公關／設計,1,1,31000.0,1,"{""job_deadline_month_max"": ""2036-12"", ""job_deadline_month_min"": ""2026-08"", ""job_updated_month_max"": ""2026-08"", ""job_updated_month_min"": ""2019-08"", ""jobs_downloaded_at"": ""2026-08-30T00:45:24"", ""jobs_reference_date"": ""2026-08-29"", ""jobs_snapshot_as_of"": ""2026-08-30T00:45:24"", ""note"": ""processed_at is excluded from source_date inference."", ""population_downloaded_at"": null, ""population_reference_month"": ""2026-07"", ""population_source_month"": ""2026-07"", ""taiwanjobs_downloaded_at_max"": ""2026-08-30T00:45:24"", ""taiwanjobs_downloaded_at_min"": ""2026-08-30T00:45:15""}",2026-08-31T02:57:28,trend_snapshot_v1,,,,,
2026-08,樹林區,技術／維修／操作,143,686,35000.0,94,"{""job_deadline_month_max"": ""2036-12"", ""job_deadline_month_min"": ""2026-08"", ""job_updated_month_max"": ""2026-08"", ""job_updated_month_min"": ""2019-08"", ""jobs_downloaded_at"": ""2026-08-30T00:45:24"", ""jobs_reference_date"": ""2026-08-29"", ""jobs_snapshot_as_of"": ""2026-08-30T00:45:24"", ""note"": ""processed_at is excluded from source_date inference."", ""population_downloaded_at"": null, ""population_reference_month"": ""2026-07"", ""population_source_month"": ""2026-07"", ""taiwanjobs_downloaded_at_max"": ""2026-08-30T00:45:24"", ""taiwanjobs_downloaded_at_min"": ""2026-08-30T00:45:15""}",2026-08-31T02:57:28,trend_snapshot_v1,,,,,
2026-08,樹林區,教育／學術／研究,7,10,34250.0,1,"{""job_deadline_month_max"": ""2036-12"", ""job_deadline_month_min"": ""2026-08"", ""job_updated_month_max"": ""2026-08"", ""job_updated_month_min"": ""2019-08"", ""jobs_downloaded_at"": ""2026-08-30T00:45:24"", ""jobs_reference_date"": ""2026-08-29"", ""jobs_snapshot_as_of"": ""2026-08-30T00:45:24"", ""note"": ""processed_at is excluded from source_date inference."", ""population_downloaded_at"": null, ""population_reference_month"": ""2026-07"", ""population_source_month"": ""2026-07"", ""taiwanjobs_downloaded_at_max"": ""2026-08-30T00:45:24"", ""taiwanjobs_downloaded_at_min"": ""2026-08-30T00:45:15""}",2026-08-31T02:57:28,trend_snapshot_v1,,,,,
2026-08,樹林區,旅遊／餐飲／休閒,13,64,35200.0,6,"{""job_deadline_month_max"": ""2036-12"", ""job_deadline_month_min"": ""2026-08"", ""job_updated_month_max"": ""2026-08"", ""job_updated_month_min"": ""2019-08"", ""jobs_downloaded_at"": ""2026-08-30T00:45:24"", ""jobs_reference_date"": ""2026-08-29"", ""jobs_snapshot_as_of"": ""2026-08-30T00:45:24"", ""note"": ""processed_at is excluded from source_date inference."", ""population_downloaded_at"": null, ""population_reference_month"": ""2026-07"", ""population_source_month"": ""2026-07"", ""taiwanjobs_downloaded_at_max"": ""2026-08-30T00:45:24"", ""taiwanjobs_downloaded_at_min"": ""2026-08-30T00:45:15""}",2026-08-31T02:57:28,trend_snapshot_v1,,,,,
2026-08,樹林區,業務／貿易／銷售,27,83,34500.0,18,"{""job_deadline_month_max"": ""2036-12"", ""job_deadline_month_min"": ""2026-08"", ""job_updated_month_max"": ""2026-08"", ""job_updated_month_min"": ""2019-08"", ""jobs_downloaded_at"": ""2026-08-30T00:45:24"", ""jobs_reference_date"": ""2026-08-29"", ""jobs_snapshot_as_of"": ""2026-08-30T00:45:24"", ""note"": ""processed_at is excluded from source_date inference."", ""population_downloaded_at"": null, ""population_reference_month"": ""2026-07"", ""population_source_month"": ""2026-07"", ""taiwanjobs_downloaded_at_max"": ""2026-08-30T00:45:24"", ""taiwanjobs_downloaded_at_min"": ""2026-08-30T00:45:15""}",2026-08-31T02:57:28,trend_snapshot_v1,,,,,
2026-08,樹林區,清潔／家事／托育(保母),13,55,30000.0,11,"{""job_deadline_month_max"": ""2036-12"", ""job_deadline_month_min"": ""2026-08"", ""job_updated_month_max"": ""2026-08"", ""job_updated_month_min"": ""2019-08"", ""jobs_downloaded_at"": ""2026-08-30T00:45:24"", ""jobs_reference_date"": ""2026-08-29"", ""jobs_snapshot_as_of"": ""2026-08-30T00:45:24"", ""note"": ""processed_at is excluded from source_date inference."", ""population_downloaded_at"": null, ""population_reference_month"": ""2026-07"", ""population_source_month"": ""2026-07"", ""taiwanjobs_downloaded_at_max"": ""2026-08-30T00:45:24"", ""taiwanjobs_downloaded_at_min"": ""2026-08-30T00:45:15""}",2026-08-31T02:57:28,trend_snapshot_v1,,,,,
2026-08,樹林區,營建／製圖／施作,32,124,40500.0,15,"{""job_deadline_month_max"": ""2036-12"", ""job_deadline_month_min"": ""2026-08"", ""job_updated_month_max"": ""2026-08"", ""job_updated_month_min"": ""2019-08"", ""jobs_downloaded_at"": ""2026-08-30T00:45:24"", ""jobs_reference_date"": ""2026-08-29"", ""jobs_snapshot_as_of"": ""2026-08-30T00:45:24"", ""note"": ""processed_at is excluded from source_date inference."", ""population_downloaded_at"": null, ""population_reference_month"": ""2026-07"", ""population_source_month"": ""2026-07"", ""taiwanjobs_downloaded_at_max"": ""2026-08-30T00:45:24"", ""taiwanjobs_downloaded_at_min"": ""2026-08-30T00:45:15""}",2026-08-31T02:57:28,trend_snapshot_v1,,,,,
2026-08,樹林區,物流／運輸／資材,42,109,35250.0,31,"{""job_deadline_month_max"": ""2036-12"", ""job_deadline_month_min"": ""2026-08"", ""job_updated_month_max"": ""2026-08"", ""job_updated_month_min"": ""2019-08"", ""jobs_downloaded_at"": ""2026-08-30T00:45:24"", ""jobs_reference_date"": ""2026-08-29"", ""jobs_snapshot_as_of"": ""2026-08-30T00:45:24"", ""note"": ""processed_at is excluded from source_date inference."", ""population_downloaded_at"": null, ""population_reference_month"": ""2026-07"", ""population_source_month"": ""2026-07"", ""taiwanjobs_downloaded_at_max"": ""2026-08-30T00:45:24"", ""taiwanjobs_downloaded_at_min"": ""2026-08-30T00:45:15""}",2026-08-31T02:57:28,trend_snapshot_v1,,,,,
2026-08,樹林區,約僱人員,3,3,,2,"{""job_deadline_month_max"": ""2036-12"", ""job_deadline_month_min"": ""2026-08"", ""job_updated_month_max"": ""2026-08"", ""job_updated_month_min"": ""2019-08"", ""jobs_downloaded_at"": ""2026-08-30T00:45:24"", ""jobs_reference_date"": ""2026-08-29"", ""jobs_snapshot_as_of"": ""2026-08-30T00:45:24"", ""note"": ""processed_at is excluded from source_date inference."", ""population_downloaded_at"": null, ""population_reference_month"": ""2026-07"", ""population_source_month"": ""2026-07"", ""taiwanjobs_downloaded_at_max"": ""2026-08-30T00:45:24"", ""taiwanjobs_downloaded_at_min"": ""2026-08-30T00:45:15""}",2026-08-31T02:57:28,trend_snapshot_v1,,,,,
2026-08,樹林區,經營／行政／總務,18,38,32000.0,15,"{""job_deadline_month_max"": ""2036-12"", ""job_deadline_month_min"": ""2026-08"", ""job_updated_month_max"": ""2026-08"", ""job_updated_month_min"": ""2019-08"", ""jobs_downloaded_at"": ""2026-08-30T00:45:24"", ""jobs_reference_date"": ""2026-08-29"", ""jobs_snapshot_as_of"": ""2026-08-30T00:45:24"", ""note"": ""processed_at is excluded from source_date inference."", ""population_downloaded_at"": null, ""population_reference_month"": ""2026-07"", ""population_source_month"": ""2026-07"", ""taiwanjobs_downloaded_at_max"": ""2026-08-30T00:45:24"", ""taiwanjobs_downloaded_at_min"": ""2026-08-30T00:45:15""}",2026-08-31T02:57:28,trend_snapshot_v1,,,,,
2026-08,樹林區,行銷／企劃／專案,4,11,33750.0,3,"{""job_deadline_month_max"": ""2036-12"", ""job_deadline_month_min"": ""2026-08"", ""job_updated_month_max"": ""2026-08"", ""job_updated_month_min"": ""2019-08"", ""jobs_downloaded_at"": ""2026-08-30T00:45:24"", ""jobs_reference_date"": ""2026-08-29"", ""jobs_snapshot_as_of"": ""2026-08-30T00:45:24"", ""note"": ""processed_at is excluded from source_date inference."", ""population_downloaded_at"": null, ""population_reference_month"": ""2026-07"", ""population_source_month"": ""2026-07"", ""taiwanjobs_downloaded_at_max"": ""2026-08-30T00:45:24"", ""taiwanjobs_downloaded_at_min"": ""2026-08-30T00:45:15""}",2026-08-31T02:57:28,trend_snapshot_v1,,,,,
2026-08,樹林區,財務／金融／保險,5,13,32500.0,5,"{""job_deadline_month_max"": ""2036-12"", ""job_deadline_month_min"": ""2026-08"", ""job_updated_month_max"": ""2026-08"", ""job_updated_month_min"": ""2019-08"", ""jobs_downloaded_at"": ""2026-08-30T00:45:24"", ""jobs_reference_date"": ""2026-08-29"", ""jobs_snapshot_as_of"": ""2026-08-30T00:45:24"", ""note"": ""processed_at is excluded from source_date inference."", ""population_downloaded_at"": null, ""population_reference_month"": ""2026-07"", ""population_source_month"": ""2026-07"", ""taiwanjobs_downloaded_at_max"": ""2026-08-30T00:45:24"", ""taiwanjobs_downloaded_at_min"": ""2026-08-30T00:45:15""}",2026-08-31T02:57:28,trend_snapshot_v1,,,,,
2026-08,樹林區,資訊／軟體／系統,4,9,40000.0,4,"{""job_deadline_month_max"": ""2036-12"", ""job_deadline_month_min"": ""2026-08"", ""job_updated_month_max"": ""2026-08"", ""job_updated_month_min"": ""2019-08"", ""jobs_downloaded_at"": ""2026-08-30T00:45:24"", ""jobs_reference_date"": ""2026-08-29"", ""jobs_snapshot_as_of"": ""2026-08-30T00:45:24"", ""note"": ""processed_at is excluded from source_date inference."", ""population_downloaded_at"": null, ""population_reference_month"": ""2026-07"", ""population_source_month"": ""2026-07"", ""taiwanjobs_downloaded_at_max"": ""2026-08-30T00:45:24"", ""taiwanjobs_downloaded_at_min"": ""2026-08-30T00:45:15""}",2026-08-31T02:57:28,trend_snapshot_v1,,,,,
2026-08,樹林區,醫療／美容／保健,17,38,33500.0,14,"{""job_deadline_month_max"": ""2036-12"", ""job_deadline_month_min"": ""2026-08"", ""job_updated_month_max"": ""2026-08"", ""job_updated_month_min"": ""2019-08"", ""jobs_downloaded_at"": ""2026-08-30T00:45:24"", ""jobs_reference_date"": ""2026-08-29"", ""jobs_snapshot_as_of"": ""2026-08-30T00:45:24"", ""note"": ""processed_at is excluded from source_date inference."", ""population_downloaded_at"": null, ""population_reference_month"": ""2026-07"", ""population_source_month"": ""2026-07"", ""taiwanjobs_downloaded_at_max"": ""2026-08-30T00:45:24"", ""taiwanjobs_downloaded_at_min"": ""2026-08-30T00:45:15""}",2026-08-31T02:57:28,trend_snapshot_v1,,,,,
2026-08,永和區,一般人員,2,2,,2,"{""job_deadline_month_max"": ""2036-12"", ""job_deadline_month_min"": ""2026-08"", ""job_updated_month_max"": ""2026-08"", ""job_updated_month_min"": ""2019-08"", ""jobs_downloaded_at"": ""2026-08-30T00:45:24"", ""jobs_reference_date"": ""2026-08-29"", ""jobs_snapshot_as_of"": ""2026-08-30T00:45:24"", ""note"": ""processed_at is excluded from source_date inference."", ""population_downloaded_at"": null, ""population_reference_month"": ""2026-07"", ""population_source_month"": ""2026-07"", ""taiwanjobs_downloaded_at_max"": ""2026-08-30T00:45:24"", ""taiwanjobs_downloaded_at_min"": ""2026-08-30T00:45:15""}",2026-08-31T02:57:28,trend_snapshot_v1,,,,,
2026-08,永和區,保全／軍警消,2,3,35750.0,2,"{""job_deadline_month_max"": ""2036-12"", ""job_deadline_month_min"": ""2026-08"", ""job_updated_month_max"": ""2026-08"", ""job_updated_month_min"": ""2019-08"", ""jobs_downloaded_at"": ""2026-08-30T00:45:24"", ""jobs_reference_date"": ""2026-08-29"", ""jobs_snapshot_as_of"": ""2026-08-30T00:45:24"", ""note"": ""processed_at is excluded from source_date inference."", ""population_downloaded_at"": null, ""population_reference_month"": ""2026-07"", ""population_source_month"": ""2026-07"", ""taiwanjobs_downloaded_at_max"": ""2026-08-30T00:45:24"", ""taiwanjobs_downloaded_at_min"": ""2026-08-30T00:45:15""}",2026-08-31T02:57:28,trend_snapshot_v1,,,,,
2026-08,永和區,其他人員,1,1,,1,"{""job_deadline_month_max"": ""2036-12"", ""job_deadline_month_min"": ""2026-08"", ""job_updated_month_max"": ""2026-08"", ""job_updated_month_min"": ""2019-08"", ""jobs_downloaded_at"": ""2026-08-30T00:45:24"", ""jobs_reference_date"": ""2026-08-29"", ""jobs_snapshot_as_of"": ""2026-08-30T00:45:24"", ""note"": ""processed_at is excluded from source_date inference."", ""population_downloaded_at"": null, ""population_reference_month"": ""2026-07"", ""population_source_month"": ""2026-07"", ""taiwanjobs_downloaded_at_max"": ""2026-08-30T00:45:24"", ""taiwanjobs_downloaded_at_min"": ""2026-08-30T00:45:15""}",2026-08-31T02:57:28,trend_snapshot_v1,,,,,
2026-08,永和區,其他職類,2,10,,1,"{""job_deadline_month_max"": ""2036-12"", ""job_deadline_month_min"": ""2026-08"", ""job_updated_month_max"": ""2026-08"", ""job_updated_month_min"": ""2019-08"", ""jobs_downloaded_at"": ""2026-08-30T00:45:24"", ""jobs_reference_date"": ""2026-08-29"", ""jobs_snapshot_as_of"": ""2026-08-30T00:45:24"", ""note"": ""processed_at is excluded from source_date inference."", ""population_downloaded_at"": null, ""population_reference_month"": ""2026-07"", ""population_source_month"": ""2026-07"", ""taiwanjobs_downloaded_at_max"": ""2026-08-30T00:45:24"", ""taiwanjobs_downloaded_at_min"": ""2026-08-30T00:45:15""}",2026-08-31T02:57:28,trend_snapshot_v1,,,,,
2026-08,永和區,客服／門市,5,11,31625.0,3,"{""job_deadline_month_max"": ""2036-12"", ""job_deadline_month_min"": ""2026-08"", ""job_updated_month_max"": ""2026-08"", ""job_updated_month_min"": ""2019-08"", ""jobs_downloaded_at"": ""2026-08-30T00:45:24"", ""jobs_reference_date"": ""2026-08-29"", ""jobs_snapshot_as_of"": ""2026-08-30T00:45:24"", ""note"": ""processed_at is excluded from source_date inference."", ""population_downloaded_at"": null, ""population_reference_month"": ""2026-07"", ""population_source_month"": ""2026-07"", ""taiwanjobs_downloaded_at_max"": ""2026-08-30T00:45:24"", ""taiwanjobs_downloaded_at_min"": ""2026-08-30T00:45:15""}",2026-08-31T02:57:28,trend_snapshot_v1,,,,,
2026-08,永和區,技術／維修／操作,2,3,43000.0,2,"{""job_deadline_month_max"": ""2036-12"", ""job_deadline_month_min"": ""2026-08"", ""job_updated_month_max"": ""2026-08"", ""job_updated_month_min"": ""2019-08"", ""jobs_downloaded_at"": ""2026-08-30T00:45:24"", ""jobs_reference_date"": ""2026-08-29"", ""jobs_snapshot_as_of"": ""2026-08-30T00:45:24"", ""note"": ""processed_at is excluded from source_date inference."", ""population_downloaded_at"": null, ""population_reference_month"": ""2026-07"", ""population_source_month"": ""2026-07"", ""taiwanjobs_downloaded_at_max"": ""2026-08-30T00:45:24"", ""taiwanjobs_downloaded_at_min"": ""2026-08-30T00:45:15""}",2026-08-31T02:57:28,trend_snapshot_v1,,,,,
2026-08,永和區,教育／學術／研究,4,4,36000.0,2,"{""job_deadline_month_max"": ""2036-12"", ""job_deadline_month_min"": ""2026-08"", ""job_updated_month_max"": ""2026-08"", ""job_updated_month_min"": ""2019-08"", ""jobs_downloaded_at"": ""2026-08-30T00:45:24"", ""jobs_reference_date"": ""2026-08-29"", ""jobs_snapshot_as_of"": ""2026-08-30T00:45:24"", ""note"": ""processed_at is excluded from source_date inference."", ""population_downloaded_at"": null, ""population_reference_month"": ""2026-07"", ""population_source_month"": ""2026-07"", ""taiwanjobs_downloaded_at_max"": ""2026-08-30T00:45:24"", ""taiwanjobs_downloaded_at_min"": ""2026-08-30T00:45:15""}",2026-08-31T02:57:28,trend_snapshot_v1,,,,,
2026-08,永和區,旅遊／餐飲／休閒,16,90,33875.0,9,"{""job_deadline_month_max"": ""2036-12"", ""job_deadline_month_min"": ""2026-08"", ""job_updated_month_max"": ""2026-08"", ""job_updated_month_min"": ""2019-08"", ""jobs_downloaded_at"": ""2026-08-30T00:45:24"", ""jobs_reference_date"": ""2026-08-29"", ""jobs_snapshot_as_of"": ""2026-08-30T00:45:24"", ""note"": ""processed_at is excluded from source_date inference."", ""population_downloaded_at"": null, ""population_reference_month"": ""2026-07"", ""population_source_month"": ""2026-07"", ""taiwanjobs_downloaded_at_max"": ""2026-08-30T00:45:24"", ""taiwanjobs_downloaded_at_min"": ""2026-08-30T00:45:15""}",2026-08-31T02:57:28,trend_snapshot_v1,,,,,
2026-08,永和區,業務／貿易／銷售,1,1,34000.0,1,"{""job_deadline_month_max"": ""2036-12"", ""job_deadline_month_min"": ""2026-08"", ""job_updated_month_max"": ""2026-08"", ""job_updated_month_min"": ""2019-08"", ""jobs_downloaded_at"": ""2026-08-30T00:45:24"", ""jobs_reference_date"": ""2026-08-29"", ""jobs_snapshot_as_of"": ""2026-08-30T00:45:24"", ""note"": ""processed_at is excluded from source_date inference."", ""population_downloaded_at"": null, ""population_reference_month"": ""2026-07"", ""population_source_month"": ""2026-07"", ""taiwanjobs_downloaded_at_max"": ""2026-08-30T00:45:24"", ""taiwanjobs_downloaded_at_min"": ""2026-08-30T00:45:15""}",2026-08-31T02:57:28,trend_snapshot_v1,,,,,
2026-08,永和區,清潔／家事／托育(保母),9,31,33190.0,8,"{""job_deadline_month_max"": ""2036-12"", ""job_deadline_month_min"": ""2026-08"", ""job_updated_month_max"": ""2026-08"", ""job_updated_month_min"": ""2019-08"", ""jobs_downloaded_at"": ""2026-08-30T00:45:24"", ""jobs_reference_date"": ""2026-08-29"", ""jobs_snapshot_as_of"": ""2026-08-30T00:45:24"", ""note"": ""processed_at is excluded from source_date inference."", ""population_downloaded_at"": null, ""population_reference_month"": ""2026-07"", ""population_source_month"": ""2026-07"", ""taiwanjobs_downloaded_at_max"": ""2026-08-30T00:45:24"", ""taiwanjobs_downloaded_at_min"": ""2026-08-30T00:45:15""}",2026-08-31T02:57:28,trend_snapshot_v1,,,,,
2026-08,永和區,營建／製圖／施作,2,7,48750.0,2,"{""job_deadline_month_max"": ""2036-12"", ""job_deadline_month_min"": ""2026-08"", ""job_updated_month_max"": ""2026-08"", ""job_updated_month_min"": ""2019-08"", ""jobs_downloaded_at"": ""2026-08-30T00:45:24"", ""jobs_reference_date"": ""2026-08-29"", ""jobs_snapshot_as_of"": ""2026-08-30T00:45:24"", ""note"": ""processed_at is excluded from source_date inference."", ""population_downloaded_at"": null, ""population_reference_month"": ""2026-07"", ""population_source_month"": ""2026-07"", ""taiwanjobs_downloaded_at_max"": ""2026-08-30T00:45:24"", ""taiwanjobs_downloaded_at_min"": ""2026-08-30T00:45:15""}",2026-08-31T02:57:28,trend_snapshot_v1,,,,,
2026-08,永和區,物流／運輸／資材,2,2,41750.0,2,"{""job_deadline_month_max"": ""2036-12"", ""job_deadline_month_min"": ""2026-08"", ""job_updated_month_max"": ""2026-08"", ""job_updated_month_min"": ""2019-08"", ""jobs_downloaded_at"": ""2026-08-30T00:45:24"", ""jobs_reference_date"": ""2026-08-29"", ""jobs_snapshot_as_of"": ""2026-08-30T00:45:24"", ""note"": ""processed_at is excluded from source_date inference."", ""population_downloaded_at"": null, ""population_reference_month"": ""2026-07"", ""population_source_month"": ""2026-07"", ""taiwanjobs_downloaded_at_max"": ""2026-08-30T00:45:24"", ""taiwanjobs_downloaded_at_min"": ""2026-08-30T00:45:15""}",2026-08-31T02:57:28,trend_snapshot_v1,,,,,
2026-08,永和區,約僱人員,4,7,,3,"{""job_deadline_month_max"": ""2036-12"", ""job_deadline_month_min"": ""2026-08"", ""job_updated_month_max"": ""2026-08"", ""job_updated_month_min"": ""2019-08"", ""jobs_downloaded_at"": ""2026-08-30T00:45:24"", ""jobs_reference_date"": ""2026-08-29"", ""jobs_snapshot_as_of"": ""2026-08-30T00:45:24"", ""note"": ""processed_at is excluded from source_date inference."", ""population_downloaded_at"": null, ""population_reference_month"": ""2026-07"", ""population_source_month"": ""2026-07"", ""taiwanjobs_downloaded_at_max"": ""2026-08-30T00:45:24"", ""taiwanjobs_downloaded_at_min"": ""2026-08-30T00:45:15""}",2026-08-31T02:57:28,trend_snapshot_v1,,,,,
2026-08,永和區,經營／行政／總務,1,1,29500.0,1,"{""job_deadline_month_max"": ""2036-12"", ""job_deadline_month_min"": ""2026-08"", ""job_updated_month_max"": ""2026-08"", ""job_updated_month_min"": ""2019-08"", ""jobs_downloaded_at"": ""2026-08-30T00:45:24"", ""jobs_reference_date"": ""2026-08-29"", ""jobs_snapshot_as_of"": ""2026-08-30T00:45:24"", ""note"": ""processed_at is excluded from source_date inference."", ""population_downloaded_at"": null, ""population_reference_month"": ""2026-07"", ""population_source_month"": ""2026-07"", ""taiwanjobs_downloaded_at_max"": ""2026-08-30T00:45:24"", ""taiwanjobs_downloaded_at_min"": ""2026-08-30T00:45:15""}",2026-08-31T02:57:28,trend_snapshot_v1,,,,,
2026-08,永和區,聘用人員,1,1,,1,"{""job_deadline_month_max"": ""2036-12"", ""job_deadline_month_min"": ""2026-08"", ""job_updated_month_max"": ""2026-08"", ""job_updated_month_min"": ""2019-08"", ""jobs_downloaded_at"": ""2026-08-30T00:45:24"", ""jobs_reference_date"": ""2026-08-29"", ""jobs_snapshot_as_of"": ""2026-08-30T00:45:24"", ""note"": ""processed_at is excluded from source_date inference."", ""population_downloaded_at"": null, ""population_reference_month"": ""2026-07"", ""population_source_month"": ""2026-07"", ""taiwanjobs_downloaded_at_max"": ""2026-08-30T00:45:24"", ""taiwanjobs_downloaded_at_min"": ""2026-08-30T00:45:15""}",2026-08-31T02:57:28,trend_snapshot_v1,,,,,
2026-08,永和區,行銷／企劃／專案,1,1,41000.0,1,"{""job_deadline_month_max"": ""2036-12"", ""job_deadline_month_min"": ""2026-08"", ""job_updated_month_max"": ""2026-08"", ""job_updated_month_min"": ""2019-08"", ""jobs_downloaded_at"": ""2026-08-30T00:45:24"", ""jobs_reference_date"": ""2026-08-29"", ""jobs_snapshot_as_of"": ""2026-08-30T00:45:24"", ""note"": ""processed_at is excluded from source_date inference."", ""population_downloaded_at"": null, ""population_reference_month"": ""2026-07"", ""population_source_month"": ""2026-07"", ""taiwanjobs_downloaded_at_max"": ""2026-08-30T00:45:24"", ""taiwanjobs_downloaded_at_min"": ""2026-08-30T00:45:15""}",2026-08-31T02:57:28,trend_snapshot_v1,,,,,
2026-08,永和區,財務／金融／保險,1,1,30250.0,1,"{""job_deadline_month_max"": ""2036-12"", ""job_deadline_month_min"": ""2026-08"", ""job_updated_month_max"": ""2026-08"", ""job_updated_month_min"": ""2019-08"", ""jobs_downloaded_at"": ""2026-08-30T00:45:24"", ""jobs_reference_date"": ""2026-08-29"", ""jobs_snapshot_as_of"": ""2026-08-30T00:45:24"", ""note"": ""processed_at is excluded from source_date inference."", ""population_downloaded_at"": null, ""population_reference_month"": ""2026-07"", ""population_source_month"": ""2026-07"", ""taiwanjobs_downloaded_at_max"": ""2026-08-30T00:45:24"", ""taiwanjobs_downloaded_at_min"": ""2026-08-30T00:45:15""}",2026-08-31T02:57:28,trend_snapshot_v1,,,,,
2026-08,永和區,資訊／軟體／系統,1,5,,1,"{""job_deadline_month_max"": ""2036-12"", ""job_deadline_month_min"": ""2026-08"", ""job_updated_month_max"": ""2026-08"", ""job_updated_month_min"": ""2019-08"", ""jobs_downloaded_at"": ""2026-08-30T00:45:24"", ""jobs_reference_date"": ""2026-08-29"", ""jobs_snapshot_as_of"": ""2026-08-30T00:45:24"", ""note"": ""processed_at is excluded from source_date inference."", ""population_downloaded_at"": null, ""population_reference_month"": ""2026-07"", ""population_source_month"": ""2026-07"", ""taiwanjobs_downloaded_at_max"": ""2026-08-30T00:45:24"", ""taiwanjobs_downloaded_at_min"": ""2026-08-30T00:45:15""}",2026-08-31T02:57:28,trend_snapshot_v1,,,,,
2026-08,永和區,醫療／美容／保健,31,92,33500.0,28,"{""job_deadline_month_max"": ""2036-12"", ""job_deadline_month_min"": ""2026-08"", ""job_updated_month_max"": ""2026-08"", ""job_updated_month_min"": ""2019-08"", ""jobs_downloaded_at"": ""2026-08-30T00:45:24"", ""jobs_reference_date"": ""2026-08-29"", ""jobs_snapshot_as_of"": ""2026-08-30T00:45:24"", ""note"": ""processed_at is excluded from source_date inference."", ""population_downloaded_at"": null, ""population_reference_month"": ""2026-07"", ""population_source_month"": ""2026-07"", ""taiwanjobs_downloaded_at_max"": ""2026-08-30T00:45:24"", ""taiwanjobs_downloaded_at_min"": ""2026-08-30T00:45:15""}",2026-08-31T02:57:28,trend_snapshot_v1,,,,,
2026-08,汐止區,一般人員,3,3,,3,"{""job_deadline_month_max"": ""2036-12"", ""job_deadline_month_min"": ""2026-08"", ""job_updated_month_max"": ""2026-08"", ""job_updated_month_min"": ""2019-08"", ""jobs_downloaded_at"": ""2026-08-30T00:45:24"", ""jobs_reference_date"": ""2026-08-29"", ""jobs_snapshot_as_of"": ""2026-08-30T00:45:24"", ""note"": ""processed_at is excluded from source_date inference."", ""population_downloaded_at"": null, ""population_reference_month"": ""2026-07"", ""population_source_month"": ""2026-07"", ""taiwanjobs_downloaded_at_max"": ""2026-08-30T00:45:24"", ""taiwanjobs_downloaded_at_min"": ""2026-08-30T00:45:15""}",2026-08-31T02:57:28,trend_snapshot_v1,,,,,
2026-08,汐止區,人資／法務／智財,1,2,40000.0,1,"{""job_deadline_month_max"": ""2036-12"", ""job_deadline_month_min"": ""2026-08"", ""job_updated_month_max"": ""2026-08"", ""job_updated_month_min"": ""2019-08"", ""jobs_downloaded_at"": ""2026-08-30T00:45:24"", ""jobs_reference_date"": ""2026-08-29"", ""jobs_snapshot_as_of"": ""2026-08-30T00:45:24"", ""note"": ""processed_at is excluded from source_date inference."", ""population_downloaded_at"": null, ""population_reference_month"": ""2026-07"", ""population_source_month"": ""2026-07"", ""taiwanjobs_downloaded_at_max"": ""2026-08-30T00:45:24"", ""taiwanjobs_downloaded_at_min"": ""2026-08-30T00:45:15""}",2026-08-31T02:57:28,trend_snapshot_v1,,,,,
2026-08,汐止區,保全／軍警消,10,19,39000.0,6,"{""job_deadline_month_max"": ""2036-12"", ""job_deadline_month_min"": ""2026-08"", ""job_updated_month_max"": ""2026-08"", ""job_updated_month_min"": ""2019-08"", ""jobs_downloaded_at"": ""2026-08-30T00:45:24"", ""jobs_reference_date"": ""2026-08-29"", ""jobs_snapshot_as_of"": ""2026-08-30T00:45:24"", ""note"": ""processed_at is excluded from source_date inference."", ""population_downloaded_at"": null, ""population_reference_month"": ""2026-07"", ""population_source_month"": ""2026-07"", ""taiwanjobs_downloaded_at_max"": ""2026-08-30T00:45:24"", ""taiwanjobs_downloaded_at_min"": ""2026-08-30T00:45:15""}",2026-08-31T02:57:28,trend_snapshot_v1,,,,,
2026-08,汐止區,傳播／娛樂／藝術,1,2,33000.0,1,"{""job_deadline_month_max"": ""2036-12"", ""job_deadline_month_min"": ""2026-08"", ""job_updated_month_max"": ""2026-08"", ""job_updated_month_min"": ""2019-08"", ""jobs_downloaded_at"": ""2026-08-30T00:45:24"", ""jobs_reference_date"": ""2026-08-29"", ""jobs_snapshot_as_of"": ""2026-08-30T00:45:24"", ""note"": ""processed_at is excluded from source_date inference."", ""population_downloaded_at"": null, ""population_reference_month"": ""2026-07"", ""population_source_month"": ""2026-07"", ""taiwanjobs_downloaded_at_max"": ""2026-08-30T00:45:24"", ""taiwanjobs_downloaded_at_min"": ""2026-08-30T00:45:15""}",2026-08-31T02:57:28,trend_snapshot_v1,,,,,
2026-08,汐止區,其他人員,3,3,,3,"{""job_deadline_month_max"": ""2036-12"", ""job_deadline_month_min"": ""2026-08"", ""job_updated_month_max"": ""2026-08"", ""job_updated_month_min"": ""2019-08"", ""jobs_downloaded_at"": ""2026-08-30T00:45:24"", ""jobs_reference_date"": ""2026-08-29"", ""jobs_snapshot_as_of"": ""2026-08-30T00:45:24"", ""note"": ""processed_at is excluded from source_date inference."", ""population_downloaded_at"": null, ""population_reference_month"": ""2026-07"", ""population_source_month"": ""2026-07"", ""taiwanjobs_downloaded_at_max"": ""2026-08-30T00:45:24"", ""taiwanjobs_downloaded_at_min"": ""2026-08-30T00:45:15""}",2026-08-31T02:57:28,trend_snapshot_v1,,,,,
2026-08,汐止區,其他職類,4,13,,2,"{""job_deadline_month_max"": ""2036-12"", ""job_deadline_month_min"": ""2026-08"", ""job_updated_month_max"": ""2026-08"", ""job_updated_month_min"": ""2019-08"", ""jobs_downloaded_at"": ""2026-08-30T00:45:24"", ""jobs_reference_date"": ""2026-08-29"", ""jobs_snapshot_as_of"": ""2026-08-30T00:45:24"", ""note"": ""processed_at is excluded from source_date inference."", ""population_downloaded_at"": null, ""population_reference_month"": ""2026-07"", ""population_source_month"": ""2026-07"", ""taiwanjobs_downloaded_at_max"": ""2026-08-30T00:45:24"", ""taiwanjobs_downloaded_at_min"": ""2026-08-30T00:45:15""}",2026-08-31T02:57:28,trend_snapshot_v1,,,,,
2026-08,汐止區,品管／製造／環衛,44,151,33700.0,27,"{""job_deadline_month_max"": ""2036-12"", ""job_deadline_month_min"": ""2026-08"", ""job_updated_month_max"": ""2026-08"", ""job_updated_month_min"": ""2019-08"", ""jobs_downloaded_at"": ""2026-08-30T00:45:24"", ""jobs_reference_date"": ""2026-08-29"", ""jobs_snapshot_as_of"": ""2026-08-30T00:45:24"", ""note"": ""processed_at is excluded from source_date inference."", ""population_downloaded_at"": null, ""population_reference_month"": ""2026-07"", ""population_source_month"": ""2026-07"", ""taiwanjobs_downloaded_at_max"": ""2026-08-30T00:45:24"", ""taiwanjobs_downloaded_at_min"": ""2026-08-30T00:45:15""}",2026-08-31T02:57:28,trend_snapshot_v1,,,,,
2026-08,汐止區,客服／門市,9,45,33875.0,8,"{""job_deadline_month_max"": ""2036-12"", ""job_deadline_month_min"": ""2026-08"", ""job_updated_month_max"": ""2026-08"", ""job_updated_month_min"": ""2019-08"", ""jobs_downloaded_at"": ""2026-08-30T00:45:24"", ""jobs_reference_date"": ""2026-08-29"", ""jobs_snapshot_as_of"": ""2026-08-30T00:45:24"", ""note"": ""processed_at is excluded from source_date inference."", ""population_downloaded_at"": null, ""population_reference_month"": ""2026-07"", ""population_source_month"": ""2026-07"", ""taiwanjobs_downloaded_at_max"": ""2026-08-30T00:45:24"", ""taiwanjobs_downloaded_at_min"": ""2026-08-30T00:45:15""}",2026-08-31T02:57:28,trend_snapshot_v1,,,,,
2026-08,汐止區,工程／研發／生技,18,34,38500.0,10,"{""job_deadline_month_max"": ""2036-12"", ""job_deadline_month_min"": ""2026-08"", ""job_updated_month_max"": ""2026-08"", ""job_updated_month_min"": ""2019-08"", ""jobs_downloaded_at"": ""2026-08-30T00:45:24"", ""jobs_reference_date"": ""2026-08-29"", ""jobs_snapshot_as_of"": ""2026-08-30T00:45:24"", ""note"": ""processed_at is excluded from source_date inference."", ""population_downloaded_at"": null, ""population_reference_month"": ""2026-07"", ""population_source_month"": ""2026-07"", ""taiwanjobs_downloaded_at_max"": ""2026-08-30T00:45:24"", ""taiwanjobs_downloaded_at_min"": ""2026-08-30T00:45:15""}",2026-08-31T02:57:28,trend_snapshot_v1,,,,,
2026-08,汐止區,廣告／公關／設計,2,4,38500.0,2,"{""job_deadline_month_max"": ""2036-12"", ""job_deadline_month_min"": ""2026-08"", ""job_updated_month_max"": ""2026-08"", ""job_updated_month_min"": ""2019-08"", ""jobs_downloaded_at"": ""2026-08-30T00:45:24"", ""jobs_reference_date"": ""2026-08-29"", ""jobs_snapshot_as_of"": ""2026-08-30T00:45:24"", ""note"": ""processed_at is excluded from source_date inference."", ""population_downloaded_at"": null, ""population_reference_month"": ""2026-07"", ""population_source_month"": ""2026-07"", ""taiwanjobs_downloaded_at_max"": ""2026-08-30T00:45:24"", ""taiwanjobs_downloaded_at_min"": ""2026-08-30T00:45:15""}",2026-08-31T02:57:28,trend_snapshot_v1,,,,,
2026-08,汐止區,技術／維修／操作,44,169,36230.0,34,"{""job_deadline_month_max"": ""2036-12"", ""job_deadline_month_min"": ""2026-08"", ""job_updated_month_max"": ""2026-08"", ""job_updated_month_min"": ""2019-08"", ""jobs_downloaded_at"": ""2026-08-30T00:45:24"", ""jobs_reference_date"": ""2026-08-29"", ""jobs_snapshot_as_of"": ""2026-08-30T00:45:24"", ""note"": ""processed_at is excluded from source_date inference."", ""population_downloaded_at"": null, ""population_reference_month"": ""2026-07"", ""population_source_month"": ""2026-07"", ""taiwanjobs_downloaded_at_max"": ""2026-08-30T00:45:24"", ""taiwanjobs_downloaded_at_min"": ""2026-08-30T00:45:15""}",2026-08-31T02:57:28,trend_snapshot_v1,,,,,
2026-08,汐止區,教育／學術／研究,5,11,33075.0,5,"{""job_deadline_month_max"": ""2036-12"", ""job_deadline_month_min"": ""2026-08"", ""job_updated_month_max"": ""2026-08"", ""job_updated_month_min"": ""2019-08"", ""jobs_downloaded_at"": ""2026-08-30T00:45:24"", ""jobs_reference_date"": ""2026-08-29"", ""jobs_snapshot_as_of"": ""2026-08-30T00:45:24"", ""note"": ""processed_at is excluded from source_date inference."", ""population_downloaded_at"": null, ""population_reference_month"": ""2026-07"", ""population_source_month"": ""2026-07"", ""taiwanjobs_downloaded_at_max"": ""2026-08-30T00:45:24"", ""taiwanjobs_downloaded_at_min"": ""2026-08-30T00:45:15""}",2026-08-31T02:57:28,trend_snapshot_v1,,,,,
2026-08,汐止區,新聞／出版／印刷,1,2,32500.0,1,"{""job_deadline_month_max"": ""2036-12"", ""job_deadline_month_min"": ""2026-08"", ""job_updated_month_max"": ""2026-08"", ""job_updated_month_min"": ""2019-08"", ""jobs_downloaded_at"": ""2026-08-30T00:45:24"", ""jobs_reference_date"": ""2026-08-29"", ""jobs_snapshot_as_of"": ""2026-08-30T00:45:24"", ""note"": ""processed_at is excluded from source_date inference."", ""population_downloaded_at"": null, ""population_reference_month"": ""2026-07"", ""population_source_month"": ""2026-07"", ""taiwanjobs_downloaded_at_max"": ""2026-08-30T00:45:24"", ""taiwanjobs_downloaded_at_min"": ""2026-08-30T00:45:15""}",2026-08-31T02:57:28,trend_snapshot_v1,,,,,
2026-08,汐止區,旅遊／餐飲／休閒,12,43,32300.0,7,"{""job_deadline_month_max"": ""2036-12"", ""job_deadline_month_min"": ""2026-08"", ""job_updated_month_max"": ""2026-08"", ""job_updated_month_min"": ""2019-08"", ""jobs_downloaded_at"": ""2026-08-30T00:45:24"", ""jobs_reference_date"": ""2026-08-29"", ""jobs_snapshot_as_of"": ""2026-08-30T00:45:24"", ""note"": ""processed_at is excluded from source_date inference."", ""population_downloaded_at"": null, ""population_reference_month"": ""2026-07"", ""population_source_month"": ""2026-07"", ""taiwanjobs_downloaded_at_max"": ""2026-08-30T00:45:24"", ""taiwanjobs_downloaded_at_min"": ""2026-08-30T00:45:15""}",2026-08-31T02:57:28,trend_snapshot_v1,,,,,
2026-08,汐止區,業務／貿易／銷售,27,39,37250.0,19,"{""job_deadline_month_max"": ""2036-12"", ""job_deadline_month_min"": ""2026-08"", ""job_updated_month_max"": ""2026-08"", ""job_updated_month_min"": ""2019-08"", ""jobs_downloaded_at"": ""2026-08-30T00:45:24"", ""jobs_reference_date"": ""2026-08-29"", ""jobs_snapshot_as_of"": ""2026-08-30T00:45:24"", ""note"": ""processed_at is excluded from source_date inference."", ""population_downloaded_at"": null, ""population_reference_month"": ""2026-07"", ""population_source_month"": ""2026-07"", ""taiwanjobs_downloaded_at_max"": ""2026-08-30T00:45:24"", ""taiwanjobs_downloaded_at_min"": ""2026-08-30T00:45:15""}",2026-08-31T02:57:28,trend_snapshot_v1,,,,,
2026-08,汐止區,清潔／家事／托育(保母),24,44,32000.0,21,"{""job_deadline_month_max"": ""2036-12"", ""job_deadline_month_min"": ""2026-08"", ""job_updated_month_max"": ""2026-08"", ""job_updated_month_min"": ""2019-08"", ""jobs_downloaded_at"": ""2026-08-30T00:45:24"", ""jobs_reference_date"": ""2026-08-29"", ""jobs_snapshot_as_of"": ""2026-08-30T00:45:24"", ""note"": ""processed_at is excluded from source_date inference."", ""population_downloaded_at"": null, ""population_reference_month"": ""2026-07"", ""population_source_month"": ""2026-07"", ""taiwanjobs_downloaded_at_max"": ""2026-08-30T00:45:24"", ""taiwanjobs_downloaded_at_min"": ""2026-08-30T00:45:15""}",2026-08-31T02:57:28,trend_snapshot_v1,,,,,
2026-08,汐止區,營建／製圖／施作,15,27,40000.0,12,"{""job_deadline_month_max"": ""2036-12"", ""job_deadline_month_min"": ""2026-08"", ""job_updated_month_max"": ""2026-08"", ""job_updated_month_min"": ""2019-08"", ""jobs_downloaded_at"": ""2026-08-30T00:45:24"", ""jobs_reference_date"": ""2026-08-29"", ""jobs_snapshot_as_of"": ""2026-08-30T00:45:24"", ""note"": ""processed_at is excluded from source_date inference."", ""population_downloaded_at"": null, ""population_reference_month"": ""2026-07"", ""population_source_month"": ""2026-07"", ""taiwanjobs_downloaded_at_max"": ""2026-08-30T00:45:24"", ""taiwanjobs_downloaded_at_min"": ""2026-08-30T00:45:15""}",2026-08-31T02:57:28,trend_snapshot_v1,,,,,
2026-08,汐止區,物流／運輸／資材,38,93,36250.0,28,"{""job_deadline_month_max"": ""2036-12"", ""job_deadline_month_min"": ""2026-08"", ""job_updated_month_max"": ""2026-08"", ""job_updated_month_min"": ""2019-08"", ""jobs_downloaded_at"": ""2026-08-30T00:45:24"", ""jobs_reference_date"": ""2026-08-29"", ""jobs_snapshot_as_of"": ""2026-08-30T00:45:24"", ""note"": ""processed_at is excluded from source_date inference."", ""population_downloaded_at"": null, ""population_reference_month"": ""2026-07"", ""population_source_month"": ""2026-07"", ""taiwanjobs_downloaded_at_max"": ""2026-08-30T00:45:24"", ""taiwanjobs_downloaded_at_min"": ""2026-08-30T00:45:15""}",2026-08-31T02:57:28,trend_snapshot_v1,,,,,
2026-08,汐止區,經營／行政／總務,18,25,34375.0,13,"{""job_deadline_month_max"": ""2036-12"", ""job_deadline_month_min"": ""2026-08"", ""job_updated_month_max"": ""2026-08"", ""job_updated_month_min"": ""2019-08"", ""jobs_downloaded_at"": ""2026-08-30T00:45:24"", ""jobs_reference_date"": ""2026-08-29"", ""jobs_snapshot_as_of"": ""2026-08-30T00:45:24"", ""note"": ""processed_at is excluded from source_date inference."", ""population_downloaded_at"": null, ""population_reference_month"": ""2026-07"", ""population_source_month"": ""2026-07"", ""taiwanjobs_downloaded_at_max"": ""2026-08-30T00:45:24"", ""taiwanjobs_downloaded_at_min"": ""2026-08-30T00:45:15""}",2026-08-31T02:57:28,trend_snapshot_v1,,,,,
2026-08,汐止區,聘用人員,3,18,,2,"{""job_deadline_month_max"": ""2036-12"", ""job_deadline_month_min"": ""2026-08"", ""job_updated_month_max"": ""2026-08"", ""job_updated_month_min"": ""2019-08"", ""jobs_downloaded_at"": ""2026-08-30T00:45:24"", ""jobs_reference_date"": ""2026-08-29"", ""jobs_snapshot_as_of"": ""2026-08-30T00:45:24"", ""note"": ""processed_at is excluded from source_date inference."", ""population_downloaded_at"": null, ""population_reference_month"": ""2026-07"", ""population_source_month"": ""2026-07"", ""taiwanjobs_downloaded_at_max"": ""2026-08-30T00:45:24"", ""taiwanjobs_downloaded_at_min"": ""2026-08-30T00:45:15""}",2026-08-31T02:57:28,trend_snapshot_v1,,,,,
2026-08,汐止區,行銷／企劃／專案,10,18,37500.0,5,"{""job_deadline_month_max"": ""2036-12"", ""job_deadline_month_min"": ""2026-08"", ""job_updated_month_max"": ""2026-08"", ""job_updated_month_min"": ""2019-08"", ""jobs_downloaded_at"": ""2026-08-30T00:45:24"", ""jobs_reference_date"": ""2026-08-29"", ""jobs_snapshot_as_of"": ""2026-08-30T00:45:24"", ""note"": ""processed_at is excluded from source_date inference."", ""population_downloaded_at"": null, ""population_reference_month"": ""2026-07"", ""population_source_month"": ""2026-07"", ""taiwanjobs_downloaded_at_max"": ""2026-08-30T00:45:24"", ""taiwanjobs_downloaded_at_min"": ""2026-08-30T00:45:15""}",2026-08-31T02:57:28,trend_snapshot_v1,,,,,
2026-08,汐止區,財務／金融／保險,17,24,35000.0,12,"{""job_deadline_month_max"": ""2036-12"", ""job_deadline_month_min"": ""2026-08"", ""job_updated_month_max"": ""2026-08"", ""job_updated_month_min"": ""2019-08"", ""jobs_downloaded_at"": ""2026-08-30T00:45:24"", ""jobs_reference_date"": ""2026-08-29"", ""jobs_snapshot_as_of"": ""2026-08-30T00:45:24"", ""note"": ""processed_at is excluded from source_date inference."", ""population_downloaded_at"": null, ""population_reference_month"": ""2026-07"", ""population_source_month"": ""2026-07"", ""taiwanjobs_downloaded_at_max"": ""2026-08-30T00:45:24"", ""taiwanjobs_downloaded_at_min"": ""2026-08-30T00:45:15""}",2026-08-31T02:57:28,trend_snapshot_v1,,,,,
2026-08,汐止區,資訊／軟體／系統,4,5,,4,"{""job_deadline_month_max"": ""2036-12"", ""job_deadline_month_min"": ""2026-08"", ""job_updated_month_max"": ""2026-08"", ""job_updated_month_min"": ""2019-08"", ""jobs_downloaded_at"": ""2026-08-30T00:45:24"", ""jobs_reference_date"": ""2026-08-29"", ""jobs_snapshot_as_of"": ""2026-08-30T00:45:24"", ""note"": ""processed_at is excluded from source_date inference."", ""population_downloaded_at"": null, ""population_reference_month"": ""2026-07"", ""population_source_month"": ""2026-07"", ""taiwanjobs_downloaded_at_max"": ""2026-08-30T00:45:24"", ""taiwanjobs_downloaded_at_min"": ""2026-08-30T00:45:15""}",2026-08-31T02:57:28,trend_snapshot_v1,,,,,
2026-08,汐止區,農林漁牧相關,1,2,31500.0,1,"{""job_deadline_month_max"": ""2036-12"", ""job_deadline_month_min"": ""2026-08"", ""job_updated_month_max"": ""2026-08"", ""job_updated_month_min"": ""2019-08"", ""jobs_downloaded_at"": ""2026-08-30T00:45:24"", ""jobs_reference_date"": ""2026-08-29"", ""jobs_snapshot_as_of"": ""2026-08-30T00:45:24"", ""note"": ""processed_at is excluded from source_date inference."", ""population_downloaded_at"": null, ""population_reference_month"": ""2026-07"", ""population_source_month"": ""2026-07"", ""taiwanjobs_downloaded_at_max"": ""2026-08-30T00:45:24"", ""taiwanjobs_downloaded_at_min"": ""2026-08-30T00:45:15""}",2026-08-31T02:57:28,trend_snapshot_v1,,,,,
2026-08,汐止區,醫療／美容／保健,31,129,34250.0,23,"{""job_deadline_month_max"": ""2036-12"", ""job_deadline_month_min"": ""2026-08"", ""job_updated_month_max"": ""2026-08"", ""job_updated_month_min"": ""2019-08"", ""jobs_downloaded_at"": ""2026-08-30T00:45:24"", ""jobs_reference_date"": ""2026-08-29"", ""jobs_snapshot_as_of"": ""2026-08-30T00:45:24"", ""note"": ""processed_at is excluded from source_date inference."", ""population_downloaded_at"": null, ""population_reference_month"": ""2026-07"", ""population_source_month"": ""2026-07"", ""taiwanjobs_downloaded_at_max"": ""2026-08-30T00:45:24"", ""taiwanjobs_downloaded_at_min"": ""2026-08-30T00:45:15""}",2026-08-31T02:57:28,trend_snapshot_v1,,,,,
2026-08,泰山區,保全／軍警消,4,8,40375.0,4,"{""job_deadline_month_max"": ""2036-12"", ""job_deadline_month_min"": ""2026-08"", ""job_updated_month_max"": ""2026-08"", ""job_updated_month_min"": ""2019-08"", ""jobs_downloaded_at"": ""2026-08-30T00:45:24"", ""jobs_reference_date"": ""2026-08-29"", ""jobs_snapshot_as_of"": ""2026-08-30T00:45:24"", ""note"": ""processed_at is excluded from source_date inference."", ""population_downloaded_at"": null, ""population_reference_month"": ""2026-07"", ""population_source_month"": ""2026-07"", ""taiwanjobs_downloaded_at_max"": ""2026-08-30T00:45:24"", ""taiwanjobs_downloaded_at_min"": ""2026-08-30T00:45:15""}",2026-08-31T02:57:28,trend_snapshot_v1,,,,,
2026-08,泰山區,其他職類,3,20,,2,"{""job_deadline_month_max"": ""2036-12"", ""job_deadline_month_min"": ""2026-08"", ""job_updated_month_max"": ""2026-08"", ""job_updated_month_min"": ""2019-08"", ""jobs_downloaded_at"": ""2026-08-30T00:45:24"", ""jobs_reference_date"": ""2026-08-29"", ""jobs_snapshot_as_of"": ""2026-08-30T00:45:24"", ""note"": ""processed_at is excluded from source_date inference."", ""population_downloaded_at"": null, ""population_reference_month"": ""2026-07"", ""population_source_month"": ""2026-07"", ""taiwanjobs_downloaded_at_max"": ""2026-08-30T00:45:24"", ""taiwanjobs_downloaded_at_min"": ""2026-08-30T00:45:15""}",2026-08-31T02:57:28,trend_snapshot_v1,,,,,
2026-08,泰山區,品管／製造／環衛,12,65,42500.0,7,"{""job_deadline_month_max"": ""2036-12"", ""job_deadline_month_min"": ""2026-08"", ""job_updated_month_max"": ""2026-08"", ""job_updated_month_min"": ""2019-08"", ""jobs_downloaded_at"": ""2026-08-30T00:45:24"", ""jobs_reference_date"": ""2026-08-29"", ""jobs_snapshot_as_of"": ""2026-08-30T00:45:24"", ""note"": ""processed_at is excluded from source_date inference."", ""population_downloaded_at"": null, ""population_reference_month"": ""2026-07"", ""population_source_month"": ""2026-07"", ""taiwanjobs_downloaded_at_max"": ""2026-08-30T00:45:24"", ""taiwanjobs_downloaded_at_min"": ""2026-08-30T00:45:15""}",2026-08-31T02:57:28,trend_snapshot_v1,,,,,
2026-08,泰山區,工程／研發／生技,1,10,42500.0,1,"{""job_deadline_month_max"": ""2036-12"", ""job_deadline_month_min"": ""2026-08"", ""job_updated_month_max"": ""2026-08"", ""job_updated_month_min"": ""2019-08"", ""jobs_downloaded_at"": ""2026-08-30T00:45:24"", ""jobs_reference_date"": ""2026-08-29"", ""jobs_snapshot_as_of"": ""2026-08-30T00:45:24"", ""note"": ""processed_at is excluded from source_date inference."", ""population_downloaded_at"": null, ""population_reference_month"": ""2026-07"", ""population_source_month"": ""2026-07"", ""taiwanjobs_downloaded_at_max"": ""2026-08-30T00:45:24"", ""taiwanjobs_downloaded_at_min"": ""2026-08-30T00:45:15""}",2026-08-31T02:57:28,trend_snapshot_v1,,,,,
2026-08,泰山區,廣告／公關／設計,4,19,50950.0,1,"{""job_deadline_month_max"": ""2036-12"", ""job_deadline_month_min"": ""2026-08"", ""job_updated_month_max"": ""2026-08"", ""job_updated_month_min"": ""2019-08"", ""jobs_downloaded_at"": ""2026-08-30T00:45:24"", ""jobs_reference_date"": ""2026-08-29"", ""jobs_snapshot_as_of"": ""2026-08-30T00:45:24"", ""note"": ""processed_at is excluded from source_date inference."", ""population_downloaded_at"": null, ""population_reference_month"": ""2026-07"", ""population_source_month"": ""2026-07"", ""taiwanjobs_downloaded_at_max"": ""2026-08-30T00:45:24"", ""taiwanjobs_downloaded_at_min"": ""2026-08-30T00:45:15""}",2026-08-31T02:57:28,trend_snapshot_v1,,,,,
2026-08,泰山區,技術／維修／操作,15,79,38900.0,10,"{""job_deadline_month_max"": ""2036-12"", ""job_deadline_month_min"": ""2026-08"", ""job_updated_month_max"": ""2026-08"", ""job_updated_month_min"": ""2019-08"", ""jobs_downloaded_at"": ""2026-08-30T00:45:24"", ""jobs_reference_date"": ""2026-08-29"", ""jobs_snapshot_as_of"": ""2026-08-30T00:45:24"", ""note"": ""processed_at is excluded from source_date inference."", ""population_downloaded_at"": null, ""population_reference_month"": ""2026-07"", ""population_source_month"": ""2026-07"", ""taiwanjobs_downloaded_at_max"": ""2026-08-30T00:45:24"", ""taiwanjobs_downloaded_at_min"": ""2026-08-30T00:45:15""}",2026-08-31T02:57:28,trend_snapshot_v1,,,,,
2026-08,泰山區,旅遊／餐飲／休閒,7,35,38000.0,3,"{""job_deadline_month_max"": ""2036-12"", ""job_deadline_month_min"": ""2026-08"", ""job_updated_month_max"": ""2026-08"", ""job_updated_month_min"": ""2019-08"", ""jobs_downloaded_at"": ""2026-08-30T00:45:24"", ""jobs_reference_date"": ""2026-08-29"", ""jobs_snapshot_as_of"": ""2026-08-30T00:45:24"", ""note"": ""processed_at is excluded from source_date inference."", ""population_downloaded_at"": null, ""population_reference_month"": ""2026-07"", ""population_source_month"": ""2026-07"", ""taiwanjobs_downloaded_at_max"": ""2026-08-30T00:45:24"", ""taiwanjobs_downloaded_at_min"": ""2026-08-30T00:45:15""}",2026-08-31T02:57:28,trend_snapshot_v1,,,,,
2026-08,泰山區,業務／貿易／銷售,2,4,34500.0,2,"{""job_deadline_month_max"": ""2036-12"", ""job_deadline_month_min"": ""2026-08"", ""job_updated_month_max"": ""2026-08"", ""job_updated_month_min"": ""2019-08"", ""jobs_downloaded_at"": ""2026-08-30T00:45:24"", ""jobs_reference_date"": ""2026-08-29"", ""jobs_snapshot_as_of"": ""2026-08-30T00:45:24"", ""note"": ""processed_at is excluded from source_date inference."", ""population_downloaded_at"": null, ""population_reference_month"": ""2026-07"", ""population_source_month"": ""2026-07"", ""taiwanjobs_downloaded_at_max"": ""2026-08-30T00:45:24"", ""taiwanjobs_downloaded_at_min"": ""2026-08-30T00:45:15""}",2026-08-31T02:57:28,trend_snapshot_v1,,,,,
2026-08,泰山區,清潔／家事／托育(保母),4,9,30000.0,4,"{""job_deadline_month_max"": ""2036-12"", ""job_deadline_month_min"": ""2026-08"", ""job_updated_month_max"": ""2026-08"", ""job_updated_month_min"": ""2019-08"", ""jobs_downloaded_at"": ""2026-08-30T00:45:24"", ""jobs_reference_date"": ""2026-08-29"", ""jobs_snapshot_as_of"": ""2026-08-30T00:45:24"", ""note"": ""processed_at is excluded from source_date inference."", ""population_downloaded_at"": null, ""population_reference_month"": ""2026-07"", ""population_source_month"": ""2026-07"", ""taiwanjobs_downloaded_at_max"": ""2026-08-30T00:45:24"", ""taiwanjobs_downloaded_at_min"": ""2026-08-30T00:45:15""}",2026-08-31T02:57:28,trend_snapshot_v1,,,,,
2026-08,泰山區,營建／製圖／施作,2,8,42500.0,2,"{""job_deadline_month_max"": ""2036-12"", ""job_deadline_month_min"": ""2026-08"", ""job_updated_month_max"": ""2026-08"", ""job_updated_month_min"": ""2019-08"", ""jobs_downloaded_at"": ""2026-08-30T00:45:24"", ""jobs_reference_date"": ""2026-08-29"", ""jobs_snapshot_as_of"": ""2026-08-30T00:45:24"", ""note"": ""processed_at is excluded from source_date inference."", ""population_downloaded_at"": null, ""population_reference_month"": ""2026-07"", ""population_source_month"": ""2026-07"", ""taiwanjobs_downloaded_at_max"": ""2026-08-30T00:45:24"", ""taiwanjobs_downloaded_at_min"": ""2026-08-30T00:45:15""}",2026-08-31T02:57:28,trend_snapshot_v1,,,,,
2026-08,泰山區,物流／運輸／資材,4,8,33500.0,4,"{""job_deadline_month_max"": ""2036-12"", ""job_deadline_month_min"": ""2026-08"", ""job_updated_month_max"": ""2026-08"", ""job_updated_month_min"": ""2019-08"", ""jobs_downloaded_at"": ""2026-08-30T00:45:24"", ""jobs_reference_date"": ""2026-08-29"", ""jobs_snapshot_as_of"": ""2026-08-30T00:45:24"", ""note"": ""processed_at is excluded from source_date inference."", ""population_downloaded_at"": null, ""population_reference_month"": ""2026-07"", ""population_source_month"": ""2026-07"", ""taiwanjobs_downloaded_at_max"": ""2026-08-30T00:45:24"", ""taiwanjobs_downloaded_at_min"": ""2026-08-30T00:45:15""}",2026-08-31T02:57:28,trend_snapshot_v1,,,,,
2026-08,泰山區,約僱人員,1,1,,1,"{""job_deadline_month_max"": ""2036-12"", ""job_deadline_month_min"": ""2026-08"", ""job_updated_month_max"": ""2026-08"", ""job_updated_month_min"": ""2019-08"", ""jobs_downloaded_at"": ""2026-08-30T00:45:24"", ""jobs_reference_date"": ""2026-08-29"", ""jobs_snapshot_as_of"": ""2026-08-30T00:45:24"", ""note"": ""processed_at is excluded from source_date inference."", ""population_downloaded_at"": null, ""population_reference_month"": ""2026-07"", ""population_source_month"": ""2026-07"", ""taiwanjobs_downloaded_at_max"": ""2026-08-30T00:45:24"", ""taiwanjobs_downloaded_at_min"": ""2026-08-30T00:45:15""}",2026-08-31T02:57:28,trend_snapshot_v1,,,,,
2026-08,泰山區,經營／行政／總務,2,2,36225.0,2,"{""job_deadline_month_max"": ""2036-12"", ""job_deadline_month_min"": ""2026-08"", ""job_updated_month_max"": ""2026-08"", ""job_updated_month_min"": ""2019-08"", ""jobs_downloaded_at"": ""2026-08-30T00:45:24"", ""jobs_reference_date"": ""2026-08-29"", ""jobs_snapshot_as_of"": ""2026-08-30T00:45:24"", ""note"": ""processed_at is excluded from source_date inference."", ""population_downloaded_at"": null, ""population_reference_month"": ""2026-07"", ""population_source_month"": ""2026-07"", ""taiwanjobs_downloaded_at_max"": ""2026-08-30T00:45:24"", ""taiwanjobs_downloaded_at_min"": ""2026-08-30T00:45:15""}",2026-08-31T02:57:28,trend_snapshot_v1,,,,,
2026-08,泰山區,聘用人員,2,2,,1,"{""job_deadline_month_max"": ""2036-12"", ""job_deadline_month_min"": ""2026-08"", ""job_updated_month_max"": ""2026-08"", ""job_updated_month_min"": ""2019-08"", ""jobs_downloaded_at"": ""2026-08-30T00:45:24"", ""jobs_reference_date"": ""2026-08-29"", ""jobs_snapshot_as_of"": ""2026-08-30T00:45:24"", ""note"": ""processed_at is excluded from source_date inference."", ""population_downloaded_at"": null, ""population_reference_month"": ""2026-07"", ""population_source_month"": ""2026-07"", ""taiwanjobs_downloaded_at_max"": ""2026-08-30T00:45:24"", ""taiwanjobs_downloaded_at_min"": ""2026-08-30T00:45:15""}",2026-08-31T02:57:28,trend_snapshot_v1,,,,,
2026-08,泰山區,醫療／美容／保健,3,21,30500.0,3,"{""job_deadline_month_max"": ""2036-12"", ""job_deadline_month_min"": ""2026-08"", ""job_updated_month_max"": ""2026-08"", ""job_updated_month_min"": ""2019-08"", ""jobs_downloaded_at"": ""2026-08-30T00:45:24"", ""jobs_reference_date"": ""2026-08-29"", ""jobs_snapshot_as_of"": ""2026-08-30T00:45:24"", ""note"": ""processed_at is excluded from source_date inference."", ""population_downloaded_at"": null, ""population_reference_month"": ""2026-07"", ""population_source_month"": ""2026-07"", ""taiwanjobs_downloaded_at_max"": ""2026-08-30T00:45:24"", ""taiwanjobs_downloaded_at_min"": ""2026-08-30T00:45:15""}",2026-08-31T02:57:28,trend_snapshot_v1,,,,,
2026-08,泰山區,駕駛,1,1,,1,"{""job_deadline_month_max"": ""2036-12"", ""job_deadline_month_min"": ""2026-08"", ""job_updated_month_max"": ""2026-08"", ""job_updated_month_min"": ""2019-08"", ""jobs_downloaded_at"": ""2026-08-30T00:45:24"", ""jobs_reference_date"": ""2026-08-29"", ""jobs_snapshot_as_of"": ""2026-08-30T00:45:24"", ""note"": ""processed_at is excluded from source_date inference."", ""population_downloaded_at"": null, ""population_reference_month"": ""2026-07"", ""population_source_month"": ""2026-07"", ""taiwanjobs_downloaded_at_max"": ""2026-08-30T00:45:24"", ""taiwanjobs_downloaded_at_min"": ""2026-08-30T00:45:15""}",2026-08-31T02:57:28,trend_snapshot_v1,,,,,
2026-08,淡水區,一般人員,4,4,,2,"{""job_deadline_month_max"": ""2036-12"", ""job_deadline_month_min"": ""2026-08"", ""job_updated_month_max"": ""2026-08"", ""job_updated_month_min"": ""2019-08"", ""jobs_downloaded_at"": ""2026-08-30T00:45:24"", ""jobs_reference_date"": ""2026-08-29"", ""jobs_snapshot_as_of"": ""2026-08-30T00:45:24"", ""note"": ""processed_at is excluded from source_date inference."", ""population_downloaded_at"": null, ""population_reference_month"": ""2026-07"", ""population_source_month"": ""2026-07"", ""taiwanjobs_downloaded_at_max"": ""2026-08-30T00:45:24"", ""taiwanjobs_downloaded_at_min"": ""2026-08-30T00:45:15""}",2026-08-31T02:57:28,trend_snapshot_v1,,,,,
2026-08,淡水區,保全／軍警消,7,31,36750.0,7,"{""job_deadline_month_max"": ""2036-12"", ""job_deadline_month_min"": ""2026-08"", ""job_updated_month_max"": ""2026-08"", ""job_updated_month_min"": ""2019-08"", ""jobs_downloaded_at"": ""2026-08-30T00:45:24"", ""jobs_reference_date"": ""2026-08-29"", ""jobs_snapshot_as_of"": ""2026-08-30T00:45:24"", ""note"": ""processed_at is excluded from source_date inference."", ""population_downloaded_at"": null, ""population_reference_month"": ""2026-07"", ""population_source_month"": ""2026-07"", ""taiwanjobs_downloaded_at_max"": ""2026-08-30T00:45:24"", ""taiwanjobs_downloaded_at_min"": ""2026-08-30T00:45:15""}",2026-08-31T02:57:28,trend_snapshot_v1,,,,,
2026-08,淡水區,其他人員,2,3,,2,"{""job_deadline_month_max"": ""2036-12"", ""job_deadline_month_min"": ""2026-08"", ""job_updated_month_max"": ""2026-08"", ""job_updated_month_min"": ""2019-08"", ""jobs_downloaded_at"": ""2026-08-30T00:45:24"", ""jobs_reference_date"": ""2026-08-29"", ""jobs_snapshot_as_of"": ""2026-08-30T00:45:24"", ""note"": ""processed_at is excluded from source_date inference."", ""population_downloaded_at"": null, ""population_reference_month"": ""2026-07"", ""population_source_month"": ""2026-07"", ""taiwanjobs_downloaded_at_max"": ""2026-08-30T00:45:24"", ""taiwanjobs_downloaded_at_min"": ""2026-08-30T00:45:15""}",2026-08-31T02:57:28,trend_snapshot_v1,,,,,
2026-08,淡水區,其他職類,1,1,,1,"{""job_deadline_month_max"": ""2036-12"", ""job_deadline_month_min"": ""2026-08"", ""job_updated_month_max"": ""2026-08"", ""job_updated_month_min"": ""2019-08"", ""jobs_downloaded_at"": ""2026-08-30T00:45:24"", ""jobs_reference_date"": ""2026-08-29"", ""jobs_snapshot_as_of"": ""2026-08-30T00:45:24"", ""note"": ""processed_at is excluded from source_date inference."", ""population_downloaded_at"": null, ""population_reference_month"": ""2026-07"", ""population_source_month"": ""2026-07"", ""taiwanjobs_downloaded_at_max"": ""2026-08-30T00:45:24"", ""taiwanjobs_downloaded_at_min"": ""2026-08-30T00:45:15""}",2026-08-31T02:57:28,trend_snapshot_v1,,,,,
2026-08,淡水區,品管／製造／環衛,8,17,32000.0,6,"{""job_deadline_month_max"": ""2036-12"", ""job_deadline_month_min"": ""2026-08"", ""job_updated_month_max"": ""2026-08"", ""job_updated_month_min"": ""2019-08"", ""jobs_downloaded_at"": ""2026-08-30T00:45:24"", ""jobs_reference_date"": ""2026-08-29"", ""jobs_snapshot_as_of"": ""2026-08-30T00:45:24"", ""note"": ""processed_at is excluded from source_date inference."", ""population_downloaded_at"": null, ""population_reference_month"": ""2026-07"", ""population_source_month"": ""2026-07"", ""taiwanjobs_downloaded_at_max"": ""2026-08-30T00:45:24"", ""taiwanjobs_downloaded_at_min"": ""2026-08-30T00:45:15""}",2026-08-31T02:57:28,trend_snapshot_v1,,,,,
2026-08,淡水區,客服／門市,7,126,32000.0,4,"{""job_deadline_month_max"": ""2036-12"", ""job_deadline_month_min"": ""2026-08"", ""job_updated_month_max"": ""2026-08"", ""job_updated_month_min"": ""2019-08"", ""jobs_downloaded_at"": ""2026-08-30T00:45:24"", ""jobs_reference_date"": ""2026-08-29"", ""jobs_snapshot_as_of"": ""2026-08-30T00:45:24"", ""note"": ""processed_at is excluded from source_date inference."", ""population_downloaded_at"": null, ""population_reference_month"": ""2026-07"", ""population_source_month"": ""2026-07"", ""taiwanjobs_downloaded_at_max"": ""2026-08-30T00:45:24"", ""taiwanjobs_downloaded_at_min"": ""2026-08-30T00:45:15""}",2026-08-31T02:57:28,trend_snapshot_v1,,,,,
2026-08,淡水區,工友,5,5,,2,"{""job_deadline_month_max"": ""2036-12"", ""job_deadline_month_min"": ""2026-08"", ""job_updated_month_max"": ""2026-08"", ""job_updated_month_min"": ""2019-08"", ""jobs_downloaded_at"": ""2026-08-30T00:45:24"", ""jobs_reference_date"": ""2026-08-29"", ""jobs_snapshot_as_of"": ""2026-08-30T00:45:24"", ""note"": ""processed_at is excluded from source_date inference."", ""population_downloaded_at"": null, ""population_reference_month"": ""2026-07"", ""population_source_month"": ""2026-07"", ""taiwanjobs_downloaded_at_max"": ""2026-08-30T00:45:24"", ""taiwanjobs_downloaded_at_min"": ""2026-08-30T00:45:15""}",2026-08-31T02:57:28,trend_snapshot_v1,,,,,
2026-08,淡水區,工程／研發／生技,1,2,36000.0,1,"{""job_deadline_month_max"": ""2036-12"", ""job_deadline_month_min"": ""2026-08"", ""job_updated_month_max"": ""2026-08"", ""job_updated_month_min"": ""2019-08"", ""jobs_downloaded_at"": ""2026-08-30T00:45:24"", ""jobs_reference_date"": ""2026-08-29"", ""jobs_snapshot_as_of"": ""2026-08-30T00:45:24"", ""note"": ""processed_at is excluded from source_date inference."", ""population_downloaded_at"": null, ""population_reference_month"": ""2026-07"", ""population_source_month"": ""2026-07"", ""taiwanjobs_downloaded_at_max"": ""2026-08-30T00:45:24"", ""taiwanjobs_downloaded_at_min"": ""2026-08-30T00:45:15""}",2026-08-31T02:57:28,trend_snapshot_v1,,,,,
2026-08,淡水區,技工,2,2,,2,"{""job_deadline_month_max"": ""2036-12"", ""job_deadline_month_min"": ""2026-08"", ""job_updated_month_max"": ""2026-08"", ""job_updated_month_min"": ""2019-08"", ""jobs_downloaded_at"": ""2026-08-30T00:45:24"", ""jobs_reference_date"": ""2026-08-29"", ""jobs_snapshot_as_of"": ""2026-08-30T00:45:24"", ""note"": ""processed_at is excluded from source_date inference."", ""population_downloaded_at"": null, ""population_reference_month"": ""2026-07"", ""population_source_month"": ""2026-07"", ""taiwanjobs_downloaded_at_max"": ""2026-08-30T00:45:24"", ""taiwanjobs_downloaded_at_min"": ""2026-08-30T00:45:15""}",2026-08-31T02:57:28,trend_snapshot_v1,,,,,
2026-08,淡水區,技術／維修／操作,11,42,42000.0,11,"{""job_deadline_month_max"": ""2036-12"", ""job_deadline_month_min"": ""2026-08"", ""job_updated_month_max"": ""2026-08"", ""job_updated_month_min"": ""2019-08"", ""jobs_downloaded_at"": ""2026-08-30T00:45:24"", ""jobs_reference_date"": ""2026-08-29"", ""jobs_snapshot_as_of"": ""2026-08-30T00:45:24"", ""note"": ""processed_at is excluded from source_date inference."", ""population_downloaded_at"": null, ""population_reference_month"": ""2026-07"", ""population_source_month"": ""2026-07"", ""taiwanjobs_downloaded_at_max"": ""2026-08-30T00:45:24"", ""taiwanjobs_downloaded_at_min"": ""2026-08-30T00:45:15""}",2026-08-31T02:57:28,trend_snapshot_v1,,,,,
2026-08,淡水區,教育／學術／研究,5,9,36500.0,3,"{""job_deadline_month_max"": ""2036-12"", ""job_deadline_month_min"": ""2026-08"", ""job_updated_month_max"": ""2026-08"", ""job_updated_month_min"": ""2019-08"", ""jobs_downloaded_at"": ""2026-08-30T00:45:24"", ""jobs_reference_date"": ""2026-08-29"", ""jobs_snapshot_as_of"": ""2026-08-30T00:45:24"", ""note"": ""processed_at is excluded from source_date inference."", ""population_downloaded_at"": null, ""population_reference_month"": ""2026-07"", ""population_source_month"": ""2026-07"", ""taiwanjobs_downloaded_at_max"": ""2026-08-30T00:45:24"", ""taiwanjobs_downloaded_at_min"": ""2026-08-30T00:45:15""}",2026-08-31T02:57:28,trend_snapshot_v1,,,,,
2026-08,淡水區,旅遊／餐飲／休閒,8,23,32500.0,6,"{""job_deadline_month_max"": ""2036-12"", ""job_deadline_month_min"": ""2026-08"", ""job_updated_month_max"": ""2026-08"", ""job_updated_month_min"": ""2019-08"", ""jobs_downloaded_at"": ""2026-08-30T00:45:24"", ""jobs_reference_date"": ""2026-08-29"", ""jobs_snapshot_as_of"": ""2026-08-30T00:45:24"", ""note"": ""processed_at is excluded from source_date inference."", ""population_downloaded_at"": null, ""population_reference_month"": ""2026-07"", ""population_source_month"": ""2026-07"", ""taiwanjobs_downloaded_at_max"": ""2026-08-30T00:45:24"", ""taiwanjobs_downloaded_at_min"": ""2026-08-30T00:45:15""}",2026-08-31T02:57:28,trend_snapshot_v1,,,,,
2026-08,淡水區,業務／貿易／銷售,7,12,32500.0,6,"{""job_deadline_month_max"": ""2036-12"", ""job_deadline_month_min"": ""2026-08"", ""job_updated_month_max"": ""2026-08"", ""job_updated_month_min"": ""2019-08"", ""jobs_downloaded_at"": ""2026-08-30T00:45:24"", ""jobs_reference_date"": ""2026-08-29"", ""jobs_snapshot_as_of"": ""2026-08-30T00:45:24"", ""note"": ""processed_at is excluded from source_date inference."", ""population_downloaded_at"": null, ""population_reference_month"": ""2026-07"", ""population_source_month"": ""2026-07"", ""taiwanjobs_downloaded_at_max"": ""2026-08-30T00:45:24"", ""taiwanjobs_downloaded_at_min"": ""2026-08-30T00:45:15""}",2026-08-31T02:57:28,trend_snapshot_v1,,,,,
2026-08,淡水區,清潔／家事／托育(保母),9,31,33750.0,7,"{""job_deadline_month_max"": ""2036-12"", ""job_deadline_month_min"": ""2026-08"", ""job_updated_month_max"": ""2026-08"", ""job_updated_month_min"": ""2019-08"", ""jobs_downloaded_at"": ""2026-08-30T00:45:24"", ""jobs_reference_date"": ""2026-08-29"", ""jobs_snapshot_as_of"": ""2026-08-30T00:45:24"", ""note"": ""processed_at is excluded from source_date inference."", ""population_downloaded_at"": null, ""population_reference_month"": ""2026-07"", ""population_source_month"": ""2026-07"", ""taiwanjobs_downloaded_at_max"": ""2026-08-30T00:45:24"", ""taiwanjobs_downloaded_at_min"": ""2026-08-30T00:45:15""}",2026-08-31T02:57:28,trend_snapshot_v1,,,,,
2026-08,淡水區,物流／運輸／資材,12,21,35000.0,10,"{""job_deadline_month_max"": ""2036-12"", ""job_deadline_month_min"": ""2026-08"", ""job_updated_month_max"": ""2026-08"", ""job_updated_month_min"": ""2019-08"", ""jobs_downloaded_at"": ""2026-08-30T00:45:24"", ""jobs_reference_date"": ""2026-08-29"", ""jobs_snapshot_as_of"": ""2026-08-30T00:45:24"", ""note"": ""processed_at is excluded from source_date inference."", ""population_downloaded_at"": null, ""population_reference_month"": ""2026-07"", ""population_source_month"": ""2026-07"", ""taiwanjobs_downloaded_at_max"": ""2026-08-30T00:45:24"", ""taiwanjobs_downloaded_at_min"": ""2026-08-30T00:45:15""}",2026-08-31T02:57:28,trend_snapshot_v1,,,,,
2026-08,淡水區,約僱人員,2,2,,2,"{""job_deadline_month_max"": ""2036-12"", ""job_deadline_month_min"": ""2026-08"", ""job_updated_month_max"": ""2026-08"", ""job_updated_month_min"": ""2019-08"", ""jobs_downloaded_at"": ""2026-08-30T00:45:24"", ""jobs_reference_date"": ""2026-08-29"", ""jobs_snapshot_as_of"": ""2026-08-30T00:45:24"", ""note"": ""processed_at is excluded from source_date inference."", ""population_downloaded_at"": null, ""population_reference_month"": ""2026-07"", ""population_source_month"": ""2026-07"", ""taiwanjobs_downloaded_at_max"": ""2026-08-30T00:45:24"", ""taiwanjobs_downloaded_at_min"": ""2026-08-30T00:45:15""}",2026-08-31T02:57:28,trend_snapshot_v1,,,,,
2026-08,淡水區,經營／行政／總務,8,96,37500.0,7,"{""job_deadline_month_max"": ""2036-12"", ""job_deadline_month_min"": ""2026-08"", ""job_updated_month_max"": ""2026-08"", ""job_updated_month_min"": ""2019-08"", ""jobs_downloaded_at"": ""2026-08-30T00:45:24"", ""jobs_reference_date"": ""2026-08-29"", ""jobs_snapshot_as_of"": ""2026-08-30T00:45:24"", ""note"": ""processed_at is excluded from source_date inference."", ""population_downloaded_at"": null, ""population_reference_month"": ""2026-07"", ""population_source_month"": ""2026-07"", ""taiwanjobs_downloaded_at_max"": ""2026-08-30T00:45:24"", ""taiwanjobs_downloaded_at_min"": ""2026-08-30T00:45:15""}",2026-08-31T02:57:28,trend_snapshot_v1,,,,,
2026-08,淡水區,行銷／企劃／專案,1,3,55500.0,1,"{""job_deadline_month_max"": ""2036-12"", ""job_deadline_month_min"": ""2026-08"", ""job_updated_month_max"": ""2026-08"", ""job_updated_month_min"": ""2019-08"", ""jobs_downloaded_at"": ""2026-08-30T00:45:24"", ""jobs_reference_date"": ""2026-08-29"", ""jobs_snapshot_as_of"": ""2026-08-30T00:45:24"", ""note"": ""processed_at is excluded from source_date inference."", ""population_downloaded_at"": null, ""population_reference_month"": ""2026-07"", ""population_source_month"": ""2026-07"", ""taiwanjobs_downloaded_at_max"": ""2026-08-30T00:45:24"", ""taiwanjobs_downloaded_at_min"": ""2026-08-30T00:45:15""}",2026-08-31T02:57:28,trend_snapshot_v1,,,,,
2026-08,淡水區,財務／金融／保險,7,11,31500.0,4,"{""job_deadline_month_max"": ""2036-12"", ""job_deadline_month_min"": ""2026-08"", ""job_updated_month_max"": ""2026-08"", ""job_updated_month_min"": ""2019-08"", ""jobs_downloaded_at"": ""2026-08-30T00:45:24"", ""jobs_reference_date"": ""2026-08-29"", ""jobs_snapshot_as_of"": ""2026-08-30T00:45:24"", ""note"": ""processed_at is excluded from source_date inference."", ""population_downloaded_at"": null, ""population_reference_month"": ""2026-07"", ""population_source_month"": ""2026-07"", ""taiwanjobs_downloaded_at_max"": ""2026-08-30T00:45:24"", ""taiwanjobs_downloaded_at_min"": ""2026-08-30T00:45:15""}",2026-08-31T02:57:28,trend_snapshot_v1,,,,,
2026-08,淡水區,農林漁牧相關,3,17,31400.0,3,"{""job_deadline_month_max"": ""2036-12"", ""job_deadline_month_min"": ""2026-08"", ""job_updated_month_max"": ""2026-08"", ""job_updated_month_min"": ""2019-08"", ""jobs_downloaded_at"": ""2026-08-30T00:45:24"", ""jobs_reference_date"": ""2026-08-29"", ""jobs_snapshot_as_of"": ""2026-08-30T00:45:24"", ""note"": ""processed_at is excluded from source_date inference."", ""population_downloaded_at"": null, ""population_reference_month"": ""2026-07"", ""population_source_month"": ""2026-07"", ""taiwanjobs_downloaded_at_max"": ""2026-08-30T00:45:24"", ""taiwanjobs_downloaded_at_min"": ""2026-08-30T00:45:15""}",2026-08-31T02:57:28,trend_snapshot_v1,,,,,
2026-08,淡水區,醫療／美容／保健,29,94,33500.0,22,"{""job_deadline_month_max"": ""2036-12"", ""job_deadline_month_min"": ""2026-08"", ""job_updated_month_max"": ""2026-08"", ""job_updated_month_min"": ""2019-08"", ""jobs_downloaded_at"": ""2026-08-30T00:45:24"", ""jobs_reference_date"": ""2026-08-29"", ""jobs_snapshot_as_of"": ""2026-08-30T00:45:24"", ""note"": ""processed_at is excluded from source_date inference."", ""population_downloaded_at"": null, ""population_reference_month"": ""2026-07"", ""population_source_month"": ""2026-07"", ""taiwanjobs_downloaded_at_max"": ""2026-08-30T00:45:24"", ""taiwanjobs_downloaded_at_min"": ""2026-08-30T00:45:15""}",2026-08-31T02:57:28,trend_snapshot_v1,,,,,
2026-08,淡水區,駕駛,1,1,,1,"{""job_deadline_month_max"": ""2036-12"", ""job_deadline_month_min"": ""2026-08"", ""job_updated_month_max"": ""2026-08"", ""job_updated_month_min"": ""2019-08"", ""jobs_downloaded_at"": ""2026-08-30T00:45:24"", ""jobs_reference_date"": ""2026-08-29"", ""jobs_snapshot_as_of"": ""2026-08-30T00:45:24"", ""note"": ""processed_at is excluded from source_date inference."", ""population_downloaded_at"": null, ""population_reference_month"": ""2026-07"", ""population_source_month"": ""2026-07"", ""taiwanjobs_downloaded_at_max"": ""2026-08-30T00:45:24"", ""taiwanjobs_downloaded_at_min"": ""2026-08-30T00:45:15""}",2026-08-31T02:57:28,trend_snapshot_v1,,,,,
2026-08,深坑區,保全／軍警消,1,1,40000.0,1,"{""job_deadline_month_max"": ""2036-12"", ""job_deadline_month_min"": ""2026-08"", ""job_updated_month_max"": ""2026-08"", ""job_updated_month_min"": ""2019-08"", ""jobs_downloaded_at"": ""2026-08-30T00:45:24"", ""jobs_reference_date"": ""2026-08-29"", ""jobs_snapshot_as_of"": ""2026-08-30T00:45:24"", ""note"": ""processed_at is excluded from source_date inference."", ""population_downloaded_at"": null, ""population_reference_month"": ""2026-07"", ""population_source_month"": ""2026-07"", ""taiwanjobs_downloaded_at_max"": ""2026-08-30T00:45:24"", ""taiwanjobs_downloaded_at_min"": ""2026-08-30T00:45:15""}",2026-08-31T02:57:28,trend_snapshot_v1,,,,,
2026-08,深坑區,工程／研發／生技,1,2,,1,"{""job_deadline_month_max"": ""2036-12"", ""job_deadline_month_min"": ""2026-08"", ""job_updated_month_max"": ""2026-08"", ""job_updated_month_min"": ""2019-08"", ""jobs_downloaded_at"": ""2026-08-30T00:45:24"", ""jobs_reference_date"": ""2026-08-29"", ""jobs_snapshot_as_of"": ""2026-08-30T00:45:24"", ""note"": ""processed_at is excluded from source_date inference."", ""population_downloaded_at"": null, ""population_reference_month"": ""2026-07"", ""population_source_month"": ""2026-07"", ""taiwanjobs_downloaded_at_max"": ""2026-08-30T00:45:24"", ""taiwanjobs_downloaded_at_min"": ""2026-08-30T00:45:15""}",2026-08-31T02:57:28,trend_snapshot_v1,,,,,
2026-08,深坑區,技術／維修／操作,1,3,37154.5,1,"{""job_deadline_month_max"": ""2036-12"", ""job_deadline_month_min"": ""2026-08"", ""job_updated_month_max"": ""2026-08"", ""job_updated_month_min"": ""2019-08"", ""jobs_downloaded_at"": ""2026-08-30T00:45:24"", ""jobs_reference_date"": ""2026-08-29"", ""jobs_snapshot_as_of"": ""2026-08-30T00:45:24"", ""note"": ""processed_at is excluded from source_date inference."", ""population_downloaded_at"": null, ""population_reference_month"": ""2026-07"", ""population_source_month"": ""2026-07"", ""taiwanjobs_downloaded_at_max"": ""2026-08-30T00:45:24"", ""taiwanjobs_downloaded_at_min"": ""2026-08-30T00:45:15""}",2026-08-31T02:57:28,trend_snapshot_v1,,,,,
2026-08,深坑區,教育／學術／研究,1,2,,1,"{""job_deadline_month_max"": ""2036-12"", ""job_deadline_month_min"": ""2026-08"", ""job_updated_month_max"": ""2026-08"", ""job_updated_month_min"": ""2019-08"", ""jobs_downloaded_at"": ""2026-08-30T00:45:24"", ""jobs_reference_date"": ""2026-08-29"", ""jobs_snapshot_as_of"": ""2026-08-30T00:45:24"", ""note"": ""processed_at is excluded from source_date inference."", ""population_downloaded_at"": null, ""population_reference_month"": ""2026-07"", ""population_source_month"": ""2026-07"", ""taiwanjobs_downloaded_at_max"": ""2026-08-30T00:45:24"", ""taiwanjobs_downloaded_at_min"": ""2026-08-30T00:45:15""}",2026-08-31T02:57:28,trend_snapshot_v1,,,,,
2026-08,深坑區,旅遊／餐飲／休閒,6,11,35500.0,3,"{""job_deadline_month_max"": ""2036-12"", ""job_deadline_month_min"": ""2026-08"", ""job_updated_month_max"": ""2026-08"", ""job_updated_month_min"": ""2019-08"", ""jobs_downloaded_at"": ""2026-08-30T00:45:24"", ""jobs_reference_date"": ""2026-08-29"", ""jobs_snapshot_as_of"": ""2026-08-30T00:45:24"", ""note"": ""processed_at is excluded from source_date inference."", ""population_downloaded_at"": null, ""population_reference_month"": ""2026-07"", ""population_source_month"": ""2026-07"", ""taiwanjobs_downloaded_at_max"": ""2026-08-30T00:45:24"", ""taiwanjobs_downloaded_at_min"": ""2026-08-30T00:45:15""}",2026-08-31T02:57:28,trend_snapshot_v1,,,,,
2026-08,深坑區,業務／貿易／銷售,3,7,34500.0,2,"{""job_deadline_month_max"": ""2036-12"", ""job_deadline_month_min"": ""2026-08"", ""job_updated_month_max"": ""2026-08"", ""job_updated_month_min"": ""2019-08"", ""jobs_downloaded_at"": ""2026-08-30T00:45:24"", ""jobs_reference_date"": ""2026-08-29"", ""jobs_snapshot_as_of"": ""2026-08-30T00:45:24"", ""note"": ""processed_at is excluded from source_date inference."", ""population_downloaded_at"": null, ""population_reference_month"": ""2026-07"", ""population_source_month"": ""2026-07"", ""taiwanjobs_downloaded_at_max"": ""2026-08-30T00:45:24"", ""taiwanjobs_downloaded_at_min"": ""2026-08-30T00:45:15""}",2026-08-31T02:57:28,trend_snapshot_v1,,,,,
2026-08,深坑區,清潔／家事／托育(保母),1,1,30000.0,1,"{""job_deadline_month_max"": ""2036-12"", ""job_deadline_month_min"": ""2026-08"", ""job_updated_month_max"": ""2026-08"", ""job_updated_month_min"": ""2019-08"", ""jobs_downloaded_at"": ""2026-08-30T00:45:24"", ""jobs_reference_date"": ""2026-08-29"", ""jobs_snapshot_as_of"": ""2026-08-30T00:45:24"", ""note"": ""processed_at is excluded from source_date inference."", ""population_downloaded_at"": null, ""population_reference_month"": ""2026-07"", ""population_source_month"": ""2026-07"", ""taiwanjobs_downloaded_at_max"": ""2026-08-30T00:45:24"", ""taiwanjobs_downloaded_at_min"": ""2026-08-30T00:45:15""}",2026-08-31T02:57:28,trend_snapshot_v1,,,,,
2026-08,深坑區,物流／運輸／資材,4,22,35000.0,4,"{""job_deadline_month_max"": ""2036-12"", ""job_deadline_month_min"": ""2026-08"", ""job_updated_month_max"": ""2026-08"", ""job_updated_month_min"": ""2019-08"", ""jobs_downloaded_at"": ""2026-08-30T00:45:24"", ""jobs_reference_date"": ""2026-08-29"", ""jobs_snapshot_as_of"": ""2026-08-30T00:45:24"", ""note"": ""processed_at is excluded from source_date inference."", ""population_downloaded_at"": null, ""population_reference_month"": ""2026-07"", ""population_source_month"": ""2026-07"", ""taiwanjobs_downloaded_at_max"": ""2026-08-30T00:45:24"", ""taiwanjobs_downloaded_at_min"": ""2026-08-30T00:45:15""}",2026-08-31T02:57:28,trend_snapshot_v1,,,,,
2026-08,深坑區,經營／行政／總務,1,1,,1,"{""job_deadline_month_max"": ""2036-12"", ""job_deadline_month_min"": ""2026-08"", ""job_updated_month_max"": ""2026-08"", ""job_updated_month_min"": ""2019-08"", ""jobs_downloaded_at"": ""2026-08-30T00:45:24"", ""jobs_reference_date"": ""2026-08-29"", ""jobs_snapshot_as_of"": ""2026-08-30T00:45:24"", ""note"": ""processed_at is excluded from source_date inference."", ""population_downloaded_at"": null, ""population_reference_month"": ""2026-07"", ""population_source_month"": ""2026-07"", ""taiwanjobs_downloaded_at_max"": ""2026-08-30T00:45:24"", ""taiwanjobs_downloaded_at_min"": ""2026-08-30T00:45:15""}",2026-08-31T02:57:28,trend_snapshot_v1,,,,,
2026-08,深坑區,財務／金融／保險,1,1,34000.0,1,"{""job_deadline_month_max"": ""2036-12"", ""job_deadline_month_min"": ""2026-08"", ""job_updated_month_max"": ""2026-08"", ""job_updated_month_min"": ""2019-08"", ""jobs_downloaded_at"": ""2026-08-30T00:45:24"", ""jobs_reference_date"": ""2026-08-29"", ""jobs_snapshot_as_of"": ""2026-08-30T00:45:24"", ""note"": ""processed_at is excluded from source_date inference."", ""population_downloaded_at"": null, ""population_reference_month"": ""2026-07"", ""population_source_month"": ""2026-07"", ""taiwanjobs_downloaded_at_max"": ""2026-08-30T00:45:24"", ""taiwanjobs_downloaded_at_min"": ""2026-08-30T00:45:15""}",2026-08-31T02:57:28,trend_snapshot_v1,,,,,
2026-08,深坑區,醫療／美容／保健,1,5,35000.0,1,"{""job_deadline_month_max"": ""2036-12"", ""job_deadline_month_min"": ""2026-08"", ""job_updated_month_max"": ""2026-08"", ""job_updated_month_min"": ""2019-08"", ""jobs_downloaded_at"": ""2026-08-30T00:45:24"", ""jobs_reference_date"": ""2026-08-29"", ""jobs_snapshot_as_of"": ""2026-08-30T00:45:24"", ""note"": ""processed_at is excluded from source_date inference."", ""population_downloaded_at"": null, ""population_reference_month"": ""2026-07"", ""population_source_month"": ""2026-07"", ""taiwanjobs_downloaded_at_max"": ""2026-08-30T00:45:24"", ""taiwanjobs_downloaded_at_min"": ""2026-08-30T00:45:15""}",2026-08-31T02:57:28,trend_snapshot_v1,,,,,
2026-08,烏來區,客服／門市,1,2,29750.0,1,"{""job_deadline_month_max"": ""2036-12"", ""job_deadline_month_min"": ""2026-08"", ""job_updated_month_max"": ""2026-08"", ""job_updated_month_min"": ""2019-08"", ""jobs_downloaded_at"": ""2026-08-30T00:45:24"", ""jobs_reference_date"": ""2026-08-29"", ""jobs_snapshot_as_of"": ""2026-08-30T00:45:24"", ""note"": ""processed_at is excluded from source_date inference."", ""population_downloaded_at"": null, ""population_reference_month"": ""2026-07"", ""population_source_month"": ""2026-07"", ""taiwanjobs_downloaded_at_max"": ""2026-08-30T00:45:24"", ""taiwanjobs_downloaded_at_min"": ""2026-08-30T00:45:15""}",2026-08-31T02:57:28,trend_snapshot_v1,,,,,
2026-08,烏來區,技術／維修／操作,1,3,40000.0,1,"{""job_deadline_month_max"": ""2036-12"", ""job_deadline_month_min"": ""2026-08"", ""job_updated_month_max"": ""2026-08"", ""job_updated_month_min"": ""2019-08"", ""jobs_downloaded_at"": ""2026-08-30T00:45:24"", ""jobs_reference_date"": ""2026-08-29"", ""jobs_snapshot_as_of"": ""2026-08-30T00:45:24"", ""note"": ""processed_at is excluded from source_date inference."", ""population_downloaded_at"": null, ""population_reference_month"": ""2026-07"", ""population_source_month"": ""2026-07"", ""taiwanjobs_downloaded_at_max"": ""2026-08-30T00:45:24"", ""taiwanjobs_downloaded_at_min"": ""2026-08-30T00:45:15""}",2026-08-31T02:57:28,trend_snapshot_v1,,,,,
2026-08,烏來區,教育／學術／研究,1,1,42398.0,1,"{""job_deadline_month_max"": ""2036-12"", ""job_deadline_month_min"": ""2026-08"", ""job_updated_month_max"": ""2026-08"", ""job_updated_month_min"": ""2019-08"", ""jobs_downloaded_at"": ""2026-08-30T00:45:24"", ""jobs_reference_date"": ""2026-08-29"", ""jobs_snapshot_as_of"": ""2026-08-30T00:45:24"", ""note"": ""processed_at is excluded from source_date inference."", ""population_downloaded_at"": null, ""population_reference_month"": ""2026-07"", ""population_source_month"": ""2026-07"", ""taiwanjobs_downloaded_at_max"": ""2026-08-30T00:45:24"", ""taiwanjobs_downloaded_at_min"": ""2026-08-30T00:45:15""}",2026-08-31T02:57:28,trend_snapshot_v1,,,,,
2026-08,烏來區,旅遊／餐飲／休閒,14,46,38087.5,5,"{""job_deadline_month_max"": ""2036-12"", ""job_deadline_month_min"": ""2026-08"", ""job_updated_month_max"": ""2026-08"", ""job_updated_month_min"": ""2019-08"", ""jobs_downloaded_at"": ""2026-08-30T00:45:24"", ""jobs_reference_date"": ""2026-08-29"", ""jobs_snapshot_as_of"": ""2026-08-30T00:45:24"", ""note"": ""processed_at is excluded from source_date inference."", ""population_downloaded_at"": null, ""population_reference_month"": ""2026-07"", ""population_source_month"": ""2026-07"", ""taiwanjobs_downloaded_at_max"": ""2026-08-30T00:45:24"", ""taiwanjobs_downloaded_at_min"": ""2026-08-30T00:45:15""}",2026-08-31T02:57:28,trend_snapshot_v1,,,,,
2026-08,烏來區,清潔／家事／托育(保母),2,4,32000.0,2,"{""job_deadline_month_max"": ""2036-12"", ""job_deadline_month_min"": ""2026-08"", ""job_updated_month_max"": ""2026-08"", ""job_updated_month_min"": ""2019-08"", ""jobs_downloaded_at"": ""2026-08-30T00:45:24"", ""jobs_reference_date"": ""2026-08-29"", ""jobs_snapshot_as_of"": ""2026-08-30T00:45:24"", ""note"": ""processed_at is excluded from source_date inference."", ""population_downloaded_at"": null, ""population_reference_month"": ""2026-07"", ""population_source_month"": ""2026-07"", ""taiwanjobs_downloaded_at_max"": ""2026-08-30T00:45:24"", ""taiwanjobs_downloaded_at_min"": ""2026-08-30T00:45:15""}",2026-08-31T02:57:28,trend_snapshot_v1,,,,,
2026-08,烏來區,經營／行政／總務,3,11,32975.0,2,"{""job_deadline_month_max"": ""2036-12"", ""job_deadline_month_min"": ""2026-08"", ""job_updated_month_max"": ""2026-08"", ""job_updated_month_min"": ""2019-08"", ""jobs_downloaded_at"": ""2026-08-30T00:45:24"", ""jobs_reference_date"": ""2026-08-29"", ""jobs_snapshot_as_of"": ""2026-08-30T00:45:24"", ""note"": ""processed_at is excluded from source_date inference."", ""population_downloaded_at"": null, ""population_reference_month"": ""2026-07"", ""population_source_month"": ""2026-07"", ""taiwanjobs_downloaded_at_max"": ""2026-08-30T00:45:24"", ""taiwanjobs_downloaded_at_min"": ""2026-08-30T00:45:15""}",2026-08-31T02:57:28,trend_snapshot_v1,,,,,
2026-08,瑞芳區,保全／軍警消,1,2,37250.0,1,"{""job_deadline_month_max"": ""2036-12"", ""job_deadline_month_min"": ""2026-08"", ""job_updated_month_max"": ""2026-08"", ""job_updated_month_min"": ""2019-08"", ""jobs_downloaded_at"": ""2026-08-30T00:45:24"", ""jobs_reference_date"": ""2026-08-29"", ""jobs_snapshot_as_of"": ""2026-08-30T00:45:24"", ""note"": ""processed_at is excluded from source_date inference."", ""population_downloaded_at"": null, ""population_reference_month"": ""2026-07"", ""population_source_month"": ""2026-07"", ""taiwanjobs_downloaded_at_max"": ""2026-08-30T00:45:24"", ""taiwanjobs_downloaded_at_min"": ""2026-08-30T00:45:15""}",2026-08-31T02:57:28,trend_snapshot_v1,,,,,
2026-08,瑞芳區,其他人員,1,1,,1,"{""job_deadline_month_max"": ""2036-12"", ""job_deadline_month_min"": ""2026-08"", ""job_updated_month_max"": ""2026-08"", ""job_updated_month_min"": ""2019-08"", ""jobs_downloaded_at"": ""2026-08-30T00:45:24"", ""jobs_reference_date"": ""2026-08-29"", ""jobs_snapshot_as_of"": ""2026-08-30T00:45:24"", ""note"": ""processed_at is excluded from source_date inference."", ""population_downloaded_at"": null, ""population_reference_month"": ""2026-07"", ""population_source_month"": ""2026-07"", ""taiwanjobs_downloaded_at_max"": ""2026-08-30T00:45:24"", ""taiwanjobs_downloaded_at_min"": ""2026-08-30T00:45:15""}",2026-08-31T02:57:28,trend_snapshot_v1,,,,,
2026-08,瑞芳區,品管／製造／環衛,16,34,32125.0,10,"{""job_deadline_month_max"": ""2036-12"", ""job_deadline_month_min"": ""2026-08"", ""job_updated_month_max"": ""2026-08"", ""job_updated_month_min"": ""2019-08"", ""jobs_downloaded_at"": ""2026-08-30T00:45:24"", ""jobs_reference_date"": ""2026-08-29"", ""jobs_snapshot_as_of"": ""2026-08-30T00:45:24"", ""note"": ""processed_at is excluded from source_date inference."", ""population_downloaded_at"": null, ""population_reference_month"": ""2026-07"", ""population_source_month"": ""2026-07"", ""taiwanjobs_downloaded_at_max"": ""2026-08-30T00:45:24"", ""taiwanjobs_downloaded_at_min"": ""2026-08-30T00:45:15""}",2026-08-31T02:57:28,trend_snapshot_v1,,,,,
2026-08,瑞芳區,客服／門市,1,3,35000.0,1,"{""job_deadline_month_max"": ""2036-12"", ""job_deadline_month_min"": ""2026-08"", ""job_updated_month_max"": ""2026-08"", ""job_updated_month_min"": ""2019-08"", ""jobs_downloaded_at"": ""2026-08-30T00:45:24"", ""jobs_reference_date"": ""2026-08-29"", ""jobs_snapshot_as_of"": ""2026-08-30T00:45:24"", ""note"": ""processed_at is excluded from source_date inference."", ""population_downloaded_at"": null, ""population_reference_month"": ""2026-07"", ""population_source_month"": ""2026-07"", ""taiwanjobs_downloaded_at_max"": ""2026-08-30T00:45:24"", ""taiwanjobs_downloaded_at_min"": ""2026-08-30T00:45:15""}",2026-08-31T02:57:28,trend_snapshot_v1,,,,,
2026-08,瑞芳區,工程／研發／生技,3,4,37500.0,3,"{""job_deadline_month_max"": ""2036-12"", ""job_deadline_month_min"": ""2026-08"", ""job_updated_month_max"": ""2026-08"", ""job_updated_month_min"": ""2019-08"", ""jobs_downloaded_at"": ""2026-08-30T00:45:24"", ""jobs_reference_date"": ""2026-08-29"", ""jobs_snapshot_as_of"": ""2026-08-30T00:45:24"", ""note"": ""processed_at is excluded from source_date inference."", ""population_downloaded_at"": null, ""population_reference_month"": ""2026-07"", ""population_source_month"": ""2026-07"", ""taiwanjobs_downloaded_at_max"": ""2026-08-30T00:45:24"", ""taiwanjobs_downloaded_at_min"": ""2026-08-30T00:45:15""}",2026-08-31T02:57:28,trend_snapshot_v1,,,,,
2026-08,瑞芳區,技術／維修／操作,7,21,37403.75,4,"{""job_deadline_month_max"": ""2036-12"", ""job_deadline_month_min"": ""2026-08"", ""job_updated_month_max"": ""2026-08"", ""job_updated_month_min"": ""2019-08"", ""jobs_downloaded_at"": ""2026-08-30T00:45:24"", ""jobs_reference_date"": ""2026-08-29"", ""jobs_snapshot_as_of"": ""2026-08-30T00:45:24"", ""note"": ""processed_at is excluded from source_date inference."", ""population_downloaded_at"": null, ""population_reference_month"": ""2026-07"", ""population_source_month"": ""2026-07"", ""taiwanjobs_downloaded_at_max"": ""2026-08-30T00:45:24"", ""taiwanjobs_downloaded_at_min"": ""2026-08-30T00:45:15""}",2026-08-31T02:57:28,trend_snapshot_v1,,,,,
2026-08,瑞芳區,教育／學術／研究,1,1,29500.0,1,"{""job_deadline_month_max"": ""2036-12"", ""job_deadline_month_min"": ""2026-08"", ""job_updated_month_max"": ""2026-08"", ""job_updated_month_min"": ""2019-08"", ""jobs_downloaded_at"": ""2026-08-30T00:45:24"", ""jobs_reference_date"": ""2026-08-29"", ""jobs_snapshot_as_of"": ""2026-08-30T00:45:24"", ""note"": ""processed_at is excluded from source_date inference."", ""population_downloaded_at"": null, ""population_reference_month"": ""2026-07"", ""population_source_month"": ""2026-07"", ""taiwanjobs_downloaded_at_max"": ""2026-08-30T00:45:24"", ""taiwanjobs_downloaded_at_min"": ""2026-08-30T00:45:15""}",2026-08-31T02:57:28,trend_snapshot_v1,,,,,
2026-08,瑞芳區,旅遊／餐飲／休閒,3,4,34975.0,3,"{""job_deadline_month_max"": ""2036-12"", ""job_deadline_month_min"": ""2026-08"", ""job_updated_month_max"": ""2026-08"", ""job_updated_month_min"": ""2019-08"", ""jobs_downloaded_at"": ""2026-08-30T00:45:24"", ""jobs_reference_date"": ""2026-08-29"", ""jobs_snapshot_as_of"": ""2026-08-30T00:45:24"", ""note"": ""processed_at is excluded from source_date inference."", ""population_downloaded_at"": null, ""population_reference_month"": ""2026-07"", ""population_source_month"": ""2026-07"", ""taiwanjobs_downloaded_at_max"": ""2026-08-30T00:45:24"", ""taiwanjobs_downloaded_at_min"": ""2026-08-30T00:45:15""}",2026-08-31T02:57:28,trend_snapshot_v1,,,,,
2026-08,瑞芳區,業務／貿易／銷售,3,4,33500.0,2,"{""job_deadline_month_max"": ""2036-12"", ""job_deadline_month_min"": ""2026-08"", ""job_updated_month_max"": ""2026-08"", ""job_updated_month_min"": ""2019-08"", ""jobs_downloaded_at"": ""2026-08-30T00:45:24"", ""jobs_reference_date"": ""2026-08-29"", ""jobs_snapshot_as_of"": ""2026-08-30T00:45:24"", ""note"": ""processed_at is excluded from source_date inference."", ""population_downloaded_at"": null, ""population_reference_month"": ""2026-07"", ""population_source_month"": ""2026-07"", ""taiwanjobs_downloaded_at_max"": ""2026-08-30T00:45:24"", ""taiwanjobs_downloaded_at_min"": ""2026-08-30T00:45:15""}",2026-08-31T02:57:28,trend_snapshot_v1,,,,,
2026-08,瑞芳區,清潔／家事／托育(保母),7,15,33250.0,5,"{""job_deadline_month_max"": ""2036-12"", ""job_deadline_month_min"": ""2026-08"", ""job_updated_month_max"": ""2026-08"", ""job_updated_month_min"": ""2019-08"", ""jobs_downloaded_at"": ""2026-08-30T00:45:24"", ""jobs_reference_date"": ""2026-08-29"", ""jobs_snapshot_as_of"": ""2026-08-30T00:45:24"", ""note"": ""processed_at is excluded from source_date inference."", ""population_downloaded_at"": null, ""population_reference_month"": ""2026-07"", ""population_source_month"": ""2026-07"", ""taiwanjobs_downloaded_at_max"": ""2026-08-30T00:45:24"", ""taiwanjobs_downloaded_at_min"": ""2026-08-30T00:45:15""}",2026-08-31T02:57:28,trend_snapshot_v1,,,,,
2026-08,瑞芳區,營建／製圖／施作,3,5,37500.0,3,"{""job_deadline_month_max"": ""2036-12"", ""job_deadline_month_min"": ""2026-08"", ""job_updated_month_max"": ""2026-08"", ""job_updated_month_min"": ""2019-08"", ""jobs_downloaded_at"": ""2026-08-30T00:45:24"", ""jobs_reference_date"": ""2026-08-29"", ""jobs_snapshot_as_of"": ""2026-08-30T00:45:24"", ""note"": ""processed_at is excluded from source_date inference."", ""population_downloaded_at"": null, ""population_reference_month"": ""2026-07"", ""population_source_month"": ""2026-07"", ""taiwanjobs_downloaded_at_max"": ""2026-08-30T00:45:24"", ""taiwanjobs_downloaded_at_min"": ""2026-08-30T00:45:15""}",2026-08-31T02:57:28,trend_snapshot_v1,,,,,
2026-08,瑞芳區,物流／運輸／資材,11,30,37500.0,10,"{""job_deadline_month_max"": ""2036-12"", ""job_deadline_month_min"": ""2026-08"", ""job_updated_month_max"": ""2026-08"", ""job_updated_month_min"": ""2019-08"", ""jobs_downloaded_at"": ""2026-08-30T00:45:24"", ""jobs_reference_date"": ""2026-08-29"", ""jobs_snapshot_as_of"": ""2026-08-30T00:45:24"", ""note"": ""processed_at is excluded from source_date inference."", ""population_downloaded_at"": null, ""population_reference_month"": ""2026-07"", ""population_source_month"": ""2026-07"", ""taiwanjobs_downloaded_at_max"": ""2026-08-30T00:45:24"", ""taiwanjobs_downloaded_at_min"": ""2026-08-30T00:45:15""}",2026-08-31T02:57:28,trend_snapshot_v1,,,,,
2026-08,瑞芳區,約僱人員,1,1,,1,"{""job_deadline_month_max"": ""2036-12"", ""job_deadline_month_min"": ""2026-08"", ""job_updated_month_max"": ""2026-08"", ""job_updated_month_min"": ""2019-08"", ""jobs_downloaded_at"": ""2026-08-30T00:45:24"", ""jobs_reference_date"": ""2026-08-29"", ""jobs_snapshot_as_of"": ""2026-08-30T00:45:24"", ""note"": ""processed_at is excluded from source_date inference."", ""population_downloaded_at"": null, ""population_reference_month"": ""2026-07"", ""population_source_month"": ""2026-07"", ""taiwanjobs_downloaded_at_max"": ""2026-08-30T00:45:24"", ""taiwanjobs_downloaded_at_min"": ""2026-08-30T00:45:15""}",2026-08-31T02:57:28,trend_snapshot_v1,,,,,
2026-08,瑞芳區,經營／行政／總務,3,3,37500.0,2,"{""job_deadline_month_max"": ""2036-12"", ""job_deadline_month_min"": ""2026-08"", ""job_updated_month_max"": ""2026-08"", ""job_updated_month_min"": ""2019-08"", ""jobs_downloaded_at"": ""2026-08-30T00:45:24"", ""jobs_reference_date"": ""2026-08-29"", ""jobs_snapshot_as_of"": ""2026-08-30T00:45:24"", ""note"": ""processed_at is excluded from source_date inference."", ""population_downloaded_at"": null, ""population_reference_month"": ""2026-07"", ""population_source_month"": ""2026-07"", ""taiwanjobs_downloaded_at_max"": ""2026-08-30T00:45:24"", ""taiwanjobs_downloaded_at_min"": ""2026-08-30T00:45:15""}",2026-08-31T02:57:28,trend_snapshot_v1,,,,,
2026-08,瑞芳區,行銷／企劃／專案,2,2,35500.0,2,"{""job_deadline_month_max"": ""2036-12"", ""job_deadline_month_min"": ""2026-08"", ""job_updated_month_max"": ""2026-08"", ""job_updated_month_min"": ""2019-08"", ""jobs_downloaded_at"": ""2026-08-30T00:45:24"", ""jobs_reference_date"": ""2026-08-29"", ""jobs_snapshot_as_of"": ""2026-08-30T00:45:24"", ""note"": ""processed_at is excluded from source_date inference."", ""population_downloaded_at"": null, ""population_reference_month"": ""2026-07"", ""population_source_month"": ""2026-07"", ""taiwanjobs_downloaded_at_max"": ""2026-08-30T00:45:24"", ""taiwanjobs_downloaded_at_min"": ""2026-08-30T00:45:15""}",2026-08-31T02:57:28,trend_snapshot_v1,,,,,
2026-08,瑞芳區,財務／金融／保險,3,4,33000.0,3,"{""job_deadline_month_max"": ""2036-12"", ""job_deadline_month_min"": ""2026-08"", ""job_updated_month_max"": ""2026-08"", ""job_updated_month_min"": ""2019-08"", ""jobs_downloaded_at"": ""2026-08-30T00:45:24"", ""jobs_reference_date"": ""2026-08-29"", ""jobs_snapshot_as_of"": ""2026-08-30T00:45:24"", ""note"": ""processed_at is excluded from source_date inference."", ""population_downloaded_at"": null, ""population_reference_month"": ""2026-07"", ""population_source_month"": ""2026-07"", ""taiwanjobs_downloaded_at_max"": ""2026-08-30T00:45:24"", ""taiwanjobs_downloaded_at_min"": ""2026-08-30T00:45:15""}",2026-08-31T02:57:28,trend_snapshot_v1,,,,,
2026-08,瑞芳區,資訊／軟體／系統,1,1,60000.0,1,"{""job_deadline_month_max"": ""2036-12"", ""job_deadline_month_min"": ""2026-08"", ""job_updated_month_max"": ""2026-08"", ""job_updated_month_min"": ""2019-08"", ""jobs_downloaded_at"": ""2026-08-30T00:45:24"", ""jobs_reference_date"": ""2026-08-29"", ""jobs_snapshot_as_of"": ""2026-08-30T00:45:24"", ""note"": ""processed_at is excluded from source_date inference."", ""population_downloaded_at"": null, ""population_reference_month"": ""2026-07"", ""population_source_month"": ""2026-07"", ""taiwanjobs_downloaded_at_max"": ""2026-08-30T00:45:24"", ""taiwanjobs_downloaded_at_min"": ""2026-08-30T00:45:15""}",2026-08-31T02:57:28,trend_snapshot_v1,,,,,
2026-08,瑞芳區,農林漁牧相關,9,63,31400.0,8,"{""job_deadline_month_max"": ""2036-12"", ""job_deadline_month_min"": ""2026-08"", ""job_updated_month_max"": ""2026-08"", ""job_updated_month_min"": ""2019-08"", ""jobs_downloaded_at"": ""2026-08-30T00:45:24"", ""jobs_reference_date"": ""2026-08-29"", ""jobs_snapshot_as_of"": ""2026-08-30T00:45:24"", ""note"": ""processed_at is excluded from source_date inference."", ""population_downloaded_at"": null, ""population_reference_month"": ""2026-07"", ""population_source_month"": ""2026-07"", ""taiwanjobs_downloaded_at_max"": ""2026-08-30T00:45:24"", ""taiwanjobs_downloaded_at_min"": ""2026-08-30T00:45:15""}",2026-08-31T02:57:28,trend_snapshot_v1,,,,,
2026-08,瑞芳區,醫療／美容／保健,6,28,33500.0,6,"{""job_deadline_month_max"": ""2036-12"", ""job_deadline_month_min"": ""2026-08"", ""job_updated_month_max"": ""2026-08"", ""job_updated_month_min"": ""2019-08"", ""jobs_downloaded_at"": ""2026-08-30T00:45:24"", ""jobs_reference_date"": ""2026-08-29"", ""jobs_snapshot_as_of"": ""2026-08-30T00:45:24"", ""note"": ""processed_at is excluded from source_date inference."", ""population_downloaded_at"": null, ""population_reference_month"": ""2026-07"", ""population_source_month"": ""2026-07"", ""taiwanjobs_downloaded_at_max"": ""2026-08-30T00:45:24"", ""taiwanjobs_downloaded_at_min"": ""2026-08-30T00:45:15""}",2026-08-31T02:57:28,trend_snapshot_v1,,,,,
2026-08,石碇區,旅遊／餐飲／休閒,2,10,33800.0,1,"{""job_deadline_month_max"": ""2036-12"", ""job_deadline_month_min"": ""2026-08"", ""job_updated_month_max"": ""2026-08"", ""job_updated_month_min"": ""2019-08"", ""jobs_downloaded_at"": ""2026-08-30T00:45:24"", ""jobs_reference_date"": ""2026-08-29"", ""jobs_snapshot_as_of"": ""2026-08-30T00:45:24"", ""note"": ""processed_at is excluded from source_date inference."", ""population_downloaded_at"": null, ""population_reference_month"": ""2026-07"", ""population_source_month"": ""2026-07"", ""taiwanjobs_downloaded_at_max"": ""2026-08-30T00:45:24"", ""taiwanjobs_downloaded_at_min"": ""2026-08-30T00:45:15""}",2026-08-31T02:57:28,trend_snapshot_v1,,,,,
2026-08,石碇區,清潔／家事／托育(保母),1,1,30000.0,1,"{""job_deadline_month_max"": ""2036-12"", ""job_deadline_month_min"": ""2026-08"", ""job_updated_month_max"": ""2026-08"", ""job_updated_month_min"": ""2019-08"", ""jobs_downloaded_at"": ""2026-08-30T00:45:24"", ""jobs_reference_date"": ""2026-08-29"", ""jobs_snapshot_as_of"": ""2026-08-30T00:45:24"", ""note"": ""processed_at is excluded from source_date inference."", ""population_downloaded_at"": null, ""population_reference_month"": ""2026-07"", ""population_source_month"": ""2026-07"", ""taiwanjobs_downloaded_at_max"": ""2026-08-30T00:45:24"", ""taiwanjobs_downloaded_at_min"": ""2026-08-30T00:45:15""}",2026-08-31T02:57:28,trend_snapshot_v1,,,,,
2026-08,石碇區,約僱人員,1,1,,1,"{""job_deadline_month_max"": ""2036-12"", ""job_deadline_month_min"": ""2026-08"", ""job_updated_month_max"": ""2026-08"", ""job_updated_month_min"": ""2019-08"", ""jobs_downloaded_at"": ""2026-08-30T00:45:24"", ""jobs_reference_date"": ""2026-08-29"", ""jobs_snapshot_as_of"": ""2026-08-30T00:45:24"", ""note"": ""processed_at is excluded from source_date inference."", ""population_downloaded_at"": null, ""population_reference_month"": ""2026-07"", ""population_source_month"": ""2026-07"", ""taiwanjobs_downloaded_at_max"": ""2026-08-30T00:45:24"", ""taiwanjobs_downloaded_at_min"": ""2026-08-30T00:45:15""}",2026-08-31T02:57:28,trend_snapshot_v1,,,,,
2026-08,石碇區,農林漁牧相關,1,3,32425.0,1,"{""job_deadline_month_max"": ""2036-12"", ""job_deadline_month_min"": ""2026-08"", ""job_updated_month_max"": ""2026-08"", ""job_updated_month_min"": ""2019-08"", ""jobs_downloaded_at"": ""2026-08-30T00:45:24"", ""jobs_reference_date"": ""2026-08-29"", ""jobs_snapshot_as_of"": ""2026-08-30T00:45:24"", ""note"": ""processed_at is excluded from source_date inference."", ""population_downloaded_at"": null, ""population_reference_month"": ""2026-07"", ""population_source_month"": ""2026-07"", ""taiwanjobs_downloaded_at_max"": ""2026-08-30T00:45:24"", ""taiwanjobs_downloaded_at_min"": ""2026-08-30T00:45:15""}",2026-08-31T02:57:28,trend_snapshot_v1,,,,,
2026-08,石門區,其他職類,1,2,,1,"{""job_deadline_month_max"": ""2036-12"", ""job_deadline_month_min"": ""2026-08"", ""job_updated_month_max"": ""2026-08"", ""job_updated_month_min"": ""2019-08"", ""jobs_downloaded_at"": ""2026-08-30T00:45:24"", ""jobs_reference_date"": ""2026-08-29"", ""jobs_snapshot_as_of"": ""2026-08-30T00:45:24"", ""note"": ""processed_at is excluded from source_date inference."", ""population_downloaded_at"": null, ""population_reference_month"": ""2026-07"", ""population_source_month"": ""2026-07"", ""taiwanjobs_downloaded_at_max"": ""2026-08-30T00:45:24"", ""taiwanjobs_downloaded_at_min"": ""2026-08-30T00:45:15""}",2026-08-31T02:57:28,trend_snapshot_v1,,,,,
2026-08,石門區,旅遊／餐飲／休閒,4,8,33000.0,2,"{""job_deadline_month_max"": ""2036-12"", ""job_deadline_month_min"": ""2026-08"", ""job_updated_month_max"": ""2026-08"", ""job_updated_month_min"": ""2019-08"", ""jobs_downloaded_at"": ""2026-08-30T00:45:24"", ""jobs_reference_date"": ""2026-08-29"", ""jobs_snapshot_as_of"": ""2026-08-30T00:45:24"", ""note"": ""processed_at is excluded from source_date inference."", ""population_downloaded_at"": null, ""population_reference_month"": ""2026-07"", ""population_source_month"": ""2026-07"", ""taiwanjobs_downloaded_at_max"": ""2026-08-30T00:45:24"", ""taiwanjobs_downloaded_at_min"": ""2026-08-30T00:45:15""}",2026-08-31T02:57:28,trend_snapshot_v1,,,,,
2026-08,石門區,營建／製圖／施作,2,5,33000.0,2,"{""job_deadline_month_max"": ""2036-12"", ""job_deadline_month_min"": ""2026-08"", ""job_updated_month_max"": ""2026-08"", ""job_updated_month_min"": ""2019-08"", ""jobs_downloaded_at"": ""2026-08-30T00:45:24"", ""jobs_reference_date"": ""2026-08-29"", ""jobs_snapshot_as_of"": ""2026-08-30T00:45:24"", ""note"": ""processed_at is excluded from source_date inference."", ""population_downloaded_at"": null, ""population_reference_month"": ""2026-07"", ""population_source_month"": ""2026-07"", ""taiwanjobs_downloaded_at_max"": ""2026-08-30T00:45:24"", ""taiwanjobs_downloaded_at_min"": ""2026-08-30T00:45:15""}",2026-08-31T02:57:28,trend_snapshot_v1,,,,,
2026-08,石門區,農林漁牧相關,2,6,36500.0,1,"{""job_deadline_month_max"": ""2036-12"", ""job_deadline_month_min"": ""2026-08"", ""job_updated_month_max"": ""2026-08"", ""job_updated_month_min"": ""2019-08"", ""jobs_downloaded_at"": ""2026-08-30T00:45:24"", ""jobs_reference_date"": ""2026-08-29"", ""jobs_snapshot_as_of"": ""2026-08-30T00:45:24"", ""note"": ""processed_at is excluded from source_date inference."", ""population_downloaded_at"": null, ""population_reference_month"": ""2026-07"", ""population_source_month"": ""2026-07"", ""taiwanjobs_downloaded_at_max"": ""2026-08-30T00:45:24"", ""taiwanjobs_downloaded_at_min"": ""2026-08-30T00:45:15""}",2026-08-31T02:57:28,trend_snapshot_v1,,,,,
2026-08,萬里區,保全／軍警消,2,4,32900.0,2,"{""job_deadline_month_max"": ""2036-12"", ""job_deadline_month_min"": ""2026-08"", ""job_updated_month_max"": ""2026-08"", ""job_updated_month_min"": ""2019-08"", ""jobs_downloaded_at"": ""2026-08-30T00:45:24"", ""jobs_reference_date"": ""2026-08-29"", ""jobs_snapshot_as_of"": ""2026-08-30T00:45:24"", ""note"": ""processed_at is excluded from source_date inference."", ""population_downloaded_at"": null, ""population_reference_month"": ""2026-07"", ""population_source_month"": ""2026-07"", ""taiwanjobs_downloaded_at_max"": ""2026-08-30T00:45:24"", ""taiwanjobs_downloaded_at_min"": ""2026-08-30T00:45:15""}",2026-08-31T02:57:28,trend_snapshot_v1,,,,,
2026-08,萬里區,其他人員,1,2,,1,"{""job_deadline_month_max"": ""2036-12"", ""job_deadline_month_min"": ""2026-08"", ""job_updated_month_max"": ""2026-08"", ""job_updated_month_min"": ""2019-08"", ""jobs_downloaded_at"": ""2026-08-30T00:45:24"", ""jobs_reference_date"": ""2026-08-29"", ""jobs_snapshot_as_of"": ""2026-08-30T00:45:24"", ""note"": ""processed_at is excluded from source_date inference."", ""population_downloaded_at"": null, ""population_reference_month"": ""2026-07"", ""population_source_month"": ""2026-07"", ""taiwanjobs_downloaded_at_max"": ""2026-08-30T00:45:24"", ""taiwanjobs_downloaded_at_min"": ""2026-08-30T00:45:15""}",2026-08-31T02:57:28,trend_snapshot_v1,,,,,
2026-08,萬里區,品管／製造／環衛,2,8,30397.5,2,"{""job_deadline_month_max"": ""2036-12"", ""job_deadline_month_min"": ""2026-08"", ""job_updated_month_max"": ""2026-08"", ""job_updated_month_min"": ""2019-08"", ""jobs_downloaded_at"": ""2026-08-30T00:45:24"", ""jobs_reference_date"": ""2026-08-29"", ""jobs_snapshot_as_of"": ""2026-08-30T00:45:24"", ""note"": ""processed_at is excluded from source_date inference."", ""population_downloaded_at"": null, ""population_reference_month"": ""2026-07"", ""population_source_month"": ""2026-07"", ""taiwanjobs_downloaded_at_max"": ""2026-08-30T00:45:24"", ""taiwanjobs_downloaded_at_min"": ""2026-08-30T00:45:15""}",2026-08-31T02:57:28,trend_snapshot_v1,,,,,
2026-08,萬里區,工程／研發／生技,2,3,37500.0,1,"{""job_deadline_month_max"": ""2036-12"", ""job_deadline_month_min"": ""2026-08"", ""job_updated_month_max"": ""2026-08"", ""job_updated_month_min"": ""2019-08"", ""jobs_downloaded_at"": ""2026-08-30T00:45:24"", ""jobs_reference_date"": ""2026-08-29"", ""jobs_snapshot_as_of"": ""2026-08-30T00:45:24"", ""note"": ""processed_at is excluded from source_date inference."", ""population_downloaded_at"": null, ""population_reference_month"": ""2026-07"", ""population_source_month"": ""2026-07"", ""taiwanjobs_downloaded_at_max"": ""2026-08-30T00:45:24"", ""taiwanjobs_downloaded_at_min"": ""2026-08-30T00:45:15""}",2026-08-31T02:57:28,trend_snapshot_v1,,,,,
2026-08,萬里區,技術／維修／操作,4,7,38000.0,3,"{""job_deadline_month_max"": ""2036-12"", ""job_deadline_month_min"": ""2026-08"", ""job_updated_month_max"": ""2026-08"", ""job_updated_month_min"": ""2019-08"", ""jobs_downloaded_at"": ""2026-08-30T00:45:24"", ""jobs_reference_date"": ""2026-08-29"", ""jobs_snapshot_as_of"": ""2026-08-30T00:45:24"", ""note"": ""processed_at is excluded from source_date inference."", ""population_downloaded_at"": null, ""population_reference_month"": ""2026-07"", ""population_source_month"": ""2026-07"", ""taiwanjobs_downloaded_at_max"": ""2026-08-30T00:45:24"", ""taiwanjobs_downloaded_at_min"": ""2026-08-30T00:45:15""}",2026-08-31T02:57:28,trend_snapshot_v1,,,,,
2026-08,萬里區,教育／學術／研究,1,1,35200.0,1,"{""job_deadline_month_max"": ""2036-12"", ""job_deadline_month_min"": ""2026-08"", ""job_updated_month_max"": ""2026-08"", ""job_updated_month_min"": ""2019-08"", ""jobs_downloaded_at"": ""2026-08-30T00:45:24"", ""jobs_reference_date"": ""2026-08-29"", ""jobs_snapshot_as_of"": ""2026-08-30T00:45:24"", ""note"": ""processed_at is excluded from source_date inference."", ""population_downloaded_at"": null, ""population_reference_month"": ""2026-07"", ""population_source_month"": ""2026-07"", ""taiwanjobs_downloaded_at_max"": ""2026-08-30T00:45:24"", ""taiwanjobs_downloaded_at_min"": ""2026-08-30T00:45:15""}",2026-08-31T02:57:28,trend_snapshot_v1,,,,,
2026-08,萬里區,旅遊／餐飲／休閒,17,27,31000.0,5,"{""job_deadline_month_max"": ""2036-12"", ""job_deadline_month_min"": ""2026-08"", ""job_updated_month_max"": ""2026-08"", ""job_updated_month_min"": ""2019-08"", ""jobs_downloaded_at"": ""2026-08-30T00:45:24"", ""jobs_reference_date"": ""2026-08-29"", ""jobs_snapshot_as_of"": ""2026-08-30T00:45:24"", ""note"": ""processed_at is excluded from source_date inference."", ""population_downloaded_at"": null, ""population_reference_month"": ""2026-07"", ""population_source_month"": ""2026-07"", ""taiwanjobs_downloaded_at_max"": ""2026-08-30T00:45:24"", ""taiwanjobs_downloaded_at_min"": ""2026-08-30T00:45:15""}",2026-08-31T02:57:28,trend_snapshot_v1,,,,,
2026-08,萬里區,清潔／家事／托育(保母),2,2,34500.0,2,"{""job_deadline_month_max"": ""2036-12"", ""job_deadline_month_min"": ""2026-08"", ""job_updated_month_max"": ""2026-08"", ""job_updated_month_min"": ""2019-08"", ""jobs_downloaded_at"": ""2026-08-30T00:45:24"", ""jobs_reference_date"": ""2026-08-29"", ""jobs_snapshot_as_of"": ""2026-08-30T00:45:24"", ""note"": ""processed_at is excluded from source_date inference."", ""population_downloaded_at"": null, ""population_reference_month"": ""2026-07"", ""population_source_month"": ""2026-07"", ""taiwanjobs_downloaded_at_max"": ""2026-08-30T00:45:24"", ""taiwanjobs_downloaded_at_min"": ""2026-08-30T00:45:15""}",2026-08-31T02:57:28,trend_snapshot_v1,,,,,
2026-08,萬里區,營建／製圖／施作,3,9,39000.0,3,"{""job_deadline_month_max"": ""2036-12"", ""job_deadline_month_min"": ""2026-08"", ""job_updated_month_max"": ""2026-08"", ""job_updated_month_min"": ""2019-08"", ""jobs_downloaded_at"": ""2026-08-30T00:45:24"", ""jobs_reference_date"": ""2026-08-29"", ""jobs_snapshot_as_of"": ""2026-08-30T00:45:24"", ""note"": ""processed_at is excluded from source_date inference."", ""population_downloaded_at"": null, ""population_reference_month"": ""2026-07"", ""population_source_month"": ""2026-07"", ""taiwanjobs_downloaded_at_max"": ""2026-08-30T00:45:24"", ""taiwanjobs_downloaded_at_min"": ""2026-08-30T00:45:15""}",2026-08-31T02:57:28,trend_snapshot_v1,,,,,
2026-08,萬里區,約僱人員,3,3,,2,"{""job_deadline_month_max"": ""2036-12"", ""job_deadline_month_min"": ""2026-08"", ""job_updated_month_max"": ""2026-08"", ""job_updated_month_min"": ""2019-08"", ""jobs_downloaded_at"": ""2026-08-30T00:45:24"", ""jobs_reference_date"": ""2026-08-29"", ""jobs_snapshot_as_of"": ""2026-08-30T00:45:24"", ""note"": ""processed_at is excluded from source_date inference."", ""population_downloaded_at"": null, ""population_reference_month"": ""2026-07"", ""population_source_month"": ""2026-07"", ""taiwanjobs_downloaded_at_max"": ""2026-08-30T00:45:24"", ""taiwanjobs_downloaded_at_min"": ""2026-08-30T00:45:15""}",2026-08-31T02:57:28,trend_snapshot_v1,,,,,
2026-08,萬里區,行銷／企劃／專案,1,1,33000.0,1,"{""job_deadline_month_max"": ""2036-12"", ""job_deadline_month_min"": ""2026-08"", ""job_updated_month_max"": ""2026-08"", ""job_updated_month_min"": ""2019-08"", ""jobs_downloaded_at"": ""2026-08-30T00:45:24"", ""jobs_reference_date"": ""2026-08-29"", ""jobs_snapshot_as_of"": ""2026-08-30T00:45:24"", ""note"": ""processed_at is excluded from source_date inference."", ""population_downloaded_at"": null, ""population_reference_month"": ""2026-07"", ""population_source_month"": ""2026-07"", ""taiwanjobs_downloaded_at_max"": ""2026-08-30T00:45:24"", ""taiwanjobs_downloaded_at_min"": ""2026-08-30T00:45:15""}",2026-08-31T02:57:28,trend_snapshot_v1,,,,,
2026-08,萬里區,財務／金融／保險,1,1,40500.0,1,"{""job_deadline_month_max"": ""2036-12"", ""job_deadline_month_min"": ""2026-08"", ""job_updated_month_max"": ""2026-08"", ""job_updated_month_min"": ""2019-08"", ""jobs_downloaded_at"": ""2026-08-30T00:45:24"", ""jobs_reference_date"": ""2026-08-29"", ""jobs_snapshot_as_of"": ""2026-08-30T00:45:24"", ""note"": ""processed_at is excluded from source_date inference."", ""population_downloaded_at"": null, ""population_reference_month"": ""2026-07"", ""population_source_month"": ""2026-07"", ""taiwanjobs_downloaded_at_max"": ""2026-08-30T00:45:24"", ""taiwanjobs_downloaded_at_min"": ""2026-08-30T00:45:15""}",2026-08-31T02:57:28,trend_snapshot_v1,,,,,
2026-08,萬里區,農林漁牧相關,5,17,31400.0,4,"{""job_deadline_month_max"": ""2036-12"", ""job_deadline_month_min"": ""2026-08"", ""job_updated_month_max"": ""2026-08"", ""job_updated_month_min"": ""2019-08"", ""jobs_downloaded_at"": ""2026-08-30T00:45:24"", ""jobs_reference_date"": ""2026-08-29"", ""jobs_snapshot_as_of"": ""2026-08-30T00:45:24"", ""note"": ""processed_at is excluded from source_date inference."", ""population_downloaded_at"": null, ""population_reference_month"": ""2026-07"", ""population_source_month"": ""2026-07"", ""taiwanjobs_downloaded_at_max"": ""2026-08-30T00:45:24"", ""taiwanjobs_downloaded_at_min"": ""2026-08-30T00:45:15""}",2026-08-31T02:57:28,trend_snapshot_v1,,,,,
2026-08,萬里區,醫療／美容／保健,3,12,37250.0,3,"{""job_deadline_month_max"": ""2036-12"", ""job_deadline_month_min"": ""2026-08"", ""job_updated_month_max"": ""2026-08"", ""job_updated_month_min"": ""2019-08"", ""jobs_downloaded_at"": ""2026-08-30T00:45:24"", ""jobs_reference_date"": ""2026-08-29"", ""jobs_snapshot_as_of"": ""2026-08-30T00:45:24"", ""note"": ""processed_at is excluded from source_date inference."", ""population_downloaded_at"": null, ""population_reference_month"": ""2026-07"", ""population_source_month"": ""2026-07"", ""taiwanjobs_downloaded_at_max"": ""2026-08-30T00:45:24"", ""taiwanjobs_downloaded_at_min"": ""2026-08-30T00:45:15""}",2026-08-31T02:57:28,trend_snapshot_v1,,,,,
2026-08,蘆洲區,一般人員,1,1,,1,"{""job_deadline_month_max"": ""2036-12"", ""job_deadline_month_min"": ""2026-08"", ""job_updated_month_max"": ""2026-08"", ""job_updated_month_min"": ""2019-08"", ""jobs_downloaded_at"": ""2026-08-30T00:45:24"", ""jobs_reference_date"": ""2026-08-29"", ""jobs_snapshot_as_of"": ""2026-08-30T00:45:24"", ""note"": ""processed_at is excluded from source_date inference."", ""population_downloaded_at"": null, ""population_reference_month"": ""2026-07"", ""population_source_month"": ""2026-07"", ""taiwanjobs_downloaded_at_max"": ""2026-08-30T00:45:24"", ""taiwanjobs_downloaded_at_min"": ""2026-08-30T00:45:15""}",2026-08-31T02:57:28,trend_snapshot_v1,,,,,
2026-08,蘆洲區,保全／軍警消,3,9,34750.0,1,"{""job_deadline_month_max"": ""2036-12"", ""job_deadline_month_min"": ""2026-08"", ""job_updated_month_max"": ""2026-08"", ""job_updated_month_min"": ""2019-08"", ""jobs_downloaded_at"": ""2026-08-30T00:45:24"", ""jobs_reference_date"": ""2026-08-29"", ""jobs_snapshot_as_of"": ""2026-08-30T00:45:24"", ""note"": ""processed_at is excluded from source_date inference."", ""population_downloaded_at"": null, ""population_reference_month"": ""2026-07"", ""population_source_month"": ""2026-07"", ""taiwanjobs_downloaded_at_max"": ""2026-08-30T00:45:24"", ""taiwanjobs_downloaded_at_min"": ""2026-08-30T00:45:15""}",2026-08-31T02:57:28,trend_snapshot_v1,,,,,
2026-08,蘆洲區,其他人員,2,2,,1,"{""job_deadline_month_max"": ""2036-12"", ""job_deadline_month_min"": ""2026-08"", ""job_updated_month_max"": ""2026-08"", ""job_updated_month_min"": ""2019-08"", ""jobs_downloaded_at"": ""2026-08-30T00:45:24"", ""jobs_reference_date"": ""2026-08-29"", ""jobs_snapshot_as_of"": ""2026-08-30T00:45:24"", ""note"": ""processed_at is excluded from source_date inference."", ""population_downloaded_at"": null, ""population_reference_month"": ""2026-07"", ""population_source_month"": ""2026-07"", ""taiwanjobs_downloaded_at_max"": ""2026-08-30T00:45:24"", ""taiwanjobs_downloaded_at_min"": ""2026-08-30T00:45:15""}",2026-08-31T02:57:28,trend_snapshot_v1,,,,,
2026-08,蘆洲區,品管／製造／環衛,2,4,31250.0,2,"{""job_deadline_month_max"": ""2036-12"", ""job_deadline_month_min"": ""2026-08"", ""job_updated_month_max"": ""2026-08"", ""job_updated_month_min"": ""2019-08"", ""jobs_downloaded_at"": ""2026-08-30T00:45:24"", ""jobs_reference_date"": ""2026-08-29"", ""jobs_snapshot_as_of"": ""2026-08-30T00:45:24"", ""note"": ""processed_at is excluded from source_date inference."", ""population_downloaded_at"": null, ""population_reference_month"": ""2026-07"", ""population_source_month"": ""2026-07"", ""taiwanjobs_downloaded_at_max"": ""2026-08-30T00:45:24"", ""taiwanjobs_downloaded_at_min"": ""2026-08-30T00:45:15""}",2026-08-31T02:57:28,trend_snapshot_v1,,,,,
2026-08,蘆洲區,客服／門市,5,5,31500.0,3,"{""job_deadline_month_max"": ""2036-12"", ""job_deadline_month_min"": ""2026-08"", ""job_updated_month_max"": ""2026-08"", ""job_updated_month_min"": ""2019-08"", ""jobs_downloaded_at"": ""2026-08-30T00:45:24"", ""jobs_reference_date"": ""2026-08-29"", ""jobs_snapshot_as_of"": ""2026-08-30T00:45:24"", ""note"": ""processed_at is excluded from source_date inference."", ""population_downloaded_at"": null, ""population_reference_month"": ""2026-07"", ""population_source_month"": ""2026-07"", ""taiwanjobs_downloaded_at_max"": ""2026-08-30T00:45:24"", ""taiwanjobs_downloaded_at_min"": ""2026-08-30T00:45:15""}",2026-08-31T02:57:28,trend_snapshot_v1,,,,,
2026-08,蘆洲區,技術／維修／操作,3,25,34965.0,3,"{""job_deadline_month_max"": ""2036-12"", ""job_deadline_month_min"": ""2026-08"", ""job_updated_month_max"": ""2026-08"", ""job_updated_month_min"": ""2019-08"", ""jobs_downloaded_at"": ""2026-08-30T00:45:24"", ""jobs_reference_date"": ""2026-08-29"", ""jobs_snapshot_as_of"": ""2026-08-30T00:45:24"", ""note"": ""processed_at is excluded from source_date inference."", ""population_downloaded_at"": null, ""population_reference_month"": ""2026-07"", ""population_source_month"": ""2026-07"", ""taiwanjobs_downloaded_at_max"": ""2026-08-30T00:45:24"", ""taiwanjobs_downloaded_at_min"": ""2026-08-30T00:45:15""}",2026-08-31T02:57:28,trend_snapshot_v1,,,,,
2026-08,蘆洲區,教育人員,1,1,,1,"{""job_deadline_month_max"": ""2036-12"", ""job_deadline_month_min"": ""2026-08"", ""job_updated_month_max"": ""2026-08"", ""job_updated_month_min"": ""2019-08"", ""jobs_downloaded_at"": ""2026-08-30T00:45:24"", ""jobs_reference_date"": ""2026-08-29"", ""jobs_snapshot_as_of"": ""2026-08-30T00:45:24"", ""note"": ""processed_at is excluded from source_date inference."", ""population_downloaded_at"": null, ""population_reference_month"": ""2026-07"", ""population_source_month"": ""2026-07"", ""taiwanjobs_downloaded_at_max"": ""2026-08-30T00:45:24"", ""taiwanjobs_downloaded_at_min"": ""2026-08-30T00:45:15""}",2026-08-31T02:57:28,trend_snapshot_v1,,,,,
2026-08,蘆洲區,教育／學術／研究,1,1,,1,"{""job_deadline_month_max"": ""2036-12"", ""job_deadline_month_min"": ""2026-08"", ""job_updated_month_max"": ""2026-08"", ""job_updated_month_min"": ""2019-08"", ""jobs_downloaded_at"": ""2026-08-30T00:45:24"", ""jobs_reference_date"": ""2026-08-29"", ""jobs_snapshot_as_of"": ""2026-08-30T00:45:24"", ""note"": ""processed_at is excluded from source_date inference."", ""population_downloaded_at"": null, ""population_reference_month"": ""2026-07"", ""population_source_month"": ""2026-07"", ""taiwanjobs_downloaded_at_max"": ""2026-08-30T00:45:24"", ""taiwanjobs_downloaded_at_min"": ""2026-08-30T00:45:15""}",2026-08-31T02:57:28,trend_snapshot_v1,,,,,
2026-08,蘆洲區,旅遊／餐飲／休閒,7,20,36000.0,3,"{""job_deadline_month_max"": ""2036-12"", ""job_deadline_month_min"": ""2026-08"", ""job_updated_month_max"": ""2026-08"", ""job_updated_month_min"": ""2019-08"", ""jobs_downloaded_at"": ""2026-08-30T00:45:24"", ""jobs_reference_date"": ""2026-08-29"", ""jobs_snapshot_as_of"": ""2026-08-30T00:45:24"", ""note"": ""processed_at is excluded from source_date inference."", ""population_downloaded_at"": null, ""population_reference_month"": ""2026-07"", ""population_source_month"": ""2026-07"", ""taiwanjobs_downloaded_at_max"": ""2026-08-30T00:45:24"", ""taiwanjobs_downloaded_at_min"": ""2026-08-30T00:45:15""}",2026-08-31T02:57:28,trend_snapshot_v1,,,,,
2026-08,蘆洲區,清潔／家事／托育(保母),5,6,34500.0,4,"{""job_deadline_month_max"": ""2036-12"", ""job_deadline_month_min"": ""2026-08"", ""job_updated_month_max"": ""2026-08"", ""job_updated_month_min"": ""2019-08"", ""jobs_downloaded_at"": ""2026-08-30T00:45:24"", ""jobs_reference_date"": ""2026-08-29"", ""jobs_snapshot_as_of"": ""2026-08-30T00:45:24"", ""note"": ""processed_at is excluded from source_date inference."", ""population_downloaded_at"": null, ""population_reference_month"": ""2026-07"", ""population_source_month"": ""2026-07"", ""taiwanjobs_downloaded_at_max"": ""2026-08-30T00:45:24"", ""taiwanjobs_downloaded_at_min"": ""2026-08-30T00:45:15""}",2026-08-31T02:57:28,trend_snapshot_v1,,,,,
2026-08,蘆洲區,營建／製圖／施作,3,9,40000.0,2,"{""job_deadline_month_max"": ""2036-12"", ""job_deadline_month_min"": ""2026-08"", ""job_updated_month_max"": ""2026-08"", ""job_updated_month_min"": ""2019-08"", ""jobs_downloaded_at"": ""2026-08-30T00:45:24"", ""jobs_reference_date"": ""2026-08-29"", ""jobs_snapshot_as_of"": ""2026-08-30T00:45:24"", ""note"": ""processed_at is excluded from source_date inference."", ""population_downloaded_at"": null, ""population_reference_month"": ""2026-07"", ""population_source_month"": ""2026-07"", ""taiwanjobs_downloaded_at_max"": ""2026-08-30T00:45:24"", ""taiwanjobs_downloaded_at_min"": ""2026-08-30T00:45:15""}",2026-08-31T02:57:28,trend_snapshot_v1,,,,,
2026-08,蘆洲區,物流／運輸／資材,4,24,34000.0,3,"{""job_deadline_month_max"": ""2036-12"", ""job_deadline_month_min"": ""2026-08"", ""job_updated_month_max"": ""2026-08"", ""job_updated_month_min"": ""2019-08"", ""jobs_downloaded_at"": ""2026-08-30T00:45:24"", ""jobs_reference_date"": ""2026-08-29"", ""jobs_snapshot_as_of"": ""2026-08-30T00:45:24"", ""note"": ""processed_at is excluded from source_date inference."", ""population_downloaded_at"": null, ""population_reference_month"": ""2026-07"", ""population_source_month"": ""2026-07"", ""taiwanjobs_downloaded_at_max"": ""2026-08-30T00:45:24"", ""taiwanjobs_downloaded_at_min"": ""2026-08-30T00:45:15""}",2026-08-31T02:57:28,trend_snapshot_v1,,,,,
2026-08,蘆洲區,約僱人員,4,4,,3,"{""job_deadline_month_max"": ""2036-12"", ""job_deadline_month_min"": ""2026-08"", ""job_updated_month_max"": ""2026-08"", ""job_updated_month_min"": ""2019-08"", ""jobs_downloaded_at"": ""2026-08-30T00:45:24"", ""jobs_reference_date"": ""2026-08-29"", ""jobs_snapshot_as_of"": ""2026-08-30T00:45:24"", ""note"": ""processed_at is excluded from source_date inference."", ""population_downloaded_at"": null, ""population_reference_month"": ""2026-07"", ""population_source_month"": ""2026-07"", ""taiwanjobs_downloaded_at_max"": ""2026-08-30T00:45:24"", ""taiwanjobs_downloaded_at_min"": ""2026-08-30T00:45:15""}",2026-08-31T02:57:28,trend_snapshot_v1,,,,,
2026-08,蘆洲區,聘用人員,1,1,,1,"{""job_deadline_month_max"": ""2036-12"", ""job_deadline_month_min"": ""2026-08"", ""job_updated_month_max"": ""2026-08"", ""job_updated_month_min"": ""2019-08"", ""jobs_downloaded_at"": ""2026-08-30T00:45:24"", ""jobs_reference_date"": ""2026-08-29"", ""jobs_snapshot_as_of"": ""2026-08-30T00:45:24"", ""note"": ""processed_at is excluded from source_date inference."", ""population_downloaded_at"": null, ""population_reference_month"": ""2026-07"", ""population_source_month"": ""2026-07"", ""taiwanjobs_downloaded_at_max"": ""2026-08-30T00:45:24"", ""taiwanjobs_downloaded_at_min"": ""2026-08-30T00:45:15""}",2026-08-31T02:57:28,trend_snapshot_v1,,,,,
2026-08,蘆洲區,行銷／企劃／專案,2,2,46500.0,1,"{""job_deadline_month_max"": ""2036-12"", ""job_deadline_month_min"": ""2026-08"", ""job_updated_month_max"": ""2026-08"", ""job_updated_month_min"": ""2019-08"", ""jobs_downloaded_at"": ""2026-08-30T00:45:24"", ""jobs_reference_date"": ""2026-08-29"", ""jobs_snapshot_as_of"": ""2026-08-30T00:45:24"", ""note"": ""processed_at is excluded from source_date inference."", ""population_downloaded_at"": null, ""population_reference_month"": ""2026-07"", ""population_source_month"": ""2026-07"", ""taiwanjobs_downloaded_at_max"": ""2026-08-30T00:45:24"", ""taiwanjobs_downloaded_at_min"": ""2026-08-30T00:45:15""}",2026-08-31T02:57:28,trend_snapshot_v1,,,,,
2026-08,蘆洲區,醫療／美容／保健,11,90,33500.0,8,"{""job_deadline_month_max"": ""2036-12"", ""job_deadline_month_min"": ""2026-08"", ""job_updated_month_max"": ""2026-08"", ""job_updated_month_min"": ""2019-08"", ""jobs_downloaded_at"": ""2026-08-30T00:45:24"", ""jobs_reference_date"": ""2026-08-29"", ""jobs_snapshot_as_of"": ""2026-08-30T00:45:24"", ""note"": ""processed_at is excluded from source_date inference."", ""population_downloaded_at"": null, ""population_reference_month"": ""2026-07"", ""population_source_month"": ""2026-07"", ""taiwanjobs_downloaded_at_max"": ""2026-08-30T00:45:24"", ""taiwanjobs_downloaded_at_min"": ""2026-08-30T00:45:15""}",2026-08-31T02:57:28,trend_snapshot_v1,,,,,
2026-08,貢寮區,其他職類,1,2,29600.0,1,"{""job_deadline_month_max"": ""2036-12"", ""job_deadline_month_min"": ""2026-08"", ""job_updated_month_max"": ""2026-08"", ""job_updated_month_min"": ""2019-08"", ""jobs_downloaded_at"": ""2026-08-30T00:45:24"", ""jobs_reference_date"": ""2026-08-29"", ""jobs_snapshot_as_of"": ""2026-08-30T00:45:24"", ""note"": ""processed_at is excluded from source_date inference."", ""population_downloaded_at"": null, ""population_reference_month"": ""2026-07"", ""population_source_month"": ""2026-07"", ""taiwanjobs_downloaded_at_max"": ""2026-08-30T00:45:24"", ""taiwanjobs_downloaded_at_min"": ""2026-08-30T00:45:15""}",2026-08-31T02:57:28,trend_snapshot_v1,,,,,
2026-08,貢寮區,旅遊／餐飲／休閒,4,12,35250.0,3,"{""job_deadline_month_max"": ""2036-12"", ""job_deadline_month_min"": ""2026-08"", ""job_updated_month_max"": ""2026-08"", ""job_updated_month_min"": ""2019-08"", ""jobs_downloaded_at"": ""2026-08-30T00:45:24"", ""jobs_reference_date"": ""2026-08-29"", ""jobs_snapshot_as_of"": ""2026-08-30T00:45:24"", ""note"": ""processed_at is excluded from source_date inference."", ""population_downloaded_at"": null, ""population_reference_month"": ""2026-07"", ""population_source_month"": ""2026-07"", ""taiwanjobs_downloaded_at_max"": ""2026-08-30T00:45:24"", ""taiwanjobs_downloaded_at_min"": ""2026-08-30T00:45:15""}",2026-08-31T02:57:28,trend_snapshot_v1,,,,,
2026-08,貢寮區,物流／運輸／資材,1,1,,1,"{""job_deadline_month_max"": ""2036-12"", ""job_deadline_month_min"": ""2026-08"", ""job_updated_month_max"": ""2026-08"", ""job_updated_month_min"": ""2019-08"", ""jobs_downloaded_at"": ""2026-08-30T00:45:24"", ""jobs_reference_date"": ""2026-08-29"", ""jobs_snapshot_as_of"": ""2026-08-30T00:45:24"", ""note"": ""processed_at is excluded from source_date inference."", ""population_downloaded_at"": null, ""population_reference_month"": ""2026-07"", ""population_source_month"": ""2026-07"", ""taiwanjobs_downloaded_at_max"": ""2026-08-30T00:45:24"", ""taiwanjobs_downloaded_at_min"": ""2026-08-30T00:45:15""}",2026-08-31T02:57:28,trend_snapshot_v1,,,,,
2026-08,貢寮區,約僱人員,1,1,,1,"{""job_deadline_month_max"": ""2036-12"", ""job_deadline_month_min"": ""2026-08"", ""job_updated_month_max"": ""2026-08"", ""job_updated_month_min"": ""2019-08"", ""jobs_downloaded_at"": ""2026-08-30T00:45:24"", ""jobs_reference_date"": ""2026-08-29"", ""jobs_snapshot_as_of"": ""2026-08-30T00:45:24"", ""note"": ""processed_at is excluded from source_date inference."", ""population_downloaded_at"": null, ""population_reference_month"": ""2026-07"", ""population_source_month"": ""2026-07"", ""taiwanjobs_downloaded_at_max"": ""2026-08-30T00:45:24"", ""taiwanjobs_downloaded_at_min"": ""2026-08-30T00:45:15""}",2026-08-31T02:57:28,trend_snapshot_v1,,,,,
2026-08,貢寮區,資訊／軟體／系統,1,3,34750.0,1,"{""job_deadline_month_max"": ""2036-12"", ""job_deadline_month_min"": ""2026-08"", ""job_updated_month_max"": ""2026-08"", ""job_updated_month_min"": ""2019-08"", ""jobs_downloaded_at"": ""2026-08-30T00:45:24"", ""jobs_reference_date"": ""2026-08-29"", ""jobs_snapshot_as_of"": ""2026-08-30T00:45:24"", ""note"": ""processed_at is excluded from source_date inference."", ""population_downloaded_at"": null, ""population_reference_month"": ""2026-07"", ""population_source_month"": ""2026-07"", ""taiwanjobs_downloaded_at_max"": ""2026-08-30T00:45:24"", ""taiwanjobs_downloaded_at_min"": ""2026-08-30T00:45:15""}",2026-08-31T02:57:28,trend_snapshot_v1,,,,,
2026-08,貢寮區,農林漁牧相關,1,8,31400.0,1,"{""job_deadline_month_max"": ""2036-12"", ""job_deadline_month_min"": ""2026-08"", ""job_updated_month_max"": ""2026-08"", ""job_updated_month_min"": ""2019-08"", ""jobs_downloaded_at"": ""2026-08-30T00:45:24"", ""jobs_reference_date"": ""2026-08-29"", ""jobs_snapshot_as_of"": ""2026-08-30T00:45:24"", ""note"": ""processed_at is excluded from source_date inference."", ""population_downloaded_at"": null, ""population_reference_month"": ""2026-07"", ""population_source_month"": ""2026-07"", ""taiwanjobs_downloaded_at_max"": ""2026-08-30T00:45:24"", ""taiwanjobs_downloaded_at_min"": ""2026-08-30T00:45:15""}",2026-08-31T02:57:28,trend_snapshot_v1,,,,,
2026-08,貢寮區,醫療／美容／保健,1,2,,1,"{""job_deadline_month_max"": ""2036-12"", ""job_deadline_month_min"": ""2026-08"", ""job_updated_month_max"": ""2026-08"", ""job_updated_month_min"": ""2019-08"", ""jobs_downloaded_at"": ""2026-08-30T00:45:24"", ""jobs_reference_date"": ""2026-08-29"", ""jobs_snapshot_as_of"": ""2026-08-30T00:45:24"", ""note"": ""processed_at is excluded from source_date inference."", ""population_downloaded_at"": null, ""population_reference_month"": ""2026-07"", ""population_source_month"": ""2026-07"", ""taiwanjobs_downloaded_at_max"": ""2026-08-30T00:45:24"", ""taiwanjobs_downloaded_at_min"": ""2026-08-30T00:45:15""}",2026-08-31T02:57:28,trend_snapshot_v1,,,,,
2026-08,金山區,一般人員,5,5,,1,"{""job_deadline_month_max"": ""2036-12"", ""job_deadline_month_min"": ""2026-08"", ""job_updated_month_max"": ""2026-08"", ""job_updated_month_min"": ""2019-08"", ""jobs_downloaded_at"": ""2026-08-30T00:45:24"", ""jobs_reference_date"": ""2026-08-29"", ""jobs_snapshot_as_of"": ""2026-08-30T00:45:24"", ""note"": ""processed_at is excluded from source_date inference."", ""population_downloaded_at"": null, ""population_reference_month"": ""2026-07"", ""population_source_month"": ""2026-07"", ""taiwanjobs_downloaded_at_max"": ""2026-08-30T00:45:24"", ""taiwanjobs_downloaded_at_min"": ""2026-08-30T00:45:15""}",2026-08-31T02:57:28,trend_snapshot_v1,,,,,
2026-08,金山區,保全／軍警消,2,5,39000.0,2,"{""job_deadline_month_max"": ""2036-12"", ""job_deadline_month_min"": ""2026-08"", ""job_updated_month_max"": ""2026-08"", ""job_updated_month_min"": ""2019-08"", ""jobs_downloaded_at"": ""2026-08-30T00:45:24"", ""jobs_reference_date"": ""2026-08-29"", ""jobs_snapshot_as_of"": ""2026-08-30T00:45:24"", ""note"": ""processed_at is excluded from source_date inference."", ""population_downloaded_at"": null, ""population_reference_month"": ""2026-07"", ""population_source_month"": ""2026-07"", ""taiwanjobs_downloaded_at_max"": ""2026-08-30T00:45:24"", ""taiwanjobs_downloaded_at_min"": ""2026-08-30T00:45:15""}",2026-08-31T02:57:28,trend_snapshot_v1,,,,,
2026-08,金山區,品管／製造／環衛,2,2,32500.0,1,"{""job_deadline_month_max"": ""2036-12"", ""job_deadline_month_min"": ""2026-08"", ""job_updated_month_max"": ""2026-08"", ""job_updated_month_min"": ""2019-08"", ""jobs_downloaded_at"": ""2026-08-30T00:45:24"", ""jobs_reference_date"": ""2026-08-29"", ""jobs_snapshot_as_of"": ""2026-08-30T00:45:24"", ""note"": ""processed_at is excluded from source_date inference."", ""population_downloaded_at"": null, ""population_reference_month"": ""2026-07"", ""population_source_month"": ""2026-07"", ""taiwanjobs_downloaded_at_max"": ""2026-08-30T00:45:24"", ""taiwanjobs_downloaded_at_min"": ""2026-08-30T00:45:15""}",2026-08-31T02:57:28,trend_snapshot_v1,,,,,
2026-08,金山區,客服／門市,1,1,29500.0,1,"{""job_deadline_month_max"": ""2036-12"", ""job_deadline_month_min"": ""2026-08"", ""job_updated_month_max"": ""2026-08"", ""job_updated_month_min"": ""2019-08"", ""jobs_downloaded_at"": ""2026-08-30T00:45:24"", ""jobs_reference_date"": ""2026-08-29"", ""jobs_snapshot_as_of"": ""2026-08-30T00:45:24"", ""note"": ""processed_at is excluded from source_date inference."", ""population_downloaded_at"": null, ""population_reference_month"": ""2026-07"", ""population_source_month"": ""2026-07"", ""taiwanjobs_downloaded_at_max"": ""2026-08-30T00:45:24"", ""taiwanjobs_downloaded_at_min"": ""2026-08-30T00:45:15""}",2026-08-31T02:57:28,trend_snapshot_v1,,,,,
2026-08,金山區,工程／研發／生技,1,1,32500.0,1,"{""job_deadline_month_max"": ""2036-12"", ""job_deadline_month_min"": ""2026-08"", ""job_updated_month_max"": ""2026-08"", ""job_updated_month_min"": ""2019-08"", ""jobs_downloaded_at"": ""2026-08-30T00:45:24"", ""jobs_reference_date"": ""2026-08-29"", ""jobs_snapshot_as_of"": ""2026-08-30T00:45:24"", ""note"": ""processed_at is excluded from source_date inference."", ""population_downloaded_at"": null, ""population_reference_month"": ""2026-07"", ""population_source_month"": ""2026-07"", ""taiwanjobs_downloaded_at_max"": ""2026-08-30T00:45:24"", ""taiwanjobs_downloaded_at_min"": ""2026-08-30T00:45:15""}",2026-08-31T02:57:28,trend_snapshot_v1,,,,,
2026-08,金山區,技術／維修／操作,3,11,50125.0,3,"{""job_deadline_month_max"": ""2036-12"", ""job_deadline_month_min"": ""2026-08"", ""job_updated_month_max"": ""2026-08"", ""job_updated_month_min"": ""2019-08"", ""jobs_downloaded_at"": ""2026-08-30T00:45:24"", ""jobs_reference_date"": ""2026-08-29"", ""jobs_snapshot_as_of"": ""2026-08-30T00:45:24"", ""note"": ""processed_at is excluded from source_date inference."", ""population_downloaded_at"": null, ""population_reference_month"": ""2026-07"", ""population_source_month"": ""2026-07"", ""taiwanjobs_downloaded_at_max"": ""2026-08-30T00:45:24"", ""taiwanjobs_downloaded_at_min"": ""2026-08-30T00:45:15""}",2026-08-31T02:57:28,trend_snapshot_v1,,,,,
2026-08,金山區,教育／學術／研究,1,1,34200.0,1,"{""job_deadline_month_max"": ""2036-12"", ""job_deadline_month_min"": ""2026-08"", ""job_updated_month_max"": ""2026-08"", ""job_updated_month_min"": ""2019-08"", ""jobs_downloaded_at"": ""2026-08-30T00:45:24"", ""jobs_reference_date"": ""2026-08-29"", ""jobs_snapshot_as_of"": ""2026-08-30T00:45:24"", ""note"": ""processed_at is excluded from source_date inference."", ""population_downloaded_at"": null, ""population_reference_month"": ""2026-07"", ""population_source_month"": ""2026-07"", ""taiwanjobs_downloaded_at_max"": ""2026-08-30T00:45:24"", ""taiwanjobs_downloaded_at_min"": ""2026-08-30T00:45:15""}",2026-08-31T02:57:28,trend_snapshot_v1,,,,,
2026-08,金山區,旅遊／餐飲／休閒,8,45,34000.0,3,"{""job_deadline_month_max"": ""2036-12"", ""job_deadline_month_min"": ""2026-08"", ""job_updated_month_max"": ""2026-08"", ""job_updated_month_min"": ""2019-08"", ""jobs_downloaded_at"": ""2026-08-30T00:45:24"", ""jobs_reference_date"": ""2026-08-29"", ""jobs_snapshot_as_of"": ""2026-08-30T00:45:24"", ""note"": ""processed_at is excluded from source_date inference."", ""population_downloaded_at"": null, ""population_reference_month"": ""2026-07"", ""population_source_month"": ""2026-07"", ""taiwanjobs_downloaded_at_max"": ""2026-08-30T00:45:24"", ""taiwanjobs_downloaded_at_min"": ""2026-08-30T00:45:15""}",2026-08-31T02:57:28,trend_snapshot_v1,,,,,
2026-08,金山區,清潔／家事／托育(保母),1,1,,1,"{""job_deadline_month_max"": ""2036-12"", ""job_deadline_month_min"": ""2026-08"", ""job_updated_month_max"": ""2026-08"", ""job_updated_month_min"": ""2019-08"", ""jobs_downloaded_at"": ""2026-08-30T00:45:24"", ""jobs_reference_date"": ""2026-08-29"", ""jobs_snapshot_as_of"": ""2026-08-30T00:45:24"", ""note"": ""processed_at is excluded from source_date inference."", ""population_downloaded_at"": null, ""population_reference_month"": ""2026-07"", ""population_source_month"": ""2026-07"", ""taiwanjobs_downloaded_at_max"": ""2026-08-30T00:45:24"", ""taiwanjobs_downloaded_at_min"": ""2026-08-30T00:45:15""}",2026-08-31T02:57:28,trend_snapshot_v1,,,,,
2026-08,金山區,營建／製圖／施作,2,3,32000.0,2,"{""job_deadline_month_max"": ""2036-12"", ""job_deadline_month_min"": ""2026-08"", ""job_updated_month_max"": ""2026-08"", ""job_updated_month_min"": ""2019-08"", ""jobs_downloaded_at"": ""2026-08-30T00:45:24"", ""jobs_reference_date"": ""2026-08-29"", ""jobs_snapshot_as_of"": ""2026-08-30T00:45:24"", ""note"": ""processed_at is excluded from source_date inference."", ""population_downloaded_at"": null, ""population_reference_month"": ""2026-07"", ""population_source_month"": ""2026-07"", ""taiwanjobs_downloaded_at_max"": ""2026-08-30T00:45:24"", ""taiwanjobs_downloaded_at_min"": ""2026-08-30T00:45:15""}",2026-08-31T02:57:28,trend_snapshot_v1,,,,,
2026-08,金山區,物流／運輸／資材,1,1,,1,"{""job_deadline_month_max"": ""2036-12"", ""job_deadline_month_min"": ""2026-08"", ""job_updated_month_max"": ""2026-08"", ""job_updated_month_min"": ""2019-08"", ""jobs_downloaded_at"": ""2026-08-30T00:45:24"", ""jobs_reference_date"": ""2026-08-29"", ""jobs_snapshot_as_of"": ""2026-08-30T00:45:24"", ""note"": ""processed_at is excluded from source_date inference."", ""population_downloaded_at"": null, ""population_reference_month"": ""2026-07"", ""population_source_month"": ""2026-07"", ""taiwanjobs_downloaded_at_max"": ""2026-08-30T00:45:24"", ""taiwanjobs_downloaded_at_min"": ""2026-08-30T00:45:15""}",2026-08-31T02:57:28,trend_snapshot_v1,,,,,
2026-08,金山區,經營／行政／總務,3,3,33300.0,2,"{""job_deadline_month_max"": ""2036-12"", ""job_deadline_month_min"": ""2026-08"", ""job_updated_month_max"": ""2026-08"", ""job_updated_month_min"": ""2019-08"", ""jobs_downloaded_at"": ""2026-08-30T00:45:24"", ""jobs_reference_date"": ""2026-08-29"", ""jobs_snapshot_as_of"": ""2026-08-30T00:45:24"", ""note"": ""processed_at is excluded from source_date inference."", ""population_downloaded_at"": null, ""population_reference_month"": ""2026-07"", ""population_source_month"": ""2026-07"", ""taiwanjobs_downloaded_at_max"": ""2026-08-30T00:45:24"", ""taiwanjobs_downloaded_at_min"": ""2026-08-30T00:45:15""}",2026-08-31T02:57:28,trend_snapshot_v1,,,,,
2026-08,金山區,財務／金融／保險,1,1,32000.0,1,"{""job_deadline_month_max"": ""2036-12"", ""job_deadline_month_min"": ""2026-08"", ""job_updated_month_max"": ""2026-08"", ""job_updated_month_min"": ""2019-08"", ""jobs_downloaded_at"": ""2026-08-30T00:45:24"", ""jobs_reference_date"": ""2026-08-29"", ""jobs_snapshot_as_of"": ""2026-08-30T00:45:24"", ""note"": ""processed_at is excluded from source_date inference."", ""population_downloaded_at"": null, ""population_reference_month"": ""2026-07"", ""population_source_month"": ""2026-07"", ""taiwanjobs_downloaded_at_max"": ""2026-08-30T00:45:24"", ""taiwanjobs_downloaded_at_min"": ""2026-08-30T00:45:15""}",2026-08-31T02:57:28,trend_snapshot_v1,,,,,
2026-08,金山區,農林漁牧相關,4,37,31400.0,4,"{""job_deadline_month_max"": ""2036-12"", ""job_deadline_month_min"": ""2026-08"", ""job_updated_month_max"": ""2026-08"", ""job_updated_month_min"": ""2019-08"", ""jobs_downloaded_at"": ""2026-08-30T00:45:24"", ""jobs_reference_date"": ""2026-08-29"", ""jobs_snapshot_as_of"": ""2026-08-30T00:45:24"", ""note"": ""processed_at is excluded from source_date inference."", ""population_downloaded_at"": null, ""population_reference_month"": ""2026-07"", ""population_source_month"": ""2026-07"", ""taiwanjobs_downloaded_at_max"": ""2026-08-30T00:45:24"", ""taiwanjobs_downloaded_at_min"": ""2026-08-30T00:45:15""}",2026-08-31T02:57:28,trend_snapshot_v1,,,,,
2026-08,金山區,醫療／美容／保健,18,35,35680.0,4,"{""job_deadline_month_max"": ""2036-12"", ""job_deadline_month_min"": ""2026-08"", ""job_updated_month_max"": ""2026-08"", ""job_updated_month_min"": ""2019-08"", ""jobs_downloaded_at"": ""2026-08-30T00:45:24"", ""jobs_reference_date"": ""2026-08-29"", ""jobs_snapshot_as_of"": ""2026-08-30T00:45:24"", ""note"": ""processed_at is excluded from source_date inference."", ""population_downloaded_at"": null, ""population_reference_month"": ""2026-07"", ""population_source_month"": ""2026-07"", ""taiwanjobs_downloaded_at_max"": ""2026-08-30T00:45:24"", ""taiwanjobs_downloaded_at_min"": ""2026-08-30T00:45:15""}",2026-08-31T02:57:28,trend_snapshot_v1,,,,,
2026-08,雙溪區,約僱人員,2,2,,1,"{""job_deadline_month_max"": ""2036-12"", ""job_deadline_month_min"": ""2026-08"", ""job_updated_month_max"": ""2026-08"", ""job_updated_month_min"": ""2019-08"", ""jobs_downloaded_at"": ""2026-08-30T00:45:24"", ""jobs_reference_date"": ""2026-08-29"", ""jobs_snapshot_as_of"": ""2026-08-30T00:45:24"", ""note"": ""processed_at is excluded from source_date inference."", ""population_downloaded_at"": null, ""population_reference_month"": ""2026-07"", ""population_source_month"": ""2026-07"", ""taiwanjobs_downloaded_at_max"": ""2026-08-30T00:45:24"", ""taiwanjobs_downloaded_at_min"": ""2026-08-30T00:45:15""}",2026-08-31T02:57:28,trend_snapshot_v1,,,,,
2026-08,雙溪區,醫療／美容／保健,3,6,34555.0,3,"{""job_deadline_month_max"": ""2036-12"", ""job_deadline_month_min"": ""2026-08"", ""job_updated_month_max"": ""2026-08"", ""job_updated_month_min"": ""2019-08"", ""jobs_downloaded_at"": ""2026-08-30T00:45:24"", ""jobs_reference_date"": ""2026-08-29"", ""jobs_snapshot_as_of"": ""2026-08-30T00:45:24"", ""note"": ""processed_at is excluded from source_date inference."", ""population_downloaded_at"": null, ""population_reference_month"": ""2026-07"", ""population_source_month"": ""2026-07"", ""taiwanjobs_downloaded_at_max"": ""2026-08-30T00:45:24"", ""taiwanjobs_downloaded_at_min"": ""2026-08-30T00:45:15""}",2026-08-31T02:57:28,trend_snapshot_v1,,,,,
2026-08,鶯歌區,一般人員,2,2,,2,"{""job_deadline_month_max"": ""2036-12"", ""job_deadline_month_min"": ""2026-08"", ""job_updated_month_max"": ""2026-08"", ""job_updated_month_min"": ""2019-08"", ""jobs_downloaded_at"": ""2026-08-30T00:45:24"", ""jobs_reference_date"": ""2026-08-29"", ""jobs_snapshot_as_of"": ""2026-08-30T00:45:24"", ""note"": ""processed_at is excluded from source_date inference."", ""population_downloaded_at"": null, ""population_reference_month"": ""2026-07"", ""population_source_month"": ""2026-07"", ""taiwanjobs_downloaded_at_max"": ""2026-08-30T00:45:24"", ""taiwanjobs_downloaded_at_min"": ""2026-08-30T00:45:15""}",2026-08-31T02:57:28,trend_snapshot_v1,,,,,
2026-08,鶯歌區,人資／法務／智財,3,6,35750.0,2,"{""job_deadline_month_max"": ""2036-12"", ""job_deadline_month_min"": ""2026-08"", ""job_updated_month_max"": ""2026-08"", ""job_updated_month_min"": ""2019-08"", ""jobs_downloaded_at"": ""2026-08-30T00:45:24"", ""jobs_reference_date"": ""2026-08-29"", ""jobs_snapshot_as_of"": ""2026-08-30T00:45:24"", ""note"": ""processed_at is excluded from source_date inference."", ""population_downloaded_at"": null, ""population_reference_month"": ""2026-07"", ""population_source_month"": ""2026-07"", ""taiwanjobs_downloaded_at_max"": ""2026-08-30T00:45:24"", ""taiwanjobs_downloaded_at_min"": ""2026-08-30T00:45:15""}",2026-08-31T02:57:28,trend_snapshot_v1,,,,,
2026-08,鶯歌區,保全／軍警消,1,1,42500.0,1,"{""job_deadline_month_max"": ""2036-12"", ""job_deadline_month_min"": ""2026-08"", ""job_updated_month_max"": ""2026-08"", ""job_updated_month_min"": ""2019-08"", ""jobs_downloaded_at"": ""2026-08-30T00:45:24"", ""jobs_reference_date"": ""2026-08-29"", ""jobs_snapshot_as_of"": ""2026-08-30T00:45:24"", ""note"": ""processed_at is excluded from source_date inference."", ""population_downloaded_at"": null, ""population_reference_month"": ""2026-07"", ""population_source_month"": ""2026-07"", ""taiwanjobs_downloaded_at_max"": ""2026-08-30T00:45:24"", ""taiwanjobs_downloaded_at_min"": ""2026-08-30T00:45:15""}",2026-08-31T02:57:28,trend_snapshot_v1,,,,,
2026-08,鶯歌區,其他人員,1,1,,1,"{""job_deadline_month_max"": ""2036-12"", ""job_deadline_month_min"": ""2026-08"", ""job_updated_month_max"": ""2026-08"", ""job_updated_month_min"": ""2019-08"", ""jobs_downloaded_at"": ""2026-08-30T00:45:24"", ""jobs_reference_date"": ""2026-08-29"", ""jobs_snapshot_as_of"": ""2026-08-30T00:45:24"", ""note"": ""processed_at is excluded from source_date inference."", ""population_downloaded_at"": null, ""population_reference_month"": ""2026-07"", ""population_source_month"": ""2026-07"", ""taiwanjobs_downloaded_at_max"": ""2026-08-30T00:45:24"", ""taiwanjobs_downloaded_at_min"": ""2026-08-30T00:45:15""}",2026-08-31T02:57:28,trend_snapshot_v1,,,,,
2026-08,鶯歌區,其他職類,2,10,31800.0,1,"{""job_deadline_month_max"": ""2036-12"", ""job_deadline_month_min"": ""2026-08"", ""job_updated_month_max"": ""2026-08"", ""job_updated_month_min"": ""2019-08"", ""jobs_downloaded_at"": ""2026-08-30T00:45:24"", ""jobs_reference_date"": ""2026-08-29"", ""jobs_snapshot_as_of"": ""2026-08-30T00:45:24"", ""note"": ""processed_at is excluded from source_date inference."", ""population_downloaded_at"": null, ""population_reference_month"": ""2026-07"", ""population_source_month"": ""2026-07"", ""taiwanjobs_downloaded_at_max"": ""2026-08-30T00:45:24"", ""taiwanjobs_downloaded_at_min"": ""2026-08-30T00:45:15""}",2026-08-31T02:57:28,trend_snapshot_v1,,,,,
2026-08,鶯歌區,品管／製造／環衛,14,36,31750.0,5,"{""job_deadline_month_max"": ""2036-12"", ""job_deadline_month_min"": ""2026-08"", ""job_updated_month_max"": ""2026-08"", ""job_updated_month_min"": ""2019-08"", ""jobs_downloaded_at"": ""2026-08-30T00:45:24"", ""jobs_reference_date"": ""2026-08-29"", ""jobs_snapshot_as_of"": ""2026-08-30T00:45:24"", ""note"": ""processed_at is excluded from source_date inference."", ""population_downloaded_at"": null, ""population_reference_month"": ""2026-07"", ""population_source_month"": ""2026-07"", ""taiwanjobs_downloaded_at_max"": ""2026-08-30T00:45:24"", ""taiwanjobs_downloaded_at_min"": ""2026-08-30T00:45:15""}",2026-08-31T02:57:28,trend_snapshot_v1,,,,,
2026-08,鶯歌區,客服／門市,1,2,,1,"{""job_deadline_month_max"": ""2036-12"", ""job_deadline_month_min"": ""2026-08"", ""job_updated_month_max"": ""2026-08"", ""job_updated_month_min"": ""2019-08"", ""jobs_downloaded_at"": ""2026-08-30T00:45:24"", ""jobs_reference_date"": ""2026-08-29"", ""jobs_snapshot_as_of"": ""2026-08-30T00:45:24"", ""note"": ""processed_at is excluded from source_date inference."", ""population_downloaded_at"": null, ""population_reference_month"": ""2026-07"", ""population_source_month"": ""2026-07"", ""taiwanjobs_downloaded_at_max"": ""2026-08-30T00:45:24"", ""taiwanjobs_downloaded_at_min"": ""2026-08-30T00:45:15""}",2026-08-31T02:57:28,trend_snapshot_v1,,,,,
2026-08,鶯歌區,工友,1,1,,1,"{""job_deadline_month_max"": ""2036-12"", ""job_deadline_month_min"": ""2026-08"", ""job_updated_month_max"": ""2026-08"", ""job_updated_month_min"": ""2019-08"", ""jobs_downloaded_at"": ""2026-08-30T00:45:24"", ""jobs_reference_date"": ""2026-08-29"", ""jobs_snapshot_as_of"": ""2026-08-30T00:45:24"", ""note"": ""processed_at is excluded from source_date inference."", ""population_downloaded_at"": null, ""population_reference_month"": ""2026-07"", ""population_source_month"": ""2026-07"", ""taiwanjobs_downloaded_at_max"": ""2026-08-30T00:45:24"", ""taiwanjobs_downloaded_at_min"": ""2026-08-30T00:45:15""}",2026-08-31T02:57:28,trend_snapshot_v1,,,,,
2026-08,鶯歌區,工程／研發／生技,10,24,35000.0,4,"{""job_deadline_month_max"": ""2036-12"", ""job_deadline_month_min"": ""2026-08"", ""job_updated_month_max"": ""2026-08"", ""job_updated_month_min"": ""2019-08"", ""jobs_downloaded_at"": ""2026-08-30T00:45:24"", ""jobs_reference_date"": ""2026-08-29"", ""jobs_snapshot_as_of"": ""2026-08-30T00:45:24"", ""note"": ""processed_at is excluded from source_date inference."", ""population_downloaded_at"": null, ""population_reference_month"": ""2026-07"", ""population_source_month"": ""2026-07"", ""taiwanjobs_downloaded_at_max"": ""2026-08-30T00:45:24"", ""taiwanjobs_downloaded_at_min"": ""2026-08-30T00:45:15""}",2026-08-31T02:57:28,trend_snapshot_v1,,,,,
2026-08,鶯歌區,技術／維修／操作,27,88,34965.0,19,"{""job_deadline_month_max"": ""2036-12"", ""job_deadline_month_min"": ""2026-08"", ""job_updated_month_max"": ""2026-08"", ""job_updated_month_min"": ""2019-08"", ""jobs_downloaded_at"": ""2026-08-30T00:45:24"", ""jobs_reference_date"": ""2026-08-29"", ""jobs_snapshot_as_of"": ""2026-08-30T00:45:24"", ""note"": ""processed_at is excluded from source_date inference."", ""population_downloaded_at"": null, ""population_reference_month"": ""2026-07"", ""population_source_month"": ""2026-07"", ""taiwanjobs_downloaded_at_max"": ""2026-08-30T00:45:24"", ""taiwanjobs_downloaded_at_min"": ""2026-08-30T00:45:15""}",2026-08-31T02:57:28,trend_snapshot_v1,,,,,
2026-08,鶯歌區,教育人員,1,1,,1,"{""job_deadline_month_max"": ""2036-12"", ""job_deadline_month_min"": ""2026-08"", ""job_updated_month_max"": ""2026-08"", ""job_updated_month_min"": ""2019-08"", ""jobs_downloaded_at"": ""2026-08-30T00:45:24"", ""jobs_reference_date"": ""2026-08-29"", ""jobs_snapshot_as_of"": ""2026-08-30T00:45:24"", ""note"": ""processed_at is excluded from source_date inference."", ""population_downloaded_at"": null, ""population_reference_month"": ""2026-07"", ""population_source_month"": ""2026-07"", ""taiwanjobs_downloaded_at_max"": ""2026-08-30T00:45:24"", ""taiwanjobs_downloaded_at_min"": ""2026-08-30T00:45:15""}",2026-08-31T02:57:28,trend_snapshot_v1,,,,,
2026-08,鶯歌區,教育／學術／研究,2,4,38100.0,1,"{""job_deadline_month_max"": ""2036-12"", ""job_deadline_month_min"": ""2026-08"", ""job_updated_month_max"": ""2026-08"", ""job_updated_month_min"": ""2019-08"", ""jobs_downloaded_at"": ""2026-08-30T00:45:24"", ""jobs_reference_date"": ""2026-08-29"", ""jobs_snapshot_as_of"": ""2026-08-30T00:45:24"", ""note"": ""processed_at is excluded from source_date inference."", ""population_downloaded_at"": null, ""population_reference_month"": ""2026-07"", ""population_source_month"": ""2026-07"", ""taiwanjobs_downloaded_at_max"": ""2026-08-30T00:45:24"", ""taiwanjobs_downloaded_at_min"": ""2026-08-30T00:45:15""}",2026-08-31T02:57:28,trend_snapshot_v1,,,,,
2026-08,鶯歌區,旅遊／餐飲／休閒,1,5,32000.0,1,"{""job_deadline_month_max"": ""2036-12"", ""job_deadline_month_min"": ""2026-08"", ""job_updated_month_max"": ""2026-08"", ""job_updated_month_min"": ""2019-08"", ""jobs_downloaded_at"": ""2026-08-30T00:45:24"", ""jobs_reference_date"": ""2026-08-29"", ""jobs_snapshot_as_of"": ""2026-08-30T00:45:24"", ""note"": ""processed_at is excluded from source_date inference."", ""population_downloaded_at"": null, ""population_reference_month"": ""2026-07"", ""population_source_month"": ""2026-07"", ""taiwanjobs_downloaded_at_max"": ""2026-08-30T00:45:24"", ""taiwanjobs_downloaded_at_min"": ""2026-08-30T00:45:15""}",2026-08-31T02:57:28,trend_snapshot_v1,,,,,
2026-08,鶯歌區,業務／貿易／銷售,3,9,31500.0,2,"{""job_deadline_month_max"": ""2036-12"", ""job_deadline_month_min"": ""2026-08"", ""job_updated_month_max"": ""2026-08"", ""job_updated_month_min"": ""2019-08"", ""jobs_downloaded_at"": ""2026-08-30T00:45:24"", ""jobs_reference_date"": ""2026-08-29"", ""jobs_snapshot_as_of"": ""2026-08-30T00:45:24"", ""note"": ""processed_at is excluded from source_date inference."", ""population_downloaded_at"": null, ""population_reference_month"": ""2026-07"", ""population_source_month"": ""2026-07"", ""taiwanjobs_downloaded_at_max"": ""2026-08-30T00:45:24"", ""taiwanjobs_downloaded_at_min"": ""2026-08-30T00:45:15""}",2026-08-31T02:57:28,trend_snapshot_v1,,,,,
2026-08,鶯歌區,清潔／家事／托育(保母),2,7,29500.0,2,"{""job_deadline_month_max"": ""2036-12"", ""job_deadline_month_min"": ""2026-08"", ""job_updated_month_max"": ""2026-08"", ""job_updated_month_min"": ""2019-08"", ""jobs_downloaded_at"": ""2026-08-30T00:45:24"", ""jobs_reference_date"": ""2026-08-29"", ""jobs_snapshot_as_of"": ""2026-08-30T00:45:24"", ""note"": ""processed_at is excluded from source_date inference."", ""population_downloaded_at"": null, ""population_reference_month"": ""2026-07"", ""population_source_month"": ""2026-07"", ""taiwanjobs_downloaded_at_max"": ""2026-08-30T00:45:24"", ""taiwanjobs_downloaded_at_min"": ""2026-08-30T00:45:15""}",2026-08-31T02:57:28,trend_snapshot_v1,,,,,
2026-08,鶯歌區,營建／製圖／施作,3,15,37500.0,2,"{""job_deadline_month_max"": ""2036-12"", ""job_deadline_month_min"": ""2026-08"", ""job_updated_month_max"": ""2026-08"", ""job_updated_month_min"": ""2019-08"", ""jobs_downloaded_at"": ""2026-08-30T00:45:24"", ""jobs_reference_date"": ""2026-08-29"", ""jobs_snapshot_as_of"": ""2026-08-30T00:45:24"", ""note"": ""processed_at is excluded from source_date inference."", ""population_downloaded_at"": null, ""population_reference_month"": ""2026-07"", ""population_source_month"": ""2026-07"", ""taiwanjobs_downloaded_at_max"": ""2026-08-30T00:45:24"", ""taiwanjobs_downloaded_at_min"": ""2026-08-30T00:45:15""}",2026-08-31T02:57:28,trend_snapshot_v1,,,,,
2026-08,鶯歌區,物流／運輸／資材,15,42,34000.0,10,"{""job_deadline_month_max"": ""2036-12"", ""job_deadline_month_min"": ""2026-08"", ""job_updated_month_max"": ""2026-08"", ""job_updated_month_min"": ""2019-08"", ""jobs_downloaded_at"": ""2026-08-30T00:45:24"", ""jobs_reference_date"": ""2026-08-29"", ""jobs_snapshot_as_of"": ""2026-08-30T00:45:24"", ""note"": ""processed_at is excluded from source_date inference."", ""population_downloaded_at"": null, ""population_reference_month"": ""2026-07"", ""population_source_month"": ""2026-07"", ""taiwanjobs_downloaded_at_max"": ""2026-08-30T00:45:24"", ""taiwanjobs_downloaded_at_min"": ""2026-08-30T00:45:15""}",2026-08-31T02:57:28,trend_snapshot_v1,,,,,
2026-08,鶯歌區,經營／行政／總務,2,2,37500.0,2,"{""job_deadline_month_max"": ""2036-12"", ""job_deadline_month_min"": ""2026-08"", ""job_updated_month_max"": ""2026-08"", ""job_updated_month_min"": ""2019-08"", ""jobs_downloaded_at"": ""2026-08-30T00:45:24"", ""jobs_reference_date"": ""2026-08-29"", ""jobs_snapshot_as_of"": ""2026-08-30T00:45:24"", ""note"": ""processed_at is excluded from source_date inference."", ""population_downloaded_at"": null, ""population_reference_month"": ""2026-07"", ""population_source_month"": ""2026-07"", ""taiwanjobs_downloaded_at_max"": ""2026-08-30T00:45:24"", ""taiwanjobs_downloaded_at_min"": ""2026-08-30T00:45:15""}",2026-08-31T02:57:28,trend_snapshot_v1,,,,,
2026-08,鶯歌區,行銷／企劃／專案,1,2,,1,"{""job_deadline_month_max"": ""2036-12"", ""job_deadline_month_min"": ""2026-08"", ""job_updated_month_max"": ""2026-08"", ""job_updated_month_min"": ""2019-08"", ""jobs_downloaded_at"": ""2026-08-30T00:45:24"", ""jobs_reference_date"": ""2026-08-29"", ""jobs_snapshot_as_of"": ""2026-08-30T00:45:24"", ""note"": ""processed_at is excluded from source_date inference."", ""population_downloaded_at"": null, ""population_reference_month"": ""2026-07"", ""population_source_month"": ""2026-07"", ""taiwanjobs_downloaded_at_max"": ""2026-08-30T00:45:24"", ""taiwanjobs_downloaded_at_min"": ""2026-08-30T00:45:15""}",2026-08-31T02:57:28,trend_snapshot_v1,,,,,
2026-08,鶯歌區,財務／金融／保險,1,2,35000.0,1,"{""job_deadline_month_max"": ""2036-12"", ""job_deadline_month_min"": ""2026-08"", ""job_updated_month_max"": ""2026-08"", ""job_updated_month_min"": ""2019-08"", ""jobs_downloaded_at"": ""2026-08-30T00:45:24"", ""jobs_reference_date"": ""2026-08-29"", ""jobs_snapshot_as_of"": ""2026-08-30T00:45:24"", ""note"": ""processed_at is excluded from source_date inference."", ""population_downloaded_at"": null, ""population_reference_month"": ""2026-07"", ""population_source_month"": ""2026-07"", ""taiwanjobs_downloaded_at_max"": ""2026-08-30T00:45:24"", ""taiwanjobs_downloaded_at_min"": ""2026-08-30T00:45:15""}",2026-08-31T02:57:28,trend_snapshot_v1,,,,,
2026-08,鶯歌區,醫療／美容／保健,4,14,33500.0,4,"{""job_deadline_month_max"": ""2036-12"", ""job_deadline_month_min"": ""2026-08"", ""job_updated_month_max"": ""2026-08"", ""job_updated_month_min"": ""2019-08"", ""jobs_downloaded_at"": ""2026-08-30T00:45:24"", ""jobs_reference_date"": ""2026-08-29"", ""jobs_snapshot_as_of"": ""2026-08-30T00:45:24"", ""note"": ""processed_at is excluded from source_date inference."", ""population_downloaded_at"": null, ""population_reference_month"": ""2026-07"", ""population_source_month"": ""2026-07"", ""taiwanjobs_downloaded_at_max"": ""2026-08-30T00:45:24"", ""taiwanjobs_downloaded_at_min"": ""2026-08-30T00:45:15""}",2026-08-31T02:57:28,trend_snapshot_v1,,,,,
