candidate_name,poi_type,name,lat,lon,source
三峽北大特區,shopping,家樂福,24.9473522,121.3798748,https://overpass-api.de/api/interpreter
三峽北大特區,food,星巴克,24.9475716,121.3797951,https://overpass-api.de/api/interpreter
三峽北大特區,shopping,全家便利商店,24.9414543,121.3760013,https://overpass-api.de/api/interpreter
三峽北大特區,shopping,台糖健康超市,24.9444056,121.3781866,https://overpass-api.de/api/interpreter
三峽北大特區,shopping,全聯福利中心,24.9414877,121.3733873,https://overpass-api.de/api/interpreter
三峽北大特區,shopping,滇味廚房,24.9491195,121.3788982,https://overpass-api.de/api/interpreter
三峽北大特區,shopping,7-Eleven,24.949388,121.3787719,https://overpass-api.de/api/interpreter
三峽北大特區,shopping,7-Eleven,24.9452706,121.3737237,https://overpass-api.de/api/interpreter
三峽北大特區,shopping,萊爾富,24.9519527,121.3737072,https://overpass-api.de/api/interpreter
三峽北大特區,food,Q娃之滷 北大直營店,24.9449514,121.3761332,https://overpass-api.de/api/interpreter
三峽北大特區,food,呷尚宝,24.943677,121.3734135,https://overpass-api.de/api/interpreter
三峽北大特區,food,牛好吃,24.9436231,121.3733174,https://overpass-api.de/api/interpreter
三峽北大特區,food,快樂懷舊排骨,24.9436977,121.3734593,https://overpass-api.de/api/interpreter
三峽北大特區,food,普門茶品,24.9437602,121.3735635,https://overpass-api.de/api/interpreter
三峽北大特區,food,熊熊可麗餅,24.9437878,121.3736154,https://overpass-api.de/api/interpreter
三峽北大特區,food,皇品加熱滷味,24.943925,121.3739102,https://overpass-api.de/api/interpreter
三峽北大特區,food,韓一美食館,24.9439588,121.3739672,https://overpass-api.de/api/interpreter
三峽北大特區,food,魔法義大利,24.9439874,121.3740207,https://overpass-api.de/api/interpreter
三峽北大特區,food,一条通,24.9440205,121.374083,https://overpass-api.de/api/interpreter
三峽北大特區,food,Orca Spin Cafe 鯨旋咖啡,24.9457086,121.3775347,https://overpass-api.de/api/interpreter
三峽北大特區,food,三心五序板前燒 北大店,24.9428176,121.3789475,https://overpass-api.de/api/interpreter
三峽北大特區,shopping,全家便利商店,24.9431721,121.378925,https://overpass-api.de/api/interpreter
三峽北大特區,food,北大精緻自助餐,24.9461508,121.3774135,https://overpass-api.de/api/interpreter
三峽北大特區,food,北大萬寶133,24.9450842,121.3775409,https://overpass-api.de/api/interpreter
三峽北大特區,culture,十三姨古美術館,24.9456046,121.3766229,https://overpass-api.de/api/interpreter
三峽北大特區,food,古都便當,24.9421403,121.3788351,https://overpass-api.de/api/interpreter
三峽北大特區,food,嘉一自助餐,24.9465379,121.3772238,https://overpass-api.de/api/interpreter
三峽北大特區,food,奧斯汀Cafe Austin,24.9463335,121.3773307,https://overpass-api.de/api/interpreter
三峽北大特區,food,巷仔內飯、麵小館,24.9453525,121.3764746,https://overpass-api.de/api/interpreter
三峽北大特區,food,採色餃點,24.9452542,121.3762018,https://overpass-api.de/api/interpreter
三峽北大特區,food,星巴克,24.9444632,121.3772685,https://overpass-api.de/api/interpreter
三峽北大特區,food,江醫師追求零污染舖子 三峽北大店,24.94458,121.3771886,https://overpass-api.de/api/interpreter
三峽北大特區,shopping,蝦皮店到店,24.945241,121.3778785,https://overpass-api.de/api/interpreter
三峽北大特區,food,紫苑潮州砂鍋粥,24.9449477,121.3769695,https://overpass-api.de/api/interpreter
三峽北大特區,food,花time廚房,24.9452129,121.3778279,https://overpass-api.de/api/interpreter
三峽北大特區,food,ciao巧義大利麵,24.9493127,121.3794953,https://overpass-api.de/api/interpreter
三峽北大特區,food,CoCo都可,24.947148,121.3799449,https://overpass-api.de/api/interpreter
三峽北大特區,food,三顧茅廬麻辣滷味 三峽北大店,24.9464679,121.3801693,https://overpass-api.de/api/interpreter
三峽北大特區,food,丹堤咖啡,24.9462066,121.3799229,https://overpass-api.de/api/interpreter
三峽北大特區,food,五餅二魚,24.9490045,121.3778707,https://overpass-api.de/api/interpreter
三峽北大特區,food,北大營養中心,24.9493156,121.3794344,https://overpass-api.de/api/interpreter
三峽北大特區,food,先喝道,24.9468228,121.3796639,https://overpass-api.de/api/interpreter
三峽北大特區,food,Compagne Cafe,24.9489201,121.3782012,https://overpass-api.de/api/interpreter
三峽北大特區,food,美式早餐屋,24.9488668,121.3780485,https://overpass-api.de/api/interpreter
三峽北大特區,food,早餐優選 北大店,24.9490446,121.3779682,https://overpass-api.de/api/interpreter
三峽北大特區,shopping,棉花田生機園地 三峽大雅門市,24.9463339,121.3802216,https://overpass-api.de/api/interpreter
三峽北大特區,food,楊和風日本料理 北大店,24.9460455,121.3803099,https://overpass-api.de/api/interpreter
三峽北大特區,food,85度C,24.9482666,121.3791426,https://overpass-api.de/api/interpreter
三峽北大特區,shopping,義美食品 樹林北大門市,24.9482374,121.3790444,https://overpass-api.de/api/interpreter
三峽北大特區,food,華群永香油飯,24.9492321,121.3792053,https://overpass-api.de/api/interpreter
三峽北大特區,food,藍棧咖啡 樹林北大店,24.9490393,121.3785252,https://overpass-api.de/api/interpreter
三峽北大特區,food,Apple203早午餐專賣 學林店,24.9490574,121.3780124,https://overpass-api.de/api/interpreter
三峽北大特區,food,食在自然 北大店,24.9498639,121.3786128,https://overpass-api.de/api/interpreter
三峽北大特區,shopping,7-Eleven,24.9465086,121.3797239,https://overpass-api.de/api/interpreter
三峽北大特區,shopping,全家便利商店,24.9460691,121.3754205,https://overpass-api.de/api/interpreter
三峽北大特區,shopping,全家便利商店,24.9422539,121.3728398,https://overpass-api.de/api/interpreter
三峽北大特區,food,蒙古勾勾,24.9394238,121.3707506,https://overpass-api.de/api/interpreter
三峽北大特區,shopping,全家便利商店,24.9462669,121.3741648,https://overpass-api.de/api/interpreter
三峽北大特區,recreation,大學劍橋社區健身房,24.9461307,121.3765147,https://overpass-api.de/api/interpreter
三峽北大特區,food,帝一美食,24.9458446,121.3749763,https://overpass-api.de/api/interpreter
三峽北大特區,food,石樽 新日本料理,24.9458668,121.375286,https://overpass-api.de/api/interpreter
三峽北大特區,food,井賀,24.9471267,121.3806872,https://overpass-api.de/api/interpreter
三峽北大特區,shopping,全家便利商店,24.9458654,121.3781685,https://overpass-api.de/api/interpreter
三峽北大特區,recreation,大學風呂社區健身房,24.9468726,121.3776692,https://overpass-api.de/api/interpreter
三峽北大特區,food,山佳麵食坊 大義店,24.943844,121.3792809,https://overpass-api.de/api/interpreter
三峽北大特區,food,香港好棧燒臘小廚,24.94282,121.3793606,https://overpass-api.de/api/interpreter
三峽北大特區,food,GI GO GI 吉購吉 三峽北大店,24.9472439,121.3747535,https://overpass-api.de/api/interpreter
三峽北大特區,food,三峽冰鎮 北大店,24.9478902,121.3741094,https://overpass-api.de/api/interpreter
三峽北大特區,food,上米池上便當,24.9484362,121.374091,https://overpass-api.de/api/interpreter
三峽北大特區,food,丐幫滷味 北大分舵,24.9473007,121.3744079,https://overpass-api.de/api/interpreter
三峽北大特區,shopping,全家便利商店,24.9475672,121.3742524,https://overpass-api.de/api/interpreter
三峽北大特區,food,大觀素苑,24.9471875,121.373527,https://overpass-api.de/api/interpreter
三峽北大特區,food,巧食雞複合式餐飲 三峽北大店,24.946419,121.3740324,https://overpass-api.de/api/interpreter
三峽北大特區,food,御炸坊 手作炸物,24.9473705,121.3734894,https://overpass-api.de/api/interpreter
三峽北大特區,food,憨吉朗 Brunch,24.9473374,121.3735067,https://overpass-api.de/api/interpreter
三峽北大特區,food,益柔廚房,24.9479614,121.3726748,https://overpass-api.de/api/interpreter
三峽北大特區,food,李記大腸蚵仔麵線,24.9478017,121.3728704,https://overpass-api.de/api/interpreter
三峽北大特區,food,樂芙漢堡,24.947408,121.3743554,https://overpass-api.de/api/interpreter
三峽北大特區,food,甘泉魚麵 三峽北大店,24.9474965,121.3742963,https://overpass-api.de/api/interpreter
三峽北大特區,food,頤園漢堡三明治,24.947521,121.3730849,https://overpass-api.de/api/interpreter
三峽北大特區,shopping,美廉社,24.9479852,121.3740437,https://overpass-api.de/api/interpreter
三峽北大特區,food,舞子拉麵二代,24.9468424,121.3737618,https://overpass-api.de/api/interpreter
三峽北大特區,food,阿師炸雞屋,24.9474399,121.3731437,https://overpass-api.de/api/interpreter
三峽北大特區,culture,靜靜母親,24.9481033,121.3742635,https://overpass-api.de/api/interpreter
三峽北大特區,shopping,7-Eleven,24.9465803,121.3747822,https://overpass-api.de/api/interpreter
三峽北大特區,food,五花馬水餃館 三峽大學門市,24.9424099,121.3758145,https://overpass-api.de/api/interpreter
三峽北大特區,shopping,7-Eleven,24.9421548,121.3729333,https://overpass-api.de/api/interpreter
三峽北大特區,food,蔚藍食府,24.9437937,121.3809124,https://overpass-api.de/api/interpreter
三峽北大特區,culture,新北市立圖書館三峽北大分館,24.9439699,121.3778243,https://overpass-api.de/api/interpreter
三峽北大特區,food,錢都日式刷刷鍋,24.9426408,121.3756549,https://overpass-api.de/api/interpreter
三峽北大特區,food,爭鮮迴轉壽司,24.9425795,121.3757215,https://overpass-api.de/api/interpreter
三峽北大特區,food,韓濤館韓式烤肉,24.9425272,121.3757496,https://overpass-api.de/api/interpreter
三峽北大特區,food,台越小吃店,24.9419326,121.3761181,https://overpass-api.de/api/interpreter
三峽北大特區,food,好粥到平價清粥小菜,24.9439733,121.3785994,https://overpass-api.de/api/interpreter
三峽北大特區,food,聯華港式燒臘,24.9434566,121.3766516,https://overpass-api.de/api/interpreter
三峽北大特區,food,定食8,24.9426091,121.3756994,https://overpass-api.de/api/interpreter
三峽北大特區,food,荻屋,24.9440789,121.3783412,https://overpass-api.de/api/interpreter
三峽北大特區,food,品田牧場,24.9441312,121.3783425,https://overpass-api.de/api/interpreter
三峽北大特區,food,西堤,24.9441645,121.3782381,https://overpass-api.de/api/interpreter
三峽北大特區,food,聚 日式鍋物,24.9442229,121.3783285,https://overpass-api.de/api/interpreter
三峽北大特區,shopping,家樂福超市,24.9431131,121.3746782,https://overpass-api.de/api/interpreter
三峽北大特區,food,福勝亭,24.9430328,121.3747352,https://overpass-api.de/api/interpreter
三峽北大特區,food,四海遊龍鍋貼專賣店,24.9436026,121.3744284,https://overpass-api.de/api/interpreter
三峽北大特區,shopping,7-Eleven,24.9453383,121.3722474,https://overpass-api.de/api/interpreter
三峽北大特區,food,慢思 Amour.Sacrifice,24.9433697,121.3729352,https://overpass-api.de/api/interpreter
三峽北大特區,food,麗媽四季火鍋 三峽北大國際店,24.9432286,121.3727098,https://overpass-api.de/api/interpreter
三峽北大特區,food,泰鍋古意,24.9430607,121.3725342,https://overpass-api.de/api/interpreter
三峽北大特區,food,怡蘭扁食,24.9430129,121.3725689,https://overpass-api.de/api/interpreter
三峽北大特區,food,伊朶義式小廚,24.9424348,121.3730969,https://overpass-api.de/api/interpreter
三峽北大特區,food,漢堡大師三峽國際店,24.9425949,121.3733904,https://overpass-api.de/api/interpreter
三峽北大特區,food,古飽食堂,24.942825,121.3736705,https://overpass-api.de/api/interpreter
三峽北大特區,shopping,聖德科斯,24.945085,121.3738538,https://overpass-api.de/api/interpreter
三峽北大特區,food,馨の(馨之)日本料理,24.9445174,121.3743559,https://overpass-api.de/api/interpreter
三峽北大特區,food,元爵味黃燜雞米飯,24.9432166,121.3743924,https://overpass-api.de/api/interpreter
三峽北大特區,shopping,北大商場,24.9426302,121.3738205,https://overpass-api.de/api/interpreter
三峽北大特區,food,嘿咖啡 Hey coffee,24.944794,121.3705202,https://overpass-api.de/api/interpreter
三峽北大特區,food,大口吃飯糰,24.9429224,121.3721032,https://overpass-api.de/api/interpreter
三峽北大特區,food,大雄日式料理店,24.9428099,121.3724099,https://overpass-api.de/api/interpreter
三峽北大特區,food,俠客早午餐,24.9425693,121.3726022,https://overpass-api.de/api/interpreter
三峽北大特區,shopping,家樂福超市,24.9454124,121.3805436,https://overpass-api.de/api/interpreter
三峽北大特區,food,良師塾校園石飲,24.9449662,121.3708253,https://overpass-api.de/api/interpreter
三峽北大特區,food,路易莎咖啡,24.9431162,121.3746004,https://overpass-api.de/api/interpreter
三峽北大特區,food,rooster,24.9434188,121.3733899,https://overpass-api.de/api/interpreter
三峽北大特區,food,蔗鼎鮮養生火鍋　三峽總店,24.9384732,121.3710727,https://overpass-api.de/api/interpreter
三峽北大特區,shopping,7-Eleven,24.9438163,121.3765561,https://overpass-api.de/api/interpreter
三峽北大特區,shopping,7-Eleven,24.9417734,121.378777,https://overpass-api.de/api/interpreter
三峽北大特區,food,大埔鐵板燒,24.9439223,121.3746507,https://overpass-api.de/api/interpreter
三峽北大特區,food,韓爆全天候拉麵補給站,24.9432837,121.3734814,https://overpass-api.de/api/interpreter
三峽北大特區,food,麻古茶坊,24.9429509,121.3737653,https://overpass-api.de/api/interpreter
三峽北大特區,food,孫東寶台式牛排,24.9429702,121.3747806,https://overpass-api.de/api/interpreter
三峽北大特區,food,坐一下吧,24.9415366,121.3712516,https://overpass-api.de/api/interpreter
三峽北大特區,food,北大雞排,24.9417728,121.3732145,https://overpass-api.de/api/interpreter
三峽北大特區,food,紅塵熱炒,24.9419155,121.3731051,https://overpass-api.de/api/interpreter
三峽北大特區,food,雞舍,24.9487663,121.3753042,https://overpass-api.de/api/interpreter
三峽北大特區,shopping,蝦皮店到店,24.9449666,121.3750809,https://overpass-api.de/api/interpreter
三峽北大特區,food,鳥鳴子雞白湯ラーメン,24.9423121,121.3735544,https://overpass-api.de/api/interpreter
三峽北大特區,food,彼內朵三峽店,24.9458428,121.3732205,https://overpass-api.de/api/interpreter
三峽北大特區,shopping,萊爾富,24.9386911,121.3704452,https://overpass-api.de/api/interpreter
三峽北大特區,food,燕子的窩,24.9418699,121.3721571,https://overpass-api.de/api/interpreter
三峽北大特區,food,Yukimasa一碗幸福好滋味,24.9448228,121.3759617,https://overpass-api.de/api/interpreter
三峽北大特區,food,璽恩軒蔬食,24.9412343,121.3762108,https://overpass-api.de/api/interpreter
三峽北大特區,food,韓讚,24.9418365,121.3723933,https://overpass-api.de/api/interpreter
三峽北大特區,food,夯牛屋,24.9420188,121.37271,https://overpass-api.de/api/interpreter
三峽北大特區,food,半扮鍋苑,24.9419181,121.3722332,https://overpass-api.de/api/interpreter
三峽北大特區,recreation,台北大學室內滑板場,24.9447304,121.3705601,https://overpass-api.de/api/interpreter
三峽北大特區,food,波之家石鍋料理,24.9424603,121.3696326,https://overpass-api.de/api/interpreter
三峽北大特區,food,Thai Le 泰料,24.9424114,121.3695848,https://overpass-api.de/api/interpreter
三峽北大特區,food,Paper Shoot Cafe,24.9419704,121.3692262,https://overpass-api.de/api/interpreter
三峽北大特區,food,勝博殿,24.9423698,121.3747238,https://overpass-api.de/api/interpreter
三峽北大特區,shopping,北大商場,24.9423685,121.373357,https://overpass-api.de/api/interpreter
三峽北大特區,food,龍天廚　台灣料理,24.9424346,121.373768,https://overpass-api.de/api/interpreter
三峽北大特區,food,隨緣麵食館,24.9423792,121.3739847,https://overpass-api.de/api/interpreter
三峽北大特區,food,旧池屋咖哩豬排,24.9421175,121.3735362,https://overpass-api.de/api/interpreter
三峽北大特區,food,賣烤么,24.9423403,121.3733104,https://overpass-api.de/api/interpreter
三峽北大特區,food,La Olive綠橄欖創意蔬食料理,24.9430104,121.3722723,https://overpass-api.de/api/interpreter
三峽北大特區,food,50嵐,24.9435399,121.3744656,https://overpass-api.de/api/interpreter
三峽北大特區,food,鍋媽精緻火鍋,24.943028,121.3744616,https://overpass-api.de/api/interpreter
三峽北大特區,food,大億美食,24.9429491,121.3723217,https://overpass-api.de/api/interpreter
三峽北大特區,food,珍膳美,24.9429049,121.3723505,https://overpass-api.de/api/interpreter
三峽北大特區,food,五桐號,24.9425263,121.3726339,https://overpass-api.de/api/interpreter
三峽北大特區,food,蛋白盒子,24.9424796,121.3726665,https://overpass-api.de/api/interpreter
三峽北大特區,food,赤田屋咖哩,24.9437601,121.3743105,https://overpass-api.de/api/interpreter
三峽北大特區,food,CoCo都可,24.9438223,121.3742658,https://overpass-api.de/api/interpreter
三峽北大特區,food,珍煮丹,24.9439185,121.3741946,https://overpass-api.de/api/interpreter
三峽北大特區,food,阿勃勒泰式料理,24.9438566,121.3747058,https://overpass-api.de/api/interpreter
三峽北大特區,food,HWC黑沃咖啡 三峽大學店,24.9440169,121.3745823,https://overpass-api.de/api/interpreter
三峽北大特區,food,８鍋小火鍋,24.9431372,121.3742632,https://overpass-api.de/api/interpreter
三峽北大特區,food,善芯園,24.9424298,121.3734697,https://overpass-api.de/api/interpreter
三峽北大特區,food,在心蛋餅舖,24.9424978,121.3737251,https://overpass-api.de/api/interpreter
三峽北大特區,food,魯都香,24.9423709,121.3735121,https://overpass-api.de/api/interpreter
三峽北大特區,food,泰味先,24.9422117,121.3736946,https://overpass-api.de/api/interpreter
三峽北大特區,food,YCHY拾味,24.9423504,121.3736212,https://overpass-api.de/api/interpreter
三峽北大特區,food,特點評價牛排,24.9423944,121.3736988,https://overpass-api.de/api/interpreter
三峽北大特區,food,台灣Ｇ湯,24.9424912,121.3748265,https://overpass-api.de/api/interpreter
三峽北大特區,food,４Ｕ４Ｕ,24.9427938,121.3741805,https://overpass-api.de/api/interpreter
三峽北大特區,food,Halla cafe,24.9419158,121.3741988,https://overpass-api.de/api/interpreter
三峽北大特區,food,士林烤肉飯,24.9418406,121.3734792,https://overpass-api.de/api/interpreter
三峽北大特區,food,找光頭早餐,24.9418442,121.3731598,https://overpass-api.de/api/interpreter
三峽北大特區,food,清心福全,24.9426549,121.3734921,https://overpass-api.de/api/interpreter
三峽北大特區,culture,慕野畫室,24.9425428,121.3732902,https://overpass-api.de/api/interpreter
三峽北大特區,food,白甘蔗牛肉麵,24.9418959,121.3725053,https://overpass-api.de/api/interpreter
三峽北大特區,food,老師傅牛肉麵,24.9420908,121.3725381,https://overpass-api.de/api/interpreter
三峽北大特區,food,皇排正港味,24.9419828,121.3723458,https://overpass-api.de/api/interpreter
三峽北大特區,food,ELSA CAFE,24.941784,121.3720014,https://overpass-api.de/api/interpreter
三峽北大特區,food,蒸好吃,24.9445138,121.3753934,https://overpass-api.de/api/interpreter
三峽北大特區,food,東街日本料理,24.9384933,121.3736441,https://overpass-api.de/api/interpreter
三峽北大特區,shopping,全聯福利中心,24.9385096,121.3736872,https://overpass-api.de/api/interpreter
三峽北大特區,shopping,萊爾富,24.9399404,121.377435,https://overpass-api.de/api/interpreter
三峽北大特區,food,池上木盒便當,24.9379428,121.3723674,https://overpass-api.de/api/interpreter
三峽北大特區,food,星巴克,24.9442941,121.3746017,https://overpass-api.de/api/interpreter
三峽北大特區,shopping,7-Eleven,24.9412036,121.3762434,https://overpass-api.de/api/interpreter
三峽北大特區,food,鬍鬚張,24.9419499,121.3749995,https://overpass-api.de/api/interpreter
三峽北大特區,food,京簡康,24.9419,121.3749503,https://overpass-api.de/api/interpreter
三峽北大特區,food,能量小姐,24.9418183,121.3748391,https://overpass-api.de/api/interpreter
三峽北大特區,shopping,蝦皮店到店,24.9417576,121.3747741,https://overpass-api.de/api/interpreter
三峽北大特區,shopping,全家便利商店,24.9420052,121.3692927,https://overpass-api.de/api/interpreter
三峽北大特區,shopping,蝦皮店到店,24.9422752,121.3731407,https://overpass-api.de/api/interpreter
三峽北大特區,shopping,全家便利商店,24.9377889,121.3747795,https://overpass-api.de/api/interpreter
三峽北大特區,food,梁社漢排骨,24.9442673,121.3746392,https://overpass-api.de/api/interpreter
三峽北大特區,food,雞肉本家,24.9439843,121.3746188,https://overpass-api.de/api/interpreter
三峽北大特區,food,Cama,24.9459367,121.3731038,https://overpass-api.de/api/interpreter
三峽北大特區,recreation,學勤路沿線綠地,24.948356,121.3805488,https://overpass-api.de/api/interpreter
三峽北大特區,recreation,學勤路沿線綠地,24.9480003,121.380629,https://overpass-api.de/api/interpreter
三峽北大特區,recreation,學勤路沿線綠地,24.9474296,121.378448,https://overpass-api.de/api/interpreter
三峽北大特區,recreation,學勤路沿線綠地,24.9477579,121.3782861,https://overpass-api.de/api/interpreter
三峽北大特區,recreation,學勤路沿線綠地,24.9468775,121.3760398,https://overpass-api.de/api/interpreter
三峽北大特區,recreation,遠雄海洋公園,24.9473285,121.3762251,https://overpass-api.de/api/interpreter
三峽北大特區,recreation,學勤路沿線綠地,24.9458118,121.3737714,https://overpass-api.de/api/interpreter
三峽北大特區,recreation,學勤路沿線綠地,24.9463059,121.3746034,https://overpass-api.de/api/interpreter
三峽北大特區,recreation,學勤路沿線綠地,24.9455648,121.3739393,https://overpass-api.de/api/interpreter
三峽北大特區,recreation,學勤路沿線綠地,24.9459768,121.3747574,https://overpass-api.de/api/interpreter
三峽北大特區,recreation,學勤路沿線綠地,24.9466018,121.3762021,https://overpass-api.de/api/interpreter
三峽北大特區,recreation,大學路沿線綠地,24.943764,121.374452,https://overpass-api.de/api/interpreter
三峽北大特區,recreation,大學路沿線綠地,24.9429971,121.375011,https://overpass-api.de/api/interpreter
三峽北大特區,recreation,龍學公園,24.9436716,121.3773601,https://overpass-api.de/api/interpreter
三峽北大特區,recreation,龍恩公園,24.9414791,121.3702844,https://overpass-api.de/api/interpreter
三峽北大特區,culture,圖書館,24.9436082,121.370254,https://overpass-api.de/api/interpreter
三峽北大特區,recreation,,24.9487777,121.3758222,https://overpass-api.de/api/interpreter
三峽北大特區,recreation,,24.9486135,121.3759833,https://overpass-api.de/api/interpreter
三峽北大特區,recreation,,24.9488347,121.3759605,https://overpass-api.de/api/interpreter
三峽北大特區,recreation,,24.9490012,121.3757973,https://overpass-api.de/api/interpreter
三峽北大特區,recreation,兒二森林公園,24.9484841,121.379813,https://overpass-api.de/api/interpreter
三峽北大特區,shopping,全聯福利中心,24.9480504,121.3777404,https://overpass-api.de/api/interpreter
三峽北大特區,recreation,羽球場,24.9479234,121.3756159,https://overpass-api.de/api/interpreter
三峽北大特區,recreation,,24.9487635,121.3742839,https://overpass-api.de/api/interpreter
三峽北大特區,recreation,人文學院前籃球場,24.9460416,121.3695324,https://overpass-api.de/api/interpreter
三峽北大特區,recreation,人文學院前排球場,24.9462871,121.3699854,https://overpass-api.de/api/interpreter
三峽北大特區,recreation,,24.940613,121.3778903,https://overpass-api.de/api/interpreter
三峽北大特區,recreation,,24.9404327,121.3779173,https://overpass-api.de/api/interpreter
三峽北大特區,recreation,,24.9407583,121.3780079,https://overpass-api.de/api/interpreter
三峽北大特區,food,上水樸石火鍋,24.9431373,121.3737654,https://overpass-api.de/api/interpreter
三峽北大特區,recreation,三鶯部落籃球場（無籃框）,24.9453533,121.3658674,https://overpass-api.de/api/interpreter
三峽北大特區,recreation,三鶯部落,24.9454781,121.3656169,https://overpass-api.de/api/interpreter
三峽北大特區,recreation,,24.9401225,121.3703625,https://overpass-api.de/api/interpreter
三峽北大特區,recreation,,24.9405584,121.3703884,https://overpass-api.de/api/interpreter
三峽北大特區,recreation,籃球場,24.9399795,121.3703403,https://overpass-api.de/api/interpreter
三峽北大特區,recreation,北大極限運動場,24.940347,121.3675596,https://overpass-api.de/api/interpreter
三峽北大特區,recreation,,24.9378972,121.3753533,https://overpass-api.de/api/interpreter
三峽北大特區,recreation,籃球場,24.9448442,121.3662018,https://overpass-api.de/api/interpreter
三峽北大特區,recreation,,24.9392304,121.3722009,https://overpass-api.de/api/interpreter
三峽北大特區,recreation,,24.9392495,121.3721716,https://overpass-api.de/api/interpreter
三峽北大特區,recreation,,24.9392829,121.3721837,https://overpass-api.de/api/interpreter
三峽北大特區,recreation,,24.9392169,121.3745474,https://overpass-api.de/api/interpreter
三峽北大特區,recreation,,24.9391094,121.3746703,https://overpass-api.de/api/interpreter
三峽北大特區,recreation,,24.9391589,121.3746084,https://overpass-api.de/api/interpreter
三峽北大特區,recreation,,24.9410691,121.3737295,https://overpass-api.de/api/interpreter
三峽北大特區,recreation,,24.9399157,121.3742232,https://overpass-api.de/api/interpreter
三峽北大特區,recreation,,24.9395332,121.373953,https://overpass-api.de/api/interpreter
三峽北大特區,recreation,,24.9395108,121.374117,https://overpass-api.de/api/interpreter
三峽北大特區,recreation,籃球場,24.9402739,121.3703842,https://overpass-api.de/api/interpreter
三峽北大特區,recreation,風雨躲避球場,24.9405895,121.3699903,https://overpass-api.de/api/interpreter
三峽北大特區,culture,圖書館,24.9389982,121.3699999,https://overpass-api.de/api/interpreter
三峽北大特區,recreation,龍埔公園,24.9390165,121.3744492,https://overpass-api.de/api/interpreter
三峽北大特區,recreation,,24.9395243,121.3740365,https://overpass-api.de/api/interpreter
三重站,shopping,萊爾富,25.0497713,121.4807799,https://overpass-api.de/api/interpreter
三重站,shopping,美廉社,25.0587288,121.4831176,https://overpass-api.de/api/interpreter
三重站,shopping,萊爾富,25.0556754,121.4862855,https://overpass-api.de/api/interpreter
三重站,shopping,7-Eleven,25.0586896,121.4840921,https://overpass-api.de/api/interpreter
三重站,shopping,全家便利商店,25.0588905,121.4859179,https://overpass-api.de/api/interpreter
三重站,shopping,全家便利商店,25.050642,121.4888509,https://overpass-api.de/api/interpreter
三重站,shopping,全家便利商店,25.0530738,121.490607,https://overpass-api.de/api/interpreter
三重站,shopping,全家便利商店,25.0538379,121.4888058,https://overpass-api.de/api/interpreter
三重站,food,楊永和豆漿,25.0539288,121.4913481,https://overpass-api.de/api/interpreter
三重站,shopping,萊爾富,25.054555,121.4918083,https://overpass-api.de/api/interpreter
三重站,shopping,7-Eleven,25.0529392,121.4894374,https://overpass-api.de/api/interpreter
三重站,shopping,7-Eleven,25.0605719,121.486564,https://overpass-api.de/api/interpreter
三重站,food,星巴克,25.0616324,121.4886886,https://overpass-api.de/api/interpreter
三重站,shopping,全聯福利中心,25.0571435,121.4915492,https://overpass-api.de/api/interpreter
三重站,shopping,7-Eleven,25.0574223,121.4910805,https://overpass-api.de/api/interpreter
三重站,shopping,全聯福利中心,25.0559289,121.4842987,https://overpass-api.de/api/interpreter
三重站,shopping,全家便利商店,25.0536076,121.487861,https://overpass-api.de/api/interpreter
三重站,shopping,萊爾富,25.0537609,121.4877298,https://overpass-api.de/api/interpreter
三重站,shopping,萊爾富,25.0552067,121.4863985,https://overpass-api.de/api/interpreter
三重站,shopping,OK超商,25.0516268,121.4881259,https://overpass-api.de/api/interpreter
三重站,shopping,全家便利商店,25.0565793,121.4844017,https://overpass-api.de/api/interpreter
三重站,shopping,7-Eleven,25.0570363,121.4876484,https://overpass-api.de/api/interpreter
三重站,shopping,7-Eleven,25.057491,121.487868,https://overpass-api.de/api/interpreter
三重站,shopping,家樂福超市,25.0578229,121.4868545,https://overpass-api.de/api/interpreter
三重站,shopping,7-Eleven,25.0540052,121.4910421,https://overpass-api.de/api/interpreter
三重站,shopping,全家便利商店,25.0515865,121.489319,https://overpass-api.de/api/interpreter
三重站,culture,新北市立圖書館三重南區分館,25.0571027,121.4916417,https://overpass-api.de/api/interpreter
三重站,shopping,7-Eleven,25.0516284,121.4873536,https://overpass-api.de/api/interpreter
三重站,shopping,7-Eleven,25.0497409,121.488324,https://overpass-api.de/api/interpreter
三重站,shopping,全家便利商店,25.0598553,121.4868685,https://overpass-api.de/api/interpreter
三重站,shopping,7-Eleven,25.0588492,121.4887861,https://overpass-api.de/api/interpreter
三重站,shopping,全家便利商店,25.0587519,121.4892123,https://overpass-api.de/api/interpreter
三重站,shopping,義美食品,25.0615888,121.4835506,https://overpass-api.de/api/interpreter
三重站,food,Sweet榛果樂幸福鍋物,25.0616221,121.4836467,https://overpass-api.de/api/interpreter
三重站,food,R.F.S.L coffee shop,25.0584669,121.4829587,https://overpass-api.de/api/interpreter
三重站,food,美濃現做刀切牛肉麵館,25.0612704,121.4833161,https://overpass-api.de/api/interpreter
三重站,food,一里香牛肉麵,25.0608549,121.4815888,https://overpass-api.de/api/interpreter
三重站,food,上品皇帝雞,25.0542204,121.4915639,https://overpass-api.de/api/interpreter
三重站,food,集美清粥小菜,25.0538929,121.4913916,https://overpass-api.de/api/interpreter
三重站,food,景味日本料理,25.0538426,121.4914942,https://overpass-api.de/api/interpreter
三重站,food,宋嫂蚵仔麵線,25.0536573,121.4913359,https://overpass-api.de/api/interpreter
三重站,food,正嘉義雞肉飯,25.0537277,121.491173,https://overpass-api.de/api/interpreter
三重站,food,集美生猛海鮮,25.0536147,121.4910536,https://overpass-api.de/api/interpreter
三重站,food,焗義坊,25.0535686,121.4913607,https://overpass-api.de/api/interpreter
三重站,food,快樂城卡拉ok,25.0536225,121.4860546,https://overpass-api.de/api/interpreter
三重站,food,加寶多,25.053754,121.4857597,https://overpass-api.de/api/interpreter
三重站,food,金水鬴,25.0535495,121.4857417,https://overpass-api.de/api/interpreter
三重站,food,My Chef,25.0550781,121.4849107,https://overpass-api.de/api/interpreter
三重站,food,素德食堂,25.0555374,121.4849013,https://overpass-api.de/api/interpreter
三重站,food,好石跡精緻石頭火鍋,25.0556394,121.4848168,https://overpass-api.de/api/interpreter
三重站,food,清和餐廳,25.055671,121.4830036,https://overpass-api.de/api/interpreter
三重站,recreation,成吉思汗健身俱樂部,25.0563842,121.4857938,https://overpass-api.de/api/interpreter
三重站,food,福心包子饅頭,25.0615421,121.487279,https://overpass-api.de/api/interpreter
三重站,food,路易莎咖啡,25.0617721,121.4835741,https://overpass-api.de/api/interpreter
三重站,shopping,全聯福利中心,25.0551687,121.4893382,https://overpass-api.de/api/interpreter
三重站,shopping,全家便利商店,25.0590836,121.4907123,https://overpass-api.de/api/interpreter
三重站,food,聊國咖啡烘培館,25.0586256,121.4900927,https://overpass-api.de/api/interpreter
三重站,food,家堤牛排,25.0513471,121.4885424,https://overpass-api.de/api/interpreter
三重站,food,孫東寶台式牛排,25.0531561,121.4895462,https://overpass-api.de/api/interpreter
三重站,shopping,蝦皮店到店,25.0587325,121.4844211,https://overpass-api.de/api/interpreter
三重站,shopping,萊爾富,25.0589462,121.4845095,https://overpass-api.de/api/interpreter
三重站,shopping,全家便利商店,25.0587518,121.4832649,https://overpass-api.de/api/interpreter
三重站,shopping,蝦皮店到店,25.0550739,121.4877542,https://overpass-api.de/api/interpreter
三重站,shopping,全家便利商店,25.0620913,121.4835705,https://overpass-api.de/api/interpreter
三重站,food,麥味登,25.0566548,121.484155,https://overpass-api.de/api/interpreter
三重站,shopping,美廉社,25.0562538,121.4845532,https://overpass-api.de/api/interpreter
三重站,culture,興華閱覽室,25.060211,121.4833872,https://overpass-api.de/api/interpreter
三重站,culture,過圳閱覽室,25.0602377,121.4885129,https://overpass-api.de/api/interpreter
三重站,culture,新北市立圖書館三重南區分館,25.057124,121.491411,https://overpass-api.de/api/interpreter
三重站,culture,IReading智慧型借還書站,25.0553156,121.4831545,https://overpass-api.de/api/interpreter
三重站,food,美式早餐屋,25.0541475,121.4911629,https://overpass-api.de/api/interpreter
三重站,food,吉利手擀水餃牛肉麵,25.0532145,121.4907579,https://overpass-api.de/api/interpreter
三重站,food,全國素食精緻全自助餐,25.0534939,121.4909557,https://overpass-api.de/api/interpreter
三重站,food,大埕鐵板燒,25.0532764,121.4907901,https://overpass-api.de/api/interpreter
三重站,food,CoCo都可,25.0541864,121.4911934,https://overpass-api.de/api/interpreter
三重站,food,阿榮師東坡肉,25.0540309,121.4914231,https://overpass-api.de/api/interpreter
三重站,food,興美媽媽廚房,25.0538814,121.4909483,https://overpass-api.de/api/interpreter
三重站,food,江家深澳小漁村,25.0540588,121.4910838,https://overpass-api.de/api/interpreter
三重站,food,集美海鮮餐廳,25.0528803,121.4895938,https://overpass-api.de/api/interpreter
三重站,food,和漢北海道鐵板燒,25.0528305,121.4897186,https://overpass-api.de/api/interpreter
三重站,food,黑白切,25.0526957,121.4898419,https://overpass-api.de/api/interpreter
三重站,food,集美蚵嗲,25.0529763,121.4904816,https://overpass-api.de/api/interpreter
三重站,food,張三速食餐館,25.0529775,121.4907593,https://overpass-api.de/api/interpreter
三重站,food,清粥自助餐,25.0531021,121.4906325,https://overpass-api.de/api/interpreter
三重站,food,烤肉飯,25.0525675,121.4912595,https://overpass-api.de/api/interpreter
三重站,food,肉羹麵,25.0525827,121.4912273,https://overpass-api.de/api/interpreter
三重站,food,鍋鼎記鍋貼,25.052641,121.4911227,https://overpass-api.de/api/interpreter
三重站,food,協力集團香雞排,25.0526665,121.4910664,https://overpass-api.de/api/interpreter
三重站,food,松原牛排館,25.052816,121.4907727,https://overpass-api.de/api/interpreter
三重站,food,廣東粥,25.052771,121.4908578,https://overpass-api.de/api/interpreter
三重站,food,燒肉吃貨,25.0527145,121.4912488,https://overpass-api.de/api/interpreter
三重站,food,練蚵仔麵線,25.0528129,121.4910322,https://overpass-api.de/api/interpreter
三重站,food,毒水製茶,25.0527333,121.4912186,https://overpass-api.de/api/interpreter
三重站,food,淡大鹽水麻辣雞,25.0529125,121.490884,https://overpass-api.de/api/interpreter
三重站,food,日船章魚小丸子,25.0530286,121.490652,https://overpass-api.de/api/interpreter
三重站,food,吉祥滷味,25.0530091,121.4906815,https://overpass-api.de/api/interpreter
三重站,food,炒泡麵,25.0529387,121.490825,https://overpass-api.de/api/interpreter
三重站,food,好了啦超大杯,25.0528901,121.4909148,https://overpass-api.de/api/interpreter
三重站,food,台灣第一家鹽酥雞,25.0528548,121.4909765,https://overpass-api.de/api/interpreter
三重站,food,港式脆皮臭豆腐,25.0527625,121.4911549,https://overpass-api.de/api/interpreter
三重站,food,環河越南小吃,25.0526653,121.4913762,https://overpass-api.de/api/interpreter
三重站,food,交心茶,25.0534052,121.4905869,https://overpass-api.de/api/interpreter
三重站,shopping,亞商超市,25.0535874,121.4907324,https://overpass-api.de/api/interpreter
三重站,food,集美熱炒,25.0537417,121.4908531,https://overpass-api.de/api/interpreter
三重站,food,6元水煎包,25.0543081,121.4916436,https://overpass-api.de/api/interpreter
三重站,food,新集美永和豆漿大王,25.0537114,121.4888871,https://overpass-api.de/api/interpreter
三重站,food,23私房拉麵Ramen,25.0502756,121.4873667,https://overpass-api.de/api/interpreter
三重站,food,Koon coffee roasting studio 㒭咖啡淺焙專賣店,25.0537168,121.4857757,https://overpass-api.de/api/interpreter
三重站,shopping,7-Eleven,25.0602785,121.4828854,https://overpass-api.de/api/interpreter
三重站,shopping,萊爾富,25.0608118,121.4833925,https://overpass-api.de/api/interpreter
三重站,shopping,家樂福超市,25.0613125,121.4835372,https://overpass-api.de/api/interpreter
三重站,food,原滷味,25.061654,121.4829792,https://overpass-api.de/api/interpreter
三重站,food,神雞妙蒜蒜味鹽酥雞,25.0616546,121.4830639,https://overpass-api.de/api/interpreter
三重站,shopping,7-Eleven,25.0619217,121.4836154,https://overpass-api.de/api/interpreter
三重站,shopping,全家便利商店,25.0588692,121.486803,https://overpass-api.de/api/interpreter
三重站,food,清心福全,25.0588038,121.4868051,https://overpass-api.de/api/interpreter
三重站,food,梁社漢排骨,25.0587129,121.4868085,https://overpass-api.de/api/interpreter
三重站,food,哈波尼司義麵坊,25.0584707,121.4868015,https://overpass-api.de/api/interpreter
三重站,food,爭鮮,25.0584066,121.4867974,https://overpass-api.de/api/interpreter
三重站,food,滿築 Man Zhu Hot Pot 極品鍋物,25.0582921,121.4867888,https://overpass-api.de/api/interpreter
三重站,shopping,7-Eleven,25.0551052,121.4921376,https://overpass-api.de/api/interpreter
三重站,food,上友青,25.0554894,121.4920709,https://overpass-api.de/api/interpreter
三重站,food,193台灣溫體牛肉鍋,25.0541876,121.4915451,https://overpass-api.de/api/interpreter
三重站,food,陳家螺螄粉,25.0541505,121.4915109,https://overpass-api.de/api/interpreter
三重站,food,香噴噴炸雞,25.0541177,121.4914761,https://overpass-api.de/api/interpreter
三重站,food,50嵐,25.0543686,121.4916679,https://overpass-api.de/api/interpreter
三重站,food,芷鼎滷味,25.0546474,121.491859,https://overpass-api.de/api/interpreter
三重站,food,響Soul健康餐盒,25.0551293,121.4881166,https://overpass-api.de/api/interpreter
三重站,food,Loo Vii 擄味滷味,25.0609581,121.486573,https://overpass-api.de/api/interpreter
三重站,shopping,全家便利商店,25.0610841,121.4833462,https://overpass-api.de/api/interpreter
三重站,food,二師兄肉羹專賣店,25.0616525,121.4831778,https://overpass-api.de/api/interpreter
三重站,shopping,萊爾富,25.0582478,121.4859668,https://overpass-api.de/api/interpreter
三重站,food,星巴克,25.0552748,121.4830486,https://overpass-api.de/api/interpreter
三重站,shopping,7-Eleven,25.0606985,121.4898769,https://overpass-api.de/api/interpreter
三重站,recreation,疏洪三重A壘球場,25.0499405,121.4828536,https://overpass-api.de/api/interpreter
三重站,recreation,疏洪重新棒球場,25.0491553,121.4817874,https://overpass-api.de/api/interpreter
三重站,recreation,疏洪三重B壘球場,25.0491988,121.4832476,https://overpass-api.de/api/interpreter
三重站,recreation,興華公園,25.0602851,121.4840062,https://overpass-api.de/api/interpreter
三重站,recreation,三重綜合運動場,25.0622393,121.4906097,https://overpass-api.de/api/interpreter
三重站,recreation,玫瑰公園,25.0546661,121.4897943,https://overpass-api.de/api/interpreter
三重站,recreation,過圳公園,25.0602088,121.4886046,https://overpass-api.de/api/interpreter
三重站,recreation,重陽公園,25.0578589,121.4837027,https://overpass-api.de/api/interpreter
三重站,recreation,谷王公園,25.0530194,121.4771482,https://overpass-api.de/api/interpreter
三重站,recreation,二重疏洪運動公園,25.0486667,121.4833303,https://overpass-api.de/api/interpreter
三重站,recreation,幸福水漾公園,25.055676,121.4790666,https://overpass-api.de/api/interpreter
三重站,recreation,三重國民運動中心,25.054618,121.4879506,https://overpass-api.de/api/interpreter
三重站,recreation,新北大都會公園,25.0744931,121.4674569,https://overpass-api.de/api/interpreter
三重站,recreation,棒球場,25.0558723,121.4883594,https://overpass-api.de/api/interpreter
三重站,recreation,簡易球場,25.0560477,121.4891276,https://overpass-api.de/api/interpreter
三重站,recreation,,25.056355,121.4898614,https://overpass-api.de/api/interpreter
三重站,recreation,,25.0564011,121.4900149,https://overpass-api.de/api/interpreter
三重站,recreation,集美國小籃球場,25.0571317,121.4889215,https://overpass-api.de/api/interpreter
三重站,recreation,美樂廣場,25.0562515,121.4890529,https://overpass-api.de/api/interpreter
三重站,recreation,兒童遊戲區,25.0572832,121.4901174,https://overpass-api.de/api/interpreter
三重站,recreation,十米道,25.0562019,121.4891702,https://overpass-api.de/api/interpreter
三重站,recreation,兒童遊戲區,25.0571366,121.4884699,https://overpass-api.de/api/interpreter
三重站,recreation,幼兒園廣場,25.0567509,121.4879552,https://overpass-api.de/api/interpreter
三重站,food,尚青ㄟ羊肉爐,25.0570867,121.4864771,https://overpass-api.de/api/interpreter
三重站,recreation,三重棒球場,25.060589,121.480811,https://overpass-api.de/api/interpreter
三重站,recreation,,25.050069,121.4815607,https://overpass-api.de/api/interpreter
三重站,recreation,,25.0499307,121.4816357,https://overpass-api.de/api/interpreter
三重站,recreation,,25.0606825,121.4808967,https://overpass-api.de/api/interpreter
三重站,recreation,,25.0550838,121.4900294,https://overpass-api.de/api/interpreter
三重站,recreation,,25.0558578,121.4905787,https://overpass-api.de/api/interpreter
三重站,food,冀聲聲碳烤,25.0543822,121.4917516,https://overpass-api.de/api/interpreter
五股區公所,food,Coco,25.0845385,121.4386272,https://overpass-api.de/api/interpreter
五股區公所,shopping,萊爾富,25.0842857,121.4377278,https://overpass-api.de/api/interpreter
五股區公所,shopping,7-Eleven,25.0839731,121.4381001,https://overpass-api.de/api/interpreter
五股區公所,food,85度C,25.0840274,121.4383548,https://overpass-api.de/api/interpreter
五股區公所,shopping,全家便利商店,25.0849968,121.4380473,https://overpass-api.de/api/interpreter
五股區公所,shopping,7-Eleven,25.0832072,121.4397063,https://overpass-api.de/api/interpreter
五股區公所,food,溪湖羊肉城,25.0844149,121.4390609,https://overpass-api.de/api/interpreter
五股區公所,shopping,全家便利商店,25.0800343,121.4363293,https://overpass-api.de/api/interpreter
五股區公所,food,越南小吃,25.083909,121.43807,https://overpass-api.de/api/interpreter
五股區公所,food,吳記海產粥,25.088671,121.4341077,https://overpass-api.de/api/interpreter
五股區公所,food,阿信筒仔米糕,25.085343,121.43771,https://overpass-api.de/api/interpreter
五股區公所,food,豐盛窯 手工窯烤披薩 麵包,25.088633,121.4341647,https://overpass-api.de/api/interpreter
五股區公所,food,孫東寶台式牛排教父 五股工商店,25.085536,121.437313,https://overpass-api.de/api/interpreter
五股區公所,food,大目町十元壽司,25.084101,121.438056,https://overpass-api.de/api/interpreter
五股區公所,food,合益殿精緻鍋物,25.085197,121.439517,https://overpass-api.de/api/interpreter
五股區公所,food,,25.083997,121.438117,https://overpass-api.de/api/interpreter
五股區公所,food,品林鐵板燒,25.08544,121.437624,https://overpass-api.de/api/interpreter
五股區公所,food,如是我聞海苔飯捲,25.081652,121.4372957,https://overpass-api.de/api/interpreter
五股區公所,food,五股岡山羊肉,25.080867,121.4370037,https://overpass-api.de/api/interpreter
五股區公所,food,胖老爹美式炸雞五股店,25.085529,121.436909,https://overpass-api.de/api/interpreter
五股區公所,food,蓬萊小吃店,25.079502,121.4348337,https://overpass-api.de/api/interpreter
五股區公所,food,弘福東山鴨頭,25.084503,121.437225,https://overpass-api.de/api/interpreter
五股區公所,food,喫麵殿,25.084426,121.43738,https://overpass-api.de/api/interpreter
五股區公所,food,五股阿文麵線,25.08473,121.437731,https://overpass-api.de/api/interpreter
五股區公所,food,九九麵食館,25.082876,121.4379577,https://overpass-api.de/api/interpreter
五股區公所,food,A&A 牛排屋,25.076301,121.4348927,https://overpass-api.de/api/interpreter
五股區公所,food,奶爸廚房,25.083794,121.438215,https://overpass-api.de/api/interpreter
五股區公所,food,榮星川菜,25.084378,121.439086,https://overpass-api.de/api/interpreter
五股區公所,food,名家一品頂級手工饅頭(五股店),25.084441,121.437788,https://overpass-api.de/api/interpreter
五股區公所,food,圓圓好食咖哩,25.086904,121.4445987,https://overpass-api.de/api/interpreter
五股區公所,food,早安美芝城五股成泰,25.07729,121.4352197,https://overpass-api.de/api/interpreter
五股區公所,food,福豐餐廳,25.084181,121.439245,https://overpass-api.de/api/interpreter
五股區公所,food,麗麗越南美食館,25.082585,121.4376527,https://overpass-api.de/api/interpreter
五股區公所,food,Q Burger,25.083213,121.437873,https://overpass-api.de/api/interpreter
五股區公所,food,天香素食,25.084437,121.438377,https://overpass-api.de/api/interpreter
五股區公所,food,家芳自助餐,25.087346,121.4330157,https://overpass-api.de/api/interpreter
五股區公所,food,活力廚房,25.084838,121.437798,https://overpass-api.de/api/interpreter
五股區公所,food,素食,25.087731,121.4329987,https://overpass-api.de/api/interpreter
五股區公所,food,珍好佳 平價現炒,25.079986,121.4365897,https://overpass-api.de/api/interpreter
五股區公所,food,大埔鐵板燒五股成泰店,25.076423,121.4351547,https://overpass-api.de/api/interpreter
五股區公所,food,五股林家鵝肉,25.0865,121.4349127,https://overpass-api.de/api/interpreter
五股區公所,food,加寶多有限公司,25.083265,121.438554,https://overpass-api.de/api/interpreter
五股區公所,food,長疆羊肉爐-五股店,25.080729,121.4369557,https://overpass-api.de/api/interpreter
五股區公所,food,胖妞宵夜小吃店,25.081748,121.4373277,https://overpass-api.de/api/interpreter
五股區公所,food,Q Burger,25.087049,121.4336377,https://overpass-api.de/api/interpreter
五股區公所,food,港式鲜肉包,25.076624,121.4349797,https://overpass-api.de/api/interpreter
五股區公所,food,福采素食小吃,25.084202,121.437899,https://overpass-api.de/api/interpreter
五股區公所,food,麥町吐司工房,25.085542,121.4435267,https://overpass-api.de/api/interpreter
五股區公所,food,吉士達烘焙坊,25.084796,121.437775,https://overpass-api.de/api/interpreter
五股區公所,food,豆花田,25.083086,121.438472,https://overpass-api.de/api/interpreter
五股區公所,food,小紅魔炸雞專賣店- 新北五股夏威夷店,25.082644,121.438562,https://overpass-api.de/api/interpreter
五股區公所,food,Q's kitchen,25.0875,121.4331717,https://overpass-api.de/api/interpreter
五股區公所,shopping,蝦皮店到店,25.0839641,121.4370192,https://overpass-api.de/api/interpreter
五股區公所,shopping,家樂福超市,25.0797942,121.436293,https://overpass-api.de/api/interpreter
五股區公所,shopping,全聯福利中心,25.0799496,121.4363144,https://overpass-api.de/api/interpreter
五股區公所,shopping,全家便利商店,25.0856248,121.444126,https://overpass-api.de/api/interpreter
五股區公所,shopping,7-Eleven,25.08579,121.4432025,https://overpass-api.de/api/interpreter
五股區公所,shopping,7-Eleven,25.0864144,121.4428526,https://overpass-api.de/api/interpreter
五股區公所,shopping,萊爾富,25.0884439,121.4343674,https://overpass-api.de/api/interpreter
五股區公所,shopping,7-Eleven,25.0874172,121.4332578,https://overpass-api.de/api/interpreter
五股區公所,shopping,7-Eleven,25.0823763,121.4376396,https://overpass-api.de/api/interpreter
五股區公所,shopping,7-Eleven,25.080759,121.4366494,https://overpass-api.de/api/interpreter
五股區公所,recreation,坑口公園,25.0846954,121.4372807,https://overpass-api.de/api/interpreter
五股區公所,recreation,公園,25.0836045,121.4386701,https://overpass-api.de/api/interpreter
五股區公所,recreation,民義公園,25.0882315,121.4350842,https://overpass-api.de/api/interpreter
五股區公所,recreation,,25.0822781,121.4355259,https://overpass-api.de/api/interpreter
五股區公所,recreation,,25.0822738,121.4356822,https://overpass-api.de/api/interpreter
五股區公所,recreation,,25.082061,121.4355967,https://overpass-api.de/api/interpreter
五股區公所,recreation,五股湧泉公園,25.0787496,121.4341084,https://overpass-api.de/api/interpreter
五股區公所,recreation,芳洲公園,25.0868239,121.4451563,https://overpass-api.de/api/interpreter
五股區公所,recreation,德音休閒廣場,25.0800456,121.4347856,https://overpass-api.de/api/interpreter
五股區公所,recreation,,25.0805484,121.4356426,https://overpass-api.de/api/interpreter
五股區公所,recreation,五股夏綠地,25.0777001,121.4423199,https://overpass-api.de/api/interpreter
五股區公所,recreation,五股心環原公園,25.0837214,121.4451673,https://overpass-api.de/api/interpreter
五股區公所,recreation,,25.0830195,121.4415073,https://overpass-api.de/api/interpreter
五股區公所,shopping,全聯福利中心,25.0856619,121.4371344,https://overpass-api.de/api/interpreter
土城站,shopping,全家便利商店,24.9780349,121.4422819,https://overpass-api.de/api/interpreter
土城站,shopping,萊爾富,24.9749778,121.4426215,https://overpass-api.de/api/interpreter
土城站,shopping,7-Eleven,24.975781,121.4420928,https://overpass-api.de/api/interpreter
土城站,food,石頭日式燒肉,24.9689474,121.4387259,https://overpass-api.de/api/interpreter
土城站,shopping,7-Eleven,24.9718422,121.4402563,https://overpass-api.de/api/interpreter
土城站,food,桶一天下滷味,24.978475,121.4421496,https://overpass-api.de/api/interpreter
土城站,shopping,7-Eleven,24.973636,121.4376086,https://overpass-api.de/api/interpreter
土城站,shopping,7-Eleven,24.9745291,121.4422041,https://overpass-api.de/api/interpreter
土城站,shopping,7-Eleven,24.9758838,121.440353,https://overpass-api.de/api/interpreter
土城站,shopping,7-Eleven,24.9757532,121.4447455,https://overpass-api.de/api/interpreter
土城站,shopping,7-Eleven,24.9777337,121.4432283,https://overpass-api.de/api/interpreter
土城站,shopping,7-Eleven,24.978546,121.4441319,https://overpass-api.de/api/interpreter
土城站,food,壽司郎,24.978879,121.4438183,https://overpass-api.de/api/interpreter
土城站,food,路易莎咖啡,24.9782899,121.444875,https://overpass-api.de/api/interpreter
土城站,food,銀座杏子日式豬排,24.9784184,121.4450471,https://overpass-api.de/api/interpreter
土城站,shopping,家樂福超市,24.9787351,121.4445648,https://overpass-api.de/api/interpreter
土城站,culture,土城秀泰影城,24.9790779,121.4449375,https://overpass-api.de/api/interpreter
土城站,food,50嵐,24.9783288,121.4447517,https://overpass-api.de/api/interpreter
土城站,food,星巴克,24.9786251,121.4443918,https://overpass-api.de/api/interpreter
土城站,shopping,美廉社,24.9776121,121.4434486,https://overpass-api.de/api/interpreter
土城站,food,麥味登,24.9782864,121.4438472,https://overpass-api.de/api/interpreter
土城站,food,和食さと,24.978679,121.4442822,https://overpass-api.de/api/interpreter
土城站,food,Joyfull,24.9786001,121.4444616,https://overpass-api.de/api/interpreter
土城站,food,Shock燒肉,24.9785419,121.4452123,https://overpass-api.de/api/interpreter
土城站,food,小鐵鍋餐酒館,24.978796,121.4439929,https://overpass-api.de/api/interpreter
土城站,food,Siam Siam,24.9784652,121.4448753,https://overpass-api.de/api/interpreter
土城站,food,北村豆腐家,24.9787402,121.4441292,https://overpass-api.de/api/interpreter
土城站,shopping,蝦皮店到店,24.9757255,121.4389096,https://overpass-api.de/api/interpreter
土城站,food,樂樂堡,24.9755266,121.4389273,https://overpass-api.de/api/interpreter
土城站,culture,新北市立圖書館土城分館,24.9749671,121.443023,https://overpass-api.de/api/interpreter
土城站,shopping,蝦皮店到店,24.9763169,121.4444704,https://overpass-api.de/api/interpreter
土城站,food,汪媽媽私廚,24.9775615,121.445054,https://overpass-api.de/api/interpreter
土城站,food,鄉土味滷肉飯,24.9695647,121.4403993,https://overpass-api.de/api/interpreter
土城站,food,喜都婚宴會館,24.9715831,121.4378849,https://overpass-api.de/api/interpreter
土城站,food,萬家鄉早餐店,24.9773923,121.4437981,https://overpass-api.de/api/interpreter
土城站,food,芸之屋,24.9774494,121.4436961,https://overpass-api.de/api/interpreter
土城站,food,央二巷魯肉飯,24.9766902,121.4424945,https://overpass-api.de/api/interpreter
土城站,food,涮乃葉,24.9786559,121.4450242,https://overpass-api.de/api/interpreter
土城站,food,十金鵝傳統鵝肉,24.9766174,121.4421409,https://overpass-api.de/api/interpreter
土城站,shopping,全家便利商店,24.9768198,121.4418371,https://overpass-api.de/api/interpreter
土城站,food,一沐日,24.9769316,121.4421254,https://overpass-api.de/api/interpreter
土城站,food,迷客夏,24.9771146,121.4421362,https://overpass-api.de/api/interpreter
土城站,food,COMEBUY,24.9748838,121.442277,https://overpass-api.de/api/interpreter
土城站,food,炬日式烤肉飯,24.9752023,121.4418747,https://overpass-api.de/api/interpreter
土城站,food,松也日式涮涮鍋,24.9752497,121.4418747,https://overpass-api.de/api/interpreter
土城站,food,錢夫人時尚鍋物,24.9753032,121.4418679,https://overpass-api.de/api/interpreter
土城站,food,三商巧福,24.975392,121.4418492,https://overpass-api.de/api/interpreter
土城站,food,潮味決,24.9754442,121.4418747,https://overpass-api.de/api/interpreter
土城站,shopping,家樂福超市,24.9753762,121.4422086,https://overpass-api.de/api/interpreter
土城站,recreation,World Gym健身俱樂部,24.9753239,121.4422133,https://overpass-api.de/api/interpreter
土城站,food,四海遊龍,24.9756594,121.4418827,https://overpass-api.de/api/interpreter
土城站,food,八鍋聯軍百元湯鍋,24.9756193,121.4418653,https://overpass-api.de/api/interpreter
土城站,shopping,美廉社,24.9755366,121.4439614,https://overpass-api.de/api/interpreter
土城站,food,北城脆皮烤鴨,24.9753287,121.4440325,https://overpass-api.de/api/interpreter
土城站,food,安董牛肉麵,24.9749823,121.4427423,https://overpass-api.de/api/interpreter
土城站,food,鮮喝道,24.9754722,121.4437173,https://overpass-api.de/api/interpreter
土城站,recreation,,24.9737848,121.4444976,https://overpass-api.de/api/interpreter
土城站,recreation,金城公園,24.9737858,121.4439499,https://overpass-api.de/api/interpreter
土城站,food,古都餐廳,24.9713604,121.4378435,https://overpass-api.de/api/interpreter
土城站,recreation,,24.9790824,121.4429788,https://overpass-api.de/api/interpreter
土城站,recreation,網球場,24.9770868,121.438271,https://overpass-api.de/api/interpreter
土城站,recreation,籃球場x2,24.9758317,121.438157,https://overpass-api.de/api/interpreter
土城站,recreation,斬龍山遺址文化公園,24.9779862,121.4493548,https://overpass-api.de/api/interpreter
土城站,recreation,,24.9763124,121.4471929,https://overpass-api.de/api/interpreter
土城站,recreation,大墓公公園,24.9697523,121.44067,https://overpass-api.de/api/interpreter
土城站,recreation,員仁休閒公園,24.9733515,121.4392629,https://overpass-api.de/api/interpreter
土城站,culture,土城藝文館,24.9730175,121.4430004,https://overpass-api.de/api/interpreter
土城站,recreation,,24.9773154,121.4482627,https://overpass-api.de/api/interpreter
土城站,recreation,,24.9721679,121.4420155,https://overpass-api.de/api/interpreter
土城站,recreation,,24.9719082,121.4420404,https://overpass-api.de/api/interpreter
土城站,recreation,,24.9716479,121.4420539,https://overpass-api.de/api/interpreter
土城站,recreation,,24.9719908,121.4426688,https://overpass-api.de/api/interpreter
土城站,recreation,,24.9721569,121.4426589,https://overpass-api.de/api/interpreter
土城站,recreation,,24.9718341,121.442678,https://overpass-api.de/api/interpreter
土城站,recreation,紫藤花廊道,24.9786206,121.4482156,https://overpass-api.de/api/interpreter
土城站,recreation,紫藤花廊道,24.9800236,121.4484508,https://overpass-api.de/api/interpreter
土城站,recreation,員林社區公園,24.9780699,121.4432626,https://overpass-api.de/api/interpreter
土城站,recreation,一棵樹與很多羊咩咩公園,24.976964,121.4438362,https://overpass-api.de/api/interpreter
大坪林站,culture,新店仁愛圖書閱覽室,24.9755713,121.5408297,https://overpass-api.de/api/interpreter
大坪林站,shopping,7-Eleven,24.9780189,121.5429331,https://overpass-api.de/api/interpreter
大坪林站,culture,新北市立圖書館新店分館,24.9825885,121.5408049,https://overpass-api.de/api/interpreter
大坪林站,shopping,7-Eleven,24.9782687,121.5392427,https://overpass-api.de/api/interpreter
大坪林站,food,許家粿仔湯,24.9893548,121.5410279,https://overpass-api.de/api/interpreter
大坪林站,shopping,全聯福利中心,24.977886,121.5431185,https://overpass-api.de/api/interpreter
大坪林站,food,寶斗厝熱炒店,24.9872801,121.5408717,https://overpass-api.de/api/interpreter
大坪林站,food,笑居季節料理,24.9872416,121.5407114,https://overpass-api.de/api/interpreter
大坪林站,food,八廚師小籠湯包,24.9870232,121.5407155,https://overpass-api.de/api/interpreter
大坪林站,food,夢幻雞,24.9864778,121.5410111,https://overpass-api.de/api/interpreter
大坪林站,shopping,7-Eleven,24.9864615,121.5407548,https://overpass-api.de/api/interpreter
大坪林站,food,歐爺熱炒,24.9864193,121.5407477,https://overpass-api.de/api/interpreter
大坪林站,food,眾饕,24.986557,121.5406935,https://overpass-api.de/api/interpreter
大坪林站,food,四海豆漿,24.9844503,121.5412639,https://overpass-api.de/api/interpreter
大坪林站,shopping,全家便利商店,24.9854752,121.5399828,https://overpass-api.de/api/interpreter
大坪林站,shopping,萊爾富,24.9866472,121.5460812,https://overpass-api.de/api/interpreter
大坪林站,food,阿明,24.98971,121.5414033,https://overpass-api.de/api/interpreter
大坪林站,food,富粥城,24.9866568,121.5461548,https://overpass-api.de/api/interpreter
大坪林站,food,至仁堂健康素食餐廳,24.98671,121.5465429,https://overpass-api.de/api/interpreter
大坪林站,food,試院精緻自助餐,24.9871331,121.5475439,https://overpass-api.de/api/interpreter
大坪林站,food,永春燒臘快餐,24.9871184,121.5474464,https://overpass-api.de/api/interpreter
大坪林站,shopping,全家便利商店,24.9871012,121.5473357,https://overpass-api.de/api/interpreter
大坪林站,food,世心早餐吧,24.9869349,121.5463415,https://overpass-api.de/api/interpreter
大坪林站,shopping,7-Eleven,24.9829928,121.5366199,https://overpass-api.de/api/interpreter
大坪林站,shopping,全家便利商店,24.9827251,121.5364998,https://overpass-api.de/api/interpreter
大坪林站,food,客美多咖啡,24.9827183,121.5373065,https://overpass-api.de/api/interpreter
大坪林站,food,大禾拉麵,24.9827842,121.5368883,https://overpass-api.de/api/interpreter
大坪林站,food,小蒙牛,24.9831326,121.5369253,https://overpass-api.de/api/interpreter
大坪林站,food,原燒,24.983194,121.5370609,https://overpass-api.de/api/interpreter
大坪林站,food,西堤牛排,24.9833393,121.537104,https://overpass-api.de/api/interpreter
大坪林站,food,暹邏皇朝,24.9834119,121.5365032,https://overpass-api.de/api/interpreter
大坪林站,food,百八漁場,24.9830085,121.5355234,https://overpass-api.de/api/interpreter
大坪林站,food,水上鮮,24.9830011,121.5353728,https://overpass-api.de/api/interpreter
大坪林站,food,鍋爸涮涮鍋,24.982643,121.5345101,https://overpass-api.de/api/interpreter
大坪林站,food,台東東河包子,24.9829454,121.5341976,https://overpass-api.de/api/interpreter
大坪林站,food,50嵐,24.9826793,121.5353151,https://overpass-api.de/api/interpreter
大坪林站,food,正群川味牛肉麵,24.9826894,121.5354101,https://overpass-api.de/api/interpreter
大坪林站,food,原師父小籠湯包,24.9826677,121.5355529,https://overpass-api.de/api/interpreter
大坪林站,shopping,全家便利商店,24.9896991,121.5423541,https://overpass-api.de/api/interpreter
大坪林站,shopping,7-Eleven,24.9801385,121.5365061,https://overpass-api.de/api/interpreter
大坪林站,shopping,全家便利商店,24.9810024,121.5375257,https://overpass-api.de/api/interpreter
大坪林站,shopping,全聯福利中心,24.9809603,121.5378016,https://overpass-api.de/api/interpreter
大坪林站,food,DRINK EAT COFFEE,24.9810201,121.5373505,https://overpass-api.de/api/interpreter
大坪林站,food,大豐牛肉麵,24.9796517,121.5395259,https://overpass-api.de/api/interpreter
大坪林站,food,茶湯會,24.9827957,121.5416729,https://overpass-api.de/api/interpreter
大坪林站,food,可口豬腳大王,24.9826616,121.5412255,https://overpass-api.de/api/interpreter
大坪林站,food,星巴克,24.9777108,121.5455469,https://overpass-api.de/api/interpreter
大坪林站,shopping,家樂福超市,24.9779956,121.5393588,https://overpass-api.de/api/interpreter
大坪林站,food,金海拉麵,24.9830953,121.5411187,https://overpass-api.de/api/interpreter
大坪林站,food,一条通,24.9831635,121.5411175,https://overpass-api.de/api/interpreter
大坪林站,food,饗醬燒烤,24.98324,121.5411147,https://overpass-api.de/api/interpreter
大坪林站,food,茶裡不然 SPICE UP,24.9837064,121.5410417,https://overpass-api.de/api/interpreter
大坪林站,food,炎山咖哩,24.9841085,121.5409331,https://overpass-api.de/api/interpreter
大坪林站,food,FUN鍋子,24.984344,121.5412683,https://overpass-api.de/api/interpreter
大坪林站,food,甜椒,24.9833246,121.541118,https://overpass-api.de/api/interpreter
大坪林站,food,泰味廚房,24.9833765,121.5411116,https://overpass-api.de/api/interpreter
大坪林站,food,錢都日式刷刷鍋,24.9830529,121.540724,https://overpass-api.de/api/interpreter
大坪林站,shopping,全家便利商店,24.9830904,121.5382249,https://overpass-api.de/api/interpreter
大坪林站,food,十里安手麵,24.9830879,121.5384123,https://overpass-api.de/api/interpreter
大坪林站,food,必勝客,24.9830888,121.5384747,https://overpass-api.de/api/interpreter
大坪林站,food,永和豆漿,24.9830906,121.5385539,https://overpass-api.de/api/interpreter
大坪林站,food,,24.9827765,121.5385732,https://overpass-api.de/api/interpreter
大坪林站,shopping,全家便利商店,24.9827393,121.5403001,https://overpass-api.de/api/interpreter
大坪林站,food,韓蔬‧大發,24.9807842,121.5419987,https://overpass-api.de/api/interpreter
大坪林站,shopping,全家便利商店,24.981708,121.5417318,https://overpass-api.de/api/interpreter
大坪林站,food,WooTea五桐號,24.9827322,121.5415442,https://overpass-api.de/api/interpreter
大坪林站,food,拾汣茶屋,24.9825896,121.5415637,https://overpass-api.de/api/interpreter
大坪林站,food,小蔬杭上海風蔬食飲茶,24.9822604,121.5407722,https://overpass-api.de/api/interpreter
大坪林站,food,COMEBUY,24.9803258,121.5413587,https://overpass-api.de/api/interpreter
大坪林站,shopping,7-Eleven,24.9803817,121.5411595,https://overpass-api.de/api/interpreter
大坪林站,food,水巷茶弄,24.9806431,121.5420367,https://overpass-api.de/api/interpreter
大坪林站,food,50嵐,24.9804158,121.5421014,https://overpass-api.de/api/interpreter
大坪林站,food,天仁茗茶,24.9817785,121.541371,https://overpass-api.de/api/interpreter
大坪林站,shopping,OK超商,24.9811618,121.5407006,https://overpass-api.de/api/interpreter
大坪林站,food,coffee blablabla,24.9830511,121.5410461,https://overpass-api.de/api/interpreter
大坪林站,shopping,全家便利商店,24.9827661,121.5420316,https://overpass-api.de/api/interpreter
大坪林站,shopping,7-Eleven,24.9830549,121.5420915,https://overpass-api.de/api/interpreter
大坪林站,food,,24.9825967,121.5339017,https://overpass-api.de/api/interpreter
大坪林站,shopping,7-Eleven,24.9868053,121.541893,https://overpass-api.de/api/interpreter
大坪林站,food,家和日本料理,24.980464,121.5416868,https://overpass-api.de/api/interpreter
大坪林站,recreation,小一號運動體能,24.9823313,121.5419127,https://overpass-api.de/api/interpreter
大坪林站,food,1010湘,24.983482,121.5370096,https://overpass-api.de/api/interpreter
大坪林站,food,白帝城精緻涮鍋,24.9845218,121.5423599,https://overpass-api.de/api/interpreter
大坪林站,food,FOX Coffee,24.9840097,121.5417809,https://overpass-api.de/api/interpreter
大坪林站,food,mint義大利麵店,24.9898231,121.5423704,https://overpass-api.de/api/interpreter
大坪林站,food,168鐵板燒,24.9898558,121.5411895,https://overpass-api.de/api/interpreter
大坪林站,food,穀香雞肉飯,24.9894656,121.5414122,https://overpass-api.de/api/interpreter
大坪林站,food,三三活力早餐,24.9827762,121.5428898,https://overpass-api.de/api/interpreter
大坪林站,food,炸老大,24.9801752,121.5421426,https://overpass-api.de/api/interpreter
大坪林站,shopping,7-Eleven,24.9763953,121.5427371,https://overpass-api.de/api/interpreter
大坪林站,food,吉祥素食自助餐,24.9888686,121.5409893,https://overpass-api.de/api/interpreter
大坪林站,food,景美鐵板燒,24.9897289,121.5410579,https://overpass-api.de/api/interpreter
大坪林站,food,鹿港滷肉飯,24.989071,121.5409936,https://overpass-api.de/api/interpreter
大坪林站,food,甘那青水產,24.9889317,121.5409881,https://overpass-api.de/api/interpreter
大坪林站,food,番薯の店生猛活海鮮,24.9887356,121.5409977,https://overpass-api.de/api/interpreter
大坪林站,shopping,7-Eleven,24.9842813,121.5401014,https://overpass-api.de/api/interpreter
大坪林站,food,上川館,24.9820369,121.5382673,https://overpass-api.de/api/interpreter
大坪林站,food,有名堂,24.9831355,121.5403822,https://overpass-api.de/api/interpreter
大坪林站,food,頤品大飯店新店北新館,24.9840254,121.5399101,https://overpass-api.de/api/interpreter
大坪林站,food,豪鼎飯店 北新旗艦館,24.9842248,121.5399449,https://overpass-api.de/api/interpreter
大坪林站,shopping,全家便利商店,24.9775253,121.5386638,https://overpass-api.de/api/interpreter
大坪林站,food,白甘蔗養生涮涮屋,24.9827775,121.5427606,https://overpass-api.de/api/interpreter
大坪林站,food,金瑪莉,24.9868991,121.547603,https://overpass-api.de/api/interpreter
大坪林站,food,鄉村漢堡,24.9856003,121.5463896,https://overpass-api.de/api/interpreter
大坪林站,shopping,7-Eleven,24.9831351,121.5338738,https://overpass-api.de/api/interpreter
大坪林站,food,圍樂鮮境精緻涮涮鍋,24.9827679,121.5422078,https://overpass-api.de/api/interpreter
大坪林站,food,麵工坊義大利麵,24.9759093,121.5430699,https://overpass-api.de/api/interpreter
大坪林站,food,妙觀音,24.983745,121.5410429,https://overpass-api.de/api/interpreter
大坪林站,food,吃!早午餐,24.9895335,121.5420747,https://overpass-api.de/api/interpreter
大坪林站,food,上園肉羹,24.9898242,121.5416383,https://overpass-api.de/api/interpreter
大坪林站,food,Manny Pasta 義大利麵,24.9896039,121.5419275,https://overpass-api.de/api/interpreter
大坪林站,food,口昍品麻辣臭豆腐,24.9898232,121.5415366,https://overpass-api.de/api/interpreter
大坪林站,food,吃得飽牛肉麵店,24.9897133,121.5414876,https://overpass-api.de/api/interpreter
大坪林站,food,泰讚了,24.9897031,121.5416707,https://overpass-api.de/api/interpreter
大坪林站,food,炎帝炒飯鐵板燒,24.9898124,121.5414136,https://overpass-api.de/api/interpreter
大坪林站,food,路邊攤日式小吃,24.9893382,121.542194,https://overpass-api.de/api/interpreter
大坪林站,shopping,全家便利商店,24.9817703,121.5435423,https://overpass-api.de/api/interpreter
大坪林站,food,咕咕G廚房,24.9816977,121.5435695,https://overpass-api.de/api/interpreter
大坪林站,food,星巴克,24.9825481,121.5407565,https://overpass-api.de/api/interpreter
大坪林站,food,五高滷味,24.9897288,121.5412758,https://overpass-api.de/api/interpreter
大坪林站,food,小六越南美食,24.9893952,121.5414424,https://overpass-api.de/api/interpreter
大坪林站,food,素煮意越式素食,24.9894228,121.5415425,https://overpass-api.de/api/interpreter
大坪林站,food,獨特牛排館,24.9896432,121.5413035,https://overpass-api.de/api/interpreter
大坪林站,food,蛋包飯達人,24.9898286,121.5413647,https://overpass-api.de/api/interpreter
大坪林站,food,秀夫丼飯,24.9894663,121.5415316,https://overpass-api.de/api/interpreter
大坪林站,food,北投紅茶,24.9896418,121.5414219,https://overpass-api.de/api/interpreter
大坪林站,food,高家雙管四神湯,24.9895894,121.5414547,https://overpass-api.de/api/interpreter
大坪林站,food,清六食堂,24.979547,121.5444762,https://overpass-api.de/api/interpreter
大坪林站,food,小樂天餃子館,24.9795127,121.544378,https://overpass-api.de/api/interpreter
大坪林站,food,山頂咖啡,24.980577,121.544694,https://overpass-api.de/api/interpreter
大坪林站,shopping,7-Eleven,24.9809075,121.5443577,https://overpass-api.de/api/interpreter
大坪林站,food,禾廬雅廚館,24.9809646,121.5445804,https://overpass-api.de/api/interpreter
大坪林站,food,集客人間茶館,24.9830637,121.5405227,https://overpass-api.de/api/interpreter
大坪林站,food,舊識西餐廳,24.9831343,121.5406299,https://overpass-api.de/api/interpreter
大坪林站,food,韓成之家,24.9812002,121.5442452,https://overpass-api.de/api/interpreter
大坪林站,food,黑人牛肉麵店,24.9810883,121.5442774,https://overpass-api.de/api/interpreter
大坪林站,food,日本九州拉麵,24.9805973,121.5440655,https://overpass-api.de/api/interpreter
大坪林站,food,清心福全,24.980337,121.5421171,https://overpass-api.de/api/interpreter
大坪林站,food,巧主廚の咖哩,24.9790012,121.5427196,https://overpass-api.de/api/interpreter
大坪林站,food,元享,24.9791085,121.5426133,https://overpass-api.de/api/interpreter
大坪林站,shopping,全家便利商店,24.9795606,121.5430824,https://overpass-api.de/api/interpreter
大坪林站,food,阿舍麵館,24.9791539,121.5426512,https://overpass-api.de/api/interpreter
大坪林站,food,找餐吃什麼,24.9796616,121.5432007,https://overpass-api.de/api/interpreter
大坪林站,food,Casa義式香草廚房,24.9794594,121.5441843,https://overpass-api.de/api/interpreter
大坪林站,food,大埔鐵板燒,24.9830592,121.5430584,https://overpass-api.de/api/interpreter
大坪林站,food,瑞義意麵,24.9826,121.54372,https://overpass-api.de/api/interpreter
大坪林站,recreation,Formosa Fitness,24.9827557,121.5370196,https://overpass-api.de/api/interpreter
大坪林站,food,明德素食園,24.9826349,121.5347944,https://overpass-api.de/api/interpreter
大坪林站,food,彭園會館,24.9854306,121.5402045,https://overpass-api.de/api/interpreter
大坪林站,food,關山便當,24.9774069,121.5385197,https://overpass-api.de/api/interpreter
大坪林站,food,京御鐵板燒,24.9830411,121.542471,https://overpass-api.de/api/interpreter
大坪林站,food,台南溫體牛,24.9841269,121.5431226,https://overpass-api.de/api/interpreter
大坪林站,food,周胖子餃子館,24.9830544,121.5423572,https://overpass-api.de/api/interpreter
大坪林站,food,大眾黑白切,24.986573,121.5414164,https://overpass-api.de/api/interpreter
大坪林站,food,小頭目熱炒鵝肉燒烤海鮮,24.9827389,121.5382078,https://overpass-api.de/api/interpreter
大坪林站,food,星巴克,24.9831063,121.5377994,https://overpass-api.de/api/interpreter
大坪林站,food,永和豆漿,24.9798141,121.5382955,https://overpass-api.de/api/interpreter
大坪林站,food,永哥港式點心坊,24.9825165,121.542091,https://overpass-api.de/api/interpreter
大坪林站,food,海鮮鍋物,24.9830759,121.5385954,https://overpass-api.de/api/interpreter
大坪林站,shopping,萊爾富,24.9853045,121.5424892,https://overpass-api.de/api/interpreter
大坪林站,food,阿輝牛肉城,24.9831698,121.5429886,https://overpass-api.de/api/interpreter
大坪林站,shopping,雜貨店,24.9856812,121.5418903,https://overpass-api.de/api/interpreter
大坪林站,food,香祥海鮮店,24.9850716,121.5420364,https://overpass-api.de/api/interpreter
大坪林站,food,九湯屋,24.9799803,121.540576,https://overpass-api.de/api/interpreter
大坪林站,food,豆花朴,24.9774704,121.5403414,https://overpass-api.de/api/interpreter
大坪林站,food,瓦城,24.9832865,121.5377109,https://overpass-api.de/api/interpreter
大坪林站,food,台南擔仔麵,24.9782336,121.5392066,https://overpass-api.de/api/interpreter
大坪林站,food,米尼美式餐廳,24.9826745,121.5380038,https://overpass-api.de/api/interpreter
大坪林站,food,路易莎咖啡,24.9833651,121.5376626,https://overpass-api.de/api/interpreter
大坪林站,food,50嵐,24.9826679,121.5356509,https://overpass-api.de/api/interpreter
大坪林站,food,悅喀西餐,24.982987,121.534633,https://overpass-api.de/api/interpreter
大坪林站,shopping,聖德科斯,24.982767,121.5396694,https://overpass-api.de/api/interpreter
大坪林站,food,方圓涮涮屋,24.9827841,121.5369391,https://overpass-api.de/api/interpreter
大坪林站,food,如意甜品,24.9892207,121.5416323,https://overpass-api.de/api/interpreter
大坪林站,food,蚵仔之家,24.9892652,121.5416063,https://overpass-api.de/api/interpreter
大坪林站,shopping,美廉社,24.980954,121.5409827,https://overpass-api.de/api/interpreter
大坪林站,food,麻辣天后炒香鍋,24.9895126,121.5414924,https://overpass-api.de/api/interpreter
大坪林站,food,隆鼎御品豬腳,24.9791864,121.5424953,https://overpass-api.de/api/interpreter
大坪林站,food,高記燒臘廚房,24.9815443,121.5378111,https://overpass-api.de/api/interpreter
大坪林站,shopping,全家便利商店,24.9775672,121.5401898,https://overpass-api.de/api/interpreter
大坪林站,food,哈湯鍋,24.9805662,121.5420627,https://overpass-api.de/api/interpreter
大坪林站,food,財記圓環肉羹,24.9804902,121.5420802,https://overpass-api.de/api/interpreter
大坪林站,food,小放牛,24.9801054,121.542157,https://overpass-api.de/api/interpreter
大坪林站,food,老王炸烤,24.9806181,121.542042,https://overpass-api.de/api/interpreter
大坪林站,food,麵家Sanka,24.9804686,121.5420881,https://overpass-api.de/api/interpreter
大坪林站,shopping,全家便利商店,24.9807474,121.5474259,https://overpass-api.de/api/interpreter
大坪林站,shopping,美廉社,24.9820863,121.5464086,https://overpass-api.de/api/interpreter
大坪林站,food,復興精緻早午餐,24.9869176,121.5389145,https://overpass-api.de/api/interpreter
大坪林站,food,堤亞漢堡,24.9830658,121.5387699,https://overpass-api.de/api/interpreter
大坪林站,food,草地水缸,24.9897949,121.5410167,https://overpass-api.de/api/interpreter
大坪林站,food,釋迦田川味牛肉麵,24.9869264,121.5476935,https://overpass-api.de/api/interpreter
大坪林站,food,頂峰鐵板燒,24.9860145,121.5461793,https://overpass-api.de/api/interpreter
大坪林站,food,呷尚飽,24.9869041,121.5475525,https://overpass-api.de/api/interpreter
大坪林站,food,隨意滷味,24.9868038,121.5417277,https://overpass-api.de/api/interpreter
大坪林站,food,寶慶海鮮熱炒,24.986822,121.5413388,https://overpass-api.de/api/interpreter
大坪林站,food,帝王食補 中興店,24.9868038,121.5418404,https://overpass-api.de/api/interpreter
大坪林站,food,鄭記台南碗粿,24.9859107,121.5418686,https://overpass-api.de/api/interpreter
大坪林站,food,哈克早餐店,24.9851348,121.5409967,https://overpass-api.de/api/interpreter
大坪林站,food,原粹蔬食作,24.9845889,121.5415388,https://overpass-api.de/api/interpreter
大坪林站,food,轉角早午餐,24.9842945,121.5415921,https://overpass-api.de/api/interpreter
大坪林站,food,鮮堡漢堡,24.9842227,121.5412875,https://overpass-api.de/api/interpreter
大坪林站,food,牛霸天牛肉麵食堂,24.9869589,121.5464882,https://overpass-api.de/api/interpreter
大坪林站,food,好燒,24.9847525,121.5406591,https://overpass-api.de/api/interpreter
大坪林站,food,嘉義火雞肉飯鹹米糕,24.9796696,121.5444152,https://overpass-api.de/api/interpreter
大坪林站,food,士林米粉湯,24.979649,121.5444199,https://overpass-api.de/api/interpreter
大坪林站,food,花雕雞,24.9795933,121.5444356,https://overpass-api.de/api/interpreter
大坪林站,food,首都烘培餐廳,24.9809488,121.5415254,https://overpass-api.de/api/interpreter
大坪林站,food,重慶酸辣粉,24.9868521,121.5472293,https://overpass-api.de/api/interpreter
大坪林站,food,源士林粥品,24.9830549,121.5409326,https://overpass-api.de/api/interpreter
大坪林站,food,路易莎,24.9802995,121.5417988,https://overpass-api.de/api/interpreter
大坪林站,food,阿飛的蝴蝶,24.9892161,121.5392429,https://overpass-api.de/api/interpreter
大坪林站,food,利庵咖哩,24.9895614,121.5419911,https://overpass-api.de/api/interpreter
大坪林站,food,阿郎鹹酥雞,24.9765486,121.5425752,https://overpass-api.de/api/interpreter
大坪林站,food,溫洲大餛飩,24.976623,121.5424792,https://overpass-api.de/api/interpreter
大坪林站,food,大苑子,24.9831115,121.5335996,https://overpass-api.de/api/interpreter
大坪林站,food,路易莎咖啡,24.9831867,121.5338667,https://overpass-api.de/api/interpreter
大坪林站,food,旺達熱炒,24.9767378,121.5423465,https://overpass-api.de/api/interpreter
大坪林站,food,幸福咖哩屋,24.9765762,121.5425439,https://overpass-api.de/api/interpreter
大坪林站,food,喜來香牛肉麵,24.9771499,121.5430162,https://overpass-api.de/api/interpreter
大坪林站,food,Two Shots,24.9770632,121.5430217,https://overpass-api.de/api/interpreter
大坪林站,food,美而美早餐店,24.9766827,121.5424141,https://overpass-api.de/api/interpreter
大坪林站,food,東陽鵝肉,24.9779244,121.5399225,https://overpass-api.de/api/interpreter
大坪林站,food,皇室吉利堡,24.977154,121.5418358,https://overpass-api.de/api/interpreter
大坪林站,food,池上原味香便當,24.9778551,121.5425149,https://overpass-api.de/api/interpreter
大坪林站,food,義汁小豬 Steak Pasta,24.9830484,121.5427105,https://overpass-api.de/api/interpreter
大坪林站,food,通化街米粉湯魯肉飯,24.9830501,121.5426887,https://overpass-api.de/api/interpreter
大坪林站,food,美而美小吃店,24.9768023,121.5424128,https://overpass-api.de/api/interpreter
大坪林站,food,大棗子養生鍋物,24.9761606,121.5407047,https://overpass-api.de/api/interpreter
大坪林站,food,大埔鐵板燒,24.9762352,121.5407057,https://overpass-api.de/api/interpreter
大坪林站,food,香料咖哩君,24.9769691,121.5422537,https://overpass-api.de/api/interpreter
大坪林站,food,福隆月台便當,24.977418,121.54037,https://overpass-api.de/api/interpreter
大坪林站,food,雪球咖啡,24.975863,121.5430702,https://overpass-api.de/api/interpreter
大坪林站,shopping,蝦皮店到店,24.9765973,121.5425194,https://overpass-api.de/api/interpreter
大坪林站,food,黑角,24.9798939,121.5443393,https://overpass-api.de/api/interpreter
大坪林站,recreation,B Gym 24小時健身俱樂部,24.9806803,121.5420248,https://overpass-api.de/api/interpreter
大坪林站,food,肉骨潘,24.9820149,121.5421367,https://overpass-api.de/api/interpreter
大坪林站,food,茉羚,24.9821729,121.541965,https://overpass-api.de/api/interpreter
大坪林站,food,四爺麻辣食堂,24.983055,121.542305,https://overpass-api.de/api/interpreter
大坪林站,food,小木屋鬆餅,24.9827685,121.5422884,https://overpass-api.de/api/interpreter
大坪林站,food,早餐屋,24.9827706,121.5423418,https://overpass-api.de/api/interpreter
大坪林站,food,鳳城燒臘快餐便當,24.9804601,121.541658,https://overpass-api.de/api/interpreter
大坪林站,food,一鼎魯肉飯,24.9821565,121.5438641,https://overpass-api.de/api/interpreter
大坪林站,food,宣私房小廚,24.9827839,121.5393515,https://overpass-api.de/api/interpreter
大坪林站,shopping,蝦皮店到店,24.9812468,121.5437799,https://overpass-api.de/api/interpreter
大坪林站,shopping,蝦皮店到店,24.9788542,121.5407645,https://overpass-api.de/api/interpreter
大坪林站,recreation,華武跆拳道館,24.9895235,121.5413809,https://overpass-api.de/api/interpreter
大坪林站,food,泰吉城,24.9794193,121.5424113,https://overpass-api.de/api/interpreter
大坪林站,food,隆鼎御品豬腳,24.9792387,121.5424744,https://overpass-api.de/api/interpreter
大坪林站,food,一手私藏世界紅茶,24.9827934,121.541793,https://overpass-api.de/api/interpreter
大坪林站,shopping,蝦皮店到店,24.9859399,121.5407943,https://overpass-api.de/api/interpreter
大坪林站,shopping,蝦皮店到店,24.9870012,121.5453401,https://overpass-api.de/api/interpreter
大坪林站,recreation,小一號運動空間,24.9816418,121.541745,https://overpass-api.de/api/interpreter
大坪林站,shopping,里仁,24.9814817,121.5417879,https://overpass-api.de/api/interpreter
大坪林站,food,帕米義麵屋,24.9806587,121.5420294,https://overpass-api.de/api/interpreter
大坪林站,food,中興早餐店,24.9825772,121.5432201,https://overpass-api.de/api/interpreter
大坪林站,shopping,蝦皮店到店,24.9797432,121.5363387,https://overpass-api.de/api/interpreter
大坪林站,food,福勝亭,24.9823201,121.5412797,https://overpass-api.de/api/interpreter
大坪林站,shopping,蝦皮店到店,24.9820764,121.5375769,https://overpass-api.de/api/interpreter
大坪林站,food,麥味登,24.9803383,121.5413997,https://overpass-api.de/api/interpreter
大坪林站,food,坤記北港焿,24.9802025,121.540753,https://overpass-api.de/api/interpreter
大坪林站,shopping,全家便利商店,24.9804241,121.5412696,https://overpass-api.de/api/interpreter
大坪林站,food,寶安越南美食坊,24.9813979,121.5422458,https://overpass-api.de/api/interpreter
大坪林站,food,好享宴小館,24.9789261,121.5420376,https://overpass-api.de/api/interpreter
大坪林站,shopping,全家便利商店,24.9789008,121.5417498,https://overpass-api.de/api/interpreter
大坪林站,food,山東水餃王,24.9789026,121.5410535,https://overpass-api.de/api/interpreter
大坪林站,food,hazukido八月堂概念店,24.9830678,121.5397419,https://overpass-api.de/api/interpreter
大坪林站,food,老楊蚵仔麵線,24.9803981,121.5414615,https://overpass-api.de/api/interpreter
大坪林站,food,兄弟麵館,24.9805026,121.5414587,https://overpass-api.de/api/interpreter
大坪林站,food,池上吾家木盒便當,24.9817203,121.5375476,https://overpass-api.de/api/interpreter
大坪林站,food,麥味登,24.9817869,121.5377569,https://overpass-api.de/api/interpreter
大坪林站,food,鮮五丼,24.9834252,121.5376194,https://overpass-api.de/api/interpreter
大坪林站,food,三商巧福,24.9834977,121.5375808,https://overpass-api.de/api/interpreter
大坪林站,shopping,獵人谷之夢,24.9785807,121.542774,https://overpass-api.de/api/interpreter
大坪林站,food,三媽臭臭鍋,24.9832864,121.5403152,https://overpass-api.de/api/interpreter
大坪林站,food,莊家班麻油雞,24.983044,121.5402227,https://overpass-api.de/api/interpreter
大坪林站,food,,24.9831917,121.536803,https://overpass-api.de/api/interpreter
大坪林站,food,大呼過癮,24.9846736,121.5427702,https://overpass-api.de/api/interpreter
大坪林站,food,禾牧麵食料理,24.9890729,121.5415626,https://overpass-api.de/api/interpreter
大坪林站,food,瑪岌牛肉麵,24.9803055,121.5412769,https://overpass-api.de/api/interpreter
大坪林站,food,TOK盡興食光,24.9779368,121.547125,https://overpass-api.de/api/interpreter
大坪林站,food,古味小吃店,24.977125,121.5430177,https://overpass-api.de/api/interpreter
大坪林站,food,起家雞,24.9770963,121.5430198,https://overpass-api.de/api/interpreter
大坪林站,food,熱浪島南洋蔬食茶堂,24.9777694,121.5466679,https://overpass-api.de/api/interpreter
大坪林站,food,深夜未歸,24.9830477,121.5427694,https://overpass-api.de/api/interpreter
大坪林站,food,烤第一,24.9804154,121.5417735,https://overpass-api.de/api/interpreter
大坪林站,food,功夫豬,24.9816666,121.5382392,https://overpass-api.de/api/interpreter
大坪林站,food,Boulevard Cafe,24.9781623,121.5424556,https://overpass-api.de/api/interpreter
大坪林站,food,三緣居蔬食餐坊,24.9837021,121.5335455,https://overpass-api.de/api/interpreter
大坪林站,food,日光蔬苑,24.9798693,121.5402291,https://overpass-api.de/api/interpreter
大坪林站,food,佳香豆漿,24.9809326,121.5423758,https://overpass-api.de/api/interpreter
大坪林站,food,悅食堂,24.9798088,121.5422849,https://overpass-api.de/api/interpreter
大坪林站,food,禾豐安麵食館,24.983506,121.5418899,https://overpass-api.de/api/interpreter
大坪林站,food,四月羊咖啡館,24.981704,121.5406516,https://overpass-api.de/api/interpreter
大坪林站,food,楽坡BonBox,24.9804498,121.541393,https://overpass-api.de/api/interpreter
大坪林站,recreation,重生Rebornew fitness健身房 (新店店）,24.9821726,121.5410307,https://overpass-api.de/api/interpreter
大坪林站,food,阿煌炭烤雞排,24.9831412,121.5419526,https://overpass-api.de/api/interpreter
大坪林站,food,客家燒仙草九份芋圓,24.9765633,121.5425612,https://overpass-api.de/api/interpreter
大坪林站,food,巷仔內米粉湯,24.9899131,121.5413439,https://overpass-api.de/api/interpreter
大坪林站,food,爭鮮,24.9830881,121.5404798,https://overpass-api.de/api/interpreter
大坪林站,food,樂昀牛排館,24.9802929,121.5412398,https://overpass-api.de/api/interpreter
大坪林站,food,禾粲食光健康餐盒,24.9804368,121.5413059,https://overpass-api.de/api/interpreter
大坪林站,food,可愛村便當,24.98045,121.5413435,https://overpass-api.de/api/interpreter
大坪林站,food,林里南洋風味小吃,24.9802205,121.5407908,https://overpass-api.de/api/interpreter
大坪林站,food,千壽司,24.9826237,121.5420575,https://overpass-api.de/api/interpreter
大坪林站,food,堤亞漢堡,24.9809957,121.5411297,https://overpass-api.de/api/interpreter
大坪林站,food,飛碟早餐,24.981107,121.5411482,https://overpass-api.de/api/interpreter
大坪林站,food,果果,24.9795167,121.5430449,https://overpass-api.de/api/interpreter
大坪林站,shopping,全家便利商店,24.9819812,121.5419705,https://overpass-api.de/api/interpreter
大坪林站,culture,威秀影城,24.9783596,121.5468264,https://overpass-api.de/api/interpreter
大坪林站,food,雞肉本家,24.9827104,121.5401921,https://overpass-api.de/api/interpreter
大坪林站,food,梁社漢排骨,24.9785229,121.5393491,https://overpass-api.de/api/interpreter
大坪林站,food,麥味登,24.9785893,121.5392838,https://overpass-api.de/api/interpreter
大坪林站,recreation,交通公園,24.9766002,121.5384992,https://overpass-api.de/api/interpreter
大坪林站,recreation,,24.9881574,121.5388815,https://overpass-api.de/api/interpreter
大坪林站,shopping,家樂福,24.9764792,121.5461543,https://overpass-api.de/api/interpreter
大坪林站,recreation,景美河濱公園,24.9922652,121.5379729,https://overpass-api.de/api/interpreter
大坪林站,recreation,,24.9894037,121.5404594,https://overpass-api.de/api/interpreter
大坪林站,recreation,,24.9887686,121.538361,https://overpass-api.de/api/interpreter
大坪林站,recreation,木柵河濱公園,24.9853143,121.5452772,https://overpass-api.de/api/interpreter
大坪林站,recreation,,24.9861022,121.5368347,https://overpass-api.de/api/interpreter
大坪林站,recreation,,24.9861082,121.538088,https://overpass-api.de/api/interpreter
大坪林站,recreation,,24.9862377,121.5381115,https://overpass-api.de/api/interpreter
大坪林站,recreation,,24.9863671,121.538139,https://overpass-api.de/api/interpreter
大坪林站,recreation,,24.9767364,121.538114,https://overpass-api.de/api/interpreter
大坪林站,recreation,,24.9767019,121.5415402,https://overpass-api.de/api/interpreter
大坪林站,recreation,,24.9844132,121.5450373,https://overpass-api.de/api/interpreter
大坪林站,recreation,,24.9849169,121.5449306,https://overpass-api.de/api/interpreter
大坪林站,recreation,35巷口公園,24.9852766,121.5472729,https://overpass-api.de/api/interpreter
大坪林站,food,珍愛小吃鋪,24.9868415,121.5421751,https://overpass-api.de/api/interpreter
大坪林站,recreation,,24.9802501,121.5457825,https://overpass-api.de/api/interpreter
大坪林站,recreation,,24.9804443,121.5460309,https://overpass-api.de/api/interpreter
大坪林站,recreation,,24.9808211,121.5453038,https://overpass-api.de/api/interpreter
大坪林站,recreation,聖母公園,24.9820295,121.5428826,https://overpass-api.de/api/interpreter
大坪林站,recreation,,24.9778866,121.5363246,https://overpass-api.de/api/interpreter
大坪林站,recreation,,24.9779451,121.5361824,https://overpass-api.de/api/interpreter
大坪林站,recreation,,24.9892604,121.543307,https://overpass-api.de/api/interpreter
大坪林站,recreation,,24.9849156,121.5450127,https://overpass-api.de/api/interpreter
大坪林站,recreation,,24.9852986,121.5449822,https://overpass-api.de/api/interpreter
大坪林站,culture,圓頂劇場,24.9773776,121.5452598,https://overpass-api.de/api/interpreter
大坪林站,recreation,寶徠公園,24.9773094,121.5447356,https://overpass-api.de/api/interpreter
大坪林站,recreation,大豐公園,24.9777389,121.5366671,https://overpass-api.de/api/interpreter
大坪林站,recreation,中興公園,24.9811768,121.5454796,https://overpass-api.de/api/interpreter
大坪林站,recreation,綠湖公園,24.9784463,121.5475756,https://overpass-api.de/api/interpreter
新莊站,food,八茗茶,25.0368986,121.4521621,https://overpass-api.de/api/interpreter
新莊站,shopping,全家便利商店,25.0367037,121.4521666,https://overpass-api.de/api/interpreter
新莊站,shopping,全家便利商店,25.0354443,121.4500194,https://overpass-api.de/api/interpreter
新莊站,food,合家日式涮涮鍋,25.034298,121.4493444,https://overpass-api.de/api/interpreter
新莊站,culture,武聖廟圖書館,25.0340136,121.4503161,https://overpass-api.de/api/interpreter
新莊站,food,水牛精神平價牛排,25.0339199,121.4519934,https://overpass-api.de/api/interpreter
新莊站,food,牛排,25.0335585,121.4504749,https://overpass-api.de/api/interpreter
新莊站,food,挫冰,25.0335393,121.450317,https://overpass-api.de/api/interpreter
新莊站,shopping,全家便利商店,25.0335127,121.4501704,https://overpass-api.de/api/interpreter
新莊站,food,伍角排骨,25.0344286,121.4493062,https://overpass-api.de/api/interpreter
新莊站,food,阿甘水餃,25.0344617,121.449293,https://overpass-api.de/api/interpreter
新莊站,food,清心福全,25.0344986,121.4492745,https://overpass-api.de/api/interpreter
新莊站,food,可不可熟成紅茶,25.0343649,121.4493342,https://overpass-api.de/api/interpreter
新莊站,shopping,家樂福超市,25.0346478,121.4491463,https://overpass-api.de/api/interpreter
新莊站,food,康青龍,25.035048,121.4489315,https://overpass-api.de/api/interpreter
新莊站,food,路易莎咖啡,25.0351673,121.4488247,https://overpass-api.de/api/interpreter
新莊站,food,三商巧福,25.0353111,121.4493344,https://overpass-api.de/api/interpreter
新莊站,food,鮮五丼,25.0352478,121.4490588,https://overpass-api.de/api/interpreter
新莊站,shopping,7-Eleven,25.0399699,121.4521213,https://overpass-api.de/api/interpreter
新莊站,food,嘉義火雞肉飯,25.0335131,121.4501893,https://overpass-api.de/api/interpreter
新莊站,culture,新北市圖書館新莊分館,25.0364601,121.4522986,https://overpass-api.de/api/interpreter
新莊站,food,星巴克,25.0357356,121.4500374,https://overpass-api.de/api/interpreter
新莊站,recreation,黑帶跆拳道訓練中心,25.034421,121.4453897,https://overpass-api.de/api/interpreter
新莊站,shopping,7-Eleven,25.0406941,121.4564368,https://overpass-api.de/api/interpreter
新莊站,shopping,7-Eleven,25.0403075,121.4552433,https://overpass-api.de/api/interpreter
新莊站,shopping,全家便利商店,25.0404269,121.4552419,https://overpass-api.de/api/interpreter
新莊站,food,紅豆媽媽,25.0404715,121.4554222,https://overpass-api.de/api/interpreter
新莊站,food,老成元御膳麻辣新莊旗艦店,25.0404288,121.4552232,https://overpass-api.de/api/interpreter
新莊站,food,新濠食府會館,25.0377133,121.4576472,https://overpass-api.de/api/interpreter
新莊站,food,蔥蔬餅,25.0426262,121.4527582,https://overpass-api.de/api/interpreter
新莊站,food,瑞豐蔬菜羊肉,25.0410106,121.4526641,https://overpass-api.de/api/interpreter
新莊站,food,福滿溢冰品甜點,25.0402681,121.4552337,https://overpass-api.de/api/interpreter
新莊站,food,呷喀滷味,25.0375661,121.4499141,https://overpass-api.de/api/interpreter
新莊站,food,龜山島,25.039768,121.4507672,https://overpass-api.de/api/interpreter
新莊站,food,鱻宴,25.0399284,121.4516156,https://overpass-api.de/api/interpreter
新莊站,food,三角窗鵝肉,25.038756,121.4477581,https://overpass-api.de/api/interpreter
新莊站,food,李師傅雞腿飯,25.0386812,121.4476162,https://overpass-api.de/api/interpreter
新莊站,food,築地,25.0392334,121.447299,https://overpass-api.de/api/interpreter
新莊站,food,嘿!堡哥,25.0394288,121.4471912,https://overpass-api.de/api/interpreter
新莊站,food,台西蚵仔麵線,25.0383088,121.4467942,https://overpass-api.de/api/interpreter
新莊站,food,碳燒薑母鴨,25.0388222,121.4478325,https://overpass-api.de/api/interpreter
新莊站,food,溪邊烤肉飯,25.0398932,121.4521942,https://overpass-api.de/api/interpreter
新莊站,food,烤肉,25.0393346,121.4521768,https://overpass-api.de/api/interpreter
新莊站,food,麵食館,25.0379038,121.4520081,https://overpass-api.de/api/interpreter
新莊站,food,,25.0374125,121.4520098,https://overpass-api.de/api/interpreter
新莊站,food,詹記麻辣火鍋,25.037735,121.4473016,https://overpass-api.de/api/interpreter
新莊站,food,富鼎砂鍋粥,25.0379227,121.4471993,https://overpass-api.de/api/interpreter
新莊站,food,古早烤地瓜,25.0393858,121.4465329,https://overpass-api.de/api/interpreter
新莊站,food,路易莎咖啡,25.0321712,121.4501328,https://overpass-api.de/api/interpreter
新莊站,food,欣味屋日式料理,25.0329126,121.4497241,https://overpass-api.de/api/interpreter
新莊站,food,素心坊,25.0336849,121.4466666,https://overpass-api.de/api/interpreter
新莊站,food,大和素食自助餐,25.0405106,121.4525789,https://overpass-api.de/api/interpreter
新莊站,shopping,全家便利商店,25.0392104,121.4574824,https://overpass-api.de/api/interpreter
新莊站,shopping,全家便利商店,25.0321546,121.4496862,https://overpass-api.de/api/interpreter
新莊站,shopping,全家便利商店,25.0314131,121.4464035,https://overpass-api.de/api/interpreter
新莊站,shopping,全家便利商店,25.0334181,121.446358,https://overpass-api.de/api/interpreter
新莊站,shopping,全家便利商店,25.0371363,121.4478975,https://overpass-api.de/api/interpreter
新莊站,shopping,全家便利商店,25.0365871,121.4456713,https://overpass-api.de/api/interpreter
新莊站,shopping,全家便利商店,25.0394449,121.4499199,https://overpass-api.de/api/interpreter
新莊站,shopping,全家便利商店,25.0391703,121.4464385,https://overpass-api.de/api/interpreter
新莊站,food,老酒霸居酒屋,25.0342157,121.4495335,https://overpass-api.de/api/interpreter
新莊站,food,老莊原汁牛肉麵,25.0341627,121.4495487,https://overpass-api.de/api/interpreter
新莊站,shopping,蝦皮店到店,25.0393669,121.449551,https://overpass-api.de/api/interpreter
新莊站,shopping,美廉社,25.0382343,121.4461142,https://overpass-api.de/api/interpreter
新莊站,food,品鼎殿日式壽喜燒,25.0389261,121.4465618,https://overpass-api.de/api/interpreter
新莊站,food,達美樂,25.0386636,121.4469722,https://overpass-api.de/api/interpreter
新莊站,food,口吅品,25.0400573,121.4461045,https://overpass-api.de/api/interpreter
新莊站,shopping,7-Eleven,25.040214,121.4457974,https://overpass-api.de/api/interpreter
新莊站,shopping,全聯福利中心,25.0373769,121.4481188,https://overpass-api.de/api/interpreter
新莊站,food,白巷子,25.0354266,121.4486392,https://overpass-api.de/api/interpreter
新莊站,food,食在土雞肉專賣店,25.0373562,121.4477447,https://overpass-api.de/api/interpreter
新莊站,food,呷飽未自助餐,25.0373404,121.4475475,https://overpass-api.de/api/interpreter
新莊站,food,雄越牛肉河粉,25.0379832,121.4473973,https://overpass-api.de/api/interpreter
新莊站,food,二師兄肉羹麵,25.0381898,121.4472458,https://overpass-api.de/api/interpreter
新莊站,food,必勝客,25.037838,121.4472578,https://overpass-api.de/api/interpreter
新莊站,food,國泰永和豆漿大王,25.0379953,121.4471546,https://overpass-api.de/api/interpreter
新莊站,food,布納咖啡,25.034655,121.4466436,https://overpass-api.de/api/interpreter
新莊站,food,拿坡里披薩,25.0353112,121.4481772,https://overpass-api.de/api/interpreter
新莊站,food,福勝亭,25.0353647,121.4484542,https://overpass-api.de/api/interpreter
新莊站,food,洋城義大利餐廳,25.035211,121.4489959,https://overpass-api.de/api/interpreter
新莊站,shopping,蝦皮店到店,25.0328067,121.4498309,https://overpass-api.de/api/interpreter
新莊站,shopping,蝦皮店到店,25.037071,121.4551402,https://overpass-api.de/api/interpreter
新莊站,shopping,7-Eleven,25.0381799,121.4589198,https://overpass-api.de/api/interpreter
新莊站,food,築間幸福鍋物,25.0382204,121.4588675,https://overpass-api.de/api/interpreter
新莊站,food,早餐優選,25.0337158,121.448472,https://overpass-api.de/api/interpreter
新莊站,shopping,家樂福超市,25.0404478,121.456737,https://overpass-api.de/api/interpreter
新莊站,recreation,新莊體育場,25.042186,121.4512869,https://overpass-api.de/api/interpreter
新莊站,food,MEET兔,25.0375165,121.449885,https://overpass-api.de/api/interpreter
新莊站,food,Oval meat 美式餐廳,25.037564,121.4487827,https://overpass-api.de/api/interpreter
新莊站,food,迷客夏,25.0342666,121.4493521,https://overpass-api.de/api/interpreter
新莊站,shopping,萊爾富,25.0392091,121.4554834,https://overpass-api.de/api/interpreter
新莊站,shopping,萊爾富,25.0342778,121.4532479,https://overpass-api.de/api/interpreter
新莊站,food,來鴨燒臘,25.0348456,121.4458338,https://overpass-api.de/api/interpreter
新莊站,shopping,全聯福利中心,25.0357783,121.4535475,https://overpass-api.de/api/interpreter
新莊站,recreation,,25.0326799,121.4590363,https://overpass-api.de/api/interpreter
新莊站,recreation,新海三期人工溼地,25.0259329,121.4510742,https://overpass-api.de/api/interpreter
新莊站,recreation,新莊運動公園,25.0412087,121.4493175,https://overpass-api.de/api/interpreter
新莊站,recreation,新莊國民運動中心,25.039622,121.4484494,https://overpass-api.de/api/interpreter
新莊站,culture,,25.0381233,121.4567393,https://overpass-api.de/api/interpreter
新莊站,recreation,,25.0421875,121.4512309,https://overpass-api.de/api/interpreter
新莊站,recreation,,25.042727,121.4520444,https://overpass-api.de/api/interpreter
新莊站,recreation,,25.0423988,121.4520452,https://overpass-api.de/api/interpreter
新莊站,recreation,,25.0419709,121.4520505,https://overpass-api.de/api/interpreter
新莊站,recreation,,25.0416556,121.4520584,https://overpass-api.de/api/interpreter
新莊站,recreation,籃球場,25.0346488,121.4505941,https://overpass-api.de/api/interpreter
新莊站,recreation,籃球場,25.0346593,121.450794,https://overpass-api.de/api/interpreter
新莊站,recreation,排球場,25.0346656,121.4509579,https://overpass-api.de/api/interpreter
新莊站,recreation,排球場,25.0346397,121.4504385,https://overpass-api.de/api/interpreter
新莊站,recreation,新泰公園,25.0375317,121.4452953,https://overpass-api.de/api/interpreter
新莊站,recreation,碧江公園,25.0322323,121.4499888,https://overpass-api.de/api/interpreter
新莊站,recreation,,25.0404866,121.4504735,https://overpass-api.de/api/interpreter
新莊站,recreation,,25.0316393,121.4590439,https://overpass-api.de/api/interpreter
新莊站,recreation,恒毅游泳池,25.0394125,121.4536398,https://overpass-api.de/api/interpreter
新莊站,recreation,活動中心,25.0386865,121.4535408,https://overpass-api.de/api/interpreter
新莊站,recreation,,25.0380866,121.454143,https://overpass-api.de/api/interpreter
新莊站,recreation,,25.0381397,121.4536035,https://overpass-api.de/api/interpreter
新莊站,recreation,新莊公園,25.0374995,121.457309,https://overpass-api.de/api/interpreter
新莊站,recreation,文德社區公園,25.0351124,121.4559948,https://overpass-api.de/api/interpreter
新莊站,recreation,,25.0346746,121.4525398,https://overpass-api.de/api/interpreter
新莊站,recreation,,25.0412196,121.4479314,https://overpass-api.de/api/interpreter
新莊站,recreation,新北市立新莊棒球場,25.0410854,121.4477721,https://overpass-api.de/api/interpreter
新莊站,recreation,,25.0365101,121.4568426,https://overpass-api.de/api/interpreter
新莊站,recreation,忠孝公園,25.0346299,121.4447158,https://overpass-api.de/api/interpreter
景安站,shopping,家樂福超市,24.9903719,121.5029683,https://overpass-api.de/api/interpreter
景安站,shopping,7-Eleven,24.9908151,121.5039433,https://overpass-api.de/api/interpreter
景安站,shopping,7-Eleven,24.9986703,121.4993022,https://overpass-api.de/api/interpreter
景安站,shopping,7-Eleven,24.9955951,121.5054178,https://overpass-api.de/api/interpreter
景安站,shopping,全聯福利中心,24.9938703,121.5003085,https://overpass-api.de/api/interpreter
景安站,food,爭鮮南勢角店,24.9894732,121.5104203,https://overpass-api.de/api/interpreter
景安站,shopping,家樂福超市,24.9909851,121.5111732,https://overpass-api.de/api/interpreter
景安站,shopping,日日春便利商店,24.9956754,121.5024494,https://overpass-api.de/api/interpreter
景安站,shopping,全家便利商店,24.9957021,121.5010696,https://overpass-api.de/api/interpreter
景安站,shopping,全家便利商店,24.9972618,121.5044539,https://overpass-api.de/api/interpreter
景安站,shopping,7-Eleven,24.9964311,121.5035009,https://overpass-api.de/api/interpreter
景安站,shopping,全聯福利中心,24.9960134,121.5030338,https://overpass-api.de/api/interpreter
景安站,shopping,7-Eleven,24.9955092,121.5024248,https://overpass-api.de/api/interpreter
景安站,shopping,7-Eleven,24.995314,121.5014438,https://overpass-api.de/api/interpreter
景安站,shopping,萊爾富,24.9980579,121.5017911,https://overpass-api.de/api/interpreter
景安站,shopping,7-Eleven,24.9986527,121.5020096,https://overpass-api.de/api/interpreter
景安站,shopping,美廉社,24.9983817,121.5019666,https://overpass-api.de/api/interpreter
景安站,shopping,7-Eleven,24.9890348,121.51004,https://overpass-api.de/api/interpreter
景安站,food,,24.9995853,121.5082708,https://overpass-api.de/api/interpreter
景安站,food,喜鍋屋,24.9997007,121.5058898,https://overpass-api.de/api/interpreter
景安站,food,星巴克,24.9897509,121.5100992,https://overpass-api.de/api/interpreter
景安站,shopping,全家便利商店,24.9937173,121.5052305,https://overpass-api.de/api/interpreter
景安站,shopping,OK超商,24.9998715,121.5028793,https://overpass-api.de/api/interpreter
景安站,shopping,全家便利商店,24.9945752,121.5051195,https://overpass-api.de/api/interpreter
景安站,shopping,7-Eleven,24.9971116,121.5115199,https://overpass-api.de/api/interpreter
景安站,food,美而美,24.9986153,121.4992157,https://overpass-api.de/api/interpreter
景安站,food,龍記刀削麵,24.9979777,121.4999725,https://overpass-api.de/api/interpreter
景安站,shopping,7-Eleven,24.9953611,121.4975133,https://overpass-api.de/api/interpreter
景安站,food,大呼過癮,24.9946129,121.4974488,https://overpass-api.de/api/interpreter
景安站,food,溫州大餛飩,24.9952164,121.4976539,https://overpass-api.de/api/interpreter
景安站,food,福隆鄉野便當,24.9984552,121.4995592,https://overpass-api.de/api/interpreter
景安站,food,滷肉腳,24.9980238,121.4999353,https://overpass-api.de/api/interpreter
景安站,food,板橋謝記清湯肉圓,24.9948926,121.4975908,https://overpass-api.de/api/interpreter
景安站,food,庄腳滷肉飯,24.9972728,121.5002179,https://overpass-api.de/api/interpreter
景安站,food,老家便當,24.9950215,121.4974219,https://overpass-api.de/api/interpreter
景安站,shopping,全家便利商店,24.9953222,121.497685,https://overpass-api.de/api/interpreter
景安站,food,喜登活力早餐屋,24.9956001,121.4980252,https://overpass-api.de/api/interpreter
景安站,shopping,美廉社,24.9957006,121.4983171,https://overpass-api.de/api/interpreter
景安站,food,豬媽媽,24.9947614,121.4972957,https://overpass-api.de/api/interpreter
景安站,food,卡好呷中西複合早餐,24.9957702,121.4980272,https://overpass-api.de/api/interpreter
景安站,food,多來家早午餐,24.9956366,121.4981352,https://overpass-api.de/api/interpreter
景安站,food,李家牛肉麵,24.9957898,121.498256,https://overpass-api.de/api/interpreter
景安站,shopping,金寧食品有限公司,24.9958419,121.4984749,https://overpass-api.de/api/interpreter
景安站,food,得味軒美食,24.997442,121.5002174,https://overpass-api.de/api/interpreter
景安站,food,港麗港式茶餐廳,24.9943437,121.5051039,https://overpass-api.de/api/interpreter
景安站,food,淳咖啡,24.9999194,121.5019412,https://overpass-api.de/api/interpreter
景安站,food,美而美,24.9982091,121.5001342,https://overpass-api.de/api/interpreter
景安站,culture,大同圖書閱覽室,24.996129,121.4996376,https://overpass-api.de/api/interpreter
景安站,food,鴨味仔薑母鴨,24.9962513,121.4990433,https://overpass-api.de/api/interpreter
景安站,food,熊好味義大利麵,24.9971484,121.5007046,https://overpass-api.de/api/interpreter
景安站,food,WaWa樂園中和景平店,24.9962024,121.5009798,https://overpass-api.de/api/interpreter
景安站,food,emmerich咖啡茶專賣,24.9966211,121.5008358,https://overpass-api.de/api/interpreter
景安站,food,皇家大腸麵線,24.9957871,121.5013966,https://overpass-api.de/api/interpreter
景安站,food,關山便當,24.9958955,121.5012896,https://overpass-api.de/api/interpreter
景安站,shopping,瑞益便利商店,24.9949597,121.5022814,https://overpass-api.de/api/interpreter
景安站,shopping,蝦皮店到店,24.9944083,121.5029197,https://overpass-api.de/api/interpreter
景安站,food,馥達山東燒雞,24.9950464,121.502171,https://overpass-api.de/api/interpreter
景安站,food,534陽春麵滷肉飯,24.9945127,121.5027794,https://overpass-api.de/api/interpreter
景安站,food,麵之彩日本麵館,24.9966829,121.5005132,https://overpass-api.de/api/interpreter
景安站,food,珍合味香醇鍋,24.9950711,121.5017529,https://overpass-api.de/api/interpreter
景安站,food,哈娜銅盤烤肉,24.9949071,121.5019447,https://overpass-api.de/api/interpreter
景安站,food,王子冰室,24.9949583,121.5018908,https://overpass-api.de/api/interpreter
景安站,food,南華鵝肉切仔麵,24.9960235,121.5028922,https://overpass-api.de/api/interpreter
景安站,food,布拉德施維根廚房,24.9960934,121.5030451,https://overpass-api.de/api/interpreter
景安站,food,意麵陽春麵魯肉飯,24.9955724,121.5021381,https://overpass-api.de/api/interpreter
景安站,shopping,裕豐商行,24.9968896,121.5040281,https://overpass-api.de/api/interpreter
景安站,food,香港新康記燒臘快餐便當,24.9955191,121.502067,https://overpass-api.de/api/interpreter
景安站,food,鮮客樂牛排屋,24.996786,121.5039001,https://overpass-api.de/api/interpreter
景安站,food,亞季美食店,24.9971945,121.5044393,https://overpass-api.de/api/interpreter
景安站,food,可味佳蝦捲,24.9971314,121.504366,https://overpass-api.de/api/interpreter
景安站,food,寶神日式涮涮鍋,24.9969133,121.5041178,https://overpass-api.de/api/interpreter
景安站,food,涮八秒湯咖哩,24.9970871,121.5042795,https://overpass-api.de/api/interpreter
景安站,food,瓜仔肉飯筒仔米糕,24.9974088,121.5051941,https://overpass-api.de/api/interpreter
景安站,food,老爺米苔目,24.997391,121.505342,https://overpass-api.de/api/interpreter
景安站,food,蘭華素食館,24.9973786,121.5054575,https://overpass-api.de/api/interpreter
景安站,food,金門粥品,24.9973734,121.505101,https://overpass-api.de/api/interpreter
景安站,food,85度C中和南華店,24.9973994,121.5055813,https://overpass-api.de/api/interpreter
景安站,food,泰旺穆斯林泰式餐廳,24.9968239,121.504241,https://overpass-api.de/api/interpreter
景安站,food,溫州大餛飩,24.9954419,121.502279,https://overpass-api.de/api/interpreter
景安站,food,火鍋世家,24.9954981,121.5024689,https://overpass-api.de/api/interpreter
景安站,food,炒翻天餐廳,24.9962261,121.5035161,https://overpass-api.de/api/interpreter
景安站,food,老先覺麻辣窯燒鍋,24.9958881,121.5031469,https://overpass-api.de/api/interpreter
景安站,food,三哥海鮮快炒店,24.9972477,121.50531,https://overpass-api.de/api/interpreter
景安站,food,古早味鹹湯圓,24.9981698,121.4987686,https://overpass-api.de/api/interpreter
景安站,food,歡樂屋早餐,24.9965847,121.5040712,https://overpass-api.de/api/interpreter
景安站,shopping,全家便利商店,24.9939106,121.5090112,https://overpass-api.de/api/interpreter
景安站,shopping,7-Eleven,24.9977169,121.5104363,https://overpass-api.de/api/interpreter
景安站,shopping,7-Eleven,24.9952823,121.5098143,https://overpass-api.de/api/interpreter
景安站,food,長生素食自助餐,24.993943,121.4978246,https://overpass-api.de/api/interpreter
景安站,food,早餐店,24.9936931,121.5041026,https://overpass-api.de/api/interpreter
景安站,food,沛果義式餐飲,24.9939646,121.5034434,https://overpass-api.de/api/interpreter
景安站,food,川味麵食,24.9940967,121.503249,https://overpass-api.de/api/interpreter
景安站,food,錢都涮涮鍋,24.9939045,121.5035718,https://overpass-api.de/api/interpreter
景安站,food,O Khu村麵屋,24.9933545,121.5043245,https://overpass-api.de/api/interpreter
景安站,shopping,家樂福,24.9932339,121.5047296,https://overpass-api.de/api/interpreter
景安站,food,北海漁場,24.9975892,121.5003805,https://overpass-api.de/api/interpreter
景安站,food,阿達麻辣臭豆腐,24.9957181,121.4979153,https://overpass-api.de/api/interpreter
景安站,shopping,全聯福利中心,24.9962862,121.5105841,https://overpass-api.de/api/interpreter
景安站,shopping,OK超商,24.9966877,121.5118146,https://overpass-api.de/api/interpreter
景安站,food,大板城,24.9970887,121.5112432,https://overpass-api.de/api/interpreter
景安站,shopping,7-Eleven,24.992665,121.5100702,https://overpass-api.de/api/interpreter
景安站,food,對味食坊,24.9979858,121.502492,https://overpass-api.de/api/interpreter
景安站,food,臺南無刺虱目魚,24.992942,121.5048873,https://overpass-api.de/api/interpreter
景安站,food,老王原汁牛肉麵,24.9930241,121.5049065,https://overpass-api.de/api/interpreter
景安站,food,郭家虱目魚,24.9932726,121.5050315,https://overpass-api.de/api/interpreter
景安站,food,溫州大餛飩,24.9932617,121.5051299,https://overpass-api.de/api/interpreter
景安站,shopping,全家便利商店,24.9933383,121.5031389,https://overpass-api.de/api/interpreter
景安站,food,老饕園,24.990664,121.5109536,https://overpass-api.de/api/interpreter
景安站,food,蘭迪意大利麵,24.9888127,121.5098553,https://overpass-api.de/api/interpreter
景安站,shopping,7-Eleven,24.9901716,121.5108382,https://overpass-api.de/api/interpreter
景安站,shopping,7-Eleven,24.9998285,121.5051342,https://overpass-api.de/api/interpreter
景安站,food,安平小館,24.9951875,121.5100397,https://overpass-api.de/api/interpreter
景安站,shopping,台鹽生技,24.9957588,121.5101844,https://overpass-api.de/api/interpreter
景安站,shopping,震東水電材料行,24.9967706,121.5109726,https://overpass-api.de/api/interpreter
景安站,food,劉家牛肉麵,24.99688,121.5115708,https://overpass-api.de/api/interpreter
景安站,food,甜不辣,24.9968022,121.5116593,https://overpass-api.de/api/interpreter
景安站,food,花媽壽司,24.9967487,121.511729,https://overpass-api.de/api/interpreter
景安站,food,亞米比薩,24.9971771,121.5115743,https://overpass-api.de/api/interpreter
景安站,food,一桶天下,24.9970057,121.5114107,https://overpass-api.de/api/interpreter
景安站,shopping,TOKO INSAN BERKAJ,24.9937786,121.5028382,https://overpass-api.de/api/interpreter
景安站,culture,中和分館,24.9897,121.5065,https://overpass-api.de/api/interpreter
景安站,food,豆点，傳統豆花,24.9957812,121.5102015,https://overpass-api.de/api/interpreter
景安站,recreation,FIB健身俱樂部,24.9980965,121.5069313,https://overpass-api.de/api/interpreter
景安站,shopping,全家便利商店,24.9942897,121.5127708,https://overpass-api.de/api/interpreter
景安站,food,85度C,24.9971042,121.5112316,https://overpass-api.de/api/interpreter
景安站,food,金正好吃大腸麵線/宜安店,24.9972885,121.5112354,https://overpass-api.de/api/interpreter
景安站,food,華泰豆花粉圓,24.9983199,121.5104033,https://overpass-api.de/api/interpreter
景安站,food,燒烤店,24.9972591,121.5110903,https://overpass-api.de/api/interpreter
景安站,food,霸味薑母鴨,24.9924155,121.5120279,https://overpass-api.de/api/interpreter
景安站,food,老蔡水煎包,24.9892795,121.5099718,https://overpass-api.de/api/interpreter
景安站,food,派克雞排,24.9893103,121.5099021,https://overpass-api.de/api/interpreter
景安站,food,得正,24.9891011,121.5098433,https://overpass-api.de/api/interpreter
景安站,shopping,7-Eleven,24.9912674,121.5075092,https://overpass-api.de/api/interpreter
景安站,food,o'pasta 義大利麵,24.9887826,121.5099031,https://overpass-api.de/api/interpreter
景安站,shopping,萊爾富,24.9895522,121.5108726,https://overpass-api.de/api/interpreter
景安站,shopping,全聯福利中心,24.9893963,121.5097008,https://overpass-api.de/api/interpreter
景安站,food,CoCo都可,24.9883533,121.5095345,https://overpass-api.de/api/interpreter
景安站,food,小木屋鬆餅,24.988455,121.5095965,https://overpass-api.de/api/interpreter
景安站,shopping,大潤發迷你站,24.9891388,121.5098795,https://overpass-api.de/api/interpreter
景安站,food,早自己,24.9903075,121.5077452,https://overpass-api.de/api/interpreter
景安站,food,豆BAR 咖啡,24.9960631,121.5030116,https://overpass-api.de/api/interpreter
景安站,food,cama café,24.9906533,121.503864,https://overpass-api.de/api/interpreter
景安站,food,8 lie down,24.9972409,121.50958,https://overpass-api.de/api/interpreter
景安站,shopping,全家便利商店,24.9999372,121.5087219,https://overpass-api.de/api/interpreter
景安站,food,滿福早午餐,24.9975533,121.5106508,https://overpass-api.de/api/interpreter
景安站,food,Win Win Pasta 餐廳,24.9932484,121.5052377,https://overpass-api.de/api/interpreter
景安站,food,Just Kitchen - Zhonghe,24.9933105,121.5117858,https://overpass-api.de/api/interpreter
景安站,food,越式會安麵包,24.989379,121.5102673,https://overpass-api.de/api/interpreter
景安站,food,12mini,24.9898407,121.5105902,https://overpass-api.de/api/interpreter
景安站,shopping,蝦皮店到店,24.9977719,121.5020652,https://overpass-api.de/api/interpreter
景安站,shopping,蝦皮店到店,24.9901037,121.5088111,https://overpass-api.de/api/interpreter
景安站,shopping,蝦皮店到店,24.9986763,121.5091176,https://overpass-api.de/api/interpreter
景安站,shopping,蝦皮店到店,24.991415,121.5047613,https://overpass-api.de/api/interpreter
景安站,shopping,蝦皮店到店,24.9958951,121.4985423,https://overpass-api.de/api/interpreter
景安站,food,星巴克,24.995123,121.5053311,https://overpass-api.de/api/interpreter
景安站,food,麥味登,24.9992282,121.5082486,https://overpass-api.de/api/interpreter
景安站,food,Q Burger,24.9986096,121.507397,https://overpass-api.de/api/interpreter
景安站,food,大功牛排,24.9994932,121.5072709,https://overpass-api.de/api/interpreter
景安站,food,清心福全,24.9996075,121.5053451,https://overpass-api.de/api/interpreter
景安站,food,𡘙師傅便當專賣店,24.9996294,121.5042333,https://overpass-api.de/api/interpreter
景安站,food,小木屋鬆餅,24.9995929,121.5040965,https://overpass-api.de/api/interpreter
景安站,shopping,美廉社,24.9960401,121.5062362,https://overpass-api.de/api/interpreter
景安站,food,永和豆漿,24.9901523,121.5029246,https://overpass-api.de/api/interpreter
景安站,food,達達印度廚房-永和,25.0003539,121.5084337,https://overpass-api.de/api/interpreter
景安站,food,正宗四川麻辣粉,24.9937095,121.5040242,https://overpass-api.de/api/interpreter
景安站,food,路易莎咖啡,24.9941773,121.5052868,https://overpass-api.de/api/interpreter
景安站,food,CAFE IN 硬咖啡,24.993902,121.5052123,https://overpass-api.de/api/interpreter
景安站,food,井製茶飲 Hashtea,24.9940302,121.5052412,https://overpass-api.de/api/interpreter
景安站,food,鬍鬚張,24.9944271,121.5053585,https://overpass-api.de/api/interpreter
景安站,food,億都日式涮涮鍋,24.9944684,121.50538,https://overpass-api.de/api/interpreter
景安站,food,藏味拉麵,24.9942873,121.5048683,https://overpass-api.de/api/interpreter
景安站,food,萌萌噠川味牛肉麵,24.9942885,121.5053102,https://overpass-api.de/api/interpreter
景安站,food,金灞日式涮涮鍋,24.9943687,121.5053344,https://overpass-api.de/api/interpreter
景安站,food,福隆月台便當,24.9953424,121.5053987,https://overpass-api.de/api/interpreter
景安站,food,鍋藏精緻鍋物,24.995408,121.5054041,https://overpass-api.de/api/interpreter
景安站,food,三焿拌麵,24.995504,121.5056469,https://overpass-api.de/api/interpreter
景安站,food,康青龍創意茶飲,24.9954238,121.5056227,https://overpass-api.de/api/interpreter
景安站,food,婕出義料,24.9950737,121.5051319,https://overpass-api.de/api/interpreter
景安站,food,源珍味金門廣東粥,24.9945839,121.5053907,https://overpass-api.de/api/interpreter
景安站,food,江山野放茶,24.9942192,121.5052955,https://overpass-api.de/api/interpreter
景安站,shopping,7-Eleven,24.989706,121.5057018,https://overpass-api.de/api/interpreter
景安站,recreation,中和國小籃球場,24.9989331,121.5000252,https://overpass-api.de/api/interpreter
景安站,shopping,7-Eleven,24.9898291,121.5087408,https://overpass-api.de/api/interpreter
景安站,food,路易莎咖啡,24.9897406,121.5089259,https://overpass-api.de/api/interpreter
景安站,food,Louisa,24.9901863,121.5006122,https://overpass-api.de/api/interpreter
景安站,food,大華蚵仔煎,24.9931488,121.5049494,https://overpass-api.de/api/interpreter
景安站,food,50嵐,24.9931245,121.504934,https://overpass-api.de/api/interpreter
景安站,shopping,萊爾富,24.9931154,121.5046879,https://overpass-api.de/api/interpreter
景安站,food,CoCo都可,24.9930358,121.5046657,https://overpass-api.de/api/interpreter
景安站,food,佐日生茶館,24.9937268,121.5040012,https://overpass-api.de/api/interpreter
景安站,food,私藏不藏私咖啡食堂,24.994503,121.505679,https://overpass-api.de/api/interpreter
景安站,shopping,全聯福利中心,24.9976175,121.5116728,https://overpass-api.de/api/interpreter
景安站,shopping,全家便利商店,24.9907939,121.508575,https://overpass-api.de/api/interpreter
景安站,shopping,萊爾富,24.9881971,121.5077274,https://overpass-api.de/api/interpreter
景安站,shopping,萊爾富,24.9965437,121.5107971,https://overpass-api.de/api/interpreter
景安站,shopping,全家便利商店,24.9922508,121.4999991,https://overpass-api.de/api/interpreter
景安站,food,豆浦두포丨豆腐鍋專賣,24.9932756,121.5052534,https://overpass-api.de/api/interpreter
景安站,culture,帕奇美術教室,24.9981275,121.5110512,https://overpass-api.de/api/interpreter
景安站,food,大食鍋物,24.9945235,121.5129568,https://overpass-api.de/api/interpreter
景安站,food,龜記,24.993343,121.5045315,https://overpass-api.de/api/interpreter
景安站,food,All in One Burger,24.9933457,121.5041992,https://overpass-api.de/api/interpreter
景安站,food,韋食堂,24.9894644,121.5105684,https://overpass-api.de/api/interpreter
景安站,recreation,復興公園,24.9912002,121.5025226,https://overpass-api.de/api/interpreter
景安站,recreation,,24.9994261,121.500001,https://overpass-api.de/api/interpreter
景安站,recreation,和園,24.9993413,121.5011624,https://overpass-api.de/api/interpreter
景安站,recreation,遊戲場(左),24.9880668,121.5026324,https://overpass-api.de/api/interpreter
景安站,recreation,遊樂場(右),24.9881066,121.5020861,https://overpass-api.de/api/interpreter
景安站,recreation,郭農球場,24.9892502,121.5024765,https://overpass-api.de/api/interpreter
景安站,recreation,機汽車停車區,24.9889472,121.5024418,https://overpass-api.de/api/interpreter
景安站,recreation,遊戲活動區,24.9882063,121.5023355,https://overpass-api.de/api/interpreter
景安站,recreation,,25.0007562,121.5048445,https://overpass-api.de/api/interpreter
景安站,food,大呼過癮臭臭鍋,24.9995415,121.5046906,https://overpass-api.de/api/interpreter
景安站,recreation,,24.9984946,121.5001256,https://overpass-api.de/api/interpreter
景安站,recreation,,24.9922163,121.5043865,https://overpass-api.de/api/interpreter
景安站,recreation,中興公園,24.9876578,121.4999403,https://overpass-api.de/api/interpreter
景安站,shopping,全聯福利中心,24.9921091,121.5038347,https://overpass-api.de/api/interpreter
景安站,recreation,,24.9934687,121.4981636,https://overpass-api.de/api/interpreter
景安站,recreation,瓦瑤溝右岸綠地,24.9963124,121.5071482,https://overpass-api.de/api/interpreter
景安站,recreation,風雨操場,24.9996802,121.5011457,https://overpass-api.de/api/interpreter
景安站,recreation,,25.0000795,121.5010124,https://overpass-api.de/api/interpreter
景安站,recreation,,24.9993413,121.5015099,https://overpass-api.de/api/interpreter
景安站,recreation,,24.998879,121.5000123,https://overpass-api.de/api/interpreter
景安站,recreation,,24.999671,121.5008526,https://overpass-api.de/api/interpreter
景安站,recreation,中和區綜合運動場,24.9994261,121.500001,https://overpass-api.de/api/interpreter
景安站,recreation,,24.9994211,121.5000115,https://overpass-api.de/api/interpreter
板橋站,food,四季便當,25.0071579,121.4617031,https://overpass-api.de/api/interpreter
板橋站,food,區運小館,25.0103843,121.4667188,https://overpass-api.de/api/interpreter
板橋站,shopping,全家便利商店,25.00913,121.4674484,https://overpass-api.de/api/interpreter
板橋站,food,85度C,25.0185321,121.4611181,https://overpass-api.de/api/interpreter
板橋站,shopping,7-Eleven,25.0205214,121.4659339,https://overpass-api.de/api/interpreter
板橋站,food,COMEBUY,25.0108803,121.463802,https://overpass-api.de/api/interpreter
板橋站,shopping,全家便利商店,25.0106646,121.4639153,https://overpass-api.de/api/interpreter
板橋站,food,春水堂人文茶館,25.0124791,121.4632644,https://overpass-api.de/api/interpreter
板橋站,food,星巴克,25.0083286,121.460091,https://overpass-api.de/api/interpreter
板橋站,culture,秀泰影城(板橋),25.0122787,121.4622642,https://overpass-api.de/api/interpreter
板橋站,food,義式屋古拉爵,25.0143117,121.4672587,https://overpass-api.de/api/interpreter
板橋站,food,50嵐,25.0105708,121.4624543,https://overpass-api.de/api/interpreter
板橋站,shopping,7-Eleven,25.0140564,121.4638213,https://overpass-api.de/api/interpreter
板橋站,food,星巴克,25.0143815,121.4640188,https://overpass-api.de/api/interpreter
板橋站,food,藍屋,25.0140249,121.4675001,https://overpass-api.de/api/interpreter
板橋站,food,清心福全,25.0106935,121.4623746,https://overpass-api.de/api/interpreter
板橋站,food,無敵漢堡,25.0107813,121.4636316,https://overpass-api.de/api/interpreter
板橋站,food,Alley Cat,25.0121619,121.4631032,https://overpass-api.de/api/interpreter
板橋站,food,小蒙牛頂級麻辣養生鍋,25.0157202,121.4623659,https://overpass-api.de/api/interpreter
板橋站,culture,板橋大遠百威秀影城,25.0140276,121.4671367,https://overpass-api.de/api/interpreter
板橋站,food,樂麵屋,25.0145838,121.4637308,https://overpass-api.de/api/interpreter
板橋站,food,薄多義(BITE 2 EAT),25.0087032,121.460766,https://overpass-api.de/api/interpreter
板橋站,food,鮨彩壽司,25.0141877,121.4670897,https://overpass-api.de/api/interpreter
板橋站,food,非常泰概念餐坊,25.0142533,121.4671621,https://overpass-api.de/api/interpreter
板橋站,food,法樂琪,25.0139592,121.4673901,https://overpass-api.de/api/interpreter
板橋站,food,金色三麥,25.014079,121.4669892,https://overpass-api.de/api/interpreter
板橋站,food,新葡苑,25.0137703,121.4672225,https://overpass-api.de/api/interpreter
板橋站,food,跳舞香水,25.0138493,121.4665808,https://overpass-api.de/api/interpreter
板橋站,food,和食EN,25.0136245,121.4666539,https://overpass-api.de/api/interpreter
板橋站,food,鼎泰豐,25.0136355,121.4665992,https://overpass-api.de/api/interpreter
板橋站,food,瓦城泰國料理,25.0101362,121.4568211,https://overpass-api.de/api/interpreter
板橋站,food,萬佳鄉,25.0106308,121.4633474,https://overpass-api.de/api/interpreter
板橋站,food,BELLA CAFE,25.0106616,121.463408,https://overpass-api.de/api/interpreter
板橋站,food,CASA DELLA PASTA,25.0107468,121.4635787,https://overpass-api.de/api/interpreter
板橋站,food,全香豆花店,25.0093716,121.4567394,https://overpass-api.de/api/interpreter
板橋站,food,CAFE!N,25.0107988,121.4638545,https://overpass-api.de/api/interpreter
板橋站,food,鴨角臭豆腐,25.0101303,121.4656597,https://overpass-api.de/api/interpreter
板橋站,food,8292烤肉,25.0102909,121.4640775,https://overpass-api.de/api/interpreter
板橋站,food,齊味麻辣火鍋,25.0109859,121.4620293,https://overpass-api.de/api/interpreter
板橋站,food,全民紅燒清燉牛肉麵館,25.010294,121.4619807,https://overpass-api.de/api/interpreter
板橋站,shopping,全家便利商店,25.0083854,121.4586448,https://overpass-api.de/api/interpreter
板橋站,food,原素食府,25.0083456,121.4586123,https://overpass-api.de/api/interpreter
板橋站,shopping,7-Eleven,25.0173689,121.456426,https://overpass-api.de/api/interpreter
板橋站,food,御天屋拉麵,25.0141402,121.4681516,https://overpass-api.de/api/interpreter
板橋站,food,麗媽香香鍋,25.0137069,121.4685404,https://overpass-api.de/api/interpreter
板橋站,food,正老林羊肉爐,25.0148456,121.4675701,https://overpass-api.de/api/interpreter
板橋站,food,老十三黃燜雞米飯,25.0117368,121.4660252,https://overpass-api.de/api/interpreter
板橋站,shopping,7-Eleven,25.0154881,121.4673096,https://overpass-api.de/api/interpreter
板橋站,shopping,全家便利商店,25.0153058,121.4671688,https://overpass-api.de/api/interpreter
板橋站,shopping,全家便利商店,25.0120875,121.4664375,https://overpass-api.de/api/interpreter
板橋站,food,煙囪咖啡,25.0155621,121.4675822,https://overpass-api.de/api/interpreter
板橋站,food,燒肉粽大賣場,25.0151338,121.4672989,https://overpass-api.de/api/interpreter
板橋站,food,六必居潮州沙鍋粥,25.0118316,121.4659631,https://overpass-api.de/api/interpreter
板橋站,shopping,全家便利商店,25.0088374,121.4651587,https://overpass-api.de/api/interpreter
板橋站,food,油庫口蚵仔麵線,25.018919,121.4668818,https://overpass-api.de/api/interpreter
板橋站,shopping,全家便利商店,25.0189889,121.4667699,https://overpass-api.de/api/interpreter
板橋站,shopping,7-Eleven,25.0190314,121.466674,https://overpass-api.de/api/interpreter
板橋站,shopping,7-Eleven,25.0191005,121.4651379,https://overpass-api.de/api/interpreter
板橋站,food,順億鮪魚專賣店,25.0156793,121.4677183,https://overpass-api.de/api/interpreter
板橋站,food,油庫口蚵仔麵線 漢生分店,25.0167145,121.465821,https://overpass-api.de/api/interpreter
板橋站,food,美食街早餐店,25.0170247,121.4693521,https://overpass-api.de/api/interpreter
板橋站,food,三徑微笑工坊,25.0194309,121.4658394,https://overpass-api.de/api/interpreter
板橋站,food,春野新派川菜,25.0190581,121.4666203,https://overpass-api.de/api/interpreter
板橋站,food,梁記港式小火鍋 板橋文化旗艦店,25.0194326,121.4661869,https://overpass-api.de/api/interpreter
板橋站,food,阿兩紅茶,25.0194529,121.4661564,https://overpass-api.de/api/interpreter
板橋站,food,中華一餅板橋文化店,25.0189163,121.4653647,https://overpass-api.de/api/interpreter
板橋站,food,辣九天麻辣火鍋,25.018616,121.4651883,https://overpass-api.de/api/interpreter
板橋站,food,hot 7 新鉄板料理,25.0185197,121.4650975,https://overpass-api.de/api/interpreter
板橋站,food,就愛夢咖啡,25.0179559,121.4646509,https://overpass-api.de/api/interpreter
板橋站,shopping,新站便利商店,25.0171463,121.4651802,https://overpass-api.de/api/interpreter
板橋站,food,田香園滴雞精,25.0171279,121.4652595,https://overpass-api.de/api/interpreter
板橋站,food,亞林豆漿大王,25.0168571,121.4656599,https://overpass-api.de/api/interpreter
板橋站,food,無刺虱目魚,25.0163229,121.4662169,https://overpass-api.de/api/interpreter
板橋站,food,各式快炒,25.0189356,121.4672369,https://overpass-api.de/api/interpreter
板橋站,food,九兩雞排王,25.0194983,121.4665764,https://overpass-api.de/api/interpreter
板橋站,food,路易莎咖啡,25.0198451,121.4655951,https://overpass-api.de/api/interpreter
板橋站,shopping,義美食品,25.0189054,121.4649627,https://overpass-api.de/api/interpreter
板橋站,food,麵や壹ラーメン專門店,25.0176878,121.4639545,https://overpass-api.de/api/interpreter
板橋站,food,四季香手工饅頭,25.0175349,121.4638407,https://overpass-api.de/api/interpreter
板橋站,food,燒肉天國日式炭火燒肉,25.017371,121.4636963,https://overpass-api.de/api/interpreter
板橋站,food,華川宴,25.0171297,121.4635093,https://overpass-api.de/api/interpreter
板橋站,food,周家基隆廟口營養三明治,25.0188904,121.4669174,https://overpass-api.de/api/interpreter
板橋站,food,懿品小珍,25.0069383,121.4618614,https://overpass-api.de/api/interpreter
板橋站,food,紅蔥頭麵食館,25.0080362,121.4621127,https://overpass-api.de/api/interpreter
板橋站,food,Artco Cafe,25.0094073,121.4595295,https://overpass-api.de/api/interpreter
板橋站,food,嘉祥漢堡店,25.0183951,121.4658202,https://overpass-api.de/api/interpreter
板橋站,shopping,新東陽販賣部,25.0153173,121.4650599,https://overpass-api.de/api/interpreter
板橋站,culture,新板藝廊,25.0142114,121.4664414,https://overpass-api.de/api/interpreter
板橋站,recreation,World Gym健身俱樂部,25.0079386,121.4601624,https://overpass-api.de/api/interpreter
板橋站,food,西堤牛排,25.0076855,121.4599783,https://overpass-api.de/api/interpreter
板橋站,food,小南門傳統豆花美食,25.0081607,121.4602808,https://overpass-api.de/api/interpreter
板橋站,culture,新北市立圖書館板橋車站低碳智慧圖書館,25.014651,121.4638977,https://overpass-api.de/api/interpreter
板橋站,food,湾島呷早頓,25.0107869,121.4558659,https://overpass-api.de/api/interpreter
板橋站,food,好初早餐 板橋二二,25.0175888,121.4608552,https://overpass-api.de/api/interpreter
板橋站,food,上海生煎包,25.0100106,121.4616576,https://overpass-api.de/api/interpreter
板橋站,food,21世紀,25.0175599,121.4562913,https://overpass-api.de/api/interpreter
板橋站,food,爭鮮迴轉壽司,25.0177865,121.4560441,https://overpass-api.de/api/interpreter
板橋站,food,珍鄉小館,25.013548,121.4562646,https://overpass-api.de/api/interpreter
板橋站,food,Merci cafe,25.0103486,121.4634277,https://overpass-api.de/api/interpreter
板橋站,shopping,7-Eleven,25.0125249,121.4561146,https://overpass-api.de/api/interpreter
板橋站,shopping,臺灣菸酒股份有限公司 板橋便利店,25.020048,121.4657133,https://overpass-api.de/api/interpreter
板橋站,food,紅坊義式廚房 國光店,25.0181655,121.4600804,https://overpass-api.de/api/interpreter
板橋站,food,阿國麻辣麵線,25.0072129,121.4607834,https://overpass-api.de/api/interpreter
板橋站,food,清心福全,25.0120029,121.4696522,https://overpass-api.de/api/interpreter
板橋站,shopping,7-Eleven,25.0119373,121.4697113,https://overpass-api.de/api/interpreter
板橋站,food,Zoo Cafe,25.0088675,121.4579783,https://overpass-api.de/api/interpreter
板橋站,food,零時差,25.0073337,121.4605054,https://overpass-api.de/api/interpreter
板橋站,food,Kiki Restaurant,25.0123609,121.4632429,https://overpass-api.de/api/interpreter
板橋站,shopping,全家便利商店,25.0169931,121.4563963,https://overpass-api.de/api/interpreter
板橋站,shopping,全家便利商店,25.0185781,121.4566695,https://overpass-api.de/api/interpreter
板橋站,food,50嵐,25.0178529,121.4560116,https://overpass-api.de/api/interpreter
板橋站,food,oven coffee,25.0170771,121.4560399,https://overpass-api.de/api/interpreter
板橋站,food,隱居風味居酒屋,25.0085761,121.4580565,https://overpass-api.de/api/interpreter
板橋站,food,蓋子美式餐廳,25.0176535,121.4608816,https://overpass-api.de/api/interpreter
板橋站,food,Merci creme,25.0176629,121.4665215,https://overpass-api.de/api/interpreter
板橋站,food,添好運,25.0137155,121.4664681,https://overpass-api.de/api/interpreter
板橋站,food,海南雞飯,25.0206163,121.4657847,https://overpass-api.de/api/interpreter
板橋站,food,吉野烤肉飯,25.0206402,121.4654939,https://overpass-api.de/api/interpreter
板橋站,food,紅豆餅,25.0207003,121.4653211,https://overpass-api.de/api/interpreter
板橋站,food,義大利麵,25.0205447,121.4656268,https://overpass-api.de/api/interpreter
板橋站,food,板橋壽司,25.0079618,121.4609707,https://overpass-api.de/api/interpreter
板橋站,food,薩利亞,25.0086488,121.4600141,https://overpass-api.de/api/interpreter
板橋站,food,爭鮮迴轉壽司,25.0079703,121.4606066,https://overpass-api.de/api/interpreter
板橋站,food,府中涼麵,25.0081802,121.4608885,https://overpass-api.de/api/interpreter
板橋站,shopping,全家便利商店,25.0125987,121.4634333,https://overpass-api.de/api/interpreter
板橋站,food,路易莎咖啡,25.0117078,121.4687125,https://overpass-api.de/api/interpreter
板橋站,food,路易莎咖啡,25.0107531,121.4638726,https://overpass-api.de/api/interpreter
板橋站,food,大庭牛肉麵,25.0177886,121.4575586,https://overpass-api.de/api/interpreter
板橋站,shopping,7-Eleven,25.0180893,121.4590848,https://overpass-api.de/api/interpreter
板橋站,shopping,全聯福利中心,25.0179212,121.4583993,https://overpass-api.de/api/interpreter
板橋站,shopping,萊爾富,25.020023,121.4607292,https://overpass-api.de/api/interpreter
板橋站,food,DOSE 都是咖啡 1900,25.0188482,121.4677699,https://overpass-api.de/api/interpreter
板橋站,food,Merci Vielle,25.0096163,121.4571871,https://overpass-api.de/api/interpreter
板橋站,food,阿漢麵店,25.0188048,121.4569129,https://overpass-api.de/api/interpreter
板橋站,food,米粉嫂小吃,25.0204071,121.4617399,https://overpass-api.de/api/interpreter
板橋站,food,新疆麵食館,25.0186512,121.4623896,https://overpass-api.de/api/interpreter
板橋站,food,環南米苔目,25.0185906,121.4613311,https://overpass-api.de/api/interpreter
板橋站,food,望月樓,25.0129395,121.4673428,https://overpass-api.de/api/interpreter
板橋站,shopping,全聯福利中心,25.0145149,121.4607756,https://overpass-api.de/api/interpreter
板橋站,food,食指大動,25.0181924,121.4603021,https://overpass-api.de/api/interpreter
板橋站,shopping,全家便利商店,25.0147009,121.4600593,https://overpass-api.de/api/interpreter
板橋站,food,1010湘,25.0123729,121.4632164,https://overpass-api.de/api/interpreter
板橋站,food,The Chips,25.0145488,121.4639715,https://overpass-api.de/api/interpreter
板橋站,food,Leno Coffee & Brunch,25.0176941,121.4606801,https://overpass-api.de/api/interpreter
板橋站,food,赤富士日式燒肉鍋物,25.0093742,121.4612041,https://overpass-api.de/api/interpreter
板橋站,food,食藝鍋,25.0139238,121.4609838,https://overpass-api.de/api/interpreter
板橋站,food,HiVi Brunch,25.017475,121.4598784,https://overpass-api.de/api/interpreter
板橋站,food,一幻拉麵,25.0145571,121.4641926,https://overpass-api.de/api/interpreter
板橋站,food,澄清 Clearly,25.0176864,121.4606324,https://overpass-api.de/api/interpreter
板橋站,food,老曹餛飩,25.0106527,121.456757,https://overpass-api.de/api/interpreter
板橋站,food,博多拉麵,25.0093991,121.4595301,https://overpass-api.de/api/interpreter
板橋站,shopping,全家便利商店,25.0112677,121.4637609,https://overpass-api.de/api/interpreter
板橋站,shopping,全家便利商店,25.0122921,121.4648572,https://overpass-api.de/api/interpreter
板橋站,shopping,全家便利商店,25.0135399,121.4686314,https://overpass-api.de/api/interpreter
板橋站,shopping,全家便利商店,25.0116527,121.4552983,https://overpass-api.de/api/interpreter
板橋站,shopping,7-Eleven,25.0183593,121.4610618,https://overpass-api.de/api/interpreter
板橋站,shopping,7-Eleven,25.0189816,121.4629984,https://overpass-api.de/api/interpreter
板橋站,food,Lee Ho,25.0118175,121.466574,https://overpass-api.de/api/interpreter
板橋站,shopping,7-Eleven,25.0172232,121.4696613,https://overpass-api.de/api/interpreter
板橋站,shopping,板農活力超市,25.0084225,121.4586785,https://overpass-api.de/api/interpreter
板橋站,food,這一鍋,25.0081604,121.4584391,https://overpass-api.de/api/interpreter
板橋站,food,橋屋關東煮,25.0151317,121.4602879,https://overpass-api.de/api/interpreter
板橋站,shopping,全家便利商店,25.0121842,121.4622161,https://overpass-api.de/api/interpreter
板橋站,food,琳琳早餐,25.0158825,121.4607245,https://overpass-api.de/api/interpreter
板橋站,food,大根屋,25.0090959,121.4578197,https://overpass-api.de/api/interpreter
板橋站,shopping,7-Eleven,25.0070992,121.4635584,https://overpass-api.de/api/interpreter
板橋站,food,四海遊龍,25.0071363,121.4638241,https://overpass-api.de/api/interpreter
板橋站,shopping,7-Eleven,25.0072871,121.4601045,https://overpass-api.de/api/interpreter
板橋站,shopping,蝦皮店到店,25.0159904,121.4570107,https://overpass-api.de/api/interpreter
板橋站,shopping,蝦皮店到店,25.0175157,121.457521,https://overpass-api.de/api/interpreter
板橋站,shopping,蝦皮店到店,25.0088709,121.4621266,https://overpass-api.de/api/interpreter
板橋站,shopping,7-Eleven,25.016783,121.4657619,https://overpass-api.de/api/interpreter
板橋站,food,小吉咖哩,25.0160868,121.4626698,https://overpass-api.de/api/interpreter
板橋站,food,北極熊燒肉專門店,25.0165619,121.4630735,https://overpass-api.de/api/interpreter
板橋站,shopping,7-Eleven,25.0152822,121.4620073,https://overpass-api.de/api/interpreter
板橋站,shopping,蝦皮店到店,25.0195661,121.4624532,https://overpass-api.de/api/interpreter
板橋站,food,大汗麻辣鴨血,25.009744,121.4615138,https://overpass-api.de/api/interpreter
板橋站,food,珍煮丹,25.0087984,121.4604644,https://overpass-api.de/api/interpreter
板橋站,food,愛烤愛對囉,25.0086878,121.4603564,https://overpass-api.de/api/interpreter
板橋站,food,堤諾義式比薩Tino's Pizza Café 板橋府中店,25.008888,121.4627608,https://overpass-api.de/api/interpreter
板橋站,shopping,7-Eleven,25.0138503,121.4591768,https://overpass-api.de/api/interpreter
板橋站,food,85度C,25.0170174,121.4558373,https://overpass-api.de/api/interpreter
板橋站,shopping,7-Eleven,25.019563,121.4609456,https://overpass-api.de/api/interpreter
板橋站,food,三一豆花店,25.0157165,121.4613918,https://overpass-api.de/api/interpreter
板橋站,food,甜福 貳 FUKU Brunch,25.0152753,121.4613181,https://overpass-api.de/api/interpreter
板橋站,food,冬日向輕食坊,25.0153325,121.4611491,https://overpass-api.de/api/interpreter
板橋站,food,食日早午餐,25.0116798,121.4662804,https://overpass-api.de/api/interpreter
板橋站,food,三寶大腸麵線,25.0117236,121.4552939,https://overpass-api.de/api/interpreter
板橋站,food,露易莎咖啡,25.0102201,121.4578506,https://overpass-api.de/api/interpreter
板橋站,food,蘇西家手做壽司,25.0169505,121.4556545,https://overpass-api.de/api/interpreter
板橋站,food,角落UTOPIA,25.0086549,121.4657498,https://overpass-api.de/api/interpreter
板橋站,food,NENE CHICKEN,25.0115514,121.466349,https://overpass-api.de/api/interpreter
板橋站,food,星巴克,25.0138899,121.467006,https://overpass-api.de/api/interpreter
板橋站,food,靛居鮨,25.0148965,121.4674687,https://overpass-api.de/api/interpreter
板橋站,food,珍豐鹹酥雞,25.0117763,121.4700899,https://overpass-api.de/api/interpreter
板橋站,recreation,北門,25.0109669,121.468504,https://overpass-api.de/api/interpreter
板橋站,recreation,西門,25.0105479,121.4676074,https://overpass-api.de/api/interpreter
板橋站,recreation,南門,25.009401,121.4682565,https://overpass-api.de/api/interpreter
板橋站,food,海山魯肉飯,25.009693,121.467125,https://overpass-api.de/api/interpreter
板橋站,recreation,籃球場,25.0099092,121.4673831,https://overpass-api.de/api/interpreter
板橋站,recreation,籃球場,25.0101535,121.4672943,https://overpass-api.de/api/interpreter
板橋站,recreation,籃球場,25.0099463,121.4674182,https://overpass-api.de/api/interpreter
板橋站,recreation,籃球場,25.0098869,121.4674634,https://overpass-api.de/api/interpreter
板橋站,recreation,籃球場,25.0098179,121.4675023,https://overpass-api.de/api/interpreter
板橋站,recreation,籃球場,25.0097341,121.4675573,https://overpass-api.de/api/interpreter
板橋站,recreation,籃球場,25.0100405,121.4673699,https://overpass-api.de/api/interpreter
板橋站,recreation,籃球場,25.0098535,121.4673843,https://overpass-api.de/api/interpreter
板橋站,food,得正,25.0107009,121.4638948,https://overpass-api.de/api/interpreter
板橋站,food,阿霞蚵仔麵線,25.0108431,121.4638297,https://overpass-api.de/api/interpreter
板橋站,food,YAYOI,25.0112101,121.4637054,https://overpass-api.de/api/interpreter
板橋站,shopping,7-Eleven,25.0128752,121.4685518,https://overpass-api.de/api/interpreter
板橋站,food,小秘苑,25.0142177,121.4703012,https://overpass-api.de/api/interpreter
板橋站,food,天晴好日咖啡餐館,25.0142469,121.4703723,https://overpass-api.de/api/interpreter
板橋站,culture,電幻1號所,25.0119231,121.4620006,https://overpass-api.de/api/interpreter
板橋站,food,山焙,25.0077007,121.4610794,https://overpass-api.de/api/interpreter
板橋站,food,路易莎咖啡,25.0076302,121.4612157,https://overpass-api.de/api/interpreter
板橋站,food,定食8,25.0079486,121.4606459,https://overpass-api.de/api/interpreter
板橋站,shopping,7-Eleven,25.007791,121.4609695,https://overpass-api.de/api/interpreter
板橋站,food,萬波島嶼紅茶,25.0076099,121.461243,https://overpass-api.de/api/interpreter
板橋站,food,COMEBUY,25.0075779,121.4612908,https://overpass-api.de/api/interpreter
板橋站,food,發發,25.0075657,121.4613241,https://overpass-api.de/api/interpreter
板橋站,shopping,7-Eleven,25.0087253,121.4614928,https://overpass-api.de/api/interpreter
板橋站,food,有之和牛,25.0074249,121.462179,https://overpass-api.de/api/interpreter
板橋站,food,博多拉麵,25.009558,121.4596711,https://overpass-api.de/api/interpreter
板橋站,shopping,全家便利商店,25.0183249,121.4682644,https://overpass-api.de/api/interpreter
板橋站,food,九品倞麵,25.0104865,121.4589918,https://overpass-api.de/api/interpreter
板橋站,food,French Toast Factory,25.0104063,121.4588866,https://overpass-api.de/api/interpreter
板橋站,shopping,7-Eleven,25.0102714,121.4590254,https://overpass-api.de/api/interpreter
板橋站,food,Together Café,25.0110199,121.4600573,https://overpass-api.de/api/interpreter
板橋站,food,彭園新板館,25.0122155,121.4655745,https://overpass-api.de/api/interpreter
板橋站,shopping,7-Eleven,25.0130877,121.4627268,https://overpass-api.de/api/interpreter
板橋站,culture,故事屋（文學館）,25.0073475,121.4652461,https://overpass-api.de/api/interpreter
板橋站,shopping,全聯福利中心,25.0098278,121.4656202,https://overpass-api.de/api/interpreter
板橋站,food,菁壽司,25.0086702,121.4659991,https://overpass-api.de/api/interpreter
板橋站,food,猴子燒肉,25.0085456,121.4661258,https://overpass-api.de/api/interpreter
板橋站,food,真吳記烤鴨店,25.0135153,121.4688656,https://overpass-api.de/api/interpreter
板橋站,food,興 ㄧ🦆三吃,25.0137601,121.468791,https://overpass-api.de/api/interpreter
板橋站,food,創作麵坊·鮭之大助（板橋）板橋拉麵,25.0176046,121.4646144,https://overpass-api.de/api/interpreter
板橋站,food,大魔大滿足鍋物,25.0072342,121.4634805,https://overpass-api.de/api/interpreter
板橋站,food,常旺海鮮熱炒,25.0079683,121.4636327,https://overpass-api.de/api/interpreter
板橋站,shopping,7-Eleven,25.010314,121.466504,https://overpass-api.de/api/interpreter
板橋站,food,義爸爸披薩,25.0140376,121.4602836,https://overpass-api.de/api/interpreter
板橋站,food,ssSip!,25.0096492,121.460086,https://overpass-api.de/api/interpreter
板橋站,food,明德素食園 環球板橋店,25.014677,121.4638055,https://overpass-api.de/api/interpreter
板橋站,shopping,萊爾富,25.0097565,121.4597803,https://overpass-api.de/api/interpreter
板橋站,food,銷魂麵舖 Spicy Noodle,25.0146313,121.4641425,https://overpass-api.de/api/interpreter
板橋站,food,Artco 33,25.0128366,121.4658675,https://overpass-api.de/api/interpreter
板橋站,food,Italia,25.0134841,121.4594017,https://overpass-api.de/api/interpreter
板橋站,food,絨比喫茶のんびり,25.0141744,121.4594431,https://overpass-api.de/api/interpreter
板橋站,food,三分鐘熱度,25.014123,121.4594976,https://overpass-api.de/api/interpreter
板橋站,food,食局容家人能,25.0098384,121.4621789,https://overpass-api.de/api/interpreter
板橋站,food,福氣珊子,25.0145991,121.4601221,https://overpass-api.de/api/interpreter
板橋站,shopping,22 King,25.0139161,121.4601235,https://overpass-api.de/api/interpreter
板橋站,food,吾時•食,25.0139503,121.4601593,https://overpass-api.de/api/interpreter
板橋站,food,懸日拉麵,25.0130691,121.4602377,https://overpass-api.de/api/interpreter
板橋站,food,一條通,25.0193814,121.4651239,https://overpass-api.de/api/interpreter
板橋站,shopping,7-Eleven,25.0155198,121.4568403,https://overpass-api.de/api/interpreter
板橋站,food,三十人森 手工窯烤披薩,25.0171307,121.462521,https://overpass-api.de/api/interpreter
板橋站,food,小高拉麵,25.0158877,121.4573793,https://overpass-api.de/api/interpreter
板橋站,recreation,Curves,25.0156043,121.4568595,https://overpass-api.de/api/interpreter
板橋站,food,丹生炊事,25.0176569,121.4694464,https://overpass-api.de/api/interpreter
板橋站,food,牛居清燉麵館,25.0142741,121.4562634,https://overpass-api.de/api/interpreter
板橋站,food,大庭美而美,25.01714,121.4565337,https://overpass-api.de/api/interpreter
板橋站,food,堯壽喔唐揚炸雞 新北板橋中正店,25.017075,121.4565499,https://overpass-api.de/api/interpreter
板橋站,food,呷飯城(板橋國光路),25.0174638,121.456684,https://overpass-api.de/api/interpreter
板橋站,food,吉飽早餐-國光店,25.0174906,121.4567618,https://overpass-api.de/api/interpreter
板橋站,recreation,板橋第一運動場,25.0101941,121.4683791,https://overpass-api.de/api/interpreter
板橋站,recreation,介壽公園,25.0083793,121.4627069,https://overpass-api.de/api/interpreter
板橋站,recreation,,25.0137591,121.4587436,https://overpass-api.de/api/interpreter
板橋站,recreation,板橋體育館,25.0131941,121.4567081,https://overpass-api.de/api/interpreter
板橋站,recreation,萬坪都會公園,25.0130548,121.4612833,https://overpass-api.de/api/interpreter
板橋站,recreation,板橋車站站前廣場,25.0149397,121.4627331,https://overpass-api.de/api/interpreter
板橋站,recreation,,25.0125492,121.4612445,https://overpass-api.de/api/interpreter
板橋站,recreation,板橋福德公園,25.0116029,121.4679173,https://overpass-api.de/api/interpreter
板橋站,recreation,文康活動中心,25.0077624,121.4649592,https://overpass-api.de/api/interpreter
板橋站,food,中華電信學院餐廳,25.0072751,121.466048,https://overpass-api.de/api/interpreter
板橋站,recreation,公兒二公園,25.0110505,121.4630582,https://overpass-api.de/api/interpreter
板橋站,culture,圖書館,25.0202939,121.4641916,https://overpass-api.de/api/interpreter
板橋站,recreation,溫水游泳池,25.0125526,121.4576165,https://overpass-api.de/api/interpreter
板橋站,recreation,室內籃球場,25.0128859,121.4592102,https://overpass-api.de/api/interpreter
板橋站,recreation,軍訓場地,25.0118934,121.4580936,https://overpass-api.de/api/interpreter
板橋站,culture,府中15新北市動畫故事館,25.0094491,121.4595247,https://overpass-api.de/api/interpreter
板橋站,culture,新北市立圖書館板橋分館,25.0106965,121.4579653,https://overpass-api.de/api/interpreter
板橋站,recreation,尋夢園地,25.0169363,121.4640886,https://overpass-api.de/api/interpreter
板橋站,recreation,板信公園,25.0124475,121.4565343,https://overpass-api.de/api/interpreter
板橋站,recreation,,25.0116973,121.4568582,https://overpass-api.de/api/interpreter
板橋站,recreation,朝陽館,25.0173818,121.4678303,https://overpass-api.de/api/interpreter
板橋站,recreation,籃球場,25.016515,121.4677443,https://overpass-api.de/api/interpreter
板橋站,recreation,,25.0136733,121.4576755,https://overpass-api.de/api/interpreter
板橋站,recreation,,25.0136908,121.4574772,https://overpass-api.de/api/interpreter
板橋站,recreation,,25.013649,121.4578618,https://overpass-api.de/api/interpreter
板橋站,recreation,,25.0139832,121.4578965,https://overpass-api.de/api/interpreter
板橋站,recreation,,25.0140181,121.4575043,https://overpass-api.de/api/interpreter
板橋站,recreation,,25.0140025,121.457708,https://overpass-api.de/api/interpreter
板橋站,recreation,仁愛公園,25.0113409,121.4695665,https://overpass-api.de/api/interpreter
板橋站,food,品都串燒,25.0079306,121.4637954,https://overpass-api.de/api/interpreter
板橋站,recreation,,25.0206766,121.4637126,https://overpass-api.de/api/interpreter
板橋站,recreation,,25.0208448,121.4630254,https://overpass-api.de/api/interpreter
板橋站,recreation,,25.0207921,121.4634005,https://overpass-api.de/api/interpreter
板橋站,recreation,,25.0212053,121.4636211,https://overpass-api.de/api/interpreter
板橋站,recreation,,25.0205636,121.4639687,https://overpass-api.de/api/interpreter
板橋站,recreation,,25.0207323,121.4635923,https://overpass-api.de/api/interpreter
板橋站,recreation,,25.0207622,121.4632279,https://overpass-api.de/api/interpreter
板橋站,recreation,,25.0209914,121.4635044,https://overpass-api.de/api/interpreter
板橋站,recreation,,25.0206207,121.4638413,https://overpass-api.de/api/interpreter
板橋站,culture,誠信館 (H棟),25.0204205,121.4629805,https://overpass-api.de/api/interpreter
板橋站,recreation,,25.0118245,121.4569944,https://overpass-api.de/api/interpreter
板橋站,recreation,扶輪公園,25.0124321,121.4598376,https://overpass-api.de/api/interpreter
板橋站,recreation,體育場,25.0101711,121.4683376,https://overpass-api.de/api/interpreter
板橋站,food,饗之美早午餐,25.0107269,121.4597469,https://overpass-api.de/api/interpreter
板橋站,recreation,,25.0109357,121.466065,https://overpass-api.de/api/interpreter
板橋站,recreation,市民廣場,25.0132834,121.4649697,https://overpass-api.de/api/interpreter
板橋站,recreation,,25.0188488,121.4618921,https://overpass-api.de/api/interpreter
板橋站,recreation,籃球場,25.0098517,121.4674413,https://overpass-api.de/api/interpreter
板橋站,recreation,籃球場,25.012188,121.4578106,https://overpass-api.de/api/interpreter
板橋站,recreation,排球場,25.0125442,121.4582705,https://overpass-api.de/api/interpreter
板橋站,recreation,板橋放送所,25.0069664,121.4654806,https://overpass-api.de/api/interpreter
板橋站,recreation,板橋車站桌球場,25.0133289,121.4618122,https://overpass-api.de/api/interpreter
板橋站,recreation,板橋第二運動場,25.0138428,121.4577584,https://overpass-api.de/api/interpreter
林口站,shopping,家樂福超市,25.0722991,121.3641208,https://overpass-api.de/api/interpreter
林口站,shopping,7-Eleven,25.0720263,121.3645181,https://overpass-api.de/api/interpreter
林口站,shopping,全家便利商店,25.0666565,121.3609021,https://overpass-api.de/api/interpreter
林口站,shopping,萊爾富,25.0593973,121.3622537,https://overpass-api.de/api/interpreter
林口站,food,小瓦罐煨湯館,25.0702879,121.3577043,https://overpass-api.de/api/interpreter
林口站,culture,新北市圖書館林口分館,25.0697167,121.3640785,https://overpass-api.de/api/interpreter
林口站,shopping,全家便利商店,25.060483,121.3582637,https://overpass-api.de/api/interpreter
林口站,food,路易莎咖啡,25.0662409,121.3616555,https://overpass-api.de/api/interpreter
林口站,shopping,7-Eleven,25.0605246,121.3642926,https://overpass-api.de/api/interpreter
林口站,shopping,全家便利商店,25.0662704,121.3615564,https://overpass-api.de/api/interpreter
林口站,food,四海遊龍,25.0667285,121.3647204,https://overpass-api.de/api/interpreter
林口站,food,上吉屋焗烤工坊,25.0669791,121.364845,https://overpass-api.de/api/interpreter
林口站,shopping,全家便利商店,25.0707701,121.3625975,https://overpass-api.de/api/interpreter
林口站,food,半邊圓,25.0685847,121.3663547,https://overpass-api.de/api/interpreter
林口站,food,麥味登,25.0595895,121.3638233,https://overpass-api.de/api/interpreter
林口站,shopping,全聯福利中心,25.0689231,121.3676175,https://overpass-api.de/api/interpreter
林口站,shopping,7-Eleven,25.0604933,121.3621354,https://overpass-api.de/api/interpreter
林口站,food,早點,25.0602256,121.3622202,https://overpass-api.de/api/interpreter
林口站,food,麥味登,25.0603,121.3621833,https://overpass-api.de/api/interpreter
林口站,food,福星小吃,25.0601283,121.3622676,https://overpass-api.de/api/interpreter
林口站,food,舌尖吧蘭州拉麵,25.0597477,121.3625304,https://overpass-api.de/api/interpreter
林口站,food,五味正港羊肉爐,25.0601685,121.3620432,https://overpass-api.de/api/interpreter
林口站,food,婆婆媽媽小吃店,25.0603422,121.3634623,https://overpass-api.de/api/interpreter
林口站,food,文化永和豆漿,25.0671321,121.3648535,https://overpass-api.de/api/interpreter
林口站,food,福州魚丸,25.068831,121.365727,https://overpass-api.de/api/interpreter
林口站,food,金園便當店,25.0687632,121.365674,https://overpass-api.de/api/interpreter
林口站,food,醉便宜美食坊,25.0688773,121.3658089,https://overpass-api.de/api/interpreter
林口站,food,清心福全,25.0687867,121.3656878,https://overpass-api.de/api/interpreter
林口站,food,雞排老爹,25.0687272,121.3656474,https://overpass-api.de/api/interpreter
林口站,food,八角麵店,25.0662888,121.3616519,https://overpass-api.de/api/interpreter
林口站,food,菘韓館,25.0663585,121.3616544,https://overpass-api.de/api/interpreter
林口站,food,勝博殿,25.0663516,121.3614896,https://overpass-api.de/api/interpreter
林口站,food,老三魷魚羹,25.0684057,121.3661081,https://overpass-api.de/api/interpreter
林口站,shopping,萊爾富,25.0716397,121.3593064,https://overpass-api.de/api/interpreter
林口站,shopping,全家便利商店,25.0595244,121.3649204,https://overpass-api.de/api/interpreter
林口站,food,餃子樓中樓,25.0591453,121.3640028,https://overpass-api.de/api/interpreter
林口站,food,尚蓋青快炒店,25.0595415,121.3650234,https://overpass-api.de/api/interpreter
林口站,food,JAPOLI義大利餐酒館,25.0707995,121.3639663,https://overpass-api.de/api/interpreter
林口站,shopping,7-Eleven,25.0688187,121.3567429,https://overpass-api.de/api/interpreter
林口站,shopping,7-Eleven,25.0675474,121.3666205,https://overpass-api.de/api/interpreter
林口站,shopping,7-Eleven,25.0673894,121.3649439,https://overpass-api.de/api/interpreter
林口站,food,聚味軒中餐廳,25.0661742,121.3607447,https://overpass-api.de/api/interpreter
林口站,food,貓泰泰咖啡餐廳,25.0678104,121.359577,https://overpass-api.de/api/interpreter
林口站,shopping,全家便利商店,25.0688284,121.3614801,https://overpass-api.de/api/interpreter
林口站,food,老四川巴蜀麻辣燙,25.0688845,121.3613792,https://overpass-api.de/api/interpreter
林口站,food,宜客樂西餐廳,25.0663039,121.3607424,https://overpass-api.de/api/interpreter
林口站,shopping,萊爾富,25.0687279,121.3560555,https://overpass-api.de/api/interpreter
林口站,food,金仙魯肉飯,25.0722261,121.3640233,https://overpass-api.de/api/interpreter
林口站,food,福豆食堂 FOODOOR,25.0720025,121.3637378,https://overpass-api.de/api/interpreter
林口站,food,斑鳩的窩,25.0720462,121.3637936,https://overpass-api.de/api/interpreter
林口站,food,萬波島嶼紅茶,25.0720924,121.363856,https://overpass-api.de/api/interpreter
林口站,food,莊家班萬華麻油雞,25.0721346,121.36391,https://overpass-api.de/api/interpreter
林口站,food,津鍋健康鍋,25.0604904,121.3641818,https://overpass-api.de/api/interpreter
林口站,shopping,蝦皮店到店,25.0594947,121.3643056,https://overpass-api.de/api/interpreter
林口站,food,KUA`AINA 夏威夷漢堡,25.0707391,121.3638582,https://overpass-api.de/api/interpreter
林口站,food,宮武讚岐烏龍麵,25.0696922,121.3653253,https://overpass-api.de/api/interpreter
林口站,food,靜岡勝政日式豬排,25.0708332,121.3660559,https://overpass-api.de/api/interpreter
林口站,food,CoCo壱番屋,25.070653,121.3662961,https://overpass-api.de/api/interpreter
林口站,food,屯京拉麵,25.070141,121.3659952,https://overpass-api.de/api/interpreter
林口站,shopping,全家便利商店,25.0641788,121.3546259,https://overpass-api.de/api/interpreter
林口站,food,鬍鬚張,25.0699106,121.3669369,https://overpass-api.de/api/interpreter
林口站,food,冰匠,25.0688872,121.3665277,https://overpass-api.de/api/interpreter
林口站,food,星巴克,25.0695912,121.365702,https://overpass-api.de/api/interpreter
林口站,food,珍煮丹,25.0683168,121.3654826,https://overpass-api.de/api/interpreter
林口站,food,鶴茶樓,25.0680579,121.3653385,https://overpass-api.de/api/interpreter
林口站,food,海口蔡,25.0696598,121.3672963,https://overpass-api.de/api/interpreter
林口站,food,林口鼎精緻涮涮鍋,25.0695966,121.3673707,https://overpass-api.de/api/interpreter
林口站,food,晴光秀嬤赤肉羹,25.0697587,121.366741,https://overpass-api.de/api/interpreter
林口站,food,城市漢堡,25.0695182,121.3670466,https://overpass-api.de/api/interpreter
林口站,food,泰媽泰式料理,25.0694399,121.3671501,https://overpass-api.de/api/interpreter
林口站,food,老油條飯麵館,25.0694635,121.3671199,https://overpass-api.de/api/interpreter
林口站,food,點水樓,25.0709643,121.3657902,https://overpass-api.de/api/interpreter
林口站,food,古拉爵義式屋,25.0704686,121.3660777,https://overpass-api.de/api/interpreter
林口站,food,韓國一隻雞,25.0706851,121.363793,https://overpass-api.de/api/interpreter
林口站,food,小紅樓砂鍋菜,25.061298,121.3641021,https://overpass-api.de/api/interpreter
林口站,food,布朗嘞義大利麵A9店,25.0678289,121.359303,https://overpass-api.de/api/interpreter
林口站,shopping,7-Eleven,25.0629566,121.3668922,https://overpass-api.de/api/interpreter
林口站,food,CAFE IN,25.0632299,121.3666159,https://overpass-api.de/api/interpreter
林口站,food,鮮豆將軍,25.0629918,121.3668425,https://overpass-api.de/api/interpreter
林口站,food,韓潮料理飯捲,25.0625994,121.3673508,https://overpass-api.de/api/interpreter
林口站,food,老蔡水煎包,25.0626759,121.3673146,https://overpass-api.de/api/interpreter
林口站,food,董師傅,25.0629256,121.3670115,https://overpass-api.de/api/interpreter
林口站,food,STAND cafebar,25.0628405,121.3670625,https://overpass-api.de/api/interpreter
林口站,food,走杯,25.0627367,121.3672147,https://overpass-api.de/api/interpreter
林口站,food,胖胖豬,25.0629068,121.3671711,https://overpass-api.de/api/interpreter
林口站,food,小飯桌,25.0631716,121.3667943,https://overpass-api.de/api/interpreter
林口站,food,爭鮮,25.0597119,121.3648828,https://overpass-api.de/api/interpreter
林口站,food,霖園便當,25.0614688,121.3645402,https://overpass-api.de/api/interpreter
林口站,food,宜品福州乾拌麵,25.0613622,121.364578,https://overpass-api.de/api/interpreter
林口站,food,欣越園越南美食館,25.0613112,121.3646008,https://overpass-api.de/api/interpreter
林口站,food,炙り庵steak牛排,25.0593332,121.364618,https://overpass-api.de/api/interpreter
林口站,food,故鄉肉羹麵滷肉飯,25.0596193,121.3638214,https://overpass-api.de/api/interpreter
林口站,food,文興牛肉羊肉拉麵,25.0596497,121.363804,https://overpass-api.de/api/interpreter
林口站,food,加樂牛肉麵魯肉飯,25.0598307,121.3637201,https://overpass-api.de/api/interpreter
林口站,food,騏寶麵飯館,25.0602444,121.3635994,https://overpass-api.de/api/interpreter
林口站,food,詠冠池上便當,25.0588351,121.3626942,https://overpass-api.de/api/interpreter
林口站,food,宏利日式丼飯鍋燒麵專賣店,25.0604445,121.3618708,https://overpass-api.de/api/interpreter
林口站,food,三顧茅廬,25.0603865,121.3618869,https://overpass-api.de/api/interpreter
林口站,food,元喜便當,25.0604666,121.3618656,https://overpass-api.de/api/interpreter
林口站,food,吃好運食坊 文三店,25.0605544,121.3620775,https://overpass-api.de/api/interpreter
林口站,food,士林廣東粥,25.0603467,121.3621779,https://overpass-api.de/api/interpreter
林口站,food,好飯炒飯專門店,25.0599306,121.3624301,https://overpass-api.de/api/interpreter
林口站,food,我家牛排,25.0663458,121.3613669,https://overpass-api.de/api/interpreter
林口站,food,22:02 火鍋樂活,25.0663503,121.3614168,https://overpass-api.de/api/interpreter
林口站,food,青山の奢侍,25.0656004,121.3598026,https://overpass-api.de/api/interpreter
林口站,food,玥饗烤鴨 x 川粵菜Buffet,25.0655981,121.3604076,https://overpass-api.de/api/interpreter
林口站,food,囿間土雞肉飯,25.0612192,121.3646249,https://overpass-api.de/api/interpreter
林口站,shopping,萊爾富,25.0681693,121.3608521,https://overpass-api.de/api/interpreter
林口站,food,星巴克,25.0660574,121.361388,https://overpass-api.de/api/interpreter
林口站,food,薩莉亞,25.0660885,121.3617768,https://overpass-api.de/api/interpreter
林口站,recreation,龜山區第一運動公園,25.0628753,121.3652395,https://overpass-api.de/api/interpreter
林口站,recreation,,25.0635621,121.3650432,https://overpass-api.de/api/interpreter
林口站,recreation,,25.0635488,121.3647251,https://overpass-api.de/api/interpreter
林口站,recreation,,25.063563,121.3648911,https://overpass-api.de/api/interpreter
林口站,recreation,,25.0635811,121.3651525,https://overpass-api.de/api/interpreter
林口站,recreation,,25.0635982,121.3653507,https://overpass-api.de/api/interpreter
林口站,recreation,,25.0683375,121.3685585,https://overpass-api.de/api/interpreter
林口站,shopping,全聯福利中心,25.0701698,121.367344,https://overpass-api.de/api/interpreter
林口站,recreation,林口樂活公園,25.066716,121.3738626,https://overpass-api.de/api/interpreter
林口站,food,奧豐燒臘,25.0596159,121.3621782,https://overpass-api.de/api/interpreter
林口站,food,霸味薑母鴨,25.0597365,121.3621288,https://overpass-api.de/api/interpreter
林口站,recreation,立言公園,25.0730684,121.3624236,https://overpass-api.de/api/interpreter
林口站,recreation,井泉公園,25.0701979,121.3560547,https://overpass-api.de/api/interpreter
林口站,recreation,,25.0612886,121.3638364,https://overpass-api.de/api/interpreter
林口站,recreation,,25.0611586,121.3602564,https://overpass-api.de/api/interpreter
林口站,recreation,,25.0608925,121.3602805,https://overpass-api.de/api/interpreter
林口站,recreation,立功公園,25.0676708,121.3583733,https://overpass-api.de/api/interpreter
林口站,recreation,,25.0694378,121.3583925,https://overpass-api.de/api/interpreter
林口站,recreation,,25.0696014,121.3583651,https://overpass-api.de/api/interpreter
林口站,recreation,,25.0692759,121.3584215,https://overpass-api.de/api/interpreter
林口站,shopping,全家便利商店,25.0689219,121.3662195,https://overpass-api.de/api/interpreter
林口站,food,泰蝦PA滑水道泰國蝦吃到飽/流水蝦/水道蝦/新北吃到飽/林口美食/需預約,25.0687442,121.3593326,https://overpass-api.de/api/interpreter
林口站,recreation,,25.0637029,121.358877,https://overpass-api.de/api/interpreter
林口站,recreation,,25.0625586,121.3618944,https://overpass-api.de/api/interpreter
林口站,food,星巴克,25.0670852,121.3559583,https://overpass-api.de/api/interpreter
林口站,food,胚 pae venue,25.068689,121.3584924,https://overpass-api.de/api/interpreter
林口站,shopping,全聯福利中心,25.0704702,121.3569435,https://overpass-api.de/api/interpreter
樹林車站,food,陶板屋,24.9911445,121.4230638,https://overpass-api.de/api/interpreter
樹林車站,shopping,全聯福利中心,24.9916706,121.4214838,https://overpass-api.de/api/interpreter
樹林車站,food,,24.9927557,121.4276823,https://overpass-api.de/api/interpreter
樹林車站,shopping,7-Eleven,24.991501,121.4232976,https://overpass-api.de/api/interpreter
樹林車站,shopping,全家便利商店,24.9912077,121.423792,https://overpass-api.de/api/interpreter
樹林車站,food,85度C,24.9912751,121.4231546,https://overpass-api.de/api/interpreter
樹林車站,food,,24.9913834,121.4239075,https://overpass-api.de/api/interpreter
樹林車站,food,三商巧福,24.991434,121.423256,https://overpass-api.de/api/interpreter
樹林車站,shopping,家樂福,24.9909503,121.4198441,https://overpass-api.de/api/interpreter
樹林車站,food,55黑白切,24.9967075,121.4197179,https://overpass-api.de/api/interpreter
樹林車站,food,四海遊龍,24.990775,121.4228801,https://overpass-api.de/api/interpreter
樹林車站,food,麥菈芙鬆餅飲品,24.9910416,121.4224119,https://overpass-api.de/api/interpreter
樹林車站,food,50嵐,24.9899887,121.4224169,https://overpass-api.de/api/interpreter
樹林車站,shopping,好城百貨,24.9906745,121.422819,https://overpass-api.de/api/interpreter
樹林車站,shopping,義美食品,24.9903592,121.4226586,https://overpass-api.de/api/interpreter
樹林車站,food,George Peck,24.990307,121.4226238,https://overpass-api.de/api/interpreter
樹林車站,food,關東日式涮涮鍋,24.9902108,121.422556,https://overpass-api.de/api/interpreter
樹林車站,food,肉多多火鍋,24.9900906,121.4224776,https://overpass-api.de/api/interpreter
樹林車站,shopping,全聯福利中心,24.9957264,121.4211028,https://overpass-api.de/api/interpreter
樹林車站,culture,樹林大安圖書閱覽室,24.9975497,121.421734,https://overpass-api.de/api/interpreter
樹林車站,shopping,7-Eleven,24.9875218,121.4194129,https://overpass-api.de/api/interpreter
樹林車站,food,錢昇刷刷鍋,24.9880368,121.4189353,https://overpass-api.de/api/interpreter
樹林車站,food,香香牛肉麵水餃,24.9858504,121.4292282,https://overpass-api.de/api/interpreter
樹林車站,shopping,全家便利商店,24.986175,121.429696,https://overpass-api.de/api/interpreter
樹林車站,food,大埔鐵板燒,24.9872427,121.4290735,https://overpass-api.de/api/interpreter
樹林車站,shopping,全家便利商店,24.9877151,121.4294393,https://overpass-api.de/api/interpreter
樹林車站,food,荷田,24.9915465,121.4227464,https://overpass-api.de/api/interpreter
樹林車站,food,晶禾樂蔬食坊,24.9889345,121.426826,https://overpass-api.de/api/interpreter
樹林車站,food,麵麵聚到熱炒,24.987906,121.429009,https://overpass-api.de/api/interpreter
樹林車站,shopping,全家便利商店,24.9884607,121.4181716,https://overpass-api.de/api/interpreter
樹林車站,culture,樹林保安圖書閱覽室,24.9941507,121.4292119,https://overpass-api.de/api/interpreter
樹林車站,shopping,7-Eleven,24.9858044,121.4277122,https://overpass-api.de/api/interpreter
樹林車站,food,Blue House,24.9935938,121.4226175,https://overpass-api.de/api/interpreter
樹林車站,food,孫東寶台式牛排,24.9927326,121.4240711,https://overpass-api.de/api/interpreter
樹林車站,food,麻古茶坊,24.9907674,121.4248853,https://overpass-api.de/api/interpreter
樹林車站,food,路易莎咖啡,24.990923,121.4254782,https://overpass-api.de/api/interpreter
樹林車站,food,珍煮丹,24.9908228,121.42582,https://overpass-api.de/api/interpreter
樹林車站,food,脆皮臭豆腐,24.9907982,121.4258705,https://overpass-api.de/api/interpreter
樹林車站,shopping,全家便利商店,24.9909537,121.4259918,https://overpass-api.de/api/interpreter
樹林車站,food,元元佳滷味,24.9909823,121.425833,https://overpass-api.de/api/interpreter
樹林車站,food,大榮肉粥,24.9910309,121.4256894,https://overpass-api.de/api/interpreter
樹林車站,food,阿明肉羹,24.9910404,121.4256439,https://overpass-api.de/api/interpreter
樹林車站,food,CoCo都可,24.9910746,121.4255391,https://overpass-api.de/api/interpreter
樹林車站,food,峸老滷,24.9911626,121.4252449,https://overpass-api.de/api/interpreter
樹林車站,food,可不可熟成紅茶,24.9911933,121.4251517,https://overpass-api.de/api/interpreter
樹林車站,food,果都,24.9912328,121.4251196,https://overpass-api.de/api/interpreter
樹林車站,food,阿霞臭豆腐,24.9917196,121.4253816,https://overpass-api.de/api/interpreter
樹林車站,food,爭鮮,24.9913133,121.4242873,https://overpass-api.de/api/interpreter
樹林車站,shopping,全家便利商店,24.9913398,121.4242281,https://overpass-api.de/api/interpreter
樹林車站,food,壹咖啡,24.9917134,121.4252033,https://overpass-api.de/api/interpreter
樹林車站,food,東西可點 專業早/午餐專賣店,24.9865334,121.4203252,https://overpass-api.de/api/interpreter
樹林車站,food,韓國太極宮中烤肉,24.9876067,121.4210193,https://overpass-api.de/api/interpreter
樹林車站,food,賽德克巴萊,24.9882387,121.4214203,https://overpass-api.de/api/interpreter
樹林車站,food,三媽臭臭鍋,24.9889591,121.4218208,https://overpass-api.de/api/interpreter
樹林車站,food,星巴克,24.9888136,121.4220429,https://overpass-api.de/api/interpreter
樹林車站,food,乃-冰鎮滷味,24.9895702,121.4221659,https://overpass-api.de/api/interpreter
樹林車站,food,佳鱻臭臭鍋,24.9892025,121.4217791,https://overpass-api.de/api/interpreter
樹林車站,food,地球村港式燒臘,24.9892121,121.4216685,https://overpass-api.de/api/interpreter
樹林車站,food,清心福全,24.9892289,121.4215295,https://overpass-api.de/api/interpreter
樹林車站,shopping,全家便利商店,24.9893394,121.4209222,https://overpass-api.de/api/interpreter
樹林車站,food,三兄弟小吃,24.9891223,121.4213747,https://overpass-api.de/api/interpreter
樹林車站,food,菲啡咖啡,24.9891191,121.4214181,https://overpass-api.de/api/interpreter
樹林車站,food,義麵窩,24.9924583,121.422298,https://overpass-api.de/api/interpreter
樹林車站,shopping,全家便利商店,24.9920647,121.422566,https://overpass-api.de/api/interpreter
樹林車站,food,好味水餃牛肉麵,24.9914578,121.4230567,https://overpass-api.de/api/interpreter
樹林車站,food,,24.9915065,121.4228816,https://overpass-api.de/api/interpreter
樹林車站,food,佳味園便當,24.9915403,121.4227718,https://overpass-api.de/api/interpreter
樹林車站,food,皇家貴族牛排,24.9915805,121.4225406,https://overpass-api.de/api/interpreter
樹林車站,food,鹽酥雞,24.9916462,121.422508,https://overpass-api.de/api/interpreter
樹林車站,food,行灶腳,24.9914811,121.422613,https://overpass-api.de/api/interpreter
樹林車站,food,一品堂,24.9914663,121.4226761,https://overpass-api.de/api/interpreter
樹林車站,food,喙蘴號樹林店,24.9914514,121.4227298,https://overpass-api.de/api/interpreter
樹林車站,food,黑肉圓,24.9911003,121.423484,https://overpass-api.de/api/interpreter
樹林車站,food,老街滷味,24.9909412,121.4236858,https://overpass-api.de/api/interpreter
樹林車站,food,Sari Rasa印尼料理,24.990737,121.423557,https://overpass-api.de/api/interpreter
樹林車站,shopping,Mini Market,24.9905838,121.4234712,https://overpass-api.de/api/interpreter
樹林車站,food,TOKO DORA JAYA,24.9900498,121.4231833,https://overpass-api.de/api/interpreter
樹林車站,food,丸子廚房,24.9928228,121.4218083,https://overpass-api.de/api/interpreter
樹林車站,food,無敵家 赤肉大腸蚵仔麵線,24.990442,121.4245077,https://overpass-api.de/api/interpreter
樹林車站,shopping,萊爾富,24.991677,121.4212188,https://overpass-api.de/api/interpreter
樹林車站,food,呷冰ㄟ店,24.9919533,121.4211639,https://overpass-api.de/api/interpreter
樹林車站,shopping,7-Eleven,24.9929519,121.4216355,https://overpass-api.de/api/interpreter
樹林車站,food,SOHO義式餐廳,24.9925484,121.4221864,https://overpass-api.de/api/interpreter
樹林車站,food,舒時咖啡館,24.9924139,121.4223713,https://overpass-api.de/api/interpreter
樹林車站,food,美食煮義,24.9915867,121.422105,https://overpass-api.de/api/interpreter
樹林車站,food,派克脆皮雞排,24.9916291,121.4219709,https://overpass-api.de/api/interpreter
樹林車站,food,迷客夏,24.9911808,121.4219983,https://overpass-api.de/api/interpreter
樹林車站,food,炒翻天,24.9913818,121.4219028,https://overpass-api.de/api/interpreter
樹林車站,food,樹旅咖啡,24.9915564,121.4216517,https://overpass-api.de/api/interpreter
樹林車站,shopping,萊爾富,24.9978172,121.4265576,https://overpass-api.de/api/interpreter
樹林車站,food,竹葉日式料理,24.9967579,121.4258005,https://overpass-api.de/api/interpreter
樹林車站,shopping,OK超商,24.9950333,121.4245481,https://overpass-api.de/api/interpreter
樹林車站,shopping,7-Eleven,24.9977004,121.4225384,https://overpass-api.de/api/interpreter
樹林車站,food,CoCo都可,24.9950277,121.4227551,https://overpass-api.de/api/interpreter
樹林車站,food,爭鮮,24.9970773,121.4209817,https://overpass-api.de/api/interpreter
樹林車站,food,韓姜熙의小廚房,24.9970821,121.4211189,https://overpass-api.de/api/interpreter
樹林車站,food,石二鍋,24.9971869,121.4213002,https://overpass-api.de/api/interpreter
樹林車站,food,想想咖哩,24.9969785,121.420874,https://overpass-api.de/api/interpreter
樹林車站,food,錢都涮涮鍋,24.9922935,121.4293031,https://overpass-api.de/api/interpreter
樹林車站,culture,樹林健民協會圖書館,24.9876752,121.4184367,https://overpass-api.de/api/interpreter
樹林車站,food,紫金四季蔬食餐廳,24.9880098,121.418589,https://overpass-api.de/api/interpreter
樹林車站,shopping,全家便利商店,24.9916167,121.4269359,https://overpass-api.de/api/interpreter
樹林車站,food,啡茶義式料理,24.9917641,121.4252172,https://overpass-api.de/api/interpreter
樹林車站,food,早。自己,24.9937194,121.4223491,https://overpass-api.de/api/interpreter
樹林車站,culture,秀泰影城,24.9955186,121.4285072,https://overpass-api.de/api/interpreter
樹林車站,food,やよい軒,24.9955528,121.4287186,https://overpass-api.de/api/interpreter
樹林車站,food,星巴克,24.995774,121.4282724,https://overpass-api.de/api/interpreter
樹林車站,food,甘泉魚麵,24.9851777,121.4270765,https://overpass-api.de/api/interpreter
樹林車站,shopping,全家便利商店,24.9915114,121.4286467,https://overpass-api.de/api/interpreter
樹林車站,food,品饌自助餐,24.9933841,121.4271444,https://overpass-api.de/api/interpreter
樹林車站,shopping,廣益雜糧行,24.9943045,121.427298,https://overpass-api.de/api/interpreter
樹林車站,food,源士林粥品,24.9933243,121.4272782,https://overpass-api.de/api/interpreter
樹林車站,food,日本火鍋精品專賣店,24.9934943,121.4279351,https://overpass-api.de/api/interpreter
樹林車站,food,徐老師素食坊,24.994271,121.427355,https://overpass-api.de/api/interpreter
樹林車站,food,秀基雞肉攤,24.9939632,121.4273558,https://overpass-api.de/api/interpreter
樹林車站,food,首都肉羹,24.9941046,121.427679,https://overpass-api.de/api/interpreter
樹林車站,food,金香谷美味廣場,24.9933963,121.4273946,https://overpass-api.de/api/interpreter
樹林車站,food,香港發記燒臘便當,24.9934571,121.4274536,https://overpass-api.de/api/interpreter
樹林車站,food,婷婷牛排,24.9940458,121.4278419,https://overpass-api.de/api/interpreter
樹林車站,food,早餐店,24.9943412,121.4280296,https://overpass-api.de/api/interpreter
樹林車站,food,越南河粉,24.9945959,121.4283912,https://overpass-api.de/api/interpreter
樹林車站,food,道地魯肉飯,24.9934638,121.4275367,https://overpass-api.de/api/interpreter
樹林車站,food,豐華包子店,24.9935343,121.4275878,https://overpass-api.de/api/interpreter
樹林車站,food,豆府花城,24.9931655,121.4279324,https://overpass-api.de/api/interpreter
樹林車站,food,魚癡の店,24.9939659,121.427751,https://overpass-api.de/api/interpreter
樹林車站,food,阿水の店,24.9940091,121.4276678,https://overpass-api.de/api/interpreter
樹林車站,food,樹林紅麵線,24.9934722,121.4271619,https://overpass-api.de/api/interpreter
樹林車站,food,香格格燒臘快餐訪,24.9934435,121.4272126,https://overpass-api.de/api/interpreter
樹林車站,food,海星,24.9943133,121.4271215,https://overpass-api.de/api/interpreter
樹林車站,food,越南168小吃,24.9943081,121.4270298,https://overpass-api.de/api/interpreter
樹林車站,shopping,7-Eleven,24.9934068,121.4271013,https://overpass-api.de/api/interpreter
樹林車站,food,早餐店,24.993725,121.4277921,https://overpass-api.de/api/interpreter
樹林車站,food,樹林紅麵線,24.9933953,121.4273487,https://overpass-api.de/api/interpreter
樹林車站,food,宜蘭肉羹,24.9933898,121.42741,https://overpass-api.de/api/interpreter
樹林車站,shopping,萊爾富,24.9933601,121.427494,https://overpass-api.de/api/interpreter
樹林車站,food,日出茶太,24.9953776,121.4288569,https://overpass-api.de/api/interpreter
樹林車站,food,春水堂人文茶館,24.9950763,121.4285349,https://overpass-api.de/api/interpreter
樹林車站,food,燒肉スマイル,24.9951467,121.4284517,https://overpass-api.de/api/interpreter
樹林車站,food,SHOWCAFE 秀咖啡,24.9952416,121.428785,https://overpass-api.de/api/interpreter
樹林車站,food,らあめん花月嵐,24.9952278,121.4286714,https://overpass-api.de/api/interpreter
樹林車站,food,瓦城泰國料理,24.9954091,121.4281901,https://overpass-api.de/api/interpreter
樹林車站,food,沏座 chizuo,24.9955574,121.4282885,https://overpass-api.de/api/interpreter
樹林車站,food,芡芳石頭火鍋,24.9956413,121.4283507,https://overpass-api.de/api/interpreter
樹林車站,food,銀座杏子日式豬排,24.9956305,121.4281639,https://overpass-api.de/api/interpreter
樹林車站,food,Magic Touch 点爭鮮,24.9953449,121.4286476,https://overpass-api.de/api/interpreter
樹林車站,food,朴庶韓國美食公社,24.9953246,121.4287371,https://overpass-api.de/api/interpreter
樹林車站,food,北村豆腐家,24.9954628,121.4281029,https://overpass-api.de/api/interpreter
樹林車站,food,魏姐包心粉圓,24.9954886,121.428233,https://overpass-api.de/api/interpreter
樹林車站,food,宮武讃岐烏龍麵,24.9955604,121.4280988,https://overpass-api.de/api/interpreter
樹林車站,food,木本鐵板燒,24.9971943,121.4210839,https://overpass-api.de/api/interpreter
樹林車站,food,福勝亭,24.9972747,121.4211633,https://overpass-api.de/api/interpreter
樹林車站,food,昭和園日式燒肉屋,24.9965837,121.4203576,https://overpass-api.de/api/interpreter
樹林車站,food,早餐店,24.9940105,121.4279922,https://overpass-api.de/api/interpreter
樹林車站,culture,新北市立圖書館樹林分館,24.9959984,121.4289453,https://overpass-api.de/api/interpreter
樹林車站,culture,樹林藝文中心,24.9961684,121.4286847,https://overpass-api.de/api/interpreter
樹林車站,shopping,全聯福利中心,24.9924668,121.4294047,https://overpass-api.de/api/interpreter
樹林車站,shopping,家樂福超市,24.9926536,121.4294922,https://overpass-api.de/api/interpreter
樹林車站,food,路易莎咖啡,24.9904275,121.4229246,https://overpass-api.de/api/interpreter
樹林車站,shopping,7-Eleven,24.9934422,121.4298935,https://overpass-api.de/api/interpreter
樹林車站,shopping,萊爾富,24.9938209,121.4300352,https://overpass-api.de/api/interpreter
樹林車站,food,炒飯軍團 樹林總店,24.9894879,121.4251747,https://overpass-api.de/api/interpreter
樹林車站,food,台北永和豆漿大王,24.9895167,121.424755,https://overpass-api.de/api/interpreter
樹林車站,food,阿義臭豆腐,24.9897156,121.4254179,https://overpass-api.de/api/interpreter
樹林車站,food,久竹串燒居酒屋,24.9896455,121.4253705,https://overpass-api.de/api/interpreter
樹林車站,food,粿全佳,24.9959109,121.4265812,https://overpass-api.de/api/interpreter
樹林車站,food,大苑子,24.9917431,121.4237028,https://overpass-api.de/api/interpreter
樹林車站,food,吉野烤肉飯,24.994961,121.4236511,https://overpass-api.de/api/interpreter
樹林車站,food,超吉飯桶,24.9948776,121.4238575,https://overpass-api.de/api/interpreter
樹林車站,food,酒桶居酒屋,24.9946675,121.4244323,https://overpass-api.de/api/interpreter
樹林車站,food,開源社香雞排,24.9946421,121.4245047,https://overpass-api.de/api/interpreter
樹林車站,food,檸檬雞排,24.9948573,121.4239132,https://overpass-api.de/api/interpreter
樹林車站,food,PASPI帕思比義式坊,24.9945312,121.4248005,https://overpass-api.de/api/interpreter
樹林車站,food,純純傳統豆漿,24.9947288,121.4247601,https://overpass-api.de/api/interpreter
樹林車站,food,鮮五丼,24.9915787,121.4233425,https://overpass-api.de/api/interpreter
樹林車站,food,荳荳紅豆餅,24.9915262,121.4223287,https://overpass-api.de/api/interpreter
樹林車站,food,樹德臭豆腐,24.9914356,121.4222758,https://overpass-api.de/api/interpreter
樹林車站,food,美佳香炸雞翅,24.9910435,121.4220275,https://overpass-api.de/api/interpreter
樹林車站,food,忒鮮拉麵,24.9872228,121.4202596,https://overpass-api.de/api/interpreter
樹林車站,food,炭好滿炭烤三明治,24.9879914,121.4178,https://overpass-api.de/api/interpreter
樹林車站,food,興美小籠包,24.9886029,121.4179069,https://overpass-api.de/api/interpreter
樹林車站,food,家家精緻早午餐,24.9885853,121.417948,https://overpass-api.de/api/interpreter
樹林車站,food,珍香堡早餐,24.9887222,121.4173358,https://overpass-api.de/api/interpreter
樹林車站,food,巷口阿姨麵攤,24.9930665,121.4211357,https://overpass-api.de/api/interpreter
樹林車站,food,101溫州大餛飩,24.9889703,121.4258697,https://overpass-api.de/api/interpreter
樹林車站,shopping,7-Eleven,24.9886247,121.4263509,https://overpass-api.de/api/interpreter
樹林車站,food,溪崑早餐店,24.9886903,121.4262539,https://overpass-api.de/api/interpreter
樹林車站,food,永和豆漿,24.9879908,121.4258993,https://overpass-api.de/api/interpreter
樹林車站,food,滿意早餐店,24.9885565,121.4296756,https://overpass-api.de/api/interpreter
樹林車站,food,美式早餐屋,24.9918143,121.4290291,https://overpass-api.de/api/interpreter
樹林車站,food,萬家鄉早餐店,24.9918725,121.4289141,https://overpass-api.de/api/interpreter
樹林車站,food,日新炒飯,24.9900196,121.4215589,https://overpass-api.de/api/interpreter
樹林車站,food,亞米早餐屋,24.993078,121.4214487,https://overpass-api.de/api/interpreter
樹林車站,food,芳鄰早餐堡,24.9940861,121.4222187,https://overpass-api.de/api/interpreter
樹林車站,food,油飯 炒麵 炒米粉,24.9951981,121.4229911,https://overpass-api.de/api/interpreter
樹林車站,food,車頭腿庫飯,24.9950522,121.4233897,https://overpass-api.de/api/interpreter
樹林車站,food,萬佳香美而美,24.9893554,121.4253378,https://overpass-api.de/api/interpreter
樹林車站,food,雄賀油飯,24.9919781,121.426901,https://overpass-api.de/api/interpreter
樹林車站,food,樹林大眾牛排,24.992693,121.4273754,https://overpass-api.de/api/interpreter
樹林車站,food,廚師宝宝,24.9967576,121.4256666,https://overpass-api.de/api/interpreter
樹林車站,food,饗樂早餐,24.9897462,121.4214012,https://overpass-api.de/api/interpreter
樹林車站,food,港口土魠魚羹,24.992064,121.4293197,https://overpass-api.de/api/interpreter
樹林車站,food,豚將拉麵,24.9955384,121.4276689,https://overpass-api.de/api/interpreter
樹林車站,food,素食水煎包,24.9932716,121.4273051,https://overpass-api.de/api/interpreter
樹林車站,food,橘太郎爆漿雞蛋糕,24.991434,121.4266504,https://overpass-api.de/api/interpreter
樹林車站,food,鮮茶道,24.9955971,121.427731,https://overpass-api.de/api/interpreter
樹林車站,food,清心福全,24.9923066,121.4255398,https://overpass-api.de/api/interpreter
樹林車站,food,貢茶,24.9905335,121.426718,https://overpass-api.de/api/interpreter
樹林車站,food,墨屋カレー咖哩&炸物,24.9918284,121.4253835,https://overpass-api.de/api/interpreter
樹林車站,food,清原芋圓,24.9907132,121.4246803,https://overpass-api.de/api/interpreter
樹林車站,food,巷弄廚房義大利麵,24.9882093,121.4193211,https://overpass-api.de/api/interpreter
樹林車站,shopping,蝦皮店到店,24.9877007,121.4176792,https://overpass-api.de/api/interpreter
樹林車站,shopping,蝦皮店到店,24.9963376,121.4255205,https://overpass-api.de/api/interpreter
樹林車站,shopping,蝦皮店到店,24.9924062,121.4305771,https://overpass-api.de/api/interpreter
樹林車站,shopping,蝦皮店到店,24.9862113,121.427766,https://overpass-api.de/api/interpreter
樹林車站,shopping,蝦皮店到店,24.9913958,121.4195725,https://overpass-api.de/api/interpreter
樹林車站,food,好吃抓餅,24.996753,121.4257222,https://overpass-api.de/api/interpreter
樹林車站,food,85度C,24.9878503,121.4309488,https://overpass-api.de/api/interpreter
樹林車站,food,三輪車蜜汁鹽酥雞,24.9881123,121.4181018,https://overpass-api.de/api/interpreter
樹林車站,food,六扇門,24.9904429,121.4264862,https://overpass-api.de/api/interpreter
樹林車站,food,梁社漢排骨,24.9901758,121.4273016,https://overpass-api.de/api/interpreter
樹林車站,food,肉羹麵,24.9885921,121.4205923,https://overpass-api.de/api/interpreter
樹林車站,food,古早味麵店,24.9931573,121.4214993,https://overpass-api.de/api/interpreter
樹林車站,food,工業食代,24.993131,121.4217282,https://overpass-api.de/api/interpreter
樹林車站,food,輝鍋,24.9851657,121.4281637,https://overpass-api.de/api/interpreter
樹林車站,food,白巷子,24.9856426,121.4275615,https://overpass-api.de/api/interpreter
樹林車站,food,福鴨肉麵,24.9849924,121.4276731,https://overpass-api.de/api/interpreter
樹林車站,food,胖老爹,24.9854897,121.4277624,https://overpass-api.de/api/interpreter
樹林車站,shopping,7-Eleven,24.9949569,121.4229361,https://overpass-api.de/api/interpreter
樹林車站,food,翔皓雞排,24.9908623,121.4247911,https://overpass-api.de/api/interpreter
樹林車站,food,安格士牛排館（樹林店）,24.9921966,121.4295852,https://overpass-api.de/api/interpreter
樹林車站,shopping,萊爾富,24.992282,121.4200645,https://overpass-api.de/api/interpreter
樹林車站,shopping,家樂福,24.9974279,121.4214654,https://overpass-api.de/api/interpreter
樹林車站,food,馬可珈琲,24.9934717,121.4208113,https://overpass-api.de/api/interpreter
樹林車站,food,品味厚切牛排,24.9964599,121.42055,https://overpass-api.de/api/interpreter
樹林車站,food,鴻發法國麵包,24.9967758,121.4201192,https://overpass-api.de/api/interpreter
樹林車站,food,蓮樺早午餐,24.9926828,121.4213356,https://overpass-api.de/api/interpreter
樹林車站,food,鬧彆牛 STEAK HOUSE,24.9961776,121.4204373,https://overpass-api.de/api/interpreter
樹林車站,food,嘉嘉 義大利麵餐館,24.9928333,121.4217908,https://overpass-api.de/api/interpreter
樹林車站,recreation,溪北公園,24.989227,121.4312383,https://overpass-api.de/api/interpreter
樹林車站,recreation,崑崙公園,24.9933194,121.4289211,https://overpass-api.de/api/interpreter
樹林車站,recreation,長壽親子公園,24.9922705,121.4218589,https://overpass-api.de/api/interpreter
樹林車站,recreation,溪洲公園,24.9877252,121.4267612,https://overpass-api.de/api/interpreter
樹林車站,recreation,和平親子公園,24.9852973,121.4218236,https://overpass-api.de/api/interpreter
樹林車站,shopping,樹林區農會,24.9902637,121.4251436,https://overpass-api.de/api/interpreter
樹林車站,recreation,,24.98905,121.4237031,https://overpass-api.de/api/interpreter
樹林車站,recreation,潭底公園,24.9954945,121.418171,https://overpass-api.de/api/interpreter
樹林車站,recreation,活動中心,24.9971872,121.4254216,https://overpass-api.de/api/interpreter
樹林車站,culture,板橋溪北分館,24.9901979,121.4315224,https://overpass-api.de/api/interpreter
樹林車站,recreation,,24.9881798,121.4265561,https://overpass-api.de/api/interpreter
樹林車站,recreation,,24.9880396,121.4264042,https://overpass-api.de/api/interpreter
樹林車站,recreation,,24.9980549,121.4251583,https://overpass-api.de/api/interpreter
樹林車站,recreation,,24.9947352,121.4193745,https://overpass-api.de/api/interpreter
樹林車站,recreation,,24.9944708,121.4188851,https://overpass-api.de/api/interpreter
樹林車站,culture,圖書資訊館,24.9845182,121.4212374,https://overpass-api.de/api/interpreter
樹林車站,recreation,,24.9867473,121.4192081,https://overpass-api.de/api/interpreter
樹林車站,recreation,,24.9866283,121.4190629,https://overpass-api.de/api/interpreter
樹林車站,recreation,,24.9901593,121.4167806,https://overpass-api.de/api/interpreter
樹林車站,food,貳二2貳,24.9922162,121.4299721,https://overpass-api.de/api/interpreter
樹林車站,recreation,,24.9888523,121.430726,https://overpass-api.de/api/interpreter
樹林車站,recreation,,24.9960555,121.4291681,https://overpass-api.de/api/interpreter
樹林車站,recreation,保安休閒公園,24.9954622,121.4300976,https://overpass-api.de/api/interpreter
樹林車站,recreation,崑崙公園籃球場,24.9930297,121.4284191,https://overpass-api.de/api/interpreter
樹林車站,recreation,崑崙公園排球場,24.9931889,121.4285738,https://overpass-api.de/api/interpreter
樹林車站,food,灶咖早午餐,24.9920267,121.420936,https://overpass-api.de/api/interpreter
樹林車站,food,永和豆漿大王,24.9951619,121.4232301,https://overpass-api.de/api/interpreter
樹林車站,food,早餐店,24.9908897,121.4247322,https://overpass-api.de/api/interpreter
樹林車站,recreation,,24.9884317,121.4218991,https://overpass-api.de/api/interpreter
樹林車站,culture,鎮南宮圖書館,24.9950274,121.4250474,https://overpass-api.de/api/interpreter
樹林車站,shopping,全聯福利中心,24.9928802,121.4245463,https://overpass-api.de/api/interpreter
樹林車站,food,孫東寶台式牛排,24.9878912,121.4186737,https://overpass-api.de/api/interpreter
樹林車站,recreation,,24.99597,121.4186247,https://overpass-api.de/api/interpreter
樹林車站,food,小蝸牛早餐店,24.9895034,121.4182218,https://overpass-api.de/api/interpreter
汐止車站,food,訪客咖啡,25.0691892,121.6616685,https://overpass-api.de/api/interpreter
汐止車站,food,永和豆漿,25.068797,121.6612035,https://overpass-api.de/api/interpreter
汐止車站,shopping,7-Eleven,25.0681893,121.6637754,https://overpass-api.de/api/interpreter
汐止車站,food,天然素食,25.0677727,121.6621224,https://overpass-api.de/api/interpreter
汐止車站,food,PHO牛肉河粉,25.0734421,121.6622748,https://overpass-api.de/api/interpreter
汐止車站,food,,25.0737014,121.6623338,https://overpass-api.de/api/interpreter
汐止車站,shopping,7-Eleven,25.072457,121.6622671,https://overpass-api.de/api/interpreter
汐止車站,shopping,全家便利商店,25.0667316,121.662467,https://overpass-api.de/api/interpreter
汐止車站,food,85度C,25.0727006,121.663679,https://overpass-api.de/api/interpreter
汐止車站,shopping,7-Eleven,25.0726514,121.6638676,https://overpass-api.de/api/interpreter
汐止車站,shopping,7-Eleven,25.073509,121.661842,https://overpass-api.de/api/interpreter
汐止車站,shopping,全家便利商店,25.0728943,121.661692,https://overpass-api.de/api/interpreter
汐止車站,shopping,家樂福超市,25.0728492,121.663252,https://overpass-api.de/api/interpreter
汐止車站,shopping,全聯福利中心,25.0732245,121.6633584,https://overpass-api.de/api/interpreter
汐止車站,shopping,家樂福超市,25.0659794,121.6538339,https://overpass-api.de/api/interpreter
汐止車站,food,謝媽媽牛肉麵,25.0726343,121.6618483,https://overpass-api.de/api/interpreter
汐止車站,shopping,OK超商,25.0704605,121.6671433,https://overpass-api.de/api/interpreter
汐止車站,shopping,全家便利商店,25.0662492,121.6536811,https://overpass-api.de/api/interpreter
汐止車站,shopping,7-Eleven,25.0664424,121.6534893,https://overpass-api.de/api/interpreter
汐止車站,shopping,7-Eleven,25.0640091,121.6550508,https://overpass-api.de/api/interpreter
汐止車站,shopping,7-Eleven,25.0666433,121.6556985,https://overpass-api.de/api/interpreter
汐止車站,shopping,全家便利商店,25.0629596,121.6558156,https://overpass-api.de/api/interpreter
汐止車站,food,車頭邊鳳梨飯,25.0677835,121.6623597,https://overpass-api.de/api/interpreter
汐止車站,shopping,全家便利商店,25.0645564,121.6566161,https://overpass-api.de/api/interpreter
汐止車站,shopping,7-Eleven,25.0658238,121.6623572,https://overpass-api.de/api/interpreter
汐止車站,food,星巴克,25.0680893,121.6608121,https://overpass-api.de/api/interpreter
汐止車站,food,北味香永和豆漿大王,25.0665462,121.6554983,https://overpass-api.de/api/interpreter
汐止車站,shopping,全家便利商店,25.0683714,121.6630154,https://overpass-api.de/api/interpreter
汐止車站,shopping,義美食品,25.0633149,121.6554169,https://overpass-api.de/api/interpreter
汐止車站,food,蔦燒日式居酒屋-汐止店,25.0635985,121.6552924,https://overpass-api.de/api/interpreter
汐止車站,food,牧童咖啡連興店,25.0634594,121.6549218,https://overpass-api.de/api/interpreter
汐止車站,culture,新北市圖書館汐止自強分館,25.0628606,121.6570938,https://overpass-api.de/api/interpreter
汐止車站,shopping,全家便利商店,25.0729928,121.661335,https://overpass-api.de/api/interpreter
汐止車站,shopping,全家便利商店,25.0695323,121.6609387,https://overpass-api.de/api/interpreter
汐止車站,shopping,全家便利商店,25.0708258,121.6624173,https://overpass-api.de/api/interpreter
汐止車站,shopping,全家便利商店,25.0709244,121.6659142,https://overpass-api.de/api/interpreter
汐止車站,shopping,統一超商,25.0706413,121.6656245,https://overpass-api.de/api/interpreter
汐止車站,shopping,7-Eleven,25.0627544,121.6602561,https://overpass-api.de/api/interpreter
汐止車站,shopping,OK超商,25.0629892,121.6601591,https://overpass-api.de/api/interpreter
汐止車站,shopping,全聯福利中心,25.071901,121.6658753,https://overpass-api.de/api/interpreter
汐止車站,food,雅加達早餐店,25.0676079,121.6558564,https://overpass-api.de/api/interpreter
汐止車站,food,嘉鄉麵館,25.0636732,121.6556526,https://overpass-api.de/api/interpreter
汐止車站,food,迷客夏,25.0667173,121.6622741,https://overpass-api.de/api/interpreter
汐止車站,food,圓多利,25.0665376,121.6621046,https://overpass-api.de/api/interpreter
汐止車站,food,台灣味,25.0668441,121.662449,https://overpass-api.de/api/interpreter
汐止車站,food,紅橘子,25.0670045,121.6625847,https://overpass-api.de/api/interpreter
汐止車站,food,涼麵,25.0670509,121.6624765,https://overpass-api.de/api/interpreter
汐止車站,food,永泰香,25.0628594,121.6600335,https://overpass-api.de/api/interpreter
汐止車站,recreation,健身工廠 Fitness Factory,25.0731789,121.6633953,https://overpass-api.de/api/interpreter
汐止車站,food,獅子長角,25.0655042,121.6560256,https://overpass-api.de/api/interpreter
汐止車站,food,佳佳涼麵店,25.0637386,121.6563307,https://overpass-api.de/api/interpreter
汐止車站,food,周胖子餃子館,25.0637752,121.6563928,https://overpass-api.de/api/interpreter
汐止車站,shopping,全家便利商店,25.0646921,121.663671,https://overpass-api.de/api/interpreter
汐止車站,shopping,全家便利商店,25.0675825,121.6631448,https://overpass-api.de/api/interpreter
汐止車站,food,,25.0637729,121.6559093,https://overpass-api.de/api/interpreter
汐止車站,food,,25.0635942,121.6559786,https://overpass-api.de/api/interpreter
汐止車站,culture,汐止江北分館,25.070086,121.6545023,https://overpass-api.de/api/interpreter
汐止車站,culture,新北市立圖書館汐止分館,25.063825,121.6589606,https://overpass-api.de/api/interpreter
汐止車站,shopping,蝦皮店到店,25.0636038,121.6627011,https://overpass-api.de/api/interpreter
汐止車站,shopping,蝦皮店到店,25.069442,121.6650036,https://overpass-api.de/api/interpreter
汐止車站,food,江美真手作壽司,25.0643713,121.659153,https://overpass-api.de/api/interpreter
汐止車站,shopping,美廉社,25.0648428,121.6564873,https://overpass-api.de/api/interpreter
汐止車站,shopping,蝦皮店到店,25.0672782,121.6622164,https://overpass-api.de/api/interpreter
汐止車站,recreation,戶外健身區,25.0683992,121.6585204,https://overpass-api.de/api/interpreter
汐止車站,shopping,7-Eleven,25.0727113,121.6579588,https://overpass-api.de/api/interpreter
汐止車站,food,老圓環魯肉飯,25.0670639,121.657405,https://overpass-api.de/api/interpreter
汐止車站,food,鍋將軍,25.0685752,121.6613547,https://overpass-api.de/api/interpreter
汐止車站,food,大熊蔬食,25.0691151,121.661552,https://overpass-api.de/api/interpreter
汐止車站,food,常滿樓,25.0692577,121.6633475,https://overpass-api.de/api/interpreter
汐止車站,shopping,OK便利商店,25.069057,121.6614377,https://overpass-api.de/api/interpreter
汐止車站,food,車頭炭烤三明治,25.0688287,121.6612438,https://overpass-api.de/api/interpreter
汐止車站,food,剉冰女王,25.0656463,121.6573031,https://overpass-api.de/api/interpreter
汐止車站,food,阿義炸雞,25.0662695,121.6588503,https://overpass-api.de/api/interpreter
汐止車站,food,鑫園排骨專賣店,25.0660711,121.6557625,https://overpass-api.de/api/interpreter
汐止車站,food,車頭鹹粥,25.0709239,121.6641959,https://overpass-api.de/api/interpreter
汐止車站,food,Louisa Coffee 路易．莎咖啡,25.0657142,121.6558835,https://overpass-api.de/api/interpreter
汐止車站,food,汐止街仔內米粉湯,25.068525,121.6602807,https://overpass-api.de/api/interpreter
汐止車站,food,王廷子燒雞,25.0663271,121.6587679,https://overpass-api.de/api/interpreter
汐止車站,food,必勝客,25.0669429,121.6565045,https://overpass-api.de/api/interpreter
汐止車站,food,麥町吐司工房,25.0667619,121.659154,https://overpass-api.de/api/interpreter
汐止車站,food,金豐 八寶冬粉/香菇肉羹,25.0694121,121.6611423,https://overpass-api.de/api/interpreter
汐止車站,food,十月涮涮屋,25.0723461,121.6621067,https://overpass-api.de/api/interpreter
汐止車站,food,築間幸福鍋物,25.0650029,121.660438,https://overpass-api.de/api/interpreter
汐止車站,shopping,蝦皮店到店,25.071915,121.6648408,https://overpass-api.de/api/interpreter
汐止車站,food,龍安飯包,25.0641089,121.6553423,https://overpass-api.de/api/interpreter
汐止車站,food,帝王食補,25.0673291,121.657177,https://overpass-api.de/api/interpreter
汐止車站,food,松亭鐵板燒,25.0659835,121.655792,https://overpass-api.de/api/interpreter
汐止車站,food,九湯屋日本拉麵_汐止店,25.0647759,121.6562934,https://overpass-api.de/api/interpreter
汐止車站,food,大俠水煎包,25.0657838,121.6560855,https://overpass-api.de/api/interpreter
汐止車站,food,大埔鐵板燒汐止店,25.0672018,121.6564413,https://overpass-api.de/api/interpreter
汐止車站,food,將軍麵線,25.0644578,121.6563963,https://overpass-api.de/api/interpreter
汐止車站,food,黑澀鍋汐止總店,25.0692066,121.6632713,https://overpass-api.de/api/interpreter
汐止車站,food,志芸臭豆腐,25.0678722,121.6621922,https://overpass-api.de/api/interpreter
汐止車站,food,河南鍋貼店,25.0631021,121.6596115,https://overpass-api.de/api/interpreter
汐止車站,food,烤霸串燒,25.0659346,121.6615483,https://overpass-api.de/api/interpreter
汐止車站,food,海龍王魷魚羹,25.0694479,121.6616954,https://overpass-api.de/api/interpreter
汐止車站,food,焿著來,25.0700661,121.6617375,https://overpass-api.de/api/interpreter
汐止車站,food,樂鄉自助餐,25.0637777,121.6593322,https://overpass-api.de/api/interpreter
汐止車站,food,麥味登 汐止仁愛店,25.0637407,121.6593604,https://overpass-api.de/api/interpreter
汐止車站,food,,25.0735393,121.661564,https://overpass-api.de/api/interpreter
汐止車站,food,松屋食堂,25.0722314,121.66091,https://overpass-api.de/api/interpreter
汐止車站,shopping,全家便利商店汐止車站店,25.0684696,121.6619029,https://overpass-api.de/api/interpreter
汐止車站,shopping,家樂福超市,25.0644823,121.655059,https://overpass-api.de/api/interpreter
汐止車站,food,蘇家涼麵,25.0637406,121.6558296,https://overpass-api.de/api/interpreter
汐止車站,food,廣州烤鴨美食專家,25.0639709,121.6558237,https://overpass-api.de/api/interpreter
汐止車站,food,全記德清粥小菜,25.0670393,121.656619,https://overpass-api.de/api/interpreter
汐止車站,food,正宗烏骨雞,25.070807,121.6640798,https://overpass-api.de/api/interpreter
汐止車站,food,米麥洋廚館,25.0679523,121.6625127,https://overpass-api.de/api/interpreter
汐止車站,shopping,全聯福利中心,25.0694262,121.6610009,https://overpass-api.de/api/interpreter
汐止車站,food,蒸滿萬(蒸餃餡餅),25.0626162,121.6602336,https://overpass-api.de/api/interpreter
汐止車站,food,大元牛排,25.070607,121.66659,https://overpass-api.de/api/interpreter
汐止車站,shopping,美廉社,25.0706986,121.666059,https://overpass-api.de/api/interpreter
汐止車站,culture,汐止區文化中心,25.0683831,121.6594665,https://overpass-api.de/api/interpreter
汐止車站,culture,汐止大同分館,25.0681837,121.659532,https://overpass-api.de/api/interpreter
汐止車站,recreation,汐止區綜合運動場,25.0652816,121.6582418,https://overpass-api.de/api/interpreter
汐止車站,recreation,復興公園,25.0643938,121.6558745,https://overpass-api.de/api/interpreter
汐止車站,recreation,,25.0639688,121.6560697,https://overpass-api.de/api/interpreter
汐止車站,recreation,,25.0635919,121.6562109,https://overpass-api.de/api/interpreter
汐止車站,recreation,汐止國民運動中心,25.0652639,121.6570614,https://overpass-api.de/api/interpreter
汐止車站,recreation,汐止站前綠地,25.0687949,121.6630637,https://overpass-api.de/api/interpreter
汐止車站,recreation,汐止站前綠地,25.068612,121.6626868,https://overpass-api.de/api/interpreter
汐止車站,recreation,,25.0728904,121.6624159,https://overpass-api.de/api/interpreter
汐止車站,recreation,崇德里籃球場,25.0676321,121.66909,https://overpass-api.de/api/interpreter
汐止車站,recreation,,25.062422,121.6627223,https://overpass-api.de/api/interpreter
汐止車站,recreation,,25.0627986,121.6624721,https://overpass-api.de/api/interpreter
汐止車站,recreation,,25.0686993,121.6690527,https://overpass-api.de/api/interpreter
汐止車站,recreation,,25.0669086,121.6608324,https://overpass-api.de/api/interpreter
汐止車站,shopping,美廉社,25.0712177,121.6626606,https://overpass-api.de/api/interpreter
汐止車站,recreation,水返腳公園,25.0680439,121.6585785,https://overpass-api.de/api/interpreter
汐止車站,recreation,澳美佳馬術俱樂部,25.0740708,121.6580769,https://overpass-api.de/api/interpreter
汐止車站,recreation,,25.0617752,121.6602709,https://overpass-api.de/api/interpreter
汐止車站,recreation,多功能廣場,25.0679053,121.658333,https://overpass-api.de/api/interpreter
汐止車站,recreation,崇德里公園,25.0703473,121.6665412,https://overpass-api.de/api/interpreter
汐止車站,recreation,汐止公園,25.0679823,121.6593737,https://overpass-api.de/api/interpreter
汐止車站,recreation,城中公園,25.073096,121.660446,https://overpass-api.de/api/interpreter
泰山站,culture,新北市立圖書館泰山分館,25.056024,121.4336138,https://overpass-api.de/api/interpreter
泰山站,shopping,全家便利商店,25.0514001,121.4448736,https://overpass-api.de/api/interpreter
泰山站,shopping,全家便利商店,25.0561084,121.4341912,https://overpass-api.de/api/interpreter
泰山站,shopping,全家便利商店,25.0554452,121.4333145,https://overpass-api.de/api/interpreter
泰山站,shopping,7-Eleven,25.0548559,121.4334161,https://overpass-api.de/api/interpreter
泰山站,shopping,全家便利商店,25.0538076,121.4328922,https://overpass-api.de/api/interpreter
泰山站,food,混日子咖啡館,25.0501791,121.4465118,https://overpass-api.de/api/interpreter
泰山站,shopping,7-Eleven,25.054825,121.4322889,https://overpass-api.de/api/interpreter
泰山站,shopping,7-Eleven,25.0568087,121.4338127,https://overpass-api.de/api/interpreter
泰山站,shopping,全聯福利中心,25.0572099,121.4336156,https://overpass-api.de/api/interpreter
泰山站,shopping,美廉社,25.0570007,121.4337097,https://overpass-api.de/api/interpreter
泰山站,food,沐也日式涮涮鍋,25.0491776,121.4458072,https://overpass-api.de/api/interpreter
泰山站,food,麥味登早餐,25.0503349,121.4442919,https://overpass-api.de/api/interpreter
泰山站,food,宥棧越式料理,25.0491996,121.4426213,https://overpass-api.de/api/interpreter
泰山站,shopping,7-Eleven,25.0516016,121.4446077,https://overpass-api.de/api/interpreter
泰山站,food,QBurger早餐店,25.0568989,121.4337591,https://overpass-api.de/api/interpreter
泰山站,food,晨間廚房,25.0546652,121.4327088,https://overpass-api.de/api/interpreter
泰山站,food,路易莎咖啡,25.0557779,121.4338382,https://overpass-api.de/api/interpreter
泰山站,food,清心福全,25.0542507,121.4454443,https://overpass-api.de/api/interpreter
泰山站,shopping,全家便利商店,25.0501119,121.444947,https://overpass-api.de/api/interpreter
泰山站,shopping,全家便利商店,25.0494319,121.4440931,https://overpass-api.de/api/interpreter
泰山站,food,爭鲜迴轉壽司-泰山店,25.057522,121.4330877,https://overpass-api.de/api/interpreter
泰山站,food,咖啡公寓,25.055296,121.4343187,https://overpass-api.de/api/interpreter
泰山站,food,幸福這裡 泰山仁武店,25.054771,121.4332997,https://overpass-api.de/api/interpreter
泰山站,food,豐滿早午餐總匯三明治,25.057256,121.4329757,https://overpass-api.de/api/interpreter
泰山站,food,越南美食河內名產,25.056128,121.4336537,https://overpass-api.de/api/interpreter
泰山站,food,永春上海湯包,25.05635,121.4340747,https://overpass-api.de/api/interpreter
泰山站,food,TATA健康餐,25.056035,121.4326677,https://overpass-api.de/api/interpreter
泰山站,food,雙囍樓餐廳,25.056362,121.4346827,https://overpass-api.de/api/interpreter
泰山站,food,花堂洞韓式嫩豆腐鍋,25.054311,121.4341107,https://overpass-api.de/api/interpreter
泰山站,food,兔Fun咖啡廚房,25.05458,121.4329257,https://overpass-api.de/api/interpreter
泰山站,food,雅比咖啡館 Coffee & Tea,25.055202,121.4323907,https://overpass-api.de/api/interpreter
泰山站,food,金典鵝肉平價快炒,25.057134,121.433263,https://overpass-api.de/api/interpreter
泰山站,food,麥粥虱目魚湯,25.057731,121.4333257,https://overpass-api.de/api/interpreter
泰山站,food,吉士燒烤,25.056309,121.4340967,https://overpass-api.de/api/interpreter
泰山站,food,麵屋十八甲,25.055859,121.4322427,https://overpass-api.de/api/interpreter
泰山站,food,阿書永和豆漿,25.054867,121.4326387,https://overpass-api.de/api/interpreter
泰山站,food,丼庫,25.05711,121.4332097,https://overpass-api.de/api/interpreter
泰山站,food,鼎鼎香涮涮屋,25.055147,121.4327937,https://overpass-api.de/api/interpreter
泰山站,food,胖子食堂,25.054608,121.4316427,https://overpass-api.de/api/interpreter
泰山站,food,ㄚ肚石頭火鍋,25.054783,121.4323447,https://overpass-api.de/api/interpreter
泰山站,food,鮮之道燒烤小舖,25.056792,121.4344677,https://overpass-api.de/api/interpreter
泰山站,food,麥味登,25.05466,121.4327537,https://overpass-api.de/api/interpreter
泰山站,food,錢都日式涮涮鍋,25.05543,121.4323167,https://overpass-api.de/api/interpreter
泰山站,food,幸福饗宴,25.054937,121.4341097,https://overpass-api.de/api/interpreter
泰山站,food,全興古早味素食鹹湯圓,25.055928,121.4324137,https://overpass-api.de/api/interpreter
泰山站,food,松果廚房,25.053573,121.4330097,https://overpass-api.de/api/interpreter
泰山站,food,麗媽四季鍋,25.0507951,121.4446577,https://overpass-api.de/api/interpreter
泰山站,shopping,陽洋有機生活館,25.0497212,121.4443124,https://overpass-api.de/api/interpreter
泰山站,food,佳佳早餐,25.0507968,121.4442448,https://overpass-api.de/api/interpreter
泰山站,food,三隻小牛-牛排館,25.0509135,121.4442341,https://overpass-api.de/api/interpreter
泰山站,food,卡琪朵複合式餐飲,25.0507215,121.4442502,https://overpass-api.de/api/interpreter
泰山站,shopping,7-Eleven,25.0505733,121.4443012,https://overpass-api.de/api/interpreter
泰山站,food,令和日式涮涮鍋,25.0501914,121.4443005,https://overpass-api.de/api/interpreter
泰山站,food,知高飯,25.0500857,121.4443075,https://overpass-api.de/api/interpreter
泰山站,food,巨林美而美早餐,25.0500095,121.4443122,https://overpass-api.de/api/interpreter
泰山站,food,鄭家常餐飲,25.0493054,121.4447533,https://overpass-api.de/api/interpreter
泰山站,food,可不可熟成紅茶,25.0491408,121.4450061,https://overpass-api.de/api/interpreter
泰山站,food,麥味登早餐,25.0491467,121.4452035,https://overpass-api.de/api/interpreter
泰山站,food,壽司郎,25.0549105,121.4449223,https://overpass-api.de/api/interpreter
泰山站,food,偵軒精緻鍋物,25.0540053,121.444778,https://overpass-api.de/api/interpreter
泰山站,shopping,全家便利商店,25.0545912,121.4449283,https://overpass-api.de/api/interpreter
泰山站,food,路易莎咖啡,25.0545928,121.4449985,https://overpass-api.de/api/interpreter
泰山站,food,Bonbe Coffee,25.0534104,121.4449114,https://overpass-api.de/api/interpreter
泰山站,shopping,蝦皮店到店,25.0571144,121.4347189,https://overpass-api.de/api/interpreter
泰山站,food,大魔大滿足鍋物,25.0493832,121.4450269,https://overpass-api.de/api/interpreter
泰山站,food,甘泉魚麵,25.0520921,121.4445771,https://overpass-api.de/api/interpreter
泰山站,food,多來家,25.052036,121.4445791,https://overpass-api.de/api/interpreter
泰山站,food,爭鮮,25.0488803,121.4449895,https://overpass-api.de/api/interpreter
泰山站,food,很秋鍋物,25.0482402,121.4449364,https://overpass-api.de/api/interpreter
泰山站,food,營養早餐,25.0481743,121.4449343,https://overpass-api.de/api/interpreter
泰山站,food,竹原火烤鍋,25.0487944,121.4449753,https://overpass-api.de/api/interpreter
泰山站,food,安雞樂業食坊,25.048045,121.4449277,https://overpass-api.de/api/interpreter
泰山站,shopping,美廉社,25.051547,121.443818,https://overpass-api.de/api/interpreter
泰山站,food,牆角咖啡廳,25.0508089,121.4460867,https://overpass-api.de/api/interpreter
泰山站,food,馬柔三月 MARZO,25.0553635,121.446968,https://overpass-api.de/api/interpreter
泰山站,shopping,蝦皮店到店,25.0497842,121.4431365,https://overpass-api.de/api/interpreter
泰山站,food,築間幸福鍋物,25.0546632,121.4449271,https://overpass-api.de/api/interpreter
泰山站,food,青花驕麻辣鍋,25.0546655,121.4449974,https://overpass-api.de/api/interpreter
泰山站,recreation,學生活動中心,25.048728,121.4442896,https://overpass-api.de/api/interpreter
泰山站,recreation,籃球場&排球場,25.04772,121.4429157,https://overpass-api.de/api/interpreter
泰山站,recreation,中平公園,25.0468815,121.4430217,https://overpass-api.de/api/interpreter
泰山站,recreation,新泰游泳池,25.046783,121.4429353,https://overpass-api.de/api/interpreter
泰山站,culture,新莊文化藝術中心,25.0472392,121.4439534,https://overpass-api.de/api/interpreter
泰山站,culture,圖書館,25.0478593,121.4438913,https://overpass-api.de/api/interpreter
泰山站,recreation,,25.0524054,121.4472356,https://overpass-api.de/api/interpreter
泰山站,recreation,,25.0524068,121.4474216,https://overpass-api.de/api/interpreter
泰山站,recreation,籃球場,25.0480971,121.4433254,https://overpass-api.de/api/interpreter
泰山站,recreation,同興公園,25.0553906,121.4318228,https://overpass-api.de/api/interpreter
泰山站,recreation,風雨操場,25.0530774,121.4436965,https://overpass-api.de/api/interpreter
泰山站,recreation,,25.0537935,121.4428118,https://overpass-api.de/api/interpreter
泰山站,recreation,,25.0536364,121.4428192,https://overpass-api.de/api/interpreter
泰山站,recreation,,25.0534833,121.4428242,https://overpass-api.de/api/interpreter
泰山站,recreation,,25.0533334,121.4428338,https://overpass-api.de/api/interpreter
泰山站,recreation,,25.0531745,121.4428367,https://overpass-api.de/api/interpreter
泰山站,recreation,,25.0530193,121.4428487,https://overpass-api.de/api/interpreter
泰山站,recreation,福興公園,25.0579957,121.4346589,https://overpass-api.de/api/interpreter
泰山站,recreation,仁愛公園,25.0567547,121.4348231,https://overpass-api.de/api/interpreter
泰山站,recreation,泰山捷運公園,25.0499389,121.4396852,https://overpass-api.de/api/interpreter
泰山站,recreation,泰山國民運動中心,25.0556962,121.4347333,https://overpass-api.de/api/interpreter
泰山站,recreation,,25.0537493,121.4438309,https://overpass-api.de/api/interpreter
泰山站,recreation,歐洲村桐花公園,25.0501596,121.4435895,https://overpass-api.de/api/interpreter
泰山站,recreation,,25.0562708,121.4471614,https://overpass-api.de/api/interpreter
泰山站,recreation,中環公園,25.0482004,121.4414976,https://overpass-api.de/api/interpreter
泰山站,recreation,義仁里綠家園,25.0458883,121.4383404,https://overpass-api.de/api/interpreter
泰山站,recreation,,25.0462217,121.4391399,https://overpass-api.de/api/interpreter
泰山站,recreation,仁德公園,25.0568172,121.4334851,https://overpass-api.de/api/interpreter
淡水站,shopping,7-Eleven,25.1689052,121.4453941,https://overpass-api.de/api/interpreter
淡水站,shopping,,25.168202,121.4452052,https://overpass-api.de/api/interpreter
淡水站,shopping,7-Eleven,25.1671858,121.4463727,https://overpass-api.de/api/interpreter
淡水站,food,淡水可口魚丸,25.1708837,121.439024,https://overpass-api.de/api/interpreter
淡水站,shopping,7-Eleven,25.1694652,121.4417387,https://overpass-api.de/api/interpreter
淡水站,shopping,OK超商,25.1703292,121.4393258,https://overpass-api.de/api/interpreter
淡水站,shopping,全家便利商店,25.1685889,121.4478305,https://overpass-api.de/api/interpreter
淡水站,food,TNT美式炭烤牛排,25.1683808,121.4463282,https://overpass-api.de/api/interpreter
淡水站,shopping,全聯福利中心,25.1724968,121.4503817,https://overpass-api.de/api/interpreter
淡水站,shopping,全聯福利中心,25.1687443,121.4466396,https://overpass-api.de/api/interpreter
淡水站,food,勝博殿,25.1691918,121.4452052,https://overpass-api.de/api/interpreter
淡水站,food,魔法咖哩,25.1690995,121.4450461,https://overpass-api.de/api/interpreter
淡水站,food,瓦城泰國料理,25.1691167,121.4450008,https://overpass-api.de/api/interpreter
淡水站,food,窩浩斯甜品,25.1700074,121.4459756,https://overpass-api.de/api/interpreter
淡水站,food,沙茶羊肉,25.1702062,121.4459461,https://overpass-api.de/api/interpreter
淡水站,food,爭鮮,25.1681792,121.4456479,https://overpass-api.de/api/interpreter
淡水站,food,蔡家餃子館,25.1691875,121.4478887,https://overpass-api.de/api/interpreter
淡水站,shopping,7-Eleven,25.1690698,121.4478422,https://overpass-api.de/api/interpreter
淡水站,food,星巴克,25.1683462,121.4441595,https://overpass-api.de/api/interpreter
淡水站,food,黑殿飯店,25.1692086,121.4432871,https://overpass-api.de/api/interpreter
淡水站,food,Lattea 綠蓋茶‧館,25.1700712,121.4391019,https://overpass-api.de/api/interpreter
淡水站,food,山山來茶,25.170068,121.4390813,https://overpass-api.de/api/interpreter
淡水站,food,滬家全自助餐,25.1685935,121.4473252,https://overpass-api.de/api/interpreter
淡水站,food,永和豆漿,25.1675599,121.4473973,https://overpass-api.de/api/interpreter
淡水站,food,窩浩斯,25.1691081,121.4467369,https://overpass-api.de/api/interpreter
淡水站,food,彩日式拉麵,25.1688727,121.4458526,https://overpass-api.de/api/interpreter
淡水站,food,CoCo都可,25.1704621,121.4453883,https://overpass-api.de/api/interpreter
淡水站,food,香媽媽臭豆腐,25.1689886,121.4468454,https://overpass-api.de/api/interpreter
淡水站,food,巡香園台菜海鮮,25.1692314,121.4466229,https://overpass-api.de/api/interpreter
淡水站,food,佳郁涼麵,25.1700571,121.4461355,https://overpass-api.de/api/interpreter
淡水站,food,京華快餐,25.1696117,121.4463305,https://overpass-api.de/api/interpreter
淡水站,food,阿姨麵攤,25.16862,121.4470763,https://overpass-api.de/api/interpreter
淡水站,shopping,全家便利商店,25.1698581,121.4460433,https://overpass-api.de/api/interpreter
淡水站,food,愛烤愛對囉 淡水店,25.170404,121.4444654,https://overpass-api.de/api/interpreter
淡水站,food,金仙魚丸店,25.1699219,121.4461596,https://overpass-api.de/api/interpreter
淡水站,food,咔好吃館,25.1704512,121.4459948,https://overpass-api.de/api/interpreter
淡水站,food,福華鐵板燒,25.170296,121.4448973,https://overpass-api.de/api/interpreter
淡水站,food,星星牛排館,25.169525,121.4431219,https://overpass-api.de/api/interpreter
淡水站,food,嘉筵小吃店,25.1696803,121.4412978,https://overpass-api.de/api/interpreter
淡水站,food,淡水天光,25.1704316,121.4395507,https://overpass-api.de/api/interpreter
淡水站,food,CoCo都可,25.170496,121.4393964,https://overpass-api.de/api/interpreter
淡水站,food,新疆界楊蘇記手工麵館,25.1709567,121.4387693,https://overpass-api.de/api/interpreter
淡水站,food,炭錢胡椒餅,25.1712987,121.4389117,https://overpass-api.de/api/interpreter
淡水站,food,Tasty 西堤牛排,25.1693978,121.4418127,https://overpass-api.de/api/interpreter
淡水站,food,行運燒臘,25.1703724,121.4445181,https://overpass-api.de/api/interpreter
淡水站,food,梅江銅盤烤肉,25.1677882,121.4475127,https://overpass-api.de/api/interpreter
淡水站,food,正宗阿給,25.1702689,121.4390162,https://overpass-api.de/api/interpreter
淡水站,food,士林豪大大雞排,25.16972,121.4398915,https://overpass-api.de/api/interpreter
淡水站,food,阿媽的酸梅湯,25.1694029,121.4406419,https://overpass-api.de/api/interpreter
淡水站,food,佘家孔雀蛤大王,25.169173,121.4417295,https://overpass-api.de/api/interpreter
淡水站,food,愛爾蘭瘋薯,25.169144,121.4418734,https://overpass-api.de/api/interpreter
淡水站,shopping,全家便利商店,25.1712616,121.4513516,https://overpass-api.de/api/interpreter
淡水站,food,饞鬥鍋物,25.1720925,121.4461852,https://overpass-api.de/api/interpreter
淡水站,food,台G店,25.1699886,121.4454484,https://overpass-api.de/api/interpreter
淡水站,shopping,7-Eleven,25.1718242,121.4457104,https://overpass-api.de/api/interpreter
淡水站,food,歡樂牛排,25.1717155,121.4456889,https://overpass-api.de/api/interpreter
淡水站,food,胡記牛肉麵水餃,25.1718596,121.4459188,https://overpass-api.de/api/interpreter
淡水站,food,口吅品麻辣臭豆腐,25.1716886,121.4456816,https://overpass-api.de/api/interpreter
淡水站,food,原串居酒屋,25.1706051,121.4459585,https://overpass-api.de/api/interpreter
淡水站,food,正宗牛肉麵水餃,25.1704657,121.4461107,https://overpass-api.de/api/interpreter
淡水站,food,禾佃鐵板料理,25.1703682,121.4463677,https://overpass-api.de/api/interpreter
淡水站,food,小周牛肉麵水餃,25.1702495,121.4470326,https://overpass-api.de/api/interpreter
淡水站,food,辜媽媽藥燉排骨,25.1702623,121.4469813,https://overpass-api.de/api/interpreter
淡水站,food,異嗑堂,25.1702351,121.4470787,https://overpass-api.de/api/interpreter
淡水站,food,淡水經濟小吃,25.1707535,121.4470547,https://overpass-api.de/api/interpreter
淡水站,food,小李川菜,25.1736924,121.4502749,https://overpass-api.de/api/interpreter
淡水站,food,梅英の店,25.1708621,121.4513826,https://overpass-api.de/api/interpreter
淡水站,food,大埔鐵板燒,25.1721399,121.4465148,https://overpass-api.de/api/interpreter
淡水站,food,福勝亭,25.1690397,121.4454661,https://overpass-api.de/api/interpreter
淡水站,food,大塊牛排,25.169306,121.4440231,https://overpass-api.de/api/interpreter
淡水站,food,名廚鐵板燒,25.1694011,121.4438433,https://overpass-api.de/api/interpreter
淡水站,food,老圓環焢肉排骨便當,25.1694497,121.4436892,https://overpass-api.de/api/interpreter
淡水站,food,QBurger,25.1702127,121.4485731,https://overpass-api.de/api/interpreter
淡水站,food,路邊的卡夫卡,25.170199,121.4472274,https://overpass-api.de/api/interpreter
淡水站,food,暢遊早餐店,25.170806,121.4472212,https://overpass-api.de/api/interpreter
淡水站,food,必勝客,25.1675365,121.4474537,https://overpass-api.de/api/interpreter
淡水站,food,京巧美食館,25.1701686,121.4473305,https://overpass-api.de/api/interpreter
淡水站,food,喜相逢,25.1705328,121.4438468,https://overpass-api.de/api/interpreter
淡水站,food,呂家小籠包,25.1704794,121.4439688,https://overpass-api.de/api/interpreter
淡水站,food,滬尾小吃,25.1706603,121.4434231,https://overpass-api.de/api/interpreter
淡水站,food,三媽臭臭鍋,25.1723297,121.4454508,https://overpass-api.de/api/interpreter
淡水站,food,鮮肉湯圓,25.1720554,121.4457378,https://overpass-api.de/api/interpreter
淡水站,food,元太祖豆花莊,25.1719498,121.4457284,https://overpass-api.de/api/interpreter
淡水站,food,豬大郎豬血糕,25.1712349,121.4452912,https://overpass-api.de/api/interpreter
淡水站,food,淡水紅樓咖啡館,25.1712495,121.4393989,https://overpass-api.de/api/interpreter
淡水站,food,淡水紅樓中餐廳,25.1711971,121.4394295,https://overpass-api.de/api/interpreter
淡水站,food,義巧冰城,25.1702875,121.4469199,https://overpass-api.de/api/interpreter
淡水站,food,八番日式燒肉,25.1697659,121.4460884,https://overpass-api.de/api/interpreter
淡水站,food,大叔年糕,25.1696627,121.4463,https://overpass-api.de/api/interpreter
淡水站,food,黃記大餛飩,25.1701501,121.4459625,https://overpass-api.de/api/interpreter
淡水站,food,萊喀涮涮鍋,25.1703647,121.4464724,https://overpass-api.de/api/interpreter
淡水站,food,筑園快炒店,25.1697512,121.4462454,https://overpass-api.de/api/interpreter
淡水站,food,古迪.好食,25.1706081,121.4472065,https://overpass-api.de/api/interpreter
淡水站,food,博愛六號冰店,25.1704968,121.4463999,https://overpass-api.de/api/interpreter
淡水站,food,淡水壽司屋,25.1683857,121.4440987,https://overpass-api.de/api/interpreter
淡水站,food,幸福屋丼物料理專賣店,25.1697256,121.444845,https://overpass-api.de/api/interpreter
淡水站,food,台灣小吃,25.1702936,121.4447927,https://overpass-api.de/api/interpreter
淡水站,food,乾杯燒肉居酒屋,25.1680724,121.443937,https://overpass-api.de/api/interpreter
淡水站,food,淡水第一家招牌羊肉羹,25.1689394,121.4466591,https://overpass-api.de/api/interpreter
淡水站,food,丹堤咖啡,25.169669,121.4417975,https://overpass-api.de/api/interpreter
淡水站,food,淡水滬尾豆花,25.169666,121.4451416,https://overpass-api.de/api/interpreter
淡水站,food,霞客咖啡,25.1658219,121.4460613,https://overpass-api.de/api/interpreter
淡水站,food,吳家阿給蛋餅,25.1724567,121.4426421,https://overpass-api.de/api/interpreter
淡水站,shopping,淡水區農會超市,25.1724628,121.4433381,https://overpass-api.de/api/interpreter
淡水站,food,大呼過癮臭臭鍋,25.1721739,121.4455078,https://overpass-api.de/api/interpreter
淡水站,shopping,7-Eleven,25.1723619,121.4448714,https://overpass-api.de/api/interpreter
淡水站,food,十勝烤堂,25.1722083,121.4444065,https://overpass-api.de/api/interpreter
淡水站,food,涎香鵝肉店,25.1718982,121.4474196,https://overpass-api.de/api/interpreter
淡水站,food,謝謝魷魚羹,25.1719748,121.4471854,https://overpass-api.de/api/interpreter
淡水站,shopping,全家便利商店,25.17173,121.4473704,https://overpass-api.de/api/interpreter
淡水站,food,越南小棧,25.1718489,121.4470136,https://overpass-api.de/api/interpreter
淡水站,food,金品潤餅捲,25.1696788,121.4412667,https://overpass-api.de/api/interpreter
淡水站,food,福來餐廳,25.1703418,121.4395951,https://overpass-api.de/api/interpreter
淡水站,food,大阪城,25.1705676,121.4437418,https://overpass-api.de/api/interpreter
淡水站,food,e Coffee,25.1687052,121.4439179,https://overpass-api.de/api/interpreter
淡水站,shopping,7-Eleven,25.1650532,121.4514235,https://overpass-api.de/api/interpreter
淡水站,shopping,全家便利商店,25.1652231,121.4516703,https://overpass-api.de/api/interpreter
淡水站,shopping,OK超商,25.1694688,121.4432878,https://overpass-api.de/api/interpreter
淡水站,shopping,全家便利商店,25.1724936,121.4425301,https://overpass-api.de/api/interpreter
淡水站,food,鄧公古早味,25.1694257,121.4480513,https://overpass-api.de/api/interpreter
淡水站,food,日船章魚燒,25.1694119,121.4424182,https://overpass-api.de/api/interpreter
淡水站,food,路易莎咖啡,25.1670881,121.4465099,https://overpass-api.de/api/interpreter
淡水站,food,大順小吃,25.1725868,121.4463599,https://overpass-api.de/api/interpreter
淡水站,food,成都川菜小館,25.1728623,121.4467877,https://overpass-api.de/api/interpreter
淡水站,food,黃師傅餐坊,25.1745944,121.4466917,https://overpass-api.de/api/interpreter
淡水站,food,池王冠,25.1748824,121.4465042,https://overpass-api.de/api/interpreter
淡水站,food,老店阿給魚丸,25.1696764,121.4413971,https://overpass-api.de/api/interpreter
淡水站,food,滬尾阿給魚丸湯,25.169672,121.4414428,https://overpass-api.de/api/interpreter
淡水站,food,張記古早油飯,25.1696453,121.4419777,https://overpass-api.de/api/interpreter
淡水站,food,佐野拉麵,25.1696627,121.441596,https://overpass-api.de/api/interpreter
淡水站,food,樂湯包,25.1697101,121.4416314,https://overpass-api.de/api/interpreter
淡水站,food,83號咖啡,25.1697019,121.440526,https://overpass-api.de/api/interpreter
淡水站,food,溜哥碳烤雞翅包飯,25.1699288,121.4395139,https://overpass-api.de/api/interpreter
淡水站,food,裕元牛肉麵,25.1697436,121.442588,https://overpass-api.de/api/interpreter
淡水站,food,阿麗精緻水煎包,25.1697436,121.4426315,https://overpass-api.de/api/interpreter
淡水站,culture,三協成糕餅博物館,25.1694271,121.4405568,https://overpass-api.de/api/interpreter
淡水站,food,鮮流坊,25.1693756,121.4439012,https://overpass-api.de/api/interpreter
淡水站,food,九濤石頭火鍋,25.1693495,121.4439529,https://overpass-api.de/api/interpreter
淡水站,food,珍廚房,25.169797,121.4451284,https://overpass-api.de/api/interpreter
淡水站,food,7號美式餐廳,25.1699068,121.4445815,https://overpass-api.de/api/interpreter
淡水站,food,飽嗝。Burger,25.169716,121.4448915,https://overpass-api.de/api/interpreter
淡水站,food,淡水小吃,25.1698443,121.4449144,https://overpass-api.de/api/interpreter
淡水站,food,貓雨咖啡,25.1687138,121.4437552,https://overpass-api.de/api/interpreter
淡水站,food,新菜樓小吃店,25.1687945,121.4437536,https://overpass-api.de/api/interpreter
淡水站,food,悠朵拉咖啡館,25.1691124,121.4434138,https://overpass-api.de/api/interpreter
淡水站,food,藤喜家勾勾冰霜淇淋,25.1687218,121.4432741,https://overpass-api.de/api/interpreter
淡水站,food,藍波1池上飯包,25.171051,121.4418465,https://overpass-api.de/api/interpreter
淡水站,shopping,美廉社,25.1724391,121.4426929,https://overpass-api.de/api/interpreter
淡水站,food,湯霸臭臭鍋,25.1721908,121.4451947,https://overpass-api.de/api/interpreter
淡水站,food,讚不絕口風味小火鍋,25.1721648,121.4455886,https://overpass-api.de/api/interpreter
淡水站,food,海饕鍋物料理,25.1684597,121.4464044,https://overpass-api.de/api/interpreter
淡水站,food,I-La 音樂餐廳,25.1704013,121.4397631,https://overpass-api.de/api/interpreter
淡水站,food,瀚侑美食館,25.17256,121.446245,https://overpass-api.de/api/interpreter
淡水站,food,娜莎冰淇淋,25.170075,121.4390322,https://overpass-api.de/api/interpreter
淡水站,food,G12,25.1692025,121.4414238,https://overpass-api.de/api/interpreter
淡水站,food,海風餐廳,25.1695249,121.4427425,https://overpass-api.de/api/interpreter
淡水站,food,七條通日式煎餃,25.1726462,121.4400758,https://overpass-api.de/api/interpreter
淡水站,food,一品園便當快餐,25.1704835,121.4461902,https://overpass-api.de/api/interpreter
淡水站,food,東東素食,25.1704884,121.4462442,https://overpass-api.de/api/interpreter
淡水站,food,喜樂牛肉麵,25.1686046,121.4465003,https://overpass-api.de/api/interpreter
淡水站,food,稻草人雞排,25.1703599,121.4443699,https://overpass-api.de/api/interpreter
淡水站,food,黑豬世家,25.1682454,121.444122,https://overpass-api.de/api/interpreter
淡水站,culture,信不信由你搜奇博物館,25.1685281,121.4437658,https://overpass-api.de/api/interpreter
淡水站,food,炸榴槤,25.1684616,121.4438392,https://overpass-api.de/api/interpreter
淡水站,food,拔絲地瓜芋頭,25.1684959,121.4438006,https://overpass-api.de/api/interpreter
淡水站,food,古早味(原來：一級棒)炭烤魷魚,25.1685625,121.4437268,https://overpass-api.de/api/interpreter
淡水站,food,現烤魷魚,25.1685938,121.4436843,https://overpass-api.de/api/interpreter
淡水站,food,花枝燒,25.1686114,121.4436622,https://overpass-api.de/api/interpreter
淡水站,food,炭烤臭豆腐,25.1686565,121.4436082,https://overpass-api.de/api/interpreter
淡水站,food,嚐鱻壽司,25.1672677,121.4462562,https://overpass-api.de/api/interpreter
淡水站,food,21金小火鍋,25.1662658,121.4471054,https://overpass-api.de/api/interpreter
淡水站,food,21金小火鍋,25.169386,121.443778,https://overpass-api.de/api/interpreter
淡水站,food,21金小火鍋,25.169413,121.443796,https://overpass-api.de/api/interpreter
淡水站,food,彩日式拉麵,25.169638,121.443204,https://overpass-api.de/api/interpreter
淡水站,shopping,7-Eleven,25.1702361,121.4415264,https://overpass-api.de/api/interpreter
淡水站,food,GINO基諾,25.1687294,121.4435497,https://overpass-api.de/api/interpreter
淡水站,food,醃大王情人果,25.1688026,121.4434323,https://overpass-api.de/api/interpreter
淡水站,shopping,7-Eleven,25.1688006,121.4432411,https://overpass-api.de/api/interpreter
淡水站,food,花枝燒,25.1687,121.443274,https://overpass-api.de/api/interpreter
淡水站,food,,25.169049,121.4428726,https://overpass-api.de/api/interpreter
淡水站,food,淡水素食好食寨,25.1703414,121.4466458,https://overpass-api.de/api/interpreter
淡水站,food,貢茶,25.1672307,121.4463108,https://overpass-api.de/api/interpreter
淡水站,food,,25.1679428,121.4438314,https://overpass-api.de/api/interpreter
淡水站,food,,25.1712497,121.4451934,https://overpass-api.de/api/interpreter
淡水站,food,,25.1695003,121.4453655,https://overpass-api.de/api/interpreter
淡水站,food,,25.1712443,121.4450814,https://overpass-api.de/api/interpreter
淡水站,shopping,7-Eleven,25.1699151,121.4399981,https://overpass-api.de/api/interpreter
淡水站,food,參食,25.1704457,121.4469709,https://overpass-api.de/api/interpreter
淡水站,food,路易莎咖啡,25.1681236,121.447603,https://overpass-api.de/api/interpreter
淡水站,food,好吃川川,25.167888,121.4475113,https://overpass-api.de/api/interpreter
淡水站,food,真的好蚵仔麵線,25.1696201,121.4481349,https://overpass-api.de/api/interpreter
淡水站,food,伙伴咖啡‧自家烘焙咖啡館,25.1701172,121.4486866,https://overpass-api.de/api/interpreter
淡水站,food,芋頭師傅,25.1698546,121.4462031,https://overpass-api.de/api/interpreter
淡水站,food,Yuki早餐店,25.168641,121.4476205,https://overpass-api.de/api/interpreter
淡水站,food,瞇瞇眼自家烘焙咖啡館,25.1730287,121.4494964,https://overpass-api.de/api/interpreter
淡水站,food,河岳樓風味茶館,25.1710615,121.4458097,https://overpass-api.de/api/interpreter
淡水站,food,鼎燒石頭火鍋,25.1699381,121.4444654,https://overpass-api.de/api/interpreter
淡水站,shopping,億萬里生活便利店,25.1704568,121.4452634,https://overpass-api.de/api/interpreter
淡水站,food,香豆富,25.174272,121.4462846,https://overpass-api.de/api/interpreter
淡水站,shopping,全家便利商店,25.1702561,121.4444824,https://overpass-api.de/api/interpreter
淡水站,shopping,米洋便利商店,25.1703977,121.4440446,https://overpass-api.de/api/interpreter
淡水站,food,水舞茶,25.1704465,121.4440077,https://overpass-api.de/api/interpreter
淡水站,food,初双双早午餐 Brunch & Caf'e,25.1695319,121.4463841,https://overpass-api.de/api/interpreter
淡水站,food,歐奇娜娃早午餐,25.1688576,121.4467561,https://overpass-api.de/api/interpreter
淡水站,food,Arirang 阿里郎韓式料理,25.1686874,121.4462886,https://overpass-api.de/api/interpreter
淡水站,shopping,美廉社,25.1715646,121.4507372,https://overpass-api.de/api/interpreter
淡水站,shopping,美廉社,25.1701612,121.4479786,https://overpass-api.de/api/interpreter
淡水站,recreation,鄧公開心農場,25.1699319,121.4502771,https://overpass-api.de/api/interpreter
淡水站,food,超猛的小火鍋壽喜燒,25.1726187,121.4504711,https://overpass-api.de/api/interpreter
淡水站,food,萬華莊家班麻油雞,25.1714996,121.4458913,https://overpass-api.de/api/interpreter
淡水站,food,呷七碗,25.1695272,121.4412614,https://overpass-api.de/api/interpreter
淡水站,food,美佳美,25.1729369,121.4511665,https://overpass-api.de/api/interpreter
淡水站,food,Brother 布拉德手作早午餐,25.1728322,121.4509721,https://overpass-api.de/api/interpreter
淡水站,food,小廚子,25.172761,121.4511494,https://overpass-api.de/api/interpreter
淡水站,food,肥喵早晚餐,25.1710106,121.4513898,https://overpass-api.de/api/interpreter
淡水站,food,168海鮮熱炒餐廳,25.1699373,121.4486459,https://overpass-api.de/api/interpreter
淡水站,food,Le villa,25.1643456,121.4512832,https://overpass-api.de/api/interpreter
淡水站,food,看見初食蔬食廚房,25.1652434,121.4516359,https://overpass-api.de/api/interpreter
淡水站,food,美美早餐店,25.1653138,121.451799,https://overpass-api.de/api/interpreter
淡水站,food,Life探餐廳,25.1658597,121.4518673,https://overpass-api.de/api/interpreter
淡水站,food,Attraction Taipei,25.1666651,121.4469025,https://overpass-api.de/api/interpreter
淡水站,food,211 Coffee,25.1661456,121.4474416,https://overpass-api.de/api/interpreter
淡水站,food,京華牛肉麵館,25.1702141,121.4471456,https://overpass-api.de/api/interpreter
淡水站,food,淡水古早味小吃店,25.1714925,121.4421074,https://overpass-api.de/api/interpreter
淡水站,food,原德小吃,25.1716041,121.4421453,https://overpass-api.de/api/interpreter
淡水站,food,彌勒素食堂,25.1720847,121.4424326,https://overpass-api.de/api/interpreter
淡水站,food,陳家炒牛肉,25.1722117,121.4423397,https://overpass-api.de/api/interpreter
淡水站,food,歐羅吧小餐館,25.1724752,121.4423169,https://overpass-api.de/api/interpreter
淡水站,food,,25.1682203,121.4447453,https://overpass-api.de/api/interpreter
淡水站,food,,25.1678912,121.4452013,https://overpass-api.de/api/interpreter
淡水站,food,清心福全,25.1697718,121.4403545,https://overpass-api.de/api/interpreter
淡水站,food,美香牛肉河粉,25.1686242,121.443942,https://overpass-api.de/api/interpreter
淡水站,food,QP咖啡,25.1742399,121.4464952,https://overpass-api.de/api/interpreter
淡水站,food,,25.1736848,121.4484597,https://overpass-api.de/api/interpreter
淡水站,food,虎呷飯,25.172749,121.4512118,https://overpass-api.de/api/interpreter
淡水站,shopping,蝦皮店到店,25.1721966,121.4452573,https://overpass-api.de/api/interpreter
淡水站,food,老蔡水煎包,25.1670505,121.4465732,https://overpass-api.de/api/interpreter
淡水站,food,石二鍋,25.1692692,121.4451272,https://overpass-api.de/api/interpreter
淡水站,food,山河響,25.169133,121.4417811,https://overpass-api.de/api/interpreter
淡水站,food,,25.1682039,121.445611,https://overpass-api.de/api/interpreter
淡水站,food,藏室,25.1715532,121.4447297,https://overpass-api.de/api/interpreter
淡水站,culture,Musée des Trois Mousquetaires,25.169449,121.4404776,https://overpass-api.de/api/interpreter
淡水站,shopping,萊爾富,25.1704501,121.4455904,https://overpass-api.de/api/interpreter
淡水站,food,,25.169273,121.4451213,https://overpass-api.de/api/interpreter
淡水站,food,,25.1692574,121.4451741,https://overpass-api.de/api/interpreter
淡水站,food,,25.1691335,121.4449348,https://overpass-api.de/api/interpreter
淡水站,food,,25.1692495,121.4451471,https://overpass-api.de/api/interpreter
淡水站,food,,25.16919,121.4451137,https://overpass-api.de/api/interpreter
淡水站,food,,25.1691286,121.4449563,https://overpass-api.de/api/interpreter
淡水站,food,,25.1691492,121.44511,https://overpass-api.de/api/interpreter
淡水站,recreation,籃球場,25.1738647,121.4467854,https://overpass-api.de/api/interpreter
淡水站,recreation,,25.1677184,121.4465235,https://overpass-api.de/api/interpreter
淡水站,recreation,淡水金色水岸公園,25.1682699,121.4424787,https://overpass-api.de/api/interpreter
淡水站,recreation,淡水文化園區,25.165725,121.4470567,https://overpass-api.de/api/interpreter
淡水站,recreation,捷運公園,25.1673114,121.4451471,https://overpass-api.de/api/interpreter
淡水站,recreation,木下靜涯紀念公園,25.1714156,121.4391551,https://overpass-api.de/api/interpreter
淡水站,recreation,百齡公園,25.1644494,121.4503305,https://overpass-api.de/api/interpreter
淡水站,recreation,運動公園,25.1663622,121.4512016,https://overpass-api.de/api/interpreter
淡水站,recreation,衛教公園,25.1724926,121.4409816,https://overpass-api.de/api/interpreter
淡水站,shopping,立即購五金百貨生活館,25.1702931,121.4489251,https://overpass-api.de/api/interpreter
淡水站,recreation,,25.1724685,121.4494968,https://overpass-api.de/api/interpreter
淡水站,recreation,,25.1662138,121.4510196,https://overpass-api.de/api/interpreter
淡水站,recreation,,25.1666228,121.4512735,https://overpass-api.de/api/interpreter
淡水站,food,大腳印複合餐廳,25.1704862,121.449052,https://overpass-api.de/api/interpreter
淡水站,food,文宏喜宴廣場,25.1709758,121.4511858,https://overpass-api.de/api/interpreter
淡水站,recreation,操場,25.1721451,121.4414149,https://overpass-api.de/api/interpreter
淡水站,recreation,,25.1722209,121.4413774,https://overpass-api.de/api/interpreter
淡水站,recreation,,25.1737154,121.4420484,https://overpass-api.de/api/interpreter
淡水站,recreation,,25.1738154,121.4419174,https://overpass-api.de/api/interpreter
淡水站,recreation,中興(1)口袋公園,25.1727501,121.4423197,https://overpass-api.de/api/interpreter
淡水站,recreation,,25.1680988,121.4436673,https://overpass-api.de/api/interpreter
淡水站,recreation,,25.166771,121.44792,https://overpass-api.de/api/interpreter
淡水站,recreation,,25.1699172,121.4397244,https://overpass-api.de/api/interpreter
淡水站,recreation,,25.1734379,121.4416892,https://overpass-api.de/api/interpreter
淡水站,recreation,,25.1667462,121.4508977,https://overpass-api.de/api/interpreter
淡水站,recreation,湖南勇古蹟園,25.1655618,121.4497606,https://overpass-api.de/api/interpreter
淡水站,recreation,籃球場,25.173575,121.4468971,https://overpass-api.de/api/interpreter
蘆洲站,food,星巴克,25.0881792,121.459628,https://overpass-api.de/api/interpreter
蘆洲站,shopping,7-Eleven,25.0885045,121.4611779,https://overpass-api.de/api/interpreter
蘆洲站,shopping,萊爾富,25.0908996,121.4646844,https://overpass-api.de/api/interpreter
蘆洲站,shopping,7-Eleven,25.0921871,121.4602303,https://overpass-api.de/api/interpreter
蘆洲站,shopping,全家便利商店,25.0858141,121.4686217,https://overpass-api.de/api/interpreter
蘆洲站,food,葉家排骨飯,25.0885237,121.4664345,https://overpass-api.de/api/interpreter
蘆洲站,food,鴨對寶燒臘,25.0882705,121.466507,https://overpass-api.de/api/interpreter
蘆洲站,food,欣欣豆漿,25.0881919,121.4665973,https://overpass-api.de/api/interpreter
蘆洲站,food,素食,25.088115,121.4668713,https://overpass-api.de/api/interpreter
蘆洲站,shopping,萊雅便利商店,25.0880839,121.4669099,https://overpass-api.de/api/interpreter
蘆洲站,food,早餐店,25.0879107,121.4668283,https://overpass-api.de/api/interpreter
蘆洲站,food,古早味油飯15元,25.0880109,121.4669808,https://overpass-api.de/api/interpreter
蘆洲站,food,老林牛肉麵,25.0879661,121.4670174,https://overpass-api.de/api/interpreter
蘆洲站,shopping,7-Eleven,25.0872377,121.4673867,https://overpass-api.de/api/interpreter
蘆洲站,shopping,萊爾富,25.0854263,121.4636948,https://overpass-api.de/api/interpreter
蘆洲站,shopping,萊爾富,25.0885706,121.4632426,https://overpass-api.de/api/interpreter
蘆洲站,food,行灶咖,25.0886843,121.4625041,https://overpass-api.de/api/interpreter
蘆洲站,shopping,全家便利商店,25.0848495,121.467466,https://overpass-api.de/api/interpreter
蘆洲站,shopping,7-Eleven,25.0849053,121.467128,https://overpass-api.de/api/interpreter
蘆洲站,culture,永平圖書館,25.0902996,121.4594027,https://overpass-api.de/api/interpreter
蘆洲站,food,穀Morning,25.0884382,121.4608071,https://overpass-api.de/api/interpreter
蘆洲站,shopping,全家便利商店,25.0920351,121.472532,https://overpass-api.de/api/interpreter
蘆洲站,food,星巴克,25.087372,121.4712017,https://overpass-api.de/api/interpreter
蘆洲站,shopping,7-Eleven,25.0895547,121.4684726,https://overpass-api.de/api/interpreter
蘆洲站,shopping,全聯福利中心,25.0898572,121.4705622,https://overpass-api.de/api/interpreter
蘆洲站,shopping,美廉社,25.093224,121.4721447,https://overpass-api.de/api/interpreter
蘆洲站,shopping,7-Eleven,25.0937924,121.4716405,https://overpass-api.de/api/interpreter
蘆洲站,shopping,全家便利商店,25.0938579,121.4713052,https://overpass-api.de/api/interpreter
蘆洲站,food,,25.0846973,121.466448,https://overpass-api.de/api/interpreter
蘆洲站,food,鴨霸切仔麵,25.0872548,121.4707777,https://overpass-api.de/api/interpreter
蘆洲站,food,番茄村早午餐,25.0899454,121.4713373,https://overpass-api.de/api/interpreter
蘆洲站,food,豬母切仔麵,25.0940571,121.4709082,https://overpass-api.de/api/interpreter
蘆洲站,food,麗媽四季鍋,25.0892789,121.4602409,https://overpass-api.de/api/interpreter
蘆洲站,food,阿宏大腸麵線,25.086415,121.4603056,https://overpass-api.de/api/interpreter
蘆洲站,food,仁愛漢堡,25.0923554,121.4724429,https://overpass-api.de/api/interpreter
蘆洲站,food,幽默廚房,25.0882564,121.4607183,https://overpass-api.de/api/interpreter
蘆洲站,food,滿漢小館,25.0879161,121.4595931,https://overpass-api.de/api/interpreter
蘆洲站,food,三媽臭臭鍋,25.0881902,121.4604657,https://overpass-api.de/api/interpreter
蘆洲站,food,孫東寶台式牛排教父,25.0874358,121.459343,https://overpass-api.de/api/interpreter
蘆洲站,food,桔園食館,25.0907479,121.4591264,https://overpass-api.de/api/interpreter
蘆洲站,food,花園咖啡,25.0869281,121.4596853,https://overpass-api.de/api/interpreter
蘆洲站,food,桃源雞莊,25.0871345,121.4595371,https://overpass-api.de/api/interpreter
蘆洲站,food,臻真休閒廚房,25.0918161,121.4726535,https://overpass-api.de/api/interpreter
蘆洲站,food,御鼎港點餐車雞排專賣,25.0887962,121.4592752,https://overpass-api.de/api/interpreter
蘆洲站,food,可口188複合式早餐店,25.0911062,121.4589702,https://overpass-api.de/api/interpreter
蘆洲站,food,蔥油餅韭菜盒,25.091074,121.4587556,https://overpass-api.de/api/interpreter
蘆洲站,food,龍鹽酥雞,25.0883006,121.4576907,https://overpass-api.de/api/interpreter
蘆洲站,food,芳草越南小吃,25.0934964,121.4608222,https://overpass-api.de/api/interpreter
蘆洲站,food,日廚日式料理,25.0884288,121.4606794,https://overpass-api.de/api/interpreter
蘆洲站,food,永平紅燒麵,25.0907297,121.4592786,https://overpass-api.de/api/interpreter
蘆洲站,food,里民食堂,25.0942828,121.4653994,https://overpass-api.de/api/interpreter
蘆洲站,food,東方美早餐，漢堡,25.0923998,121.4596595,https://overpass-api.de/api/interpreter
蘆洲站,food,佳樂麵飯館,25.08875,121.4581906,https://overpass-api.de/api/interpreter
蘆洲站,food,阿達切仔麵,25.0893269,121.4582372,https://overpass-api.de/api/interpreter
蘆洲站,food,老胡水餃麵店,25.0929632,121.4722525,https://overpass-api.de/api/interpreter
蘆洲站,food,領帶熊炭烤熱壓吐司,25.0949134,121.4696379,https://overpass-api.de/api/interpreter
蘆洲站,food,淡大無名鹹水雞,25.0883237,121.4575881,https://overpass-api.de/api/interpreter
蘆洲站,food,雙醬咖哩,25.0921283,121.4598364,https://overpass-api.de/api/interpreter
蘆洲站,food,永樂家禾康漢堡,25.0883189,121.4585036,https://overpass-api.de/api/interpreter
蘆洲站,food,姐妹滷肉飯,25.093992,121.4630075,https://overpass-api.de/api/interpreter
蘆洲站,food,小燕麵食館,25.0905998,121.4595327,https://overpass-api.de/api/interpreter
蘆洲站,food,飽汁淋肉羹,25.0907012,121.4593256,https://overpass-api.de/api/interpreter
蘆洲站,food,馥桂園川菜餐廳,25.0866536,121.4599284,https://overpass-api.de/api/interpreter
蘆洲站,food,新佳餚餐廳附設鴨莊,25.0870659,121.4596424,https://overpass-api.de/api/interpreter
蘆洲站,food,歡喜素食,25.0904139,121.4590674,https://overpass-api.de/api/interpreter
蘆洲站,food,快樂花園義麵坊,25.0882204,121.4599384,https://overpass-api.de/api/interpreter
蘆洲站,food,金盃美而美,25.0883784,121.4602255,https://overpass-api.de/api/interpreter
蘆洲站,food,Q burger,25.0881118,121.4602273,https://overpass-api.de/api/interpreter
蘆洲站,food,ㄚ阿慶,25.0888284,121.4604145,https://overpass-api.de/api/interpreter
蘆洲站,food,祥意牛肉麵餃子館,25.0925035,121.4725475,https://overpass-api.de/api/interpreter
蘆洲站,food,大眾素食,25.0908603,121.4589715,https://overpass-api.de/api/interpreter
蘆洲站,food,美味漢堡,25.093477,121.471822,https://overpass-api.de/api/interpreter
蘆洲站,food,蘆洲食嚐來牛肉麵,25.0897908,121.458425,https://overpass-api.de/api/interpreter
蘆洲站,food,公園早餐屋,25.0882623,121.4577879,https://overpass-api.de/api/interpreter
蘆洲站,food,寶神日式涮涮鍋,25.0877582,121.4596595,https://overpass-api.de/api/interpreter
蘆洲站,food,饅頭咬一口【手工天然堅果饅頭/包子專賣店】,25.0882436,121.460508,https://overpass-api.de/api/interpreter
蘆洲站,food,四季百匯,25.0870368,121.4596672,https://overpass-api.de/api/interpreter
蘆洲站,food,阿慶海鮮餐廳,25.0888733,121.4603696,https://overpass-api.de/api/interpreter
蘆洲站,food,萬華莊家班麻油雞,25.0922649,121.4602797,https://overpass-api.de/api/interpreter
蘆洲站,food,呷尚寶早餐店,25.0909769,121.45872,https://overpass-api.de/api/interpreter
蘆洲站,food,芮絲貝里,25.0898212,121.458655,https://overpass-api.de/api/interpreter
蘆洲站,food,阿六切仔麵,25.0867271,121.4601711,https://overpass-api.de/api/interpreter
蘆洲站,food,豆漿工坊,25.092393,121.4603434,https://overpass-api.de/api/interpreter
蘆洲站,food,大灣碼頭,25.0927112,121.4606311,https://overpass-api.de/api/interpreter
蘆洲站,food,亮亮越南河粉,25.0903969,121.45924,https://overpass-api.de/api/interpreter
蘆洲站,food,阿泉熱炒,25.0904607,121.4593785,https://overpass-api.de/api/interpreter
蘆洲站,food,古早味中西式早午餐,25.0914347,121.4589145,https://overpass-api.de/api/interpreter
蘆洲站,food,冠霆港點,25.0911736,121.4570953,https://overpass-api.de/api/interpreter
蘆洲站,food,紅樓精緻鐵板燒,25.0865497,121.460271,https://overpass-api.de/api/interpreter
蘆洲站,food,無招牌意麵店,25.0886303,121.4623457,https://overpass-api.de/api/interpreter
蘆洲站,food,Q burger,25.0914851,121.4589722,https://overpass-api.de/api/interpreter
蘆洲站,food,禾味軒漢堡,25.0919163,121.4594469,https://overpass-api.de/api/interpreter
蘆洲站,food,錢老爺涮涮鍋,25.0925802,121.4724602,https://overpass-api.de/api/interpreter
蘆洲站,food,甘釜京韓日燒肉料理專門店,25.0882703,121.4608055,https://overpass-api.de/api/interpreter
蘆洲站,food,喫麵殿,25.0884639,121.4604856,https://overpass-api.de/api/interpreter
蘆洲站,food,真素食,25.0884639,121.4581498,https://overpass-api.de/api/interpreter
蘆洲站,food,咕咕米,25.0936617,121.4715485,https://overpass-api.de/api/interpreter
蘆洲站,food,炸王鹹酥雞,25.0924495,121.4725428,https://overpass-api.de/api/interpreter
蘆洲站,food,梁社漢排骨,25.088385,121.4592015,https://overpass-api.de/api/interpreter
蘆洲站,food,六號食堂,25.0912823,121.4590599,https://overpass-api.de/api/interpreter
蘆洲站,food,No.18早午餐,25.0920621,121.4595528,https://overpass-api.de/api/interpreter
蘆洲站,food,OWN CAFE,25.0870624,121.4612061,https://overpass-api.de/api/interpreter
蘆洲站,food,Island 小島泰式料理,25.0927398,121.4606632,https://overpass-api.de/api/interpreter
蘆洲站,food,豪味漢堡,25.0906196,121.4594906,https://overpass-api.de/api/interpreter
蘆洲站,food,永平市場牛肉麵,25.0902639,121.4594147,https://overpass-api.de/api/interpreter
蘆洲站,food,牙打燒肉,25.0887986,121.4595797,https://overpass-api.de/api/interpreter
蘆洲站,food,gogo morning早上好,25.0884617,121.4609053,https://overpass-api.de/api/interpreter
蘆洲站,food,傅mom客家美食複合式,25.0889145,121.4596433,https://overpass-api.de/api/interpreter
蘆洲站,food,真有味自助餐,25.0908712,121.4589031,https://overpass-api.de/api/interpreter
蘆洲站,food,真好佳滷味,25.0895261,121.4582319,https://overpass-api.de/api/interpreter
蘆洲站,food,阿三切仔麵,25.0928843,121.4608759,https://overpass-api.de/api/interpreter
蘆洲站,food,吉俫漢堡店,25.0918051,121.4592284,https://overpass-api.de/api/interpreter
蘆洲站,food,麗媽香香鍋(民族店),25.0898704,121.4688981,https://overpass-api.de/api/interpreter
蘆洲站,food,二師兄肉羹專賣店,25.0913536,121.4634423,https://overpass-api.de/api/interpreter
蘆洲站,food,珍寶廚房,25.0922132,121.4646486,https://overpass-api.de/api/interpreter
蘆洲站,food,熊賀燒肉,25.0921977,121.464421,https://overpass-api.de/api/interpreter
蘆洲站,shopping,7-Eleven,25.0914872,121.4592326,https://overpass-api.de/api/interpreter
蘆洲站,shopping,7-Eleven,25.0923811,121.4621079,https://overpass-api.de/api/interpreter
蘆洲站,shopping,7-Eleven,25.0881909,121.4580376,https://overpass-api.de/api/interpreter
蘆洲站,shopping,7-Eleven,25.0860362,121.4629125,https://overpass-api.de/api/interpreter
蘆洲站,shopping,全家便利商店,25.0900266,121.4583253,https://overpass-api.de/api/interpreter
蘆洲站,shopping,全家便利商店,25.0921531,121.4640985,https://overpass-api.de/api/interpreter
蘆洲站,shopping,全家便利商店,25.0880857,121.471685,https://overpass-api.de/api/interpreter
蘆洲站,food,墨爾漢堡,25.0888181,121.4714657,https://overpass-api.de/api/interpreter
蘆洲站,food,田川町串燒居酒屋,25.0892038,121.4718633,https://overpass-api.de/api/interpreter
蘆洲站,food,家常大滷麵,25.0887017,121.4716093,https://overpass-api.de/api/interpreter
蘆洲站,shopping,美廉社,25.0869867,121.4624831,https://overpass-api.de/api/interpreter
蘆洲站,shopping,蝦皮店到店,25.0859183,121.4688486,https://overpass-api.de/api/interpreter
蘆洲站,shopping,蝦皮店到店,25.0909085,121.4716777,https://overpass-api.de/api/interpreter
蘆洲站,food,清心福全,25.0885783,121.4661808,https://overpass-api.de/api/interpreter
蘆洲站,shopping,全家便利商店,25.0901524,121.4694987,https://overpass-api.de/api/interpreter
蘆洲站,shopping,蝦皮店到店,25.0882618,121.4605782,https://overpass-api.de/api/interpreter
蘆洲站,shopping,美廉社,25.092097,121.459402,https://overpass-api.de/api/interpreter
蘆洲站,shopping,萊爾富,25.0909333,121.4588133,https://overpass-api.de/api/interpreter
蘆洲站,shopping,全聯福利中心,25.0903519,121.4583078,https://overpass-api.de/api/interpreter
蘆洲站,shopping,萊爾富,25.0896497,121.458459,https://overpass-api.de/api/interpreter
蘆洲站,shopping,萊爾富,25.0923546,121.4598003,https://overpass-api.de/api/interpreter
蘆洲站,shopping,美聯社,25.0856777,121.463128,https://overpass-api.de/api/interpreter
蘆洲站,shopping,萊爾富,25.0922088,121.4654119,https://overpass-api.de/api/interpreter
蘆洲站,shopping,萊爾富,25.0936512,121.4701206,https://overpass-api.de/api/interpreter
蘆洲站,food,家鄉鵝肉切仔麵,25.0849816,121.4676762,https://overpass-api.de/api/interpreter
蘆洲站,recreation,蘆洲環河公園,25.0953207,121.4607969,https://overpass-api.de/api/interpreter
蘆洲站,recreation,柳堤公園,25.0880807,121.4626452,https://overpass-api.de/api/interpreter
蘆洲站,recreation,蘆洲捷運公園,25.0924543,121.4628162,https://overpass-api.de/api/interpreter
蘆洲站,recreation,,25.0913128,121.4652915,https://overpass-api.de/api/interpreter
蘆洲站,recreation,彩虹兒童公園,25.0885644,121.4649764,https://overpass-api.de/api/interpreter
蘆洲站,recreation,三民公園,25.0944664,121.4597177,https://overpass-api.de/api/interpreter
蘆洲站,recreation,永平公園,25.0902471,121.4589417,https://overpass-api.de/api/interpreter
蘆洲站,recreation,,25.0929863,121.4571615,https://overpass-api.de/api/interpreter
蘆洲站,recreation,,25.0934667,121.4576763,https://overpass-api.de/api/interpreter
蘆洲站,recreation,,25.0944496,121.458224,https://overpass-api.de/api/interpreter
蘆洲站,recreation,,25.0879661,121.4583599,https://overpass-api.de/api/interpreter
蘆洲站,recreation,蘆洲微風園區,25.0899193,121.4565224,https://overpass-api.de/api/interpreter
蘆洲站,recreation,新北大都會公園,25.0744931,121.4674569,https://overpass-api.de/api/interpreter
蘆洲站,recreation,,25.0859469,121.4657402,https://overpass-api.de/api/interpreter
蘆洲站,recreation,,25.0862287,121.4655733,https://overpass-api.de/api/interpreter
蘆洲站,recreation,,25.0860513,121.4660292,https://overpass-api.de/api/interpreter
蘆洲站,recreation,,25.0861558,121.4658931,https://overpass-api.de/api/interpreter
蘆洲站,recreation,,25.0863733,121.4657671,https://overpass-api.de/api/interpreter
蘆洲站,recreation,,25.0863113,121.4656652,https://overpass-api.de/api/interpreter
蘆洲站,recreation,內集合場,25.0867473,121.4663431,https://overpass-api.de/api/interpreter
蘆洲站,recreation,四維廣場,25.087323,121.4658268,https://overpass-api.de/api/interpreter
蘆洲站,recreation,蘆洲國民運動中心,25.0911119,121.4620341,https://overpass-api.de/api/interpreter
蘆洲站,recreation,,25.0895548,121.464259,https://overpass-api.de/api/interpreter
蘆洲站,recreation,,25.0896908,121.4641678,https://overpass-api.de/api/interpreter
蘆洲站,recreation,籃球場,25.091848,121.4707339,https://overpass-api.de/api/interpreter
蘆洲站,recreation,仁愛廣場公園,25.0905144,121.4708978,https://overpass-api.de/api/interpreter
蘆洲站,culture,林建生紀念圖書館,25.0886721,121.4702019,https://overpass-api.de/api/interpreter
蘆洲站,recreation,,25.0972567,121.4592004,https://overpass-api.de/api/interpreter
蘆洲站,recreation,,25.0931778,121.4575018,https://overpass-api.de/api/interpreter
蘆洲站,recreation,,25.0932598,121.4573403,https://overpass-api.de/api/interpreter
蘆洲站,recreation,,25.0929003,121.4573242,https://overpass-api.de/api/interpreter
蘆洲站,recreation,,25.0939165,121.4579765,https://overpass-api.de/api/interpreter
蘆洲站,recreation,,25.0941925,121.4580594,https://overpass-api.de/api/interpreter
蘆洲站,recreation,,25.0943286,121.4581468,https://overpass-api.de/api/interpreter
頂溪站,food,永新豆漿,25.008814,121.5212183,https://overpass-api.de/api/interpreter
頂溪站,shopping,美廉社,25.0107123,121.5180208,https://overpass-api.de/api/interpreter
頂溪站,shopping,家樂福超市,25.0129417,121.5106649,https://overpass-api.de/api/interpreter
頂溪站,shopping,7-Eleven,25.011592,121.5081503,https://overpass-api.de/api/interpreter
頂溪站,shopping,全家便利商店,25.0153901,121.5205719,https://overpass-api.de/api/interpreter
頂溪站,food,3/2 鹹酥雞,25.0133173,121.5126403,https://overpass-api.de/api/interpreter
頂溪站,food,世界豆漿大王,25.0154804,121.5161235,https://overpass-api.de/api/interpreter
頂溪站,food,下港米糕排骨酥,25.0076324,121.5126077,https://overpass-api.de/api/interpreter
頂溪站,shopping,全家便利商店,25.0079587,121.5121279,https://overpass-api.de/api/interpreter
頂溪站,food,和陞屋牛排,25.0074036,121.5124768,https://overpass-api.de/api/interpreter
頂溪站,shopping,美廉社,25.0074245,121.5117612,https://overpass-api.de/api/interpreter
頂溪站,food,老成元御膳麻辣,25.0076113,121.5127215,https://overpass-api.de/api/interpreter
頂溪站,food,許願樹義式麵坊,25.007635,121.5123328,https://overpass-api.de/api/interpreter
頂溪站,food,鍋大俠日式石頭火鍋,25.0076178,121.512794,https://overpass-api.de/api/interpreter
頂溪站,food,85度C,25.0075547,121.512387,https://overpass-api.de/api/interpreter
頂溪站,food,季節香茶葉與咖啡烘焙屋,25.0132413,121.5132649,https://overpass-api.de/api/interpreter
頂溪站,food,可口寶,25.0138341,121.5125538,https://overpass-api.de/api/interpreter
頂溪站,food,大衛廚房,25.0149507,121.5124771,https://overpass-api.de/api/interpreter
頂溪站,shopping,萊爾富,25.0140861,121.515485,https://overpass-api.de/api/interpreter
頂溪站,food,橋壽司,25.0154193,121.5161057,https://overpass-api.de/api/interpreter
頂溪站,food,三媽臭臭鍋,25.0067444,121.5168912,https://overpass-api.de/api/interpreter
頂溪站,shopping,全家便利商店,25.007283,121.5171282,https://overpass-api.de/api/interpreter
頂溪站,food,萬香台式烤鴨 永和店,25.0074993,121.5170699,https://overpass-api.de/api/interpreter
頂溪站,food,王媽媽小吃,25.0148954,121.5122808,https://overpass-api.de/api/interpreter
頂溪站,shopping,美廉社,25.0137184,121.5125906,https://overpass-api.de/api/interpreter
頂溪站,shopping,美廉社,25.0130655,121.510607,https://overpass-api.de/api/interpreter
頂溪站,shopping,7-Eleven,25.0130654,121.5111318,https://overpass-api.de/api/interpreter
頂溪站,food,陳記燒臘,25.0073084,121.5119197,https://overpass-api.de/api/interpreter
頂溪站,food,咖哩王子,25.0085864,121.5110948,https://overpass-api.de/api/interpreter
頂溪站,shopping,7-Eleven,25.0122078,121.5143209,https://overpass-api.de/api/interpreter
頂溪站,shopping,7-Eleven,25.0160303,121.5111082,https://overpass-api.de/api/interpreter
頂溪站,shopping,7-Eleven,25.0152008,121.5088326,https://overpass-api.de/api/interpreter
頂溪站,shopping,美廉社,25.0153765,121.5091244,https://overpass-api.de/api/interpreter
頂溪站,shopping,7-Eleven,25.0101069,121.5203251,https://overpass-api.de/api/interpreter
頂溪站,food,口吅品,25.0091363,121.5106251,https://overpass-api.de/api/interpreter
頂溪站,food,呷霸牛肉麵,25.008097,121.5119617,https://overpass-api.de/api/interpreter
頂溪站,food,奔匙,25.0093134,121.5101723,https://overpass-api.de/api/interpreter
頂溪站,food,好吃當歸鴨麵線,25.0093344,121.5101394,https://overpass-api.de/api/interpreter
頂溪站,food,官記泰式涼拌木瓜,25.0093053,121.5106014,https://overpass-api.de/api/interpreter
頂溪站,food,小歇,25.0091588,121.5105886,https://overpass-api.de/api/interpreter
頂溪站,food,東方牛排,25.0078906,121.5122333,https://overpass-api.de/api/interpreter
頂溪站,food,樂華天下,25.0089839,121.5105431,https://overpass-api.de/api/interpreter
頂溪站,food,老牛嫩仙草,25.0081362,121.5119205,https://overpass-api.de/api/interpreter
頂溪站,shopping,萊爾富,25.0088804,121.5109979,https://overpass-api.de/api/interpreter
頂溪站,food,鮮蠔,25.0081769,121.5118593,https://overpass-api.de/api/interpreter
頂溪站,shopping,7-Eleven,25.0093735,121.5100422,https://overpass-api.de/api/interpreter
頂溪站,food,天饗素食坊,25.0081693,121.5167508,https://overpass-api.de/api/interpreter
頂溪站,food,路易莎咖啡,25.0081044,121.513845,https://overpass-api.de/api/interpreter
頂溪站,food,大苑子,25.0081989,121.5140639,https://overpass-api.de/api/interpreter
頂溪站,food,50嵐,25.0083028,121.5140847,https://overpass-api.de/api/interpreter
頂溪站,shopping,7-Eleven,25.0120063,121.515399,https://overpass-api.de/api/interpreter
頂溪站,shopping,全聯福利中心,25.0103085,121.5149306,https://overpass-api.de/api/interpreter
頂溪站,shopping,全家便利商店,25.0131019,121.5124655,https://overpass-api.de/api/interpreter
頂溪站,shopping,7-Eleven,25.0148986,121.5154508,https://overpass-api.de/api/interpreter
頂溪站,shopping,7-Eleven,25.010728,121.5129621,https://overpass-api.de/api/interpreter
頂溪站,shopping,全家便利商店,25.014298,121.5178207,https://overpass-api.de/api/interpreter
頂溪站,shopping,全家便利商店,25.0073904,121.5162907,https://overpass-api.de/api/interpreter
頂溪站,food,Coffee,25.015725,121.518638,https://overpass-api.de/api/interpreter
頂溪站,shopping,7-Eleven,25.0152145,121.5161004,https://overpass-api.de/api/interpreter
頂溪站,food,,25.0117691,121.5157675,https://overpass-api.de/api/interpreter
頂溪站,food,鬍子茶,25.0083156,121.5167688,https://overpass-api.de/api/interpreter
頂溪站,shopping,全家便利商店,25.0086152,121.5145432,https://overpass-api.de/api/interpreter
頂溪站,shopping,7-Eleven,25.0089592,121.5140383,https://overpass-api.de/api/interpreter
頂溪站,food,雲南婆婆雲泰料理,25.0085105,121.5149504,https://overpass-api.de/api/interpreter
頂溪站,food,四海遊龍,25.0132527,121.5121418,https://overpass-api.de/api/interpreter
頂溪站,food,Farina Pizza,25.0128881,121.5104654,https://overpass-api.de/api/interpreter
頂溪站,food,瓦城,25.0118647,121.5151754,https://overpass-api.de/api/interpreter
頂溪站,shopping,OK超商,25.0115488,121.5150413,https://overpass-api.de/api/interpreter
頂溪站,food,華美台式自助餐,25.0113713,121.5146939,https://overpass-api.de/api/interpreter
頂溪站,food,大埔鐵板燒,25.0099518,121.516369,https://overpass-api.de/api/interpreter
頂溪站,shopping,家樂福超市,25.0099915,121.5162019,https://overpass-api.de/api/interpreter
頂溪站,food,凱迪義大利麵,25.0149079,121.5153832,https://overpass-api.de/api/interpreter
頂溪站,shopping,全家便利商店,25.0150974,121.5153501,https://overpass-api.de/api/interpreter
頂溪站,food,呈信傳統鵝肉店,25.015134,121.5150198,https://overpass-api.de/api/interpreter
頂溪站,food,彭記牛肉麵,25.012645,121.5192765,https://overpass-api.de/api/interpreter
頂溪站,shopping,7-Eleven,25.0120975,121.5195394,https://overpass-api.de/api/interpreter
頂溪站,shopping,全家便利商店,25.0161499,121.5163717,https://overpass-api.de/api/interpreter
頂溪站,food,老黃自助餐,25.0164659,121.5164253,https://overpass-api.de/api/interpreter
頂溪站,food,星巴克,25.0133528,121.5152629,https://overpass-api.de/api/interpreter
頂溪站,food,小德張羊肉爐,25.0106592,121.5116416,https://overpass-api.de/api/interpreter
頂溪站,food,家.溫度湯,25.0106279,121.5122375,https://overpass-api.de/api/interpreter
頂溪站,food,路易莎咖啡,25.0115003,121.5153054,https://overpass-api.de/api/interpreter
頂溪站,food,莘美台式自助餐,25.0110973,121.514895,https://overpass-api.de/api/interpreter
頂溪站,food,路易莎咖啡,25.0080023,121.5138147,https://overpass-api.de/api/interpreter
頂溪站,food,彼得好咖啡,25.0104569,121.5144668,https://overpass-api.de/api/interpreter
頂溪站,food,Mate Cafe,25.0115398,121.5202792,https://overpass-api.de/api/interpreter
頂溪站,shopping,家樂福,25.0136585,121.5181151,https://overpass-api.de/api/interpreter
頂溪站,food,Chinese Buffet,25.0135653,121.5186608,https://overpass-api.de/api/interpreter
頂溪站,food,Yolo's Cafe,25.0120361,121.5183317,https://overpass-api.de/api/interpreter
頂溪站,shopping,全聯福利中心,25.0097889,121.5203741,https://overpass-api.de/api/interpreter
頂溪站,food,Enjoying Coffee,25.0092325,121.5209164,https://overpass-api.de/api/interpreter
頂溪站,food,Buffet,25.013023,121.510635,https://overpass-api.de/api/interpreter
頂溪站,food,Cama Café,25.0118659,121.5172603,https://overpass-api.de/api/interpreter
頂溪站,food,阿芝扁食牛肉麵,25.012379,121.5077008,https://overpass-api.de/api/interpreter
頂溪站,food,Little Italy Café,25.0084599,121.5113455,https://overpass-api.de/api/interpreter
頂溪站,food,,25.0085232,121.5209352,https://overpass-api.de/api/interpreter
頂溪站,food,,25.0085853,121.5213501,https://overpass-api.de/api/interpreter
頂溪站,food,,25.0140226,121.5178609,https://overpass-api.de/api/interpreter
頂溪站,food,大衛廚房,25.0150089,121.5124386,https://overpass-api.de/api/interpreter
頂溪站,food,郭記麻辣臭豆腐,25.0091405,121.51053,https://overpass-api.de/api/interpreter
頂溪站,food,mini B手作漢堡,25.0159506,121.515398,https://overpass-api.de/api/interpreter
頂溪站,food,佳佳香鍋貼,25.0074287,121.5137337,https://overpass-api.de/api/interpreter
頂溪站,food,惡燒肉便當,25.0152562,121.514056,https://overpass-api.de/api/interpreter
頂溪站,food,小螺波 螺螄粉,25.0110233,121.5149133,https://overpass-api.de/api/interpreter
頂溪站,shopping,全家便利商店,25.0076392,121.5199919,https://overpass-api.de/api/interpreter
頂溪站,shopping,美廉社,25.0145914,121.5184144,https://overpass-api.de/api/interpreter
頂溪站,shopping,全聯福利中心,25.013405,121.5188092,https://overpass-api.de/api/interpreter
頂溪站,shopping,全家便利商店,25.0129581,121.5157651,https://overpass-api.de/api/interpreter
頂溪站,shopping,萊爾富,25.0137008,121.518464,https://overpass-api.de/api/interpreter
頂溪站,culture,永和忠孝圖書閱覽室,25.0168387,121.5153512,https://overpass-api.de/api/interpreter
頂溪站,food,晨蒔早午餐,25.0139354,121.5122734,https://overpass-api.de/api/interpreter
頂溪站,food,竹林雞肉,25.0146385,121.5184637,https://overpass-api.de/api/interpreter
頂溪站,food,阿倫蛋包飯,25.0148472,121.5173186,https://overpass-api.de/api/interpreter
頂溪站,food,吉仕達意麵房,25.0091194,121.5211274,https://overpass-api.de/api/interpreter
頂溪站,food,頂級飯包,25.01192,121.5196241,https://overpass-api.de/api/interpreter
頂溪站,food,義聚東劉家水餃,25.0121676,121.5188425,https://overpass-api.de/api/interpreter
頂溪站,food,香香廚五味炒飯炒麵專門店,25.0114583,121.516786,https://overpass-api.de/api/interpreter
頂溪站,food,韓屋村,25.0145621,121.5183187,https://overpass-api.de/api/interpreter
頂溪站,food,京席素食料理,25.0138145,121.517383,https://overpass-api.de/api/interpreter
頂溪站,food,薩莉亞,25.012059,121.5149285,https://overpass-api.de/api/interpreter
頂溪站,food,千幸壽司,25.0149255,121.5152967,https://overpass-api.de/api/interpreter
頂溪站,food,大咖小剪,25.011742,121.5198653,https://overpass-api.de/api/interpreter
頂溪站,shopping,蝦皮店到店,25.0068704,121.5169586,https://overpass-api.de/api/interpreter
頂溪站,shopping,蝦皮店到店,25.0106172,121.5110911,https://overpass-api.de/api/interpreter
頂溪站,shopping,蝦皮店到店,25.0128096,121.5112495,https://overpass-api.de/api/interpreter
頂溪站,shopping,蝦皮店到店,25.0124833,121.5191852,https://overpass-api.de/api/interpreter
頂溪站,shopping,蝦皮店到店,25.0156317,121.5158714,https://overpass-api.de/api/interpreter
頂溪站,food,潮味決,25.0117311,121.5161276,https://overpass-api.de/api/interpreter
頂溪站,shopping,全家便利商店,25.0120203,121.5177946,https://overpass-api.de/api/interpreter
頂溪站,shopping,7-Eleven,25.0120495,121.517873,https://overpass-api.de/api/interpreter
頂溪站,shopping,全家便利商店,25.0120416,121.5156844,https://overpass-api.de/api/interpreter
頂溪站,food,福園號,25.0128712,121.5151322,https://overpass-api.de/api/interpreter
頂溪站,food,清心福全,25.0143574,121.5174808,https://overpass-api.de/api/interpreter
頂溪站,food,HITOKUCHI COFFEE,25.013773,121.5175183,https://overpass-api.de/api/interpreter
頂溪站,food,早午餐店,25.0074062,121.5164991,https://overpass-api.de/api/interpreter
頂溪站,shopping,7-Eleven,25.0088811,121.5207651,https://overpass-api.de/api/interpreter
頂溪站,food,走花路早餐店,25.0102906,121.5093831,https://overpass-api.de/api/interpreter
頂溪站,shopping,全家便利商店,25.0108981,121.5088578,https://overpass-api.de/api/interpreter
頂溪站,food,冬冬小吃店,25.0117062,121.5081031,https://overpass-api.de/api/interpreter
頂溪站,food,韋齊水產鍋物,25.0116593,121.5082623,https://overpass-api.de/api/interpreter
頂溪站,food,喫堡趣早餐店,25.0109442,121.5087965,https://overpass-api.de/api/interpreter
頂溪站,food,捲尾巴寵物餐廳,25.0119092,121.5078713,https://overpass-api.de/api/interpreter
頂溪站,food,樂謙碳烤吐司,25.0115749,121.5084759,https://overpass-api.de/api/interpreter
頂溪站,food,阿成大腸頭麵線,25.009054,121.5096881,https://overpass-api.de/api/interpreter
頂溪站,food,阿帆大腸麵線,25.0107231,121.5090525,https://overpass-api.de/api/interpreter
頂溪站,food,重慶酸辣粉,25.0109172,121.5088241,https://overpass-api.de/api/interpreter
頂溪站,food,韓食屋,25.0093106,121.5098806,https://overpass-api.de/api/interpreter
頂溪站,food,鼎饌小火鍋堂,25.0099199,121.5095431,https://overpass-api.de/api/interpreter
頂溪站,shopping,OK超商,25.0127839,121.509047,https://overpass-api.de/api/interpreter
頂溪站,food,Q堡早午餐,25.0131242,121.510594,https://overpass-api.de/api/interpreter
頂溪站,food,卡莎貝拉 義泰料理坊,25.0094152,121.5209261,https://overpass-api.de/api/interpreter
頂溪站,shopping,全聯福利中心,25.0089285,121.5094341,https://overpass-api.de/api/interpreter
頂溪站,food,烤麵筋,25.0092617,121.5102607,https://overpass-api.de/api/interpreter
頂溪站,food,sara美睫紋繡新秘,25.0081362,121.5131677,https://overpass-api.de/api/interpreter
頂溪站,food,老王原汁牛肉麵,25.0072321,121.511715,https://overpass-api.de/api/interpreter
頂溪站,food,無名雞蛋糕,25.0104945,121.5142483,https://overpass-api.de/api/interpreter
頂溪站,food,綠豆沙,25.0093264,121.510162,https://overpass-api.de/api/interpreter
頂溪站,food,小林拉麵,25.0086418,121.512858,https://overpass-api.de/api/interpreter
頂溪站,food,小豬很忙,25.0081602,121.5131572,https://overpass-api.de/api/interpreter
頂溪站,food,懂吃義大利麵,25.0092439,121.5106311,https://overpass-api.de/api/interpreter
頂溪站,food,翻轉屋 鍋燒意麵,25.0071696,121.5137818,https://overpass-api.de/api/interpreter
頂溪站,food,三榮皮鞋店,25.0082476,121.5131265,https://overpass-api.de/api/interpreter
頂溪站,food,康爾美早餐,25.0105206,121.5110153,https://overpass-api.de/api/interpreter
頂溪站,food,麥味登,25.0128739,121.511413,https://overpass-api.de/api/interpreter
頂溪站,food,入魂燒味,25.0083557,121.5154765,https://overpass-api.de/api/interpreter
頂溪站,food,咖啡@川端橋,25.0177896,121.5164096,https://overpass-api.de/api/interpreter
頂溪站,food,PROMETTENTE義大利麵 永和店,25.0131996,121.5121883,https://overpass-api.de/api/interpreter
頂溪站,food,越南小館,25.0122975,121.5139257,https://overpass-api.de/api/interpreter
頂溪站,food,花禾鮨握壽司專賣店,25.0150144,121.5144374,https://overpass-api.de/api/interpreter
頂溪站,food,天仁茗茶,25.0144228,121.5158582,https://overpass-api.de/api/interpreter
頂溪站,food,順億鮪魚專賣店,25.013887,121.5157277,https://overpass-api.de/api/interpreter
頂溪站,food,12 Mini,25.0138423,121.515711,https://overpass-api.de/api/interpreter
頂溪站,food,,25.0133736,121.5155692,https://overpass-api.de/api/interpreter
頂溪站,food,吉豚屋,25.0140252,121.5154573,https://overpass-api.de/api/interpreter
頂溪站,food,一条通,25.0139434,121.5154345,https://overpass-api.de/api/interpreter
頂溪站,food,龍角,25.0137188,121.5153727,https://overpass-api.de/api/interpreter
頂溪站,food,小旺仔麵食之家,25.0153956,121.5139829,https://overpass-api.de/api/interpreter
頂溪站,food,老黃原汁牛肉麵,25.0121749,121.5145968,https://overpass-api.de/api/interpreter
頂溪站,food,食八子,25.015007,121.5143926,https://overpass-api.de/api/interpreter
頂溪站,food,留戀吐司,25.0152582,121.5137578,https://overpass-api.de/api/interpreter
頂溪站,food,浩克(晧克)健康餐,25.0150359,121.5140319,https://overpass-api.de/api/interpreter
頂溪站,food,宮城亮串燒,25.0070504,121.5150849,https://overpass-api.de/api/interpreter
頂溪站,food,曉紅蔥臺式小吃專門,25.0122418,121.514213,https://overpass-api.de/api/interpreter
頂溪站,shopping,7-Εleven,25.0118967,121.5145437,https://overpass-api.de/api/interpreter
頂溪站,food,吉野家,25.0087534,121.520802,https://overpass-api.de/api/interpreter
頂溪站,shopping,全家便利商店,25.0087765,121.5208134,https://overpass-api.de/api/interpreter
頂溪站,recreation,仁愛公園,25.0110647,121.5065518,https://overpass-api.de/api/interpreter
頂溪站,culture,新北市立圖書館永和分館,25.0086528,121.5199376,https://overpass-api.de/api/interpreter
頂溪站,recreation,永和綠光河岸公園,25.0147483,121.5211796,https://overpass-api.de/api/interpreter
頂溪站,recreation,永和綠寶石河濱公園,25.0148468,121.5071909,https://overpass-api.de/api/interpreter
頂溪站,recreation,,25.0198586,121.5120201,https://overpass-api.de/api/interpreter
頂溪站,recreation,,25.0178783,121.5098378,https://overpass-api.de/api/interpreter
頂溪站,recreation,,25.0179583,121.5103464,https://overpass-api.de/api/interpreter
頂溪站,recreation,,25.0148353,121.5112854,https://overpass-api.de/api/interpreter
頂溪站,recreation,永和市公所藝文廣場,25.0091793,121.5204502,https://overpass-api.de/api/interpreter
頂溪站,recreation,,25.015574,121.5168689,https://overpass-api.de/api/interpreter
頂溪站,recreation,,25.0185671,121.5101101,https://overpass-api.de/api/interpreter
頂溪站,recreation,,25.0184736,121.5099357,https://overpass-api.de/api/interpreter
頂溪站,recreation,,25.0191552,121.5157229,https://overpass-api.de/api/interpreter
頂溪站,recreation,,25.0144964,121.5171347,https://overpass-api.de/api/interpreter
頂溪站,recreation,中興公園,25.0115776,121.5184658,https://overpass-api.de/api/interpreter
頂溪站,culture,鄭曼青紀念館,25.0106254,121.5175586,https://overpass-api.de/api/interpreter
頂溪站,recreation,,25.0178015,121.5096912,https://overpass-api.de/api/interpreter
頂溪站,recreation,,25.0178692,121.5098248,https://overpass-api.de/api/interpreter
頂溪站,recreation,,25.0179365,121.5099629,https://overpass-api.de/api/interpreter
頂溪站,recreation,,25.0196032,121.5108058,https://overpass-api.de/api/interpreter
頂溪站,recreation,,25.0190904,121.512331,https://overpass-api.de/api/interpreter
頂溪站,recreation,綠寶石極限運動體驗場,25.0189398,121.5127191,https://overpass-api.de/api/interpreter
頂溪站,recreation,,25.0087146,121.5197976,https://overpass-api.de/api/interpreter
頂溪站,culture,楊三郎美術館,25.0160083,121.5169126,https://overpass-api.de/api/interpreter
頂溪站,recreation,,25.0130302,121.5079526,https://overpass-api.de/api/interpreter
頂溪站,food,樂謙碳烤吐司,25.0115625,121.5084549,https://overpass-api.de/api/interpreter
頂溪站,recreation,,25.0147484,121.5114486,https://overpass-api.de/api/interpreter
頂溪站,recreation,上林社區公園,25.0142282,121.5181833,https://overpass-api.de/api/interpreter
頂溪站,recreation,,25.0103943,121.5223515,https://overpass-api.de/api/interpreter
頂溪站,recreation,,25.0117247,121.5220121,https://overpass-api.de/api/interpreter
頂溪站,recreation,,25.0128819,121.5213126,https://overpass-api.de/api/interpreter
鶯歌車站,shopping,民雄便利商店,24.9571657,121.3569747,https://overpass-api.de/api/interpreter
鶯歌車站,shopping,全家便利商店,24.957134,121.3582561,https://overpass-api.de/api/interpreter
鶯歌車站,food,阿婆壽司,24.954429,121.35222,https://overpass-api.de/api/interpreter
鶯歌車站,shopping,全聯福利中心,24.9538656,121.3531619,https://overpass-api.de/api/interpreter
鶯歌車站,food,宜蘭土包仔,24.9515888,121.3518079,https://overpass-api.de/api/interpreter
鶯歌車站,shopping,全家便利商店,24.9551164,121.3550913,https://overpass-api.de/api/interpreter
鶯歌車站,food,大媽牛肉麵,24.9547343,121.3564519,https://overpass-api.de/api/interpreter
鶯歌車站,food,巨森早餐吧,24.9569598,121.3538562,https://overpass-api.de/api/interpreter
鶯歌車站,shopping,萬容福超商,24.9569506,121.3543203,https://overpass-api.de/api/interpreter
鶯歌車站,food,天麗泰式料理,24.9569324,121.3559708,https://overpass-api.de/api/interpreter
鶯歌車站,shopping,全家便利商店,24.9559744,121.3522961,https://overpass-api.de/api/interpreter
鶯歌車站,food,巨森早餐吧,24.9542011,121.3557027,https://overpass-api.de/api/interpreter
鶯歌車站,food,,24.953946,121.352006,https://overpass-api.de/api/interpreter
鶯歌車站,food,臻福憶川燒牛肉麵,24.9528489,121.3517458,https://overpass-api.de/api/interpreter
鶯歌車站,food,阿文麵線,24.9540374,121.3517621,https://overpass-api.de/api/interpreter
鶯歌車站,shopping,蝦皮店到店,24.9547948,121.3523624,https://overpass-api.de/api/interpreter
鶯歌車站,shopping,7-Eleven,24.949275,121.3529515,https://overpass-api.de/api/interpreter
鶯歌車站,food,必勝客,24.9532323,121.3512086,https://overpass-api.de/api/interpreter
鶯歌車站,shopping,全家便利商店,24.9541106,121.3519295,https://overpass-api.de/api/interpreter
鶯歌車站,food,林滷味,24.9539306,121.3510256,https://overpass-api.de/api/interpreter
鶯歌車站,shopping,7-Eleven,24.9536911,121.350925,https://overpass-api.de/api/interpreter
鶯歌車站,food,85度C,24.9538412,121.3508043,https://overpass-api.de/api/interpreter
鶯歌車站,food,可不可熟成紅茶,24.9534394,121.350414,https://overpass-api.de/api/interpreter
鶯歌車站,food,麻古茶坊,24.9533603,121.3499232,https://overpass-api.de/api/interpreter
鶯歌車站,food,50嵐,24.9534078,121.3492184,https://overpass-api.de/api/interpreter
鶯歌車站,shopping,美廉社,24.9542709,121.3505579,https://overpass-api.de/api/interpreter
鶯歌車站,shopping,7-Eleven,24.9560301,121.3520093,https://overpass-api.de/api/interpreter
鶯歌車站,food,喝茶天,24.9517319,121.3496749,https://overpass-api.de/api/interpreter
鶯歌車站,culture,台灣大友普洱茶博物館,24.9560491,121.3591918,https://overpass-api.de/api/interpreter
鶯歌車站,shopping,全家便利商店,24.9544541,121.3553032,https://overpass-api.de/api/interpreter
鶯歌車站,shopping,7-Eleven,24.954107,121.3518974,https://overpass-api.de/api/interpreter
鶯歌車站,food,六扇門時尚湯鍋,24.9541835,121.3536249,https://overpass-api.de/api/interpreter
鶯歌車站,culture,鶯歌陶瓷博物館,24.9492372,121.3519925,https://overpass-api.de/api/interpreter
鶯歌車站,recreation,陶瓷藝術園區,24.9479472,121.3507642,https://overpass-api.de/api/interpreter
鶯歌車站,food,TINA廚房,24.9500566,121.3515886,https://overpass-api.de/api/interpreter
鶯歌車站,recreation,三鶯藝術村,24.9532996,121.3596644,https://overpass-api.de/api/interpreter
鶯歌車站,recreation,,24.9515634,121.3506005,https://overpass-api.de/api/interpreter
鶯歌車站,recreation,北鶯公園,24.9574511,121.3597267,https://overpass-api.de/api/interpreter
鶯歌車站,recreation,,24.9560763,121.3552775,https://overpass-api.de/api/interpreter
鶯歌車站,culture,新北市立圖書館鶯歌分館(林長壽紀念圖書館),24.9574534,121.349497,https://overpass-api.de/api/interpreter
鶯歌車站,recreation,三號公園,24.9526363,121.3488304,https://overpass-api.de/api/interpreter
鶯歌車站,food,蔬鍋藝鍋物,24.9546016,121.3545212,https://overpass-api.de/api/interpreter
鶯歌車站,food,烤霸,24.9545343,121.3544159,https://overpass-api.de/api/interpreter
鶯歌車站,recreation,,24.9553219,121.3571159,https://overpass-api.de/api/interpreter
鶯歌車站,recreation,,24.9478543,121.3550706,https://overpass-api.de/api/interpreter
鶯歌車站,recreation,,24.9500987,121.3518165,https://overpass-api.de/api/interpreter
鶯歌車站,food,炭燒薑母鴨,24.9568704,121.3565287,https://overpass-api.de/api/interpreter
鶯歌車站,recreation,鶯歌運動公園,24.9513448,121.3573677,https://overpass-api.de/api/interpreter
鶯歌車站,recreation,鶯歌國民運動中心,24.9513173,121.3575992,https://overpass-api.de/api/interpreter
鶯歌車站,recreation,鶯歌古鐘樓公園,24.9517685,121.3531148,https://overpass-api.de/api/interpreter
鶯歌車站,culture,新北市美術館,24.9525252,121.3572442,https://overpass-api.de/api/interpreter
鶯歌車站,food,窩窩陶瓷藝術,24.9536559,121.3549718,https://overpass-api.de/api/interpreter
鶯歌車站,culture,新北市美術館,24.9527154,121.3575269,https://overpass-api.de/api/interpreter
鶯歌車站,recreation,,24.9495824,121.3531142,https://overpass-api.de/api/interpreter
鶯歌車站,recreation,,24.9500691,121.3529248,https://overpass-api.de/api/interpreter
