"人口數","總計","0歲","1歲","2歲","3歲","4歲","5歲","6歲","7歲","8歲","9歲","10歲","11歲","12歲","13歲","14歲","15歲","16歲","17歲","18歲","19歲","20歲","21歲","22歲","23歲","24歲","25歲","26歲","27歲","28歲","29歲","30歲","31歲","32歲","33歲","34歲","35歲","36歲","37歲","38歲","39歲","40歲","41歲","42歲","43歲","44歲","45歲","46歲","47歲","48歲","49歲","50歲","51歲","52歲","53歲","54歲","55歲","56歲","57歲","58歲","59歲","60歲","61歲","62歲","63歲","64歲","65歲","66歲","67歲","68歲","69歲","70歲","71歲","72歲","73歲","74歲","75歲","76歲","77歲","78歲","79歲","80歲","81歲","82歲","83歲","84歲","85歲","86歲","87歲","88歲","89歲","90歲","91歲","92歲","93歲","94歲","95歲","96歲","97歲","98歲","99歲","100歲以上","不詳"
"113年/ 區域別總計/ 性別總計",23400220,131488,137611,141418,160868,165142,179107,183996,197810,210396,216031,214247,197586,237163,200592,168931,195109,199038,205852,206711,208047,217961,226634,245310,255885,304530,281311,265783,321047,319985,321837,319565,323315,316897,315263,331477,307578,338049,307384,300854,339172,365887,378160,399821,409347,403748,411873,399641,378934,410430,354025,347059,344790,343160,351795,359909,359410,357114,338213,360673,355047,359071,362888,354999,347000,341539,336110,323535,305086,312102,302031,281698,268123,258021,256778,212459,192431,164884,141460,110159,95354,106984,104234,96928,91781,85070,75048,63645,56162,47514,41373,34234,28148,23362,19600,15423,11692,8584,6194,4472,2863,5165,-
"113年/ 區域別總計/ 男",11526193,68038,71245,73121,83003,85660,92803,95008,102393,108962,112171,110547,102410,122604,104024,87963,101448,103903,107488,107907,108184,114113,118474,127920,132827,158513,146431,137660,166378,165603,165798,165216,166373,164306,163528,171580,157819,172885,156437,151177,169189,182214,187021,196725,201604,197707,202538,196036,184786,201039,171849,168608,167869,165999,171036,175231,174964,174134,165060,174953,171969,173826,174623,170878,166784,163581,159883,153539,143872,147002,142204,131034,124612,119299,117634,97350,87228,74415,63385,48388,41488,46026,44424,40488,38160,34146,29449,24493,21015,17626,15062,12373,10385,8906,7714,6340,4746,3534,2531,1832,1260,2207,-
"113年/ 區域別總計/ 女",11874027,63450,66366,68297,77865,79482,86304,88988,95417,101434,103860,103700,95176,114559,96568,80968,93661,95135,98364,98804,99863,103848,108160,117390,123058,146017,134880,128123,154669,154382,156039,154349,156942,152591,151735,159897,149759,165164,150947,149677,169983,183673,191139,203096,207743,206041,209335,203605,194148,209391,182176,178451,176921,177161,180759,184678,184446,182980,173153,185720,183078,185245,188265,184121,180216,177958,176227,169996,161214,165100,159827,150664,143511,138722,139144,115109,105203,90469,78075,61771,53866,60958,59810,56440,53621,50924,45599,39152,35147,29888,26311,21861,17763,14456,11886,9083,6946,5050,3663,2640,1603,2958,-
"113年/ 新北市/ 性別總計",4047001,17922,21093,22983,25917,26504,29073,30238,32603,34880,35703,35433,32368,39067,33243,28067,32729,33475,34467,34972,34218,36253,37594,40504,42520,51087,47077,44398,53578,53418,54566,54294,55705,55323,55086,58368,53972,59312,53943,52484,59946,64741,66864,71469,73387,72597,74679,72848,68632,74888,64021,63164,62360,61403,62655,63705,63586,62697,59322,63041,63196,63738,65242,63234,61623,61034,60556,58834,54838,57056,55294,51060,48860,46873,45849,37550,33851,27959,24116,18160,15423,16901,16228,14468,13443,12183,10351,8484,7409,6121,5318,4233,3549,3001,2506,2079,1657,1240,903,670,500,969,-
"113年/ 新北市/ 男",1965488,9232,10824,11871,13305,13688,15030,15525,16708,18034,18549,18215,16764,20172,17118,14653,17008,17492,17942,18315,17762,19152,19785,21127,22191,26561,24417,22948,27731,27717,28096,27960,28864,28723,28653,30274,27655,30207,27199,26176,29972,32159,33035,34966,35936,35490,36474,35459,33070,36449,30638,30393,29929,29355,29912,30265,29931,29318,27822,28955,28978,29369,29777,28960,28311,27857,27387,26634,24617,25838,25233,22822,21970,20959,20639,16847,15145,12445,10735,7962,6754,7380,6886,5961,5540,4800,3904,3162,2681,2181,1892,1482,1336,1216,1033,933,739,564,381,286,242,479,-
"113年/ 新北市/ 女",2081513,8690,10269,11112,12612,12816,14043,14713,15895,16846,17154,17218,15604,18895,16125,13414,15721,15983,16525,16657,16456,17101,17809,19377,20329,24526,22660,21450,25847,25701,26470,26334,26841,26600,26433,28094,26317,29105,26744,26308,29974,32582,33829,36503,37451,37107,38205,37389,35562,38439,33383,32771,32431,32048,32743,33440,33655,33379,31500,34086,34218,34369,35465,34274,33312,33177,33169,32200,30221,31218,30061,28238,26890,25914,25210,20703,18706,15514,13381,10198,8669,9521,9342,8507,7903,7383,6447,5322,4728,3940,3426,2751,2213,1785,1473,1146,918,676,522,384,258,490,-
"113年/ 臺北市/ 性別總計",2490869,15182,14646,14388,16819,17488,19229,19595,21258,23487,24419,24880,23200,26593,22765,19076,20618,19952,20540,19201,18593,19100,19551,21182,21749,26316,24716,23493,28142,28157,29413,29244,29519,29628,29744,32235,30467,34035,31349,31179,35231,38075,39631,41763,43299,42043,43024,41355,37946,43767,36436,36302,35671,35432,36551,37581,37643,36948,35390,36939,36860,37834,38154,37276,36639,37473,37659,37624,36009,37441,36782,34791,34061,33435,33004,28954,26829,22784,20190,15558,12959,14373,13761,12855,11894,11162,9800,8445,7398,6331,5661,4618,4088,3552,3049,2421,1943,1497,1099,804,502,1125,-
"113年/ 臺北市/ 男",1174537,7838,7532,7323,8591,9108,9855,10108,10924,12189,12662,12718,12013,13684,11817,9898,10584,10473,10630,9885,9760,9977,10004,10996,11142,13549,12764,12021,14177,14014,14667,14547,14486,14514,14557,15594,14540,16059,14719,14374,16336,17875,18485,19568,20147,19617,19889,19232,17641,20379,16629,16808,16850,16333,16762,17285,17211,16867,16230,16893,16990,17316,17354,16940,16747,17113,16857,17074,16028,16855,16793,15901,15394,15031,14752,12678,11894,10104,8833,6908,5557,6082,5771,5419,4714,4386,3724,3145,2672,2247,2003,1694,1526,1352,1282,1053,818,640,476,346,233,505,-
"113年/ 臺北市/ 女",1316332,7344,7114,7065,8228,8380,9374,9487,10334,11298,11757,12162,11187,12909,10948,9178,10034,9479,9910,9316,8833,9123,9547,10186,10607,12767,11952,11472,13965,14143,14746,14697,15033,15114,15187,16641,15927,17976,16630,16805,18895,20200,21146,22195,23152,22426,23135,22123,20305,23388,19807,19494,18821,19099,19789,20296,20432,20081,19160,20046,19870,20518,20800,20336,19892,20360,20802,20550,19981,20586,19989,18890,18667,18404,18252,16276,14935,12680,11357,8650,7402,8291,7990,7436,7180,6776,6076,5300,4726,4084,3658,2924,2562,2200,1767,1368,1125,857,623,458,269,620,-
"113年/ 桃園市/ 性別總計",2338648,16187,17120,17062,19220,19540,21102,21130,22673,23750,24149,23968,21714,26217,22425,18260,21220,22007,22598,22274,22429,23349,24244,26276,27274,32383,29600,28087,33888,33679,34271,34426,34748,34419,34224,36219,33726,36572,32924,31823,35806,38691,40473,42735,43187,42250,42611,40804,38477,41445,35374,34502,33984,34051,34477,35057,34504,33827,31783,33446,33454,33001,33442,32018,30407,30190,30207,28934,27050,27563,26475,24730,23003,22438,21281,17188,15723,12954,10997,8802,7382,8140,7805,7079,6462,6052,5105,4339,3758,3208,2751,2289,1880,1722,1547,1294,970,783,502,381,264,417,-
"113年/ 桃園市/ 男",1151696,8408,8805,8735,9966,10078,10970,11018,11721,12256,12525,12484,11336,13543,11595,9480,11107,11460,11890,11711,11746,12253,12699,13666,14120,16853,15348,14519,17337,17305,17433,17735,17546,17617,17488,18453,17096,18561,16555,15910,17632,19001,19902,20823,21182,20420,20855,20065,18712,20534,17175,16632,16563,16360,16738,16896,16713,16290,15282,15892,16041,15740,15889,15329,14243,14300,14250,13557,12645,12812,12328,11308,10518,10307,9663,7738,7120,5728,4919,3827,3159,3429,3230,2881,2640,2418,1943,1619,1365,1138,991,854,807,785,780,689,517,410,250,194,134,206,-
"113年/ 桃園市/ 女",1186952,7779,8315,8327,9254,9462,10132,10112,10952,11494,11624,11484,10378,12674,10830,8780,10113,10547,10708,10563,10683,11096,11545,12610,13154,15530,14252,13568,16551,16374,16838,16691,17202,16802,16736,17766,16630,18011,16369,15913,18174,19690,20571,21912,22005,21830,21756,20739,19765,20911,18199,17870,17421,17691,17739,18161,17791,17537,16501,17554,17413,17261,17553,16689,16164,15890,15957,15377,14405,14751,14147,13422,12485,12131,11618,9450,8603,7226,6078,4975,4223,4711,4575,4198,3822,3634,3162,2720,2393,2070,1760,1435,1073,937,767,605,453,373,252,187,130,211,-
"113年/ 臺中市/ 性別總計",2860601,16650,18594,19454,22038,22397,24506,25639,27512,29149,29527,29079,26562,32140,26810,22514,25791,26112,27503,26686,26676,28161,28811,31548,33213,39090,36998,34205,42167,42317,41880,41569,42054,41531,41219,43401,40124,43991,40175,38970,44177,47047,48019,50368,51401,50601,51042,49297,46392,49252,42543,40884,41162,41196,41502,42703,42764,42669,40286,42245,41354,42044,41852,40623,39419,38748,38106,36097,33854,34420,33351,31229,29320,27569,27332,22822,19672,16845,14272,11356,9807,10482,10027,9604,8877,8152,7309,5961,5378,4484,3685,3110,2547,2112,1710,1360,1007,742,583,383,246,437,-
"113年/ 臺中市/ 男",1396597,8549,9795,10096,11365,11597,12753,13155,14321,15109,15482,14969,13768,16545,13891,11746,13476,13527,14158,13938,13785,14511,14938,16355,17037,20081,19163,17645,21755,21578,21365,21218,21304,21203,21136,21875,20399,22317,20145,19304,21710,23178,23421,24458,25228,24502,24973,23781,22301,23458,20230,19437,19425,19163,19385,19967,20231,20071,18934,19820,19476,19569,19445,19135,18452,18340,17703,16868,15864,16041,15609,14276,13532,12786,12382,10487,9020,7660,6412,4866,4236,4387,4256,4003,3671,3273,2895,2265,2017,1679,1318,1132,940,786,684,595,431,317,255,180,121,206,-
"113年/ 臺中市/ 女",1464004,8101,8799,9358,10673,10800,11753,12484,13191,14040,14045,14110,12794,15595,12919,10768,12315,12585,13345,12748,12891,13650,13873,15193,16176,19009,17835,16560,20412,20739,20515,20351,20750,20328,20083,21526,19725,21674,20030,19666,22467,23869,24598,25910,26173,26099,26069,25516,24091,25794,22313,21447,21737,22033,22117,22736,22533,22598,21352,22425,21878,22475,22407,21488,20967,20408,20403,19229,17990,18379,17742,16953,15788,14783,14950,12335,10652,9185,7860,6490,5571,6095,5771,5601,5206,4879,4414,3696,3361,2805,2367,1978,1607,1326,1026,765,576,425,328,203,125,231,-
"113年/ 臺南市/ 性別總計",1858651,9102,9808,10332,11882,12467,13754,14334,15310,16060,17069,16447,15339,18856,15217,12652,15121,15421,15674,15573,15812,16114,16887,18236,19288,23343,21279,20118,24897,24611,25061,24779,25595,24482,24830,26096,24627,27606,24966,24330,27744,30144,30951,32683,33428,32611,33298,32233,30711,32775,27968,26992,26905,26452,27402,28141,28637,28697,27266,29775,28965,29551,29684,29593,29717,28838,27980,26648,25482,25532,23967,22604,21231,20152,20712,16682,15135,13506,11038,8283,7239,8724,8570,7559,7662,7128,6170,5465,4843,4169,3849,3313,2449,1982,1760,1361,946,689,471,309,192,313,-
"113年/ 臺南市/ 男",921613,4735,5075,5424,6230,6530,7079,7433,7925,8422,8819,8443,7849,9746,7963,6662,7776,7938,8213,8124,8233,8335,8838,9551,9931,12161,11120,10583,13095,12812,13054,12850,13149,12774,13031,13555,12828,14317,12772,12355,13890,15071,15391,16066,16618,16054,16708,16254,15225,16213,13629,13182,13108,12656,13390,13707,13912,14074,13249,14577,14116,14392,14546,14369,14537,13955,13706,12898,12565,12366,11525,10842,10092,9612,9724,7881,7024,6146,4940,3680,3222,3691,3633,3150,3194,2869,2409,2094,1824,1606,1435,1181,845,723,621,498,341,239,160,106,73,79,-
"113年/ 臺南市/ 女",937038,4367,4733,4908,5652,5937,6675,6901,7385,7638,8250,8004,7490,9110,7254,5990,7345,7483,7461,7449,7579,7779,8049,8685,9357,11182,10159,9535,11802,11799,12007,11929,12446,11708,11799,12541,11799,13289,12194,11975,13854,15073,15560,16617,16810,16557,16590,15979,15486,16562,14339,13810,13797,13796,14012,14434,14725,14623,14017,15198,14849,15159,15138,15224,15180,14883,14274,13750,12917,13166,12442,11762,11139,10540,10988,8801,8111,7360,6098,4603,4017,5033,4937,4409,4468,4259,3761,3371,3019,2563,2414,2132,1604,1259,1139,863,605,450,311,203,119,234,-
"113年/ 高雄市/ 性別總計",2731412,15038,15763,15896,18012,18239,19442,20071,21638,22687,23558,23106,21491,25782,21593,17921,21655,22198,22936,23167,23546,24060,25590,27472,28534,35411,32229,30331,36808,36993,37083,37010,37364,36043,36581,38268,34925,39165,34840,33984,38701,41777,43253,45929,47061,47369,48654,47558,45555,49865,43360,42573,42361,41776,42587,43868,42762,43101,40710,42740,41566,42084,42041,41849,41139,40476,39530,38726,37451,38205,37600,34874,33875,32332,33071,27441,24029,21369,17461,13241,11737,13175,12604,11256,10750,9530,8477,7005,5978,4869,4256,3442,2784,2288,1917,1501,1082,794,521,430,243,423,-
"113年/ 高雄市/ 男",1337224,7789,8221,8252,9235,9421,10018,10354,11222,11751,12245,12026,11033,13327,11276,9216,11143,11450,12095,11971,12204,12584,13217,14299,14788,18412,16609,15534,18978,19062,19059,19165,19223,18598,18959,19787,17687,20011,17764,17114,19455,20719,21381,22621,23218,23183,23939,23192,22140,24382,20922,20614,20528,20147,20603,21453,20739,21049,20005,20587,20066,20388,20086,19878,19411,18919,18560,17956,17268,17597,17173,15937,15448,14584,14893,12367,10691,9464,7852,5708,5075,5686,5417,4686,4477,3748,3284,2685,2167,1821,1560,1292,1045,954,813,677,482,369,257,190,123,194,-
"113年/ 高雄市/ 女",1394188,7249,7542,7644,8777,8818,9424,9717,10416,10936,11313,11080,10458,12455,10317,8705,10512,10748,10841,11196,11342,11476,12373,13173,13746,16999,15620,14797,17830,17931,18024,17845,18141,17445,17622,18481,17238,19154,17076,16870,19246,21058,21872,23308,23843,24186,24715,24366,23415,25483,22438,21959,21833,21629,21984,22415,22023,22052,20705,22153,21500,21696,21955,21971,21728,21557,20970,20770,20183,20608,20427,18937,18427,17748,18178,15074,13338,11905,9609,7533,6662,7489,7187,6570,6273,5782,5193,4320,3811,3048,2696,2150,1739,1334,1104,824,600,425,264,240,120,229,-
"113年/ 宜蘭縣/ 性別總計",449212,2386,2500,2520,3069,3061,3319,3393,3617,3901,3777,3719,3732,4195,3663,3207,3731,3678,3727,3923,4082,4364,4498,4796,5118,5984,5537,5445,6729,6587,6573,6430,6518,6283,6134,6289,5850,6134,5587,5387,6002,6405,6623,6943,7118,6986,7140,6926,6709,7200,6510,6606,6628,6534,6762,7233,7370,7216,6874,7236,7097,7332,7449,7208,7084,6960,6580,6215,5787,6007,5779,5196,5097,4621,4702,3888,3421,2909,2511,2171,2022,2299,2392,2396,2233,2199,1875,1687,1477,1236,1079,894,712,542,470,372,270,186,137,104,59,93,-
"113年/ 宜蘭縣/ 男",225131,1245,1302,1274,1617,1550,1703,1717,1870,2014,1947,1936,1979,2190,1911,1614,1954,1929,1915,2006,2107,2270,2313,2490,2657,3130,2951,2792,3505,3558,3419,3365,3346,3373,3226,3406,3056,3260,2911,2830,3092,3196,3336,3540,3509,3494,3566,3409,3371,3612,3115,3251,3324,3241,3419,3606,3817,3644,3473,3666,3523,3671,3788,3564,3525,3443,3217,3008,2881,2997,2845,2443,2410,2196,2227,1843,1561,1378,1158,1032,863,1027,1046,1037,961,884,795,663,571,471,407,341,258,187,155,144,92,64,52,32,24,28,-
"113年/ 宜蘭縣/ 女",224081,1141,1198,1246,1452,1511,1616,1676,1747,1887,1830,1783,1753,2005,1752,1593,1777,1749,1812,1917,1975,2094,2185,2306,2461,2854,2586,2653,3224,3029,3154,3065,3172,2910,2908,2883,2794,2874,2676,2557,2910,3209,3287,3403,3609,3492,3574,3517,3338,3588,3395,3355,3304,3293,3343,3627,3553,3572,3401,3570,3574,3661,3661,3644,3559,3517,3363,3207,2906,3010,2934,2753,2687,2425,2475,2045,1860,1531,1353,1139,1159,1272,1346,1359,1272,1315,1080,1024,906,765,672,553,454,355,315,228,178,122,85,72,35,65,-
"113年/ 新竹縣/ 性別總計",594641,3925,4655,4852,5538,5707,5985,6130,6555,6918,6995,7049,6313,7608,6451,5287,6188,6184,6329,6115,6048,6228,6325,6683,6952,7795,7165,6751,8122,8225,8168,8572,8506,8407,8441,9123,8419,9033,8268,8218,9170,9917,10304,11107,11323,11041,11253,10834,10128,11137,9167,9335,9088,8698,8846,8876,8559,8244,7633,8091,8013,7762,7853,7609,7231,7101,6563,6254,5702,5790,5470,5029,4704,4559,4465,3698,3466,2852,2508,2099,1873,2209,2225,2081,2163,1954,1756,1504,1371,1122,1014,796,656,529,434,347,250,231,146,103,68,97,-
"113年/ 新竹縣/ 男",302644,2010,2395,2554,2809,2941,3112,3248,3411,3608,3663,3617,3214,3853,3356,2764,3266,3278,3271,3180,3223,3274,3300,3543,3703,4086,3773,3552,4307,4408,4264,4501,4591,4569,4533,4917,4462,4702,4333,4213,4659,4985,5121,5560,5630,5443,5480,5293,4939,5516,4582,4653,4590,4395,4441,4524,4392,4197,3920,4142,4122,4009,3979,3888,3689,3693,3399,3221,2915,2900,2738,2454,2285,2196,2100,1788,1641,1361,1132,975,863,996,965,949,950,874,743,648,592,457,388,322,247,211,192,151,105,74,57,46,26,37,-
"113年/ 新竹縣/ 女",291997,1915,2260,2298,2729,2766,2873,2882,3144,3310,3332,3432,3099,3755,3095,2523,2922,2906,3058,2935,2825,2954,3025,3140,3249,3709,3392,3199,3815,3817,3904,4071,3915,3838,3908,4206,3957,4331,3935,4005,4511,4932,5183,5547,5693,5598,5773,5541,5189,5621,4585,4682,4498,4303,4405,4352,4167,4047,3713,3949,3891,3753,3874,3721,3542,3408,3164,3033,2787,2890,2732,2575,2419,2363,2365,1910,1825,1491,1376,1124,1010,1213,1260,1132,1213,1080,1013,856,779,665,626,474,409,318,242,196,145,157,89,57,42,60,-
"113年/ 苗栗縣/ 性別總計",532854,2353,2526,2653,3182,3421,3892,4206,4539,4845,5117,4981,4616,5537,4659,3858,4545,4684,4956,4980,5018,5504,5523,6170,6211,7096,6689,6016,7408,7660,7368,7334,7470,7344,7145,7349,7046,7477,6965,6821,7630,8358,8646,9259,9203,8899,9189,8656,8237,8496,7693,7470,7522,7685,7889,8010,8094,8026,7450,8157,7888,8211,8590,8261,8210,7793,7897,7042,6764,6794,6342,6131,5628,5586,5282,4561,4167,3494,3273,2587,2432,2671,2697,2663,2523,2450,2143,1832,1789,1362,1267,1127,794,746,609,411,347,265,180,137,65,110,-
"113年/ 苗栗縣/ 男",273824,1163,1338,1375,1632,1766,2046,2127,2375,2507,2636,2552,2391,2838,2415,2012,2369,2465,2614,2598,2647,2961,2971,3347,3268,3720,3544,3212,4009,4002,3986,4062,4090,4009,3913,4057,3851,4026,3768,3620,3984,4330,4467,4715,4763,4548,4645,4365,4202,4310,3959,3859,3905,3903,4146,4156,4219,4232,3882,4242,4107,4249,4419,4267,4185,4041,4021,3627,3454,3466,3263,3008,2752,2727,2484,2168,1985,1610,1508,1199,1119,1216,1165,1173,1136,1045,957,743,737,555,532,438,305,278,230,168,123,96,53,48,22,31,-
"113年/ 苗栗縣/ 女",259030,1190,1188,1278,1550,1655,1846,2079,2164,2338,2481,2429,2225,2699,2244,1846,2176,2219,2342,2382,2371,2543,2552,2823,2943,3376,3145,2804,3399,3658,3382,3272,3380,3335,3232,3292,3195,3451,3197,3201,3646,4028,4179,4544,4440,4351,4544,4291,4035,4186,3734,3611,3617,3782,3743,3854,3875,3794,3568,3915,3781,3962,4171,3994,4025,3752,3876,3415,3310,3328,3079,3123,2876,2859,2798,2393,2182,1884,1765,1388,1313,1455,1532,1490,1387,1405,1186,1089,1052,807,735,689,489,468,379,243,224,169,127,89,43,79,-
"113年/ 彰化縣/ 性別總計",1225675,7989,8099,7883,8846,8862,9266,9073,9916,10593,10682,10838,9726,12041,10282,8708,10338,10743,11041,11572,11844,12866,13402,14338,14864,17095,16127,15215,17664,17554,17110,16936,17240,16981,16474,17173,16133,17596,16320,16077,17854,19192,19556,20481,20829,20559,20933,20266,19391,19953,17943,17244,16855,16712,17076,17232,17513,17481,16671,18500,17822,18473,18706,18326,18219,17457,17118,16844,14931,15919,15082,14124,13258,12748,13057,10914,9861,8583,7594,5889,5226,5961,6064,5806,5593,5240,4916,4105,3748,3350,2803,2359,2002,1593,1234,954,661,444,331,228,153,231,-
"113年/ 彰化縣/ 男",621327,4152,4213,4070,4586,4666,4836,4713,5208,5490,5532,5620,5125,6321,5313,4540,5505,5544,5892,6178,6110,6766,7095,7523,7706,9031,8435,7827,9186,9239,8843,8828,8914,8899,8635,9140,8540,9258,8578,8314,9228,10006,9848,10368,10717,10340,10720,10423,9898,10184,9255,8802,8567,8582,8783,8849,9047,9044,8516,9537,9144,9392,9536,9360,9355,8718,8579,8540,7401,7921,7439,6777,6440,6192,6240,5294,4510,3980,3550,2616,2329,2671,2671,2476,2437,2141,1991,1613,1437,1235,998,782,698,513,400,288,190,135,85,70,42,56,-
"113年/ 彰化縣/ 女",604348,3837,3886,3813,4260,4196,4430,4360,4708,5103,5150,5218,4601,5720,4969,4168,4833,5199,5149,5394,5734,6100,6307,6815,7158,8064,7692,7388,8478,8315,8267,8108,8326,8082,7839,8033,7593,8338,7742,7763,8626,9186,9708,10113,10112,10219,10213,9843,9493,9769,8688,8442,8288,8130,8293,8383,8466,8437,8155,8963,8678,9081,9170,8966,8864,8739,8539,8304,7530,7998,7643,7347,6818,6556,6817,5620,5351,4603,4044,3273,2897,3290,3393,3330,3156,3099,2925,2492,2311,2115,1805,1577,1304,1080,834,666,471,309,246,158,111,175,-
"113年/ 南投縣/ 性別總計",472299,2319,2363,2425,2745,2896,3064,3238,3442,3689,3698,3661,3373,4188,3635,3171,3542,3686,3985,4173,4347,4582,4722,5308,5616,6262,5968,5746,6752,6646,6503,6701,6573,6318,6109,6319,5770,6221,5749,5548,6260,6559,6924,7100,7324,7261,7532,6961,6880,7434,6456,6318,6431,6724,7005,7355,7546,7674,7122,8030,7779,7865,8311,8085,7925,7705,7525,7019,6642,6648,6576,6022,5717,5550,5452,4604,4204,3731,3049,2597,2365,2480,2433,2609,2493,2339,2177,1816,1617,1346,1195,1008,875,661,556,432,311,205,144,111,66,105,-
"113年/ 南投縣/ 男",240207,1236,1205,1265,1447,1513,1610,1695,1770,1943,1867,1932,1753,2200,1882,1634,1833,1915,2054,2168,2232,2371,2468,2765,2989,3274,3173,3017,3554,3428,3436,3539,3542,3439,3384,3415,3145,3389,3137,2974,3307,3434,3719,3680,3721,3730,3872,3570,3453,3846,3279,3108,3173,3385,3610,3706,3829,3990,3619,4149,3994,3991,4241,4055,3989,3947,3828,3520,3331,3302,3234,3035,2847,2713,2585,2232,1976,1764,1401,1157,1044,1079,1070,1154,1035,960,884,783,631,520,459,382,321,252,221,153,111,72,63,38,20,40,-
"113年/ 南投縣/ 女",232092,1083,1158,1160,1298,1383,1454,1543,1672,1746,1831,1729,1620,1988,1753,1537,1709,1771,1931,2005,2115,2211,2254,2543,2627,2988,2795,2729,3198,3218,3067,3162,3031,2879,2725,2904,2625,2832,2612,2574,2953,3125,3205,3420,3603,3531,3660,3391,3427,3588,3177,3210,3258,3339,3395,3649,3717,3684,3503,3881,3785,3874,4070,4030,3936,3758,3697,3499,3311,3346,3342,2987,2870,2837,2867,2372,2228,1967,1648,1440,1321,1401,1363,1455,1458,1379,1293,1033,986,826,736,626,554,409,335,279,200,133,81,73,46,65,-
"113年/ 雲林縣/ 性別總計",658427,5789,3363,3453,3918,4106,4423,4387,4760,4929,5074,5148,4790,6049,5207,4487,5230,5506,5772,5942,6361,6636,7175,7635,7979,9354,8648,8065,9478,9114,9103,8690,8382,8093,7853,8226,7753,8356,7985,7967,8879,9491,10046,10410,10611,10803,11164,10913,10687,11317,10021,9556,9551,9453,9871,9965,10186,10204,9398,11044,10337,10192,10533,10275,9991,9414,9413,8750,8101,8434,8152,7606,7165,7103,7766,5741,5767,5070,4548,4076,3331,3811,4106,3765,3706,3557,3244,2872,2402,2106,1850,1556,1242,1023,811,566,416,300,229,141,86,117,-
"113年/ 雲林縣/ 男",338587,3039,1768,1794,2037,2111,2317,2292,2437,2523,2608,2635,2437,3162,2608,2349,2766,2917,3044,3119,3309,3497,3847,3927,4181,4955,4516,4229,4976,4818,4776,4570,4361,4288,4104,4554,4158,4365,4288,4212,4612,4907,5146,5335,5379,5508,5664,5542,5502,5813,5260,4945,4949,4915,5306,5389,5632,5621,5277,6101,5680,5736,5747,5596,5399,5031,5015,4632,4202,4307,4126,3775,3609,3523,3769,2798,2726,2355,2054,1772,1468,1613,1745,1547,1556,1435,1319,1089,891,768,609,515,410,332,231,169,113,90,59,34,21,24,-
"113年/ 雲林縣/ 女",319840,2750,1595,1659,1881,1995,2106,2095,2323,2406,2466,2513,2353,2887,2599,2138,2464,2589,2728,2823,3052,3139,3328,3708,3798,4399,4132,3836,4502,4296,4327,4120,4021,3805,3749,3672,3595,3991,3697,3755,4267,4584,4900,5075,5232,5295,5500,5371,5185,5504,4761,4611,4602,4538,4565,4576,4554,4583,4121,4943,4657,4456,4786,4679,4592,4383,4398,4118,3899,4127,4026,3831,3556,3580,3997,2943,3041,2715,2494,2304,1863,2198,2361,2218,2150,2122,1925,1783,1511,1338,1241,1041,832,691,580,397,303,210,170,107,65,93,-
"113年/ 嘉義縣/ 性別總計",478786,2171,2269,2174,2440,2591,2570,2507,2894,2879,2997,2909,2717,3372,2980,2729,3240,3444,3733,3983,4404,4593,5088,5584,5758,6933,5971,6035,6986,6697,6593,6397,6387,6002,5993,6085,5430,5934,5514,5388,6056,6587,6770,7043,7274,7464,7276,7396,7340,7535,6827,6830,7158,7088,7475,7736,7669,8008,7651,8502,8267,8235,8437,8352,8279,8096,7786,7253,6694,6846,6515,6214,5925,5751,5920,4768,4522,4081,3430,2599,2542,3003,2931,2887,2922,2741,2592,2270,1928,1802,1468,1286,1077,838,745,561,400,255,202,129,63,118,-
"113年/ 嘉義縣/ 男",247718,1124,1166,1141,1269,1318,1325,1269,1462,1489,1576,1492,1449,1770,1545,1440,1731,1804,1976,2113,2268,2395,2675,2940,3029,3692,3160,3178,3713,3601,3522,3445,3470,3255,3285,3337,2992,3294,3035,2947,3276,3540,3558,3740,3652,3805,3754,3778,3706,3833,3518,3434,3628,3755,3882,4208,4041,4358,4198,4619,4519,4561,4593,4548,4540,4408,4134,3840,3595,3600,3386,3181,2971,2915,2919,2326,2155,1906,1545,1155,1112,1296,1248,1195,1208,1088,1054,918,735,676,554,424,355,277,251,175,145,76,61,38,23,37,-
"113年/ 嘉義縣/ 女",231068,1047,1103,1033,1171,1273,1245,1238,1432,1390,1421,1417,1268,1602,1435,1289,1509,1640,1757,1870,2136,2198,2413,2644,2729,3241,2811,2857,3273,3096,3071,2952,2917,2747,2708,2748,2438,2640,2479,2441,2780,3047,3212,3303,3622,3659,3522,3618,3634,3702,3309,3396,3530,3333,3593,3528,3628,3650,3453,3883,3748,3674,3844,3804,3739,3688,3652,3413,3099,3246,3129,3033,2954,2836,3001,2442,2367,2175,1885,1444,1430,1707,1683,1692,1714,1653,1538,1352,1193,1126,914,862,722,561,494,386,255,179,141,91,40,81,-
"113年/ 屏東縣/ 性別總計",789239,4239,4222,4014,4559,4854,5271,5401,5744,5950,6120,6068,5526,6739,5601,5042,5504,5848,6123,6734,6967,7479,7892,8716,9151,10744,9705,9670,11597,11692,11538,11286,10872,10498,10284,10375,9753,10698,9380,9481,10361,11250,11599,12102,12505,12637,12969,12762,12400,13342,11567,11361,11465,11520,12313,12637,12650,13019,12446,13265,13019,13383,13052,13254,12924,12568,12297,11357,11188,11040,10755,10083,9629,9064,9384,7674,6831,6375,5289,4060,3617,4223,4053,3997,3863,3421,3043,2672,2312,2037,1689,1321,1117,832,661,513,407,233,181,116,80,118,-
"113年/ 屏東縣/ 男",399227,2193,2130,2070,2367,2550,2735,2730,3042,3099,3232,3117,2840,3545,2899,2685,2851,3092,3183,3535,3593,3963,4075,4471,4724,5627,5144,5025,6130,6210,6122,5989,5746,5597,5503,5511,5168,5759,5034,5046,5400,5935,6002,6161,6450,6448,6735,6489,6322,6819,5889,5667,5760,5786,6192,6416,6392,6780,6502,6926,6585,6809,6619,6663,6466,6316,6157,5585,5317,5298,5176,4809,4588,4266,4485,3614,3099,2939,2372,1805,1570,1843,1787,1723,1672,1455,1252,1090,959,797,631,497,425,310,224,185,149,101,71,43,28,44,-
"113年/ 屏東縣/ 女",390012,2046,2092,1944,2192,2304,2536,2671,2702,2851,2888,2951,2686,3194,2702,2357,2653,2756,2940,3199,3374,3516,3817,4245,4427,5117,4561,4645,5467,5482,5416,5297,5126,4901,4781,4864,4585,4939,4346,4435,4961,5315,5597,5941,6055,6189,6234,6273,6078,6523,5678,5694,5705,5734,6121,6221,6258,6239,5944,6339,6434,6574,6433,6591,6458,6252,6140,5772,5871,5742,5579,5274,5041,4798,4899,4060,3732,3436,2917,2255,2047,2380,2266,2274,2191,1966,1791,1582,1353,1240,1058,824,692,522,437,328,258,132,110,73,52,74,-
"113年/ 臺東縣/ 性別總計",210219,1407,1339,1292,1381,1360,1428,1566,1574,1668,1676,1739,1608,1825,1656,1496,1585,1743,1789,1972,1969,2029,2187,2392,2485,2830,2722,2642,3010,2991,2925,2919,2816,2850,2806,2741,2533,2682,2401,2537,2655,2816,3116,3178,3227,3229,3177,3269,3114,3464,3108,3097,3243,3434,3503,3521,3495,3390,3478,3473,3475,3471,3596,3413,3229,3193,3117,2953,2850,2750,2814,2453,2399,2354,2304,1871,1829,1464,1479,1066,975,1028,1138,994,922,842,782,663,589,512,437,384,272,224,210,161,152,76,67,59,34,60,-
"113年/ 臺東縣/ 男",107085,713,707,653,742,684,769,823,829,897,820,917,869,977,851,761,831,940,913,1051,1043,1057,1168,1211,1291,1488,1415,1347,1543,1542,1519,1569,1481,1512,1501,1488,1390,1412,1304,1347,1389,1490,1641,1639,1697,1672,1650,1669,1632,1745,1618,1643,1654,1797,1768,1903,1892,1786,1796,1884,1853,1804,1840,1747,1730,1600,1543,1469,1415,1395,1334,1155,1141,1056,1010,836,802,686,626,438,392,455,475,391,372,338,299,256,221,189,172,141,110,87,77,67,69,42,33,28,16,35,-
"113年/ 臺東縣/ 女",103134,694,632,639,639,676,659,743,745,771,856,822,739,848,805,735,754,803,876,921,926,972,1019,1181,1194,1342,1307,1295,1467,1449,1406,1350,1335,1338,1305,1253,1143,1270,1097,1190,1266,1326,1475,1539,1530,1557,1527,1600,1482,1719,1490,1454,1589,1637,1735,1618,1603,1604,1682,1589,1622,1667,1756,1666,1499,1593,1574,1484,1435,1355,1480,1298,1258,1298,1294,1035,1027,778,853,628,583,573,663,603,550,504,483,407,368,323,265,243,162,137,133,94,83,34,34,31,18,25,-
"113年/ 花蓮縣/ 性別總計",315374,1730,1791,1946,2053,2056,2319,2363,2427,2620,2666,2585,2541,2734,2503,2291,2522,2566,2683,2769,2838,3038,3152,3434,3569,4151,3927,3773,4544,4569,4510,4406,4500,4274,4185,4184,3806,4053,3699,3732,4056,4514,4559,4809,5000,4904,4952,4933,4782,5223,4616,4692,4711,4830,4994,5152,5135,5010,4906,4881,5095,5027,5032,4984,5130,4826,4810,4598,4478,4440,4411,4016,3717,3539,3557,3015,2777,2229,2064,1710,1443,1601,1551,1570,1365,1297,1142,965,897,735,666,524,453,365,285,268,184,119,106,96,41,78,-
"113年/ 花蓮縣/ 男",158193,901,915,1044,1048,1084,1234,1239,1276,1332,1383,1370,1320,1432,1345,1218,1329,1344,1409,1467,1444,1593,1674,1783,1828,2153,2054,2055,2354,2400,2314,2282,2371,2289,2179,2217,1977,2126,1988,1953,2097,2328,2317,2451,2577,2512,2489,2549,2391,2581,2291,2350,2314,2385,2462,2557,2606,2578,2543,2558,2580,2519,2535,2481,2515,2370,2304,2223,2163,2182,2092,1994,1790,1618,1630,1398,1221,972,920,723,604,667,655,617,551,517,437,383,343,273,259,186,158,140,115,97,83,53,48,47,23,47,-
"113年/ 花蓮縣/ 女",157181,829,876,902,1005,972,1085,1124,1151,1288,1283,1215,1221,1302,1158,1073,1193,1222,1274,1302,1394,1445,1478,1651,1741,1998,1873,1718,2190,2169,2196,2124,2129,1985,2006,1967,1829,1927,1711,1779,1959,2186,2242,2358,2423,2392,2463,2384,2391,2642,2325,2342,2397,2445,2532,2595,2529,2432,2363,2323,2515,2508,2497,2503,2615,2456,2506,2375,2315,2258,2319,2022,1927,1921,1927,1617,1556,1257,1144,987,839,934,896,953,814,780,705,582,554,462,407,338,295,225,170,171,101,66,58,49,18,31,-
"113年/ 澎湖縣/ 性別總計",107901,722,707,730,800,814,734,579,677,675,701,652,636,734,618,575,678,681,744,1066,1265,1309,1424,1380,1430,1716,1516,1420,1746,1585,1668,1556,1654,1615,1493,1558,1386,1666,1447,1353,1476,1630,1562,1624,1683,1665,1646,1677,1611,1731,1544,1627,1518,1580,1623,1622,1625,1703,1633,1704,1667,1728,1643,1753,1802,1639,1658,1570,1458,1434,1318,1210,1205,1164,1146,1012,888,729,583,649,491,522,446,421,430,442,395,320,323,346,259,232,192,151,142,99,73,59,46,25,15,22,-
"113年/ 澎湖縣/ 男",55167,355,349,359,411,439,361,304,379,349,367,352,344,391,311,298,335,363,386,577,694,732,808,750,782,955,831,759,947,851,864,826,907,853,787,851,713,873,750,726,753,842,813,781,803,808,790,873,790,832,765,800,812,804,847,843,843,884,860,885,870,908,876,907,921,827,843,800,763,758,683,590,569,560,545,478,425,350,252,297,223,235,212,169,200,172,151,130,135,132,92,83,67,56,51,36,25,23,18,6,5,7,-
"113年/ 澎湖縣/ 女",52734,367,358,371,389,375,373,275,298,326,334,300,292,343,307,277,343,318,358,489,571,577,616,630,648,761,685,661,799,734,804,730,747,762,706,707,673,793,697,627,723,788,749,843,880,857,856,804,821,899,779,827,706,776,776,779,782,819,773,819,797,820,767,846,881,812,815,770,695,676,635,620,636,604,601,534,463,379,331,352,268,287,234,252,230,270,244,190,188,214,167,149,125,95,91,63,48,36,28,19,10,15,-
"113年/ 基隆市/ 性別總計",361441,1354,1404,1648,1907,2076,2239,2425,2461,2818,2797,2649,2569,3096,2501,2280,2615,2695,2872,2953,2917,3079,3264,3606,3852,4854,4444,4278,5079,5203,5237,4989,5124,4916,4953,5114,4499,5026,4325,4244,4573,4967,5177,5721,5863,5629,5789,5763,5667,6077,5415,5482,5486,5623,5857,5934,6044,6054,5862,6066,6180,6262,6240,6271,6181,6052,6120,5843,5342,5500,5400,4874,4715,4705,4268,3703,3348,2708,2359,1520,1332,1723,1671,1592,1487,1516,1288,1026,924,744,617,537,459,349,288,222,174,135,111,72,58,114,-
"113年/ 基隆市/ 男",179315,689,722,880,1009,1068,1171,1250,1263,1421,1474,1340,1349,1572,1284,1186,1320,1440,1508,1519,1521,1629,1759,1887,2068,2496,2309,2196,2666,2779,2744,2571,2703,2623,2622,2744,2421,2663,2289,2185,2291,2632,2624,2884,2955,2799,2909,2771,2763,3070,2644,2726,2676,2777,2944,2848,2989,2998,2923,2959,3035,3097,3077,3058,3062,2888,3000,2789,2535,2596,2512,2291,2166,2155,1935,1702,1500,1247,1079,664,561,715,727,642,612,607,451,362,296,266,206,189,160,127,104,79,76,52,42,35,32,64,-
"113年/ 基隆市/ 女",182126,665,682,768,898,1008,1068,1175,1198,1397,1323,1309,1220,1524,1217,1094,1295,1255,1364,1434,1396,1450,1505,1719,1784,2358,2135,2082,2413,2424,2493,2418,2421,2293,2331,2370,2078,2363,2036,2059,2282,2335,2553,2837,2908,2830,2880,2992,2904,3007,2771,2756,2810,2846,2913,3086,3055,3056,2939,3107,3145,3165,3163,3213,3119,3164,3120,3054,2807,2904,2888,2583,2549,2550,2333,2001,1848,1461,1280,856,771,1008,944,950,875,909,837,664,628,478,411,348,299,222,184,143,98,83,69,37,26,50,-
"113年/ 新竹市/ 性別總計",457242,3123,3275,3487,3979,4082,4535,4667,5071,5430,5820,5892,5432,6342,5325,4313,4939,4894,4819,4743,4430,4638,4582,4996,5120,5672,5195,4831,5915,5879,5890,5762,6131,5994,6141,6366,6073,6683,6208,6110,6869,7637,8009,8638,9064,8960,8911,8567,8038,8644,7349,6962,6611,6780,6789,6725,6713,6407,5859,6077,6027,5817,5891,5867,5439,5425,5206,5071,4733,4661,4674,4464,4222,4018,4009,3150,2969,2545,2289,1821,1487,1733,1691,1615,1435,1367,1187,1009,902,735,663,548,430,404,311,242,217,172,134,85,67,117,-
"113年/ 新竹市/ 男",225641,1638,1709,1808,2025,2158,2375,2427,2606,2765,3028,3051,2828,3245,2787,2238,2550,2655,2529,2469,2285,2413,2391,2647,2702,2938,2693,2496,3081,3044,3060,3002,3093,3134,3185,3347,3066,3384,3135,3056,3357,3604,3865,4261,4352,4313,4245,4208,3889,4255,3619,3502,3241,3333,3297,3335,3207,3134,2932,2968,2925,2855,2862,2873,2609,2590,2440,2409,2166,2093,2151,2092,1948,1819,1768,1410,1320,1109,1007,793,599,716,685,630,549,524,439,348,322,276,238,210,171,157,119,100,74,74,78,40,35,58,-
"113年/ 新竹市/ 女",231601,1485,1566,1679,1954,1924,2160,2240,2465,2665,2792,2841,2604,3097,2538,2075,2389,2239,2290,2274,2145,2225,2191,2349,2418,2734,2502,2335,2834,2835,2830,2760,3038,2860,2956,3019,3007,3299,3073,3054,3512,4033,4144,4377,4712,4647,4666,4359,4149,4389,3730,3460,3370,3447,3492,3390,3506,3273,2927,3109,3102,2962,3029,2994,2830,2835,2766,2662,2567,2568,2523,2372,2274,2199,2241,1740,1649,1436,1282,1028,888,1017,1006,985,886,843,748,661,580,459,425,338,259,247,192,142,143,98,56,45,32,59,-
"113年/ 嘉義市/ 性別總計",262177,1160,1373,1480,1716,1776,2067,2263,2276,2582,2579,2545,2504,3059,2536,2184,2372,2516,2478,2573,2512,2729,2775,3013,3144,3862,3560,3183,3808,3716,3689,3558,3525,3323,3270,3493,3072,3389,3225,3113,3567,3782,3891,4178,4307,4176,4300,4375,4051,4514,3909,3777,3734,3777,3993,4073,4121,4050,3813,4238,3941,3953,4135,3838,3858,3727,3503,3474,3244,3331,3307,2945,2862,2891,2849,2231,2156,1887,1684,1316,1102,1287,1262,1178,1091,1033,894,786,722,615,564,434,354,285,230,163,131,96,66,53,29,46,-
"113年/ 嘉義市/ 男",125664,612,704,748,868,945,1053,1179,1207,1292,1279,1300,1318,1580,1365,1129,1234,1367,1278,1281,1295,1446,1418,1592,1629,2014,1859,1663,1915,1853,1857,1851,1804,1701,1671,1768,1537,1655,1610,1457,1680,1831,1842,1958,1968,1991,2045,2040,1859,2044,1786,1692,1690,1735,1812,1872,1907,1875,1773,2051,1832,1911,1938,1804,1790,1755,1644,1648,1483,1529,1564,1331,1356,1305,1231,971,929,809,732,535,458,518,503,441,456,413,337,309,244,220,212,141,126,104,93,64,44,32,21,19,8,19,-
"113年/ 嘉義市/ 女",136513,548,669,732,848,831,1014,1084,1069,1290,1300,1245,1186,1479,1171,1055,1138,1149,1200,1292,1217,1283,1357,1421,1515,1848,1701,1520,1893,1863,1832,1707,1721,1622,1599,1725,1535,1734,1615,1656,1887,1951,2049,2220,2339,2185,2255,2335,2192,2470,2123,2085,2044,2042,2181,2201,2214,2175,2040,2187,2109,2042,2197,2034,2068,1972,1859,1826,1761,1802,1743,1614,1506,1586,1618,1260,1227,1078,952,781,644,769,759,737,635,620,557,477,478,395,352,293,228,181,137,99,87,64,45,34,21,27,-
"113年/ 金門縣/ 性別總計",143601,645,612,659,755,756,791,702,777,796,808,802,751,896,807,731,847,908,966,1239,1629,1718,1792,1859,1869,2324,2002,1888,2472,2429,2444,2478,2349,2314,2036,2247,2001,2189,1949,1912,1979,2088,2008,2057,2064,1842,2101,2052,2003,2164,1973,2069,2126,2209,2388,2532,2590,2506,2427,2974,2795,2892,2747,2679,2350,2631,2256,2237,2305,2113,1800,1898,1394,1447,1274,905,903,724,649,541,531,602,543,497,441,437,374,390,368,267,265,207,197,155,113,91,86,58,32,32,28,46,-
"113年/ 金門縣/ 男",71254,357,316,337,389,403,402,352,390,416,429,419,386,462,432,394,425,457,521,646,840,861,943,952,950,1187,1006,942,1269,1219,1245,1214,1221,1170,1010,1156,1016,1110,1024,951,966,1020,998,1032,987,910,1001,956,900,1050,918,979,1054,1081,1194,1289,1296,1223,1184,1384,1391,1413,1319,1320,1199,1340,1162,1134,1160,1051,903,929,703,711,601,441,441,367,317,245,260,293,259,232,213,185,165,172,164,110,99,83,70,55,34,18,16,9,10,5,6,8,-
"113年/ 金門縣/ 女",72347,288,296,322,366,353,389,350,387,380,379,383,365,434,375,337,422,451,445,593,789,857,849,907,919,1137,996,946,1203,1210,1199,1264,1128,1144,1026,1091,985,1079,925,961,1013,1068,1010,1025,1077,932,1100,1096,1103,1114,1055,1090,1072,1128,1194,1243,1294,1283,1243,1590,1404,1479,1428,1359,1151,1291,1094,1103,1145,1062,897,969,691,736,673,464,462,357,332,296,271,309,284,265,228,252,209,218,204,157,166,124,127,100,79,73,70,49,22,27,22,38,-
"113年/ 連江縣/ 性別總計",13950,95,89,87,92,89,98,89,86,90,99,97,78,93,115,82,99,97,117,101,142,132,156,182,189,228,236,193,257,263,244,229,283,259,262,248,213,231,165,196,180,219,179,224,189,222,233,196,183,207,225,216,220,203,237,251,204,183,233,249,250,216,258,231,204,193,223,192,183,178,167,145,136,122,94,87,83,86,77,58,38,36,36,36,26,28,28,29,29,17,17,16,19,8,12,5,8,5,3,4,4,9,-
"113年/ 連江縣/ 男",8054,60,54,48,55,42,49,50,47,56,48,42,45,49,60,46,55,53,67,56,83,73,88,98,111,150,147,120,150,163,153,127,161,166,166,134,122,137,99,113,103,131,109,118,115,120,135,118,80,114,128,131,129,111,143,157,118,121,140,158,142,127,157,136,109,130,134,107,104,98,97,84,83,68,52,53,43,35,41,31,20,31,18,12,16,14,16,16,11,9,7,4,5,4,4,1,3,2,1,1,3,3,-
"113年/ 連江縣/ 女",5896,35,35,39,37,47,49,39,39,34,51,55,33,44,55,36,44,44,50,45,59,59,68,84,78,78,89,73,107,100,91,102,122,93,96,114,91,94,66,83,77,88,70,106,74,102,98,78,103,93,97,85,91,92,94,94,86,62,93,91,108,89,101,95,95,63,89,85,79,80,70,61,53,54,42,34,40,51,36,27,18,5,18,24,10,14,12,13,18,8,10,12,14,4,8,4,5,3,2,3,1,6,-
"113年 1月/ 區域別總計/ 性別總計",23419833,130342,139592,159396,164251,177118,183352,196587,209321,215007,215960,194279,238581,202998,168464,193969,197085,206676,206100,206979,217801,224700,245159,252464,304050,282615,264368,317467,319800,322503,319470,322965,316679,314643,331229,306898,340628,306516,296859,336789,365217,375105,398222,408807,404526,412021,401577,377284,414717,355251,348033,345669,342960,351877,360955,359990,360408,342313,357960,356418,359385,365987,357505,348222,346275,336616,328813,310146,314023,305894,288391,270679,263250,262284,219285,200459,170918,148735,115908,96467,110891,108861,102051,97596,91464,81371,70148,62372,53308,46931,39911,33069,27817,23988,19370,14984,11253,8281,6172,4117,2622,5044,-
"113年 1月/ 區域別總計/ 男",11551476,67495,72278,82235,85168,91858,94683,101730,108441,111641,111516,100731,123215,105251,87857,100860,102949,107880,107668,107816,113903,117602,127806,131037,158506,147010,137233,164738,165541,166441,165131,166379,164366,163399,171659,157719,174411,156281,149457,168320,182037,185987,196293,201436,198247,202772,197431,184214,203285,173098,169216,168490,166164,171518,176098,175648,175962,167514,174113,173226,174523,176687,172919,167851,166500,161008,156767,146900,148790,144772,134990,126768,122533,121021,101396,91498,77739,67381,51719,42329,48224,47142,43213,41033,37443,32590,27582,23834,20362,17458,14779,12455,10794,9554,8034,6167,4739,3473,2565,1771,1052,2161,-
"113年 1月/ 區域別總計/ 女",11868357,62847,67314,77161,79083,85260,88669,94857,100880,103366,104444,93548,115366,97747,80607,93109,94136,98796,98432,99163,103898,107098,117353,121427,145544,135605,127135,152729,154259,156062,154339,156586,152313,151244,159570,149179,166217,150235,147402,168469,183180,189118,201929,207371,206279,209249,204146,193070,211432,182153,178817,177179,176796,180359,184857,184342,184446,174799,183847,183192,184862,189300,184586,180371,179775,175608,172046,163246,165233,161122,153401,143911,140717,141263,117889,108961,93179,81354,64189,54138,62667,61719,58838,56563,54021,48781,42566,38538,32946,29473,25132,20614,17023,14434,11336,8817,6514,4808,3607,2346,1570,2883,-
"113年 1月/ 新北市/ 性別總計",4041869,18821,22668,25976,26507,28925,29928,32312,34919,35895,35925,32164,39011,33095,27649,32095,32815,34512,34635,33838,36081,37153,40350,41821,50803,47116,44188,53003,53453,54695,54105,55629,55056,55277,58183,53672,59820,53687,51553,59271,64360,66059,70526,73071,72299,74539,72655,68040,75401,63796,63100,62209,61117,62519,63685,63642,63063,59896,62570,63218,63812,65887,63470,61848,61990,60325,59757,55817,57107,55965,52271,49321,47801,46732,38783,35210,29041,25144,19039,15592,17446,16893,15290,14195,13094,11156,9362,8202,6865,5989,4927,4163,3546,3055,2571,2053,1612,1185,895,689,443,955,-
"113年 1月/ 新北市/ 男",1965527,9636,11712,13358,13699,14974,15383,16567,18083,18646,18490,16655,20124,17012,14478,16680,17155,17967,18190,17540,19029,19551,21051,21802,26409,24529,22897,27415,27744,28202,27870,28814,28588,28735,30235,27473,30506,27095,25668,29670,32013,32585,34642,35837,35285,36541,35471,32857,36792,30593,30439,29866,29255,29997,30347,30051,29478,28210,28813,29125,29478,30185,29170,28544,28344,27387,27149,25207,25976,25651,23454,22355,21534,21144,17593,15844,13060,11270,8490,6914,7702,7257,6431,5921,5274,4306,3536,3014,2548,2181,1763,1567,1456,1271,1171,922,736,513,388,338,178,476,-
"113年 1月/ 新北市/ 女",2076342,9185,10956,12618,12808,13951,14545,15745,16836,17249,17435,15509,18887,16083,13171,15415,15660,16545,16445,16298,17052,17602,19299,20019,24394,22587,21291,25588,25709,26493,26235,26815,26468,26542,27948,26199,29314,26592,25885,29601,32347,33474,35884,37234,37014,37998,37184,35183,38609,33203,32661,32343,31862,32522,33338,33591,33585,31686,33757,34093,34334,35702,34300,33304,33646,32938,32608,30610,31131,30314,28817,26966,26267,25588,21190,19366,15981,13874,10549,8678,9744,9636,8859,8274,7820,6850,5826,5188,4317,3808,3164,2596,2090,1784,1400,1131,876,672,507,351,265,479,-
"113年 1月/ 臺北市/ 性別總計",2511291,14762,14225,16699,17421,19368,20102,21192,23114,24000,24865,22411,27271,23594,19534,21042,20325,21076,19880,19165,19471,19642,21434,21693,26440,25088,23458,27987,28208,29739,29203,29506,29487,29567,32255,30285,34484,31359,30929,35385,38467,39753,42245,43757,42771,43603,42379,38086,45058,37129,36816,36313,35846,37006,38182,38112,37597,36038,36946,37322,38220,38506,37777,37042,37766,37425,38307,36198,37665,37165,35389,34185,33971,33651,29534,27752,23576,21043,16339,13046,14721,14315,13412,12556,11839,10428,9229,8005,6988,6265,5264,4680,4114,3638,2990,2433,1857,1465,1098,716,521,1108,-
"113年 1月/ 臺北市/ 男",1186485,7609,7271,8555,9048,9945,10346,10904,11950,12434,12714,11582,14063,12255,10155,10795,10607,10916,10233,10078,10178,10101,11134,11121,13662,12948,12092,14230,14174,14953,14612,14558,14567,14663,15743,14575,16281,14823,14239,16473,18042,18520,19902,20323,20009,20168,19755,17623,21027,16961,17032,17096,16553,17015,17618,17360,17194,16587,16977,17232,17547,17573,17257,16933,17280,16868,17419,16148,17041,17073,16225,15537,15369,15092,13068,12299,10528,9284,7377,5598,6325,6041,5696,5057,4743,4012,3531,2941,2555,2241,1961,1790,1619,1530,1289,1049,806,667,480,323,218,514,-
"113年 1月/ 臺北市/ 女",1324806,7153,6954,8144,8373,9423,9756,10288,11164,11566,12151,10829,13208,11339,9379,10247,9718,10160,9647,9087,9293,9541,10300,10572,12778,12140,11366,13757,14034,14786,14591,14948,14920,14904,16512,15710,18203,16536,16690,18912,20425,21233,22343,23434,22762,23435,22624,20463,24031,20168,19784,19217,19293,19991,20564,20752,20403,19451,19969,20090,20673,20933,20520,20109,20486,20557,20888,20050,20624,20092,19164,18648,18602,18559,16466,15453,13048,11759,8962,7448,8396,8274,7716,7499,7096,6416,5698,5064,4433,4024,3303,2890,2495,2108,1701,1384,1051,798,618,393,303,594,-
"113年 1月/ 桃園市/ 性別總計",2319118,16785,17225,19190,19545,20913,21181,22593,23653,23943,24086,21375,26225,22497,18157,20953,21693,22577,22176,22386,23204,24073,26027,26687,32161,29388,27735,33317,33210,33835,34040,34129,34013,33592,35764,33191,36644,32585,31169,35389,38423,39773,42292,42844,42173,42366,40721,38234,41474,35295,34472,33895,33855,34365,34878,34499,33982,32050,33161,33263,32901,33644,31846,30429,30170,29471,29170,27285,27328,26733,25048,23114,22589,21787,17521,16287,13399,11411,9209,7420,8355,8098,7451,6882,6427,5494,4759,4224,3538,3084,2623,2220,2023,1827,1580,1282,1001,665,518,375,194,415,-
"113年 1月/ 桃園市/ 男",1143524,8652,8868,9909,10100,10806,11048,11698,12233,12430,12527,11142,13535,11673,9397,11009,11326,11864,11651,11728,12211,12593,13547,13869,16764,15218,14425,17045,17092,17195,17562,17273,17395,17154,18163,16938,18609,16401,15585,17433,18853,19639,20585,21087,20352,20731,20029,18642,20516,17246,16616,16544,16294,16766,16854,16765,16400,15444,15829,15979,15765,16022,15294,14353,14408,13951,13763,12829,12713,12541,11516,10580,10486,9935,7919,7407,6001,5137,4021,3203,3574,3416,3072,2845,2615,2136,1807,1581,1323,1134,979,972,933,916,839,666,554,348,258,185,95,193,-
"113年 1月/ 桃園市/ 女",1175594,8133,8357,9281,9445,10107,10133,10895,11420,11513,11559,10233,12690,10824,8760,9944,10367,10713,10525,10658,10993,11480,12480,12818,15397,14170,13310,16272,16118,16640,16478,16856,16618,16438,17601,16253,18035,16184,15584,17956,19570,20134,21707,21757,21821,21635,20692,19592,20958,18049,17856,17351,17561,17599,18024,17734,17582,16606,17332,17284,17136,17622,16552,16076,15762,15520,15407,14456,14615,14192,13532,12534,12103,11852,9602,8880,7398,6274,5188,4217,4781,4682,4379,4037,3812,3358,2952,2643,2215,1950,1644,1248,1090,911,741,616,447,317,260,190,99,222,-
"113年 1月/ 臺中市/ 性別總計",2847264,16941,18984,21439,22068,24009,25501,27493,28936,29321,29385,25982,32341,27065,22454,25604,25769,27668,26834,26618,28065,28421,31209,32616,39008,36872,33826,41338,42046,41541,41225,41624,41102,40837,43014,39994,43756,39727,38344,43670,46756,47405,50154,51088,50447,50897,49405,46133,49567,42739,40774,41163,41056,41467,42690,42772,42922,40662,41966,41388,41921,42278,40777,39498,39141,37744,36615,34281,34417,33658,31899,29613,28093,27788,23547,20545,17474,15099,11934,9888,10902,10491,10051,9436,8822,7917,6555,5902,5101,4188,3603,2976,2552,2159,1706,1289,1010,779,524,358,246,389,-
"113年 1月/ 臺中市/ 男",1392198,8890,9921,11023,11448,12446,13140,14286,14989,15339,15157,13453,16680,13966,11740,13356,13445,14196,14042,13763,14457,14784,16183,16740,20105,19094,17473,21486,21459,21266,21075,21166,21022,20928,21763,20277,22298,19920,19085,21475,23098,23204,24405,25051,24427,24962,23925,22265,23683,20386,19419,19442,19153,19420,20044,20247,20278,19126,19724,19578,19605,19753,19258,18498,18598,17624,17162,16064,16149,15776,14741,13726,13095,12718,10902,9462,8013,6872,5169,4300,4614,4544,4219,3934,3590,3190,2538,2280,1941,1545,1352,1118,975,881,755,546,461,345,243,169,118,182,-
"113年 1月/ 臺中市/ 女",1455066,8051,9063,10416,10620,11563,12361,13207,13947,13982,14228,12529,15661,13099,10714,12248,12324,13472,12792,12855,13608,13637,15026,15876,18903,17778,16353,19852,20587,20275,20150,20458,20080,19909,21251,19717,21458,19807,19259,22195,23658,24201,25749,26037,26020,25935,25480,23868,25884,22353,21355,21721,21903,22047,22646,22525,22644,21536,22242,21810,22316,22525,21519,21000,20543,20120,19453,18217,18268,17882,17158,15887,14998,15070,12645,11083,9461,8227,6765,5588,6288,5947,5832,5502,5232,4727,4017,3622,3160,2643,2251,1858,1577,1278,951,743,549,434,281,189,128,207,-
"113年 1月/ 臺南市/ 性別總計",1859800,8915,9837,11338,12139,13384,14036,15176,15907,17011,16549,15024,19000,15490,12591,15039,15341,15710,15594,15789,16111,16804,18199,18958,23146,21457,19901,24622,24437,25033,24744,25449,24399,24707,26109,24601,27676,24795,24102,27421,30016,30503,32558,33336,32581,33330,32341,30461,33200,28160,27057,26823,26547,27246,28269,28644,28926,27527,29436,29217,29539,29806,29830,29697,29468,28079,27081,25894,25880,24309,23102,21504,20651,21157,17318,15814,13909,11827,8669,7399,9051,9046,7976,8125,7628,6776,6076,5361,4748,4372,3846,2934,2346,2177,1720,1203,920,629,450,288,196,280,-
"113年 1月/ 臺南市/ 男",923061,4581,5167,5914,6332,6940,7229,7827,8321,8801,8521,7704,9765,8120,6610,7784,7860,8232,8189,8191,8350,8830,9513,9761,12113,11105,10477,12928,12695,13100,12755,13067,12738,12960,13572,12774,14395,12718,12296,13731,15053,15226,16038,16537,16103,16632,16386,15117,16427,13774,13271,13083,12737,13311,13706,14016,14215,13407,14416,14287,14466,14655,14602,14501,14318,13855,13138,12837,12613,11772,11165,10296,9957,9993,8220,7395,6428,5342,3902,3308,3885,3920,3392,3409,3116,2706,2381,2062,1877,1675,1383,1037,875,797,639,460,331,232,161,111,64,77,-
"113年 1月/ 臺南市/ 女",936739,4334,4670,5424,5807,6444,6807,7349,7586,8210,8028,7320,9235,7370,5981,7255,7481,7478,7405,7598,7761,7974,8686,9197,11033,10352,9424,11694,11742,11933,11989,12382,11661,11747,12537,11827,13281,12077,11806,13690,14963,15277,16520,16799,16478,16698,15955,15344,16773,14386,13786,13740,13810,13935,14563,14628,14711,14120,15020,14930,15073,15151,15228,15196,15150,14224,13943,13057,13267,12537,11937,11208,10694,11164,9098,8419,7481,6485,4767,4091,5166,5126,4584,4716,4512,4070,3695,3299,2871,2697,2463,1897,1471,1380,1081,743,589,397,289,177,132,203,-
"113年 1月/ 高雄市/ 性別總計",2737530,15157,15896,18092,18188,19285,19940,21431,22645,23371,23306,21220,25819,22023,17725,21312,21964,23092,23117,23412,23929,25380,27495,28049,35279,32460,30188,36267,36941,37109,37068,37360,36163,36478,38381,34942,39565,34878,33607,38279,41800,42941,45725,47059,47359,48612,47889,45342,50482,43373,42769,42522,41801,42683,44106,42813,43515,41161,42623,41979,42090,42345,42427,41213,40830,39935,39123,38106,38668,37947,35805,34177,33074,33755,28505,25187,22057,18488,14088,12028,13784,13230,12032,11516,10332,9250,7837,6725,5531,4917,4080,3284,2733,2342,1917,1412,1080,739,584,358,233,399,-
"113年 1月/ 高雄市/ 男",1342653,7917,8205,9373,9407,9954,10271,11154,11715,12180,12100,10943,13320,11482,9163,10976,11313,12242,11884,12212,12518,13135,14251,14537,18422,16706,15489,18709,19006,19114,19219,19224,18807,18929,19909,17774,20219,17819,16978,19304,20703,21305,22573,23176,23254,23816,23425,22001,24772,21090,20669,20654,20174,20675,21667,20901,21252,20275,20622,20324,20411,20283,20327,19553,19199,18872,18275,17635,17924,17440,16439,15704,14965,15325,12978,11257,9835,8401,6229,5215,5996,5778,5096,4880,4163,3647,3067,2504,2132,1829,1571,1279,1128,1002,864,644,508,358,275,171,105,181,-
"113年 1月/ 高雄市/ 女",1394877,7240,7691,8719,8781,9331,9669,10277,10930,11191,11206,10277,12499,10541,8562,10336,10651,10850,11233,11200,11411,12245,13244,13512,16857,15754,14699,17558,17935,17995,17849,18136,17356,17549,18472,17168,19346,17059,16629,18975,21097,21636,23152,23883,24105,24796,24464,23341,25710,22283,22100,21868,21627,22008,22439,21912,22263,20886,22001,21655,21679,22062,22100,21660,21631,21063,20848,20471,20744,20507,19366,18473,18109,18430,15527,13930,12222,10087,7859,6813,7788,7452,6936,6636,6169,5603,4770,4221,3399,3088,2509,2005,1605,1340,1053,768,572,381,309,187,128,218,-
"113年 1月/ 宜蘭縣/ 性別總計",449767,2300,2429,2983,3024,3261,3294,3611,3883,3780,3728,3616,4193,3716,3197,3702,3641,3739,3842,4056,4352,4433,4826,5023,5973,5588,5404,6664,6630,6655,6405,6645,6340,6148,6308,5868,6229,5635,5238,5961,6384,6624,6855,7055,7003,7082,6937,6629,7219,6542,6603,6655,6485,6655,7194,7321,7307,6936,7198,6992,7322,7527,7172,7090,7123,6708,6350,5924,5995,5926,5345,5140,4742,4850,3992,3596,3049,2699,2240,2005,2398,2461,2554,2331,2349,2102,1816,1642,1387,1240,1021,851,673,564,488,334,236,175,140,78,45,91,-
"113年 1月/ 宜蘭縣/ 男",225757,1207,1216,1568,1556,1677,1674,1852,2022,1943,1954,1917,2205,1937,1604,1940,1916,1911,1976,2117,2232,2310,2511,2590,3138,2955,2778,3480,3574,3460,3386,3405,3380,3243,3404,3073,3335,2949,2763,3046,3214,3356,3484,3495,3522,3542,3431,3352,3602,3152,3264,3341,3221,3356,3585,3788,3682,3521,3676,3481,3678,3830,3564,3550,3535,3305,3079,2928,3014,2926,2535,2472,2267,2301,1913,1671,1426,1260,1058,895,1057,1112,1111,1006,995,892,757,636,539,491,376,329,240,190,179,119,72,73,40,27,16,24,-
"113年 1月/ 宜蘭縣/ 女",224010,1093,1213,1415,1468,1584,1620,1759,1861,1837,1774,1699,1988,1779,1593,1762,1725,1828,1866,1939,2120,2123,2315,2433,2835,2633,2626,3184,3056,3195,3019,3240,2960,2905,2904,2795,2894,2686,2475,2915,3170,3268,3371,3560,3481,3540,3506,3277,3617,3390,3339,3314,3264,3299,3609,3533,3625,3415,3522,3511,3644,3697,3608,3540,3588,3403,3271,2996,2981,3000,2810,2668,2475,2549,2079,1925,1623,1439,1182,1110,1341,1349,1443,1325,1354,1210,1059,1006,848,749,645,522,433,374,309,215,164,102,100,51,29,67,-
"113年 1月/ 新竹縣/ 性別總計",589788,4185,4572,5386,5617,5807,6199,6446,6937,6981,7148,6271,7640,6486,5329,6162,6080,6405,6049,6038,6215,6305,6648,6873,7846,7185,6634,7948,8000,7915,8278,8176,8195,8162,8861,8170,8924,8056,7948,8984,9794,10050,11015,11217,11036,11188,10808,10117,11143,9188,9316,9224,8673,8844,8940,8607,8355,7765,8010,8014,7694,8007,7592,7332,7254,6523,6431,5808,5889,5582,5080,4782,4575,4609,3766,3618,2935,2582,2239,1887,2293,2291,2230,2317,2083,1893,1644,1538,1274,1137,952,767,646,548,426,335,287,188,138,94,64,93,-
"113年 1月/ 新竹縣/ 男",300174,2159,2411,2726,2893,3068,3238,3363,3614,3659,3676,3199,3863,3379,2771,3235,3248,3289,3153,3215,3276,3259,3493,3666,4128,3781,3496,4197,4237,4127,4286,4387,4427,4378,4772,4292,4642,4233,4096,4581,4911,4995,5462,5563,5455,5471,5281,4929,5507,4607,4656,4652,4405,4469,4587,4433,4226,3971,4128,4161,3974,4072,3882,3771,3783,3371,3360,2984,2962,2807,2496,2350,2220,2187,1826,1725,1416,1177,1063,873,1051,1026,1007,1025,951,817,716,656,536,450,391,309,261,240,182,144,103,71,63,33,25,36,-
"113年 1月/ 新竹縣/ 女",289614,2026,2161,2660,2724,2739,2961,3083,3323,3322,3472,3072,3777,3107,2558,2927,2832,3116,2896,2823,2939,3046,3155,3207,3718,3404,3138,3751,3763,3788,3992,3789,3768,3784,4089,3878,4282,3823,3852,4403,4883,5055,5553,5654,5581,5717,5527,5188,5636,4581,4660,4572,4268,4375,4353,4174,4129,3794,3882,3853,3720,3935,3710,3561,3471,3152,3071,2824,2927,2775,2584,2432,2355,2422,1940,1893,1519,1405,1176,1014,1242,1265,1223,1292,1132,1076,928,882,738,687,561,458,385,308,244,191,184,117,75,61,39,57,-
"113年 1月/ 苗栗縣/ 性別總計",534432,2280,2454,3005,3277,3538,4035,4456,4842,5099,5048,4592,5588,4715,3861,4489,4605,4916,4996,4964,5461,5491,6207,6243,7074,6756,6010,7367,7612,7420,7391,7554,7402,7153,7344,7096,7550,6961,6675,7550,8289,8644,9225,9227,8927,9115,8777,8162,8642,7676,7470,7538,7674,7842,8048,8087,8182,7549,8004,7924,8203,8617,8383,8207,7977,8101,7204,6819,6953,6424,6333,5686,5718,5392,4769,4301,3658,3403,2753,2439,2792,2795,2763,2681,2684,2356,2025,2018,1538,1417,1310,979,882,723,534,456,350,251,187,101,63,108,-
"113年 1月/ 苗栗縣/ 男",274819,1190,1280,1534,1694,1881,2039,2333,2523,2620,2590,2388,2844,2425,2040,2335,2419,2578,2625,2625,2941,2961,3364,3268,3696,3568,3204,3944,3957,4000,4059,4126,3996,3952,4019,3887,4054,3787,3533,3980,4324,4456,4701,4776,4575,4585,4461,4135,4390,3934,3874,3914,3932,4121,4197,4196,4323,3963,4159,4124,4267,4455,4352,4166,4157,4176,3733,3477,3555,3292,3153,2842,2793,2538,2323,2040,1702,1581,1312,1107,1294,1236,1214,1221,1171,1051,860,866,624,607,521,393,329,268,233,160,129,84,61,31,20,26,-
"113年 1月/ 苗栗縣/ 女",259613,1090,1174,1471,1583,1657,1996,2123,2319,2479,2458,2204,2744,2290,1821,2154,2186,2338,2371,2339,2520,2530,2843,2975,3378,3188,2806,3423,3655,3420,3332,3428,3406,3201,3325,3209,3496,3174,3142,3570,3965,4188,4524,4451,4352,4530,4316,4027,4252,3742,3596,3624,3742,3721,3851,3891,3859,3586,3845,3800,3936,4162,4031,4041,3820,3925,3471,3342,3398,3132,3180,2844,2925,2854,2446,2261,1956,1822,1441,1332,1498,1559,1549,1460,1513,1305,1165,1152,914,810,789,586,553,455,301,296,221,167,126,70,43,82,-
"113年 1月/ 彰化縣/ 性別總計",1237760,8490,8289,9269,9155,9433,9299,9937,10544,10725,10853,9656,12185,10445,8607,10335,10705,10964,11563,11710,12901,13284,14425,14721,17272,16248,15365,17693,17931,17492,17250,17755,17351,16981,17583,16443,18010,16584,16171,18010,19439,19633,20471,21134,20713,20973,20480,19466,20220,18029,17396,16987,16769,17255,17216,17500,17747,16950,18293,17934,18470,18913,18555,18201,17936,17214,17214,15402,15936,15532,14491,13369,13147,13424,11240,10326,8927,8066,6168,5291,6100,6363,6075,5940,5683,5340,4505,4146,3746,3231,2773,2348,1884,1552,1180,873,610,432,333,225,116,244,-
"113年 1月/ 彰化縣/ 男",627461,4405,4276,4789,4787,4914,4847,5184,5501,5558,5646,5070,6360,5417,4503,5473,5520,5850,6175,6082,6749,7025,7578,7657,9080,8470,7898,9171,9433,9059,8933,9097,9082,8913,9289,8707,9409,8736,8394,9287,10108,9965,10338,10858,10473,10758,10478,9950,10297,9386,8834,8650,8584,8883,8848,9035,9224,8673,9417,9208,9436,9649,9499,9357,8977,8677,8731,7700,7986,7712,7023,6564,6360,6522,5440,4805,4150,3827,2770,2388,2750,2852,2631,2585,2398,2202,1817,1615,1445,1170,968,828,635,503,373,263,192,116,105,59,26,64,-
"113年 1月/ 彰化縣/ 女",610299,4085,4013,4480,4368,4519,4452,4753,5043,5167,5207,4586,5825,5028,4104,4862,5185,5114,5388,5628,6152,6259,6847,7064,8192,7778,7467,8522,8498,8433,8317,8658,8269,8068,8294,7736,8601,7848,7777,8723,9331,9668,10133,10276,10240,10215,10002,9516,9923,8643,8562,8337,8185,8372,8368,8465,8523,8277,8876,8726,9034,9264,9056,8844,8959,8537,8483,7702,7950,7820,7468,6805,6787,6902,5800,5521,4777,4239,3398,2903,3350,3511,3444,3355,3285,3138,2688,2531,2301,2061,1805,1520,1249,1049,807,610,418,316,228,166,90,180,-
"113年 1月/ 南投縣/ 性別總計",476675,2273,2373,2707,2870,3065,3105,3398,3676,3656,3755,3310,4199,3672,3160,3507,3651,3992,4156,4285,4665,4692,5336,5575,6344,6030,5827,6703,6833,6720,6905,6663,6511,6244,6424,5921,6399,5787,5573,6288,6593,6918,7124,7334,7340,7494,7040,6897,7449,6562,6324,6428,6689,7026,7378,7492,7792,7234,7923,7771,7936,8317,8151,7990,7916,7626,7146,6866,6734,6669,6201,5818,5723,5591,4786,4356,3888,3262,2678,2413,2622,2521,2744,2654,2497,2382,1945,1813,1505,1378,1167,1001,805,686,540,403,275,189,163,97,57,106,-
"113年 1月/ 南投縣/ 男",242735,1173,1239,1441,1503,1617,1633,1759,1912,1865,1966,1741,2190,1899,1650,1819,1891,2061,2159,2214,2390,2461,2757,2969,3292,3207,3070,3482,3526,3523,3624,3578,3498,3442,3497,3203,3493,3179,2980,3328,3464,3724,3721,3700,3802,3861,3624,3465,3837,3353,3116,3186,3395,3594,3743,3789,4081,3684,4115,4009,4070,4231,4115,4025,4061,3907,3616,3439,3370,3305,3112,2935,2809,2692,2363,2061,1854,1503,1219,1086,1172,1135,1207,1156,1036,1001,848,721,591,524,459,362,313,276,194,146,100,80,59,33,17,38,-
"113年 1月/ 南投縣/ 女",233940,1100,1134,1266,1367,1448,1472,1639,1764,1791,1789,1569,2009,1773,1510,1688,1760,1931,1997,2071,2275,2231,2579,2606,3052,2823,2757,3221,3307,3197,3281,3085,3013,2802,2927,2718,2906,2608,2593,2960,3129,3194,3403,3634,3538,3633,3416,3432,3612,3209,3208,3242,3294,3432,3635,3703,3711,3550,3808,3762,3866,4086,4036,3965,3855,3719,3530,3427,3364,3364,3089,2883,2914,2899,2423,2295,2034,1759,1459,1327,1450,1386,1537,1498,1461,1381,1097,1092,914,854,708,639,492,410,346,257,175,109,104,64,40,68,-
"113年 1月/ 雲林縣/ 性別總計",659564,3202,3359,3923,4075,4323,4293,4673,4931,5049,5207,4709,5967,5258,4506,5281,5423,5737,5904,6296,6635,7078,7682,7918,9348,8644,8043,9360,9099,9058,8751,8338,8111,7800,8143,7633,8441,7937,7867,8827,9480,9956,10443,10600,10864,11193,10945,10720,11378,10108,9594,9599,9506,9901,9968,10244,10422,9549,10903,10349,10200,10704,10409,10077,9644,9579,9038,8359,8522,8276,7875,7289,7286,7943,6048,6038,5233,4787,4283,3278,4066,4230,3979,3982,3884,3520,3131,2703,2388,2131,1838,1489,1236,1031,728,571,388,303,195,140,80,132,-
"113年 1月/ 雲林縣/ 男",339980,1682,1755,2041,2078,2264,2247,2379,2519,2600,2662,2435,3127,2655,2337,2769,2877,3001,3114,3297,3496,3799,3953,4135,4977,4542,4227,4988,4821,4793,4656,4395,4353,4113,4543,4099,4450,4273,4170,4601,4934,5113,5347,5415,5501,5722,5540,5555,5814,5342,4981,4971,4942,5324,5418,5639,5744,5369,6043,5668,5729,5879,5682,5461,5178,5127,4820,4358,4429,4195,3950,3714,3644,3861,3009,2915,2445,2195,1896,1464,1726,1831,1652,1705,1585,1445,1232,1023,902,715,642,508,418,317,222,160,117,83,52,34,20,35,-
"113年 1月/ 雲林縣/ 女",319584,1520,1604,1882,1997,2059,2046,2294,2412,2449,2545,2274,2840,2603,2169,2512,2546,2736,2790,2999,3139,3279,3729,3783,4371,4102,3816,4372,4278,4265,4095,3943,3758,3687,3600,3534,3991,3664,3697,4226,4546,4843,5096,5185,5363,5471,5405,5165,5564,4766,4613,4628,4564,4577,4550,4605,4678,4180,4860,4681,4471,4825,4727,4616,4466,4452,4218,4001,4093,4081,3925,3575,3642,4082,3039,3123,2788,2592,2387,1814,2340,2399,2327,2277,2299,2075,1899,1680,1486,1416,1196,981,818,714,506,411,271,220,143,106,60,97,-
"113年 1月/ 嘉義縣/ 性別總計",483902,2210,2225,2437,2617,2591,2470,2846,2884,2997,2952,2713,3405,2886,2694,3146,3380,3669,3931,4323,4596,5030,5525,5705,6950,6064,6032,7030,6803,6731,6609,6573,6151,6116,6165,5571,6101,5599,5440,6057,6595,6807,7060,7236,7553,7318,7418,7285,7683,6863,6798,7117,7158,7475,7711,7755,8006,7832,8300,8344,8279,8493,8477,8278,8307,7871,7461,6810,6982,6611,6423,6021,5821,6051,4981,4706,4257,3625,2712,2579,3127,3116,2971,3143,2979,2787,2525,2170,2005,1680,1566,1258,1058,920,707,517,345,272,186,98,65,124,-
"113年 1月/ 嘉義縣/ 男",250498,1151,1172,1243,1358,1320,1261,1422,1499,1588,1525,1411,1777,1468,1438,1689,1787,1930,2047,2252,2416,2647,2908,2997,3690,3195,3168,3722,3627,3559,3561,3567,3274,3330,3352,3090,3390,3062,2975,3308,3518,3628,3743,3661,3845,3799,3818,3688,3897,3557,3415,3678,3743,3920,4158,4131,4356,4299,4496,4589,4605,4640,4632,4544,4528,4203,3956,3697,3687,3419,3363,3030,2948,3008,2461,2288,2005,1651,1218,1135,1367,1347,1263,1319,1205,1151,1031,865,767,646,547,423,353,320,229,191,103,79,61,34,18,46,-
"113年 1月/ 嘉義縣/ 女",233404,1059,1053,1194,1259,1271,1209,1424,1385,1409,1427,1302,1628,1418,1256,1457,1593,1739,1884,2071,2180,2383,2617,2708,3260,2869,2864,3308,3176,3172,3048,3006,2877,2786,2813,2481,2711,2537,2465,2749,3077,3179,3317,3575,3708,3519,3600,3597,3786,3306,3383,3439,3415,3555,3553,3624,3650,3533,3804,3755,3674,3853,3845,3734,3779,3668,3505,3113,3295,3192,3060,2991,2873,3043,2520,2418,2252,1974,1494,1444,1760,1769,1708,1824,1774,1636,1494,1305,1238,1034,1019,835,705,600,478,326,242,193,125,64,47,78,-
"113年 1月/ 屏東縣/ 性別總計",794514,4098,3909,4427,4760,5079,5229,5735,5902,6097,6117,5444,6771,5662,5029,5629,5777,6049,6580,6923,7416,7780,8700,9010,10731,9889,9638,11539,11805,11735,11495,11099,10713,10380,10623,9944,10860,9468,9428,10386,11266,11616,12174,12475,12657,13058,12787,12433,13425,11674,11381,11506,11419,12260,12697,12744,13012,12676,13152,13113,13442,13208,13394,13076,12792,12646,11526,11454,11225,10886,10481,9733,9308,9578,8074,7091,6597,5620,4315,3699,4387,4267,4238,4145,3714,3354,2975,2619,2284,1937,1608,1336,1034,821,695,523,341,245,177,114,70,104,-
"113年 1月/ 屏東縣/ 男",402592,2094,2020,2301,2471,2668,2619,2994,3110,3190,3145,2794,3585,2917,2677,2916,3062,3134,3446,3607,3896,4027,4498,4609,5647,5225,5033,6070,6258,6235,6086,5903,5707,5502,5636,5271,5820,5097,5049,5432,5955,6048,6225,6442,6468,6769,6500,6393,6849,5971,5670,5813,5745,6187,6447,6421,6743,6657,6889,6679,6896,6713,6776,6612,6425,6349,5733,5473,5431,5284,5023,4678,4430,4613,3845,3276,3040,2586,1944,1640,1919,1912,1832,1809,1584,1436,1238,1105,911,751,626,515,384,290,270,192,155,95,70,46,28,35,-
"113年 1月/ 屏東縣/ 女",391922,2004,1889,2126,2289,2411,2610,2741,2792,2907,2972,2650,3186,2745,2352,2713,2715,2915,3134,3316,3520,3753,4202,4401,5084,4664,4605,5469,5547,5500,5409,5196,5006,4878,4987,4673,5040,4371,4379,4954,5311,5568,5949,6033,6189,6289,6287,6040,6576,5703,5711,5693,5674,6073,6250,6323,6269,6019,6263,6434,6546,6495,6618,6464,6367,6297,5793,5981,5794,5602,5458,5055,4878,4965,4229,3815,3557,3034,2371,2059,2468,2355,2406,2336,2130,1918,1737,1514,1373,1186,982,821,650,531,425,331,186,150,107,68,42,69,-
"113年 1月/ 臺東縣/ 性別總計",211357,1328,1311,1365,1373,1412,1572,1575,1668,1659,1730,1594,1800,1667,1529,1589,1741,1779,1950,1928,2036,2148,2410,2486,2803,2744,2640,3001,3066,2934,2923,2876,2849,2825,2758,2532,2749,2414,2469,2682,2779,3102,3208,3218,3245,3183,3299,3115,3462,3181,3102,3229,3469,3489,3573,3494,3435,3456,3470,3528,3506,3603,3446,3267,3243,3218,3045,2902,2822,2880,2535,2433,2376,2409,1924,1905,1525,1548,1169,998,1089,1164,1068,1007,911,845,744,667,569,508,454,314,253,259,204,187,105,92,77,46,27,61,-
"113年 1月/ 臺東縣/ 男",107823,702,659,734,679,767,830,837,888,827,903,860,949,883,772,823,947,915,1039,1030,1057,1150,1225,1287,1470,1426,1347,1542,1585,1519,1563,1518,1509,1505,1518,1379,1458,1295,1305,1414,1469,1641,1655,1707,1669,1652,1702,1644,1730,1636,1642,1660,1821,1764,1942,1886,1835,1805,1874,1871,1837,1859,1766,1728,1650,1595,1522,1446,1437,1382,1207,1170,1086,1063,866,853,718,677,492,394,494,487,428,407,369,341,290,253,216,201,174,128,96,95,86,84,52,44,34,21,20,34,-
"113年 1月/ 臺東縣/ 女",103534,626,652,631,694,645,742,738,780,832,827,734,851,784,757,766,794,864,911,898,979,998,1185,1199,1333,1318,1293,1459,1481,1415,1360,1358,1340,1320,1240,1153,1291,1119,1164,1268,1310,1461,1553,1511,1576,1531,1597,1471,1732,1545,1460,1569,1648,1725,1631,1608,1600,1651,1596,1657,1669,1744,1680,1539,1593,1623,1523,1456,1385,1498,1328,1263,1290,1346,1058,1052,807,871,677,604,595,677,640,600,542,504,454,414,353,307,280,186,157,164,118,103,53,48,43,25,7,27,-
"113年 1月/ 花蓮縣/ 性別總計",317252,1732,1967,2024,2092,2309,2403,2424,2614,2710,2620,2515,2786,2528,2262,2511,2544,2671,2745,2821,3041,3122,3415,3576,4131,3983,3803,4450,4623,4535,4510,4534,4335,4241,4211,3851,4079,3760,3667,4067,4522,4566,4791,5023,4960,4911,4976,4756,5246,4590,4717,4773,4745,5016,5166,5102,5065,4977,4878,5039,5090,5043,5064,5163,4868,4944,4652,4536,4515,4476,4145,3783,3686,3661,3089,2926,2306,2186,1804,1457,1698,1615,1648,1466,1394,1247,1067,1007,812,738,631,528,444,346,331,251,164,144,126,56,36,78,-
"113年 1月/ 花蓮縣/ 男",159527,885,1035,1032,1102,1229,1263,1264,1321,1410,1387,1315,1455,1356,1210,1320,1329,1405,1470,1445,1581,1650,1774,1843,2135,2086,2057,2338,2394,2331,2350,2371,2345,2187,2235,2003,2167,2002,1940,2127,2318,2334,2440,2600,2538,2503,2565,2400,2595,2279,2362,2356,2368,2465,2550,2649,2596,2589,2586,2590,2530,2529,2542,2549,2402,2420,2220,2219,2249,2141,2040,1865,1718,1709,1448,1309,1003,984,799,619,697,687,671,593,578,483,429,390,311,294,235,191,180,139,128,106,72,67,55,29,18,47,-
"113年 1月/ 花蓮縣/ 女",157725,847,932,992,990,1080,1140,1160,1293,1300,1233,1200,1331,1172,1052,1191,1215,1266,1275,1376,1460,1472,1641,1733,1996,1897,1746,2112,2229,2204,2160,2163,1990,2054,1976,1848,1912,1758,1727,1940,2204,2232,2351,2423,2422,2408,2411,2356,2651,2311,2355,2417,2377,2551,2616,2453,2469,2388,2292,2449,2560,2514,2522,2614,2466,2524,2432,2317,2266,2335,2105,1918,1968,1952,1641,1617,1303,1202,1005,838,1001,928,977,873,816,764,638,617,501,444,396,337,264,207,203,145,92,77,71,27,18,31,-
"113年 1月/ 澎湖縣/ 性別總計",107745,715,759,837,807,829,667,663,669,675,697,633,737,608,570,651,658,720,813,1055,1314,1359,1519,1454,1741,1518,1452,1745,1588,1706,1563,1679,1634,1531,1570,1410,1687,1480,1364,1516,1628,1591,1650,1687,1688,1703,1679,1556,1768,1535,1642,1504,1548,1610,1636,1580,1705,1596,1673,1660,1674,1611,1725,1728,1600,1650,1533,1492,1429,1309,1231,1218,1173,1176,1024,922,751,581,671,511,537,476,452,434,491,400,384,342,367,317,258,218,184,169,136,97,73,63,35,27,12,32,-
"113年 1月/ 澎湖縣/ 男",55183,349,372,426,438,409,367,363,357,350,377,343,385,312,287,334,349,372,429,557,733,764,813,798,979,844,780,961,859,877,822,925,877,818,849,728,885,765,732,775,838,820,822,819,821,830,882,759,856,763,819,788,791,849,843,825,882,833,872,863,881,870,910,888,796,848,783,770,767,683,604,581,563,567,482,448,360,253,309,234,248,226,185,199,192,165,154,149,150,120,92,76,64,65,47,35,29,23,9,8,4,11,-
"113年 1月/ 澎湖縣/ 女",52562,366,387,411,369,420,300,300,312,325,320,290,352,296,283,317,309,348,384,498,581,595,706,656,762,674,672,784,729,829,741,754,757,713,721,682,802,715,632,741,790,771,828,868,867,873,797,797,912,772,823,716,757,761,793,755,823,763,801,797,793,741,815,840,804,802,750,722,662,626,627,637,610,609,542,474,391,328,362,277,289,250,267,235,299,235,230,193,217,197,166,142,120,104,89,62,44,40,26,19,8,21,-
"113年 1月/ 基隆市/ 性別總計",362094,1283,1596,1802,2043,2143,2393,2435,2783,2797,2649,2509,3078,2560,2248,2568,2677,2864,2930,2905,3060,3202,3610,3759,4801,4453,4235,5057,5222,5304,5038,5165,4932,4917,5220,4461,5085,4293,4186,4543,4921,5115,5627,5821,5577,5813,5731,5597,6122,5327,5558,5454,5597,5805,5962,6005,6090,5916,6050,6245,6195,6314,6282,6195,6126,6150,5936,5466,5539,5447,5045,4755,4842,4375,3759,3530,2848,2481,1651,1325,1766,1788,1677,1572,1622,1422,1159,1048,842,706,613,542,417,357,278,218,180,144,96,87,44,116,-
"113年 1月/ 基隆市/ 男",180017,669,854,956,1064,1127,1246,1270,1403,1479,1330,1312,1568,1311,1178,1298,1424,1507,1506,1506,1612,1705,1917,2003,2469,2319,2163,2653,2818,2773,2583,2746,2629,2625,2802,2399,2703,2271,2180,2295,2596,2633,2830,2944,2788,2940,2771,2705,3090,2623,2772,2664,2765,2929,2885,2982,3012,2950,2976,3072,3064,3116,3104,3063,2949,3001,2861,2604,2607,2561,2372,2207,2258,1986,1737,1584,1326,1159,729,570,728,779,708,640,670,529,421,346,307,236,225,193,149,139,99,93,71,52,47,43,24,60,-
"113年 1月/ 基隆市/ 女",182077,614,742,846,979,1016,1147,1165,1380,1318,1319,1197,1510,1249,1070,1270,1253,1357,1424,1399,1448,1497,1693,1756,2332,2134,2072,2404,2404,2531,2455,2419,2303,2292,2418,2062,2382,2022,2006,2248,2325,2482,2797,2877,2789,2873,2960,2892,3032,2704,2786,2790,2832,2876,3077,3023,3078,2966,3074,3173,3131,3198,3178,3132,3177,3149,3075,2862,2932,2886,2673,2548,2584,2389,2022,1946,1522,1322,922,755,1038,1009,969,932,952,893,738,702,535,470,388,349,268,218,179,125,109,92,49,44,20,56,-
"113年 1月/ 新竹市/ 性別總計",456535,2891,3380,3931,4051,4505,4631,5041,5412,5754,5923,5356,6506,5506,4395,5008,4877,4947,4798,4504,4710,4612,5010,5134,5743,5241,4776,5751,5804,5839,5631,5905,5872,5973,6278,5967,6613,6160,5982,6777,7568,7922,8598,9043,9022,8974,8686,8028,8833,7461,7044,6676,6819,6878,6812,6716,6500,6014,6056,6065,5903,5930,5920,5433,5517,5220,5196,4820,4745,4667,4565,4296,4104,4077,3244,3113,2642,2323,1963,1503,1782,1760,1701,1523,1456,1265,1099,1007,817,740,629,498,460,384,306,263,211,165,125,89,61,104,-
"113年 1月/ 新竹市/ 男",225291,1514,1751,2002,2122,2366,2403,2611,2759,2968,3087,2776,3323,2888,2308,2574,2648,2620,2500,2314,2450,2401,2649,2718,2963,2717,2475,2994,3014,3021,2931,2974,3058,3095,3307,3020,3329,3097,2967,3301,3609,3817,4239,4343,4335,4279,4237,3903,4369,3646,3513,3306,3347,3348,3376,3209,3177,3026,2967,2955,2908,2892,2881,2623,2655,2452,2470,2244,2158,2159,2131,2003,1872,1815,1471,1387,1152,1042,859,616,752,718,681,600,560,478,396,358,305,277,241,192,191,154,120,95,88,87,65,49,28,50,-
"113年 1月/ 新竹市/ 女",231244,1377,1629,1929,1929,2139,2228,2430,2653,2786,2836,2580,3183,2618,2087,2434,2229,2327,2298,2190,2260,2211,2361,2416,2780,2524,2301,2757,2790,2818,2700,2931,2814,2878,2971,2947,3284,3063,3015,3476,3959,4105,4359,4700,4687,4695,4449,4125,4464,3815,3531,3370,3472,3530,3436,3507,3323,2988,3089,3110,2995,3038,3039,2810,2862,2768,2726,2576,2587,2508,2434,2293,2232,2262,1773,1726,1490,1281,1104,887,1030,1042,1020,923,896,787,703,649,512,463,388,306,269,230,186,168,123,78,60,40,33,54,-
"113年 1月/ 嘉義市/ 性別總計",263369,1239,1328,1630,1743,1961,2184,2297,2527,2569,2517,2362,3076,2633,2183,2439,2508,2539,2597,2521,2729,2806,3014,3091,3926,3594,3190,3868,3795,3761,3593,3598,3393,3353,3483,3098,3472,3166,3058,3527,3797,3898,4153,4302,4200,4318,4380,4061,4578,3874,3815,3767,3806,3945,4094,4123,4059,3878,4194,3995,3945,4122,3883,3865,3760,3582,3522,3329,3338,3382,3019,2894,2935,2928,2317,2190,1988,1804,1365,1121,1301,1339,1203,1178,1110,993,864,805,685,647,490,441,332,277,219,176,127,102,75,42,24,45,-
"113年 1月/ 嘉義市/ 男",126531,626,686,818,932,986,1143,1225,1265,1269,1294,1262,1585,1418,1122,1275,1357,1316,1307,1290,1442,1464,1572,1603,2048,1887,1651,1961,1885,1909,1856,1863,1737,1715,1758,1585,1697,1614,1454,1648,1860,1855,1956,1984,1975,2051,2068,1870,2070,1775,1727,1695,1756,1789,1858,1931,1897,1809,2011,1892,1883,1950,1833,1797,1776,1676,1684,1532,1536,1625,1383,1359,1344,1290,1005,959,854,806,564,479,534,544,467,480,449,393,334,281,242,252,167,161,120,110,89,63,46,39,29,16,7,19,-
"113年 1月/ 嘉義市/ 女",136838,613,642,812,811,975,1041,1072,1262,1300,1223,1100,1491,1215,1061,1164,1151,1223,1290,1231,1287,1342,1442,1488,1878,1707,1539,1907,1910,1852,1737,1735,1656,1638,1725,1513,1775,1552,1604,1879,1937,2043,2197,2318,2225,2267,2312,2191,2508,2099,2088,2072,2050,2156,2236,2192,2162,2069,2183,2103,2062,2172,2050,2068,1984,1906,1838,1797,1802,1757,1636,1535,1591,1638,1312,1231,1134,998,801,642,767,795,736,698,661,600,530,524,443,395,323,280,212,167,130,113,81,63,46,26,17,26,-
"113年 1月/ 金門縣/ 性別總計",144173,642,702,832,781,865,798,763,790,823,802,748,888,779,702,817,819,943,907,1338,1703,1719,1946,1888,2324,2052,1831,2507,2415,2510,2515,2418,2399,2096,2296,2034,2240,2009,1903,1999,2127,2033,2090,2074,1889,2110,2036,1993,2152,1933,2069,2072,2183,2352,2496,2530,2549,2415,2900,2805,2829,2846,2695,2393,2641,2373,2295,2396,2147,1874,1956,1409,1507,1257,984,959,769,676,560,551,634,566,499,485,441,413,416,395,302,289,238,224,184,139,105,99,71,50,46,35,22,52,-
"113年 1月/ 金門縣/ 男",71559,344,356,434,404,445,405,390,405,433,423,388,463,419,372,410,416,518,474,693,831,897,1018,959,1183,1033,912,1275,1220,1282,1215,1259,1206,1044,1153,1042,1132,1042,962,989,1035,1006,1057,992,936,1017,959,884,1046,904,995,1011,1073,1192,1263,1279,1248,1177,1362,1391,1367,1373,1334,1221,1348,1202,1174,1203,1078,928,967,715,744,610,476,469,385,334,267,270,308,274,238,226,189,189,184,173,131,109,99,80,70,47,23,25,10,16,9,8,3,10,-
"113年 1月/ 金門縣/ 女",72614,298,346,398,377,420,393,373,385,390,379,360,425,360,330,407,403,425,433,645,872,822,928,929,1141,1019,919,1232,1195,1228,1300,1159,1193,1052,1143,992,1108,967,941,1010,1092,1027,1033,1082,953,1093,1077,1109,1106,1029,1074,1061,1110,1160,1233,1251,1301,1238,1538,1414,1462,1473,1361,1172,1293,1171,1121,1193,1069,946,989,694,763,647,508,490,384,342,293,281,326,292,261,259,252,224,232,222,171,180,139,144,114,92,82,74,61,34,37,27,19,42,-
"113年 1月/ 連江縣/ 性別總計",14034,93,104,104,98,113,92,90,85,95,98,75,95,113,82,90,92,107,103,104,106,166,172,184,206,245,192,250,279,236,228,290,271,265,256,214,244,176,186,200,213,196,238,206,222,241,208,173,215,216,216,215,198,238,254,208,177,236,254,253,214,266,230,200,206,232,211,182,187,176,152,139,128,93,80,87,89,80,59,37,40,36,37,28,24,31,31,33,16,20,20,18,11,14,9,9,10,4,4,4,3,8,-
"113年 1月/ 連江縣/ 男",8081,60,52,58,53,55,51,48,52,52,42,41,49,59,45,50,53,56,59,60,58,88,97,105,136,155,121,147,163,143,127,163,171,168,140,130,139,103,106,122,122,117,128,126,114,143,123,77,119,120,130,120,110,144,162,115,119,139,161,148,126,158,139,114,133,142,119,106,108,100,91,85,71,52,51,44,38,40,32,21,31,20,12,16,10,20,15,15,9,10,7,4,5,4,3,4,4,1,1,3,-,3,-
"113年 1月/ 連江縣/ 女",5953,33,52,46,45,58,41,42,33,43,56,34,46,54,37,40,39,51,44,44,48,78,75,79,70,90,71,103,116,93,101,127,100,97,116,84,105,73,80,78,91,79,110,80,108,98,85,96,96,96,86,95,88,94,92,93,58,97,93,105,88,108,91,86,73,90,92,76,79,76,61,54,57,41,29,43,51,40,27,16,9,16,25,12,14,11,16,18,7,10,13,14,6,10,6,5,6,3,3,1,3,5,-
"113年 2月/ 區域別總計/ 性別總計",23418053,130144,139983,157365,163029,177010,182450,195324,208941,214952,216284,195376,235769,206291,169606,192543,196594,207004,205901,206773,216492,224072,244462,250517,300800,285017,264440,314873,319652,322214,320613,322427,317157,314995,329821,309534,339373,306860,297080,334024,363089,374596,396493,408836,403974,413131,402623,377644,413880,358492,348194,344864,342288,351104,360252,361226,356827,347325,353640,355164,361446,361597,359648,351528,339884,341108,333639,302969,319667,302416,289927,275079,260904,263301,225131,198901,173293,151670,119751,95045,109551,109012,102345,96617,91533,82465,70587,62364,53563,47031,40034,32960,27857,23977,19274,14999,11281,8297,6177,4095,2653,5073,-
"113年 2月/ 區域別總計/ 男",11549145,67405,72399,81324,84434,91754,94182,101211,108053,111698,111768,101209,121741,107008,88298,100308,102578,108002,107602,107718,113094,117417,127432,130026,156693,148225,137333,163465,165379,166514,165561,166123,164626,163483,170953,159197,173727,156709,149622,167166,180910,185962,195472,201292,198077,203144,197905,184512,202799,174681,169249,168162,165810,170976,175826,176038,174387,169633,172203,172556,175435,174598,173823,169486,163541,162787,159285,143767,151185,143051,135877,128672,121589,121256,104207,90647,78671,68866,53498,41708,47679,47033,43458,40606,37565,33034,27747,23850,20422,17439,14884,12353,10704,9494,7956,6185,4724,3466,2557,1748,1094,2167,-
"113年 2月/ 區域別總計/ 女",11868908,62739,67584,76041,78595,85256,88268,94113,100888,103254,104516,94167,114028,99283,81308,92235,94016,99002,98299,99055,103398,106655,117030,120491,144107,136792,127107,151408,154273,155700,155052,156304,152531,151512,158868,150337,165646,150151,147458,166858,182179,188634,201021,207544,205897,209987,204718,193132,211081,183811,178945,176702,176478,180128,184426,185188,182440,177692,181437,182608,186011,186999,185825,182042,176343,178321,174354,159202,168482,159365,154050,146407,139315,142045,120924,108254,94622,82804,66253,53337,61872,61979,58887,56011,53968,49431,42840,38514,33141,29592,25150,20607,17153,14483,11318,8814,6557,4831,3620,2347,1559,2906,-
"113年 2月/ 新北市/ 性別總計",4042495,18595,22741,25554,26291,28970,29796,32132,34869,35845,35881,32444,38648,33532,27825,31899,32783,34630,34507,33920,35953,36997,40290,41422,50322,47548,44242,52361,53574,54567,54149,55713,55001,55179,57997,54145,59607,53679,51609,58973,63871,66100,70159,73080,72180,74612,73035,68129,75242,64389,63129,62224,61120,62429,63552,63820,62466,60819,61859,62985,64166,64978,63968,62505,60769,60970,60765,54605,57912,55200,52734,50179,47298,47304,39580,34817,29841,25442,19805,15382,17279,16950,15386,14069,13130,11420,9390,8208,6950,5983,4974,4168,3523,3070,2551,2051,1600,1206,881,680,452,964,-
"113年 2月/ 新北市/ 男",1965651,9524,11722,13162,13547,15009,15302,16461,17987,18682,18461,16781,19963,17256,14516,16575,17143,17992,18145,17569,18938,19510,21023,21626,26159,24698,22941,27171,27752,28158,27855,28881,28623,28616,30179,27705,30428,27114,25750,29531,31771,32650,34447,35808,35282,36562,35638,32964,36635,30981,30335,29870,29347,29872,30371,30151,29218,28579,28589,29000,29540,29867,29409,28815,27785,27611,27682,24677,26233,25355,23684,22712,21325,21394,17914,15654,13333,11428,8888,6763,7629,7284,6500,5872,5284,4421,3552,3008,2579,2145,1815,1569,1421,1274,1149,936,716,524,379,331,192,477,-
"113年 2月/ 新北市/ 女",2076844,9071,11019,12392,12744,13961,14494,15671,16882,17163,17420,15663,18685,16276,13309,15324,15640,16638,16362,16351,17015,17487,19267,19796,24163,22850,21301,25190,25822,26409,26294,26832,26378,26563,27818,26440,29179,26565,25859,29442,32100,33450,35712,37272,36898,38050,37397,35165,38607,33408,32794,32354,31773,32557,33181,33669,33248,32240,33270,33985,34626,35111,34559,33690,32984,33359,33083,29928,31679,29845,29050,27467,25973,25910,21666,19163,16508,14014,10917,8619,9650,9666,8886,8197,7846,6999,5838,5200,4371,3838,3159,2599,2102,1796,1402,1115,884,682,502,349,260,487,-
"113年 2月/ 臺北市/ 性別總計",2510477,14839,14268,16407,17249,19354,19872,20910,23141,23847,24982,22526,26992,23974,19598,20917,20293,21239,19950,19088,19313,19530,21452,21413,26140,25388,23362,27812,28255,29490,29387,29455,29550,29606,32080,30597,34406,31320,30820,35078,38210,39605,42027,43860,42574,43851,42384,38052,44919,37414,36760,36283,35730,37025,38010,38127,37542,36402,36496,37186,38391,38281,37875,37219,37219,37859,38447,35726,38017,36831,35459,34600,33806,33697,30226,27398,24017,21293,17029,12893,14543,14366,13456,12484,11883,10561,9287,8047,7012,6301,5275,4646,4113,3668,2972,2415,1861,1496,1089,736,511,1115,-
"113年 2月/ 臺北市/ 男",1185840,7638,7316,8387,8963,9945,10232,10756,11962,12348,12789,11631,13945,12436,10197,10778,10565,10976,10295,10042,10063,10061,11139,10970,13524,13068,12068,14169,14156,14815,14720,14584,14539,14639,15652,14766,16255,14780,14222,16337,17853,18524,19731,20418,19869,20297,19731,17664,20959,17105,17016,17064,16454,17031,17591,17332,17200,16689,16803,17167,17595,17481,17326,16941,17063,17042,17432,16107,17084,16879,16259,15732,15286,15117,13410,12105,10727,9413,7631,5583,6245,6007,5739,5061,4766,4080,3542,2966,2537,2270,1963,1767,1621,1489,1292,1039,815,668,470,327,226,511,-
"113年 2月/ 臺北市/ 女",1324637,7201,6952,8020,8286,9409,9640,10154,11179,11499,12193,10895,13047,11538,9401,10139,9728,10263,9655,9046,9250,9469,10313,10443,12616,12320,11294,13643,14099,14675,14667,14871,15011,14967,16428,15831,18151,16540,16598,18741,20357,21081,22296,23442,22705,23554,22653,20388,23960,20309,19744,19219,19276,19994,20419,20795,20342,19713,19693,20019,20796,20800,20549,20278,20156,20817,21015,19619,20933,19952,19200,18868,18520,18580,16816,15293,13290,11880,9398,7310,8298,8359,7717,7423,7117,6481,5745,5081,4475,4031,3312,2879,2492,2179,1680,1376,1046,828,619,409,285,604,-
"113年 2月/ 桃園市/ 性別總計",2320121,16678,17306,18915,19355,20903,21155,22399,23635,23931,24096,21559,25862,22969,18312,20933,21467,22601,22201,22419,23062,23966,25875,26669,31792,29620,27817,33045,33170,33779,34222,34084,34068,33597,35629,33569,36535,32646,31215,35139,38179,39605,42156,42971,42245,42424,40795,38419,41345,35657,34418,34008,33795,34236,34836,34737,33607,32590,32597,33255,33272,33023,32173,30912,29503,30028,29608,26495,28143,26420,25242,23435,22369,22038,18061,16005,13819,11519,9559,7366,8227,8100,7539,6828,6431,5576,4782,4243,3537,3101,2642,2208,1989,1828,1568,1293,988,674,518,372,210,407,-
"113年 2月/ 桃園市/ 男",1143882,8632,8893,9731,10016,10826,11028,11610,12211,12416,12558,11165,13398,11884,9460,11018,11213,11855,11648,11777,12116,12568,13430,13904,16552,15320,14471,16892,17110,17205,17623,17270,17380,17191,18141,17128,18527,16438,15657,17304,18764,19574,20484,21131,20456,20627,20148,18715,20434,17456,16603,16587,16270,16628,16858,16859,16237,15686,15583,15964,15955,15663,15477,14602,14091,14197,13950,12482,13072,12390,11652,10699,10429,9995,8171,7276,6209,5157,4213,3179,3506,3444,3078,2844,2607,2163,1822,1582,1322,1139,993,953,892,930,820,678,531,354,260,184,101,190,-
"113年 2月/ 桃園市/ 女",1176239,8046,8413,9184,9339,10077,10127,10789,11424,11515,11538,10394,12464,11085,8852,9915,10254,10746,10553,10642,10946,11398,12445,12765,15240,14300,13346,16153,16060,16574,16599,16814,16688,16406,17488,16441,18008,16208,15558,17835,19415,20031,21672,21840,21789,21797,20647,19704,20911,18201,17815,17421,17525,17608,17978,17878,17370,16904,17014,17291,17317,17360,16696,16310,15412,15831,15658,14013,15071,14030,13590,12736,11940,12043,9890,8729,7610,6362,5346,4187,4721,4656,4461,3984,3824,3413,2960,2661,2215,1962,1649,1255,1097,898,748,615,457,320,258,188,109,217,-
"113年 2月/ 臺中市/ 性別總計",2848370,16894,19056,21307,21872,23967,25368,27332,28906,29370,29365,26224,31913,27630,22576,25394,25832,27593,26891,26656,27885,28349,31037,32450,38652,36944,33990,40965,41921,41639,41415,41555,41179,40944,42829,40357,43688,39706,38414,43330,46681,47237,50073,51096,50368,51139,49545,46290,49414,43267,40745,41084,40906,41544,42551,42935,42315,41377,41468,41348,42144,41795,41182,39802,38557,38149,37388,33389,35060,33314,32047,30110,27920,27899,24100,20571,17708,15343,12282,9704,10868,10481,10092,9395,8870,7948,6646,5853,5187,4233,3556,2989,2571,2137,1699,1312,1003,759,545,348,243,393,-
"113年 2月/ 臺中市/ 男",1392559,8880,9939,11014,11329,12434,13042,14211,14966,15365,15225,13519,16441,14293,11769,13284,13447,14177,14057,13787,14350,14783,16051,16704,19857,19138,17590,21256,21398,21347,21158,21092,21096,20984,21667,20453,22269,19951,19084,21390,23013,23125,24432,25024,24407,24998,24034,22338,23621,20589,19415,19436,19107,19467,19938,20301,20011,19443,19472,19541,19693,19579,19374,18693,18329,17756,17542,15649,16456,15589,14854,13902,13044,12732,11182,9459,8122,6971,5341,4223,4655,4469,4259,3911,3612,3197,2576,2259,1972,1551,1357,1093,984,851,766,550,453,327,251,167,122,178,-
"113年 2月/ 臺中市/ 女",1455811,8014,9117,10293,10543,11533,12326,13121,13940,14005,14140,12705,15472,13337,10807,12110,12385,13416,12834,12869,13535,13566,14986,15746,18795,17806,16400,19709,20523,20292,20257,20463,20083,19960,21162,19904,21419,19755,19330,21940,23668,24112,25641,26072,25961,26141,25511,23952,25793,22678,21330,21648,21799,22077,22613,22634,22304,21934,21996,21807,22451,22216,21808,21109,20228,20393,19846,17740,18604,17725,17193,16208,14876,15167,12918,11112,9586,8372,6941,5481,6213,6012,5833,5484,5258,4751,4070,3594,3215,2682,2199,1896,1587,1286,933,762,550,432,294,181,121,215,-
"113年 2月/ 臺南市/ 性別總計",1859906,8949,9926,11296,12033,13425,13964,15172,15850,16913,16597,15178,18686,15795,12728,14885,15248,15804,15574,15764,16105,16705,18125,18867,22824,21656,19892,24464,24315,25088,24838,25367,24525,24673,26044,24730,27567,24796,24156,27104,29934,30462,32514,33193,32619,33465,32485,30397,33184,28381,27274,26575,26587,27080,28231,28804,28575,27952,29148,28909,29620,29770,29871,29937,28900,28356,27580,25034,26588,24213,23169,21802,20601,20968,17948,15860,13710,12383,8886,7303,8893,9120,7934,8050,7560,6910,6120,5355,4686,4387,3861,2949,2330,2153,1707,1228,924,634,446,283,193,287,-
"113年 2月/ 臺南市/ 男",923060,4607,5187,5947,6257,6956,7218,7834,8279,8728,8573,7815,9542,8318,6656,7753,7765,8285,8176,8193,8357,8736,9508,9690,11918,11253,10445,12850,12622,13167,12842,12980,12805,12930,13515,12871,14304,12772,12329,13597,15025,15173,16069,16452,16096,16700,16386,15118,16459,13904,13315,13063,12707,13251,13652,14060,14073,13610,14302,14135,14460,14635,14611,14624,14041,13917,13458,12371,12997,11702,11198,10456,9932,9843,8568,7405,6311,5607,4020,3264,3838,3939,3376,3366,3107,2743,2402,2070,1856,1663,1386,1043,861,777,622,484,335,238,154,108,62,80,-
"113年 2月/ 臺南市/ 女",936846,4342,4739,5349,5776,6469,6746,7338,7571,8185,8024,7363,9144,7477,6072,7132,7483,7519,7398,7571,7748,7969,8617,9177,10906,10403,9447,11614,11693,11921,11996,12387,11720,11743,12529,11859,13263,12024,11827,13507,14909,15289,16445,16741,16523,16765,16099,15279,16725,14477,13959,13512,13880,13829,14579,14744,14502,14342,14846,14774,15160,15135,15260,15313,14859,14439,14122,12663,13591,12511,11971,11346,10669,11125,9380,8455,7399,6776,4866,4039,5055,5181,4558,4684,4453,4167,3718,3285,2830,2724,2475,1906,1469,1376,1085,744,589,396,292,175,131,207,-
"113年 2月/ 高雄市/ 性別總計",2737016,15136,15890,17833,18155,19236,19797,21333,22623,23417,23386,21210,25620,22317,17920,21071,21982,23075,23135,23315,23834,25358,27413,27771,34828,32896,30019,36091,36868,36982,37190,37309,36271,36531,38169,35223,39409,34962,33627,37876,41647,42852,45437,47110,47210,48714,48000,45415,50425,43735,42720,42428,41602,42685,43978,42965,43278,41533,42444,41701,42143,42122,42612,41423,40368,40177,39592,37335,39068,37693,35970,34668,32842,33655,29332,25183,22040,19176,14431,11888,13637,13248,12057,11445,10329,9367,7895,6743,5565,4919,4090,3243,2777,2288,1939,1403,1083,752,574,348,236,403,-
"113年 2月/ 高雄市/ 男",1342179,7891,8184,9276,9341,9913,10214,11133,11680,12193,12105,11028,13168,11599,9294,10866,11336,12162,11967,12119,12448,13132,14244,14341,18214,16934,15393,18571,19017,19056,19253,19234,18875,18893,19793,18002,20087,17854,17035,19103,20663,21321,22394,23194,23139,23932,23436,22036,24759,21254,20650,20595,20053,20772,21547,20882,21216,20367,20598,20163,20406,20207,20307,19734,18988,18993,18502,17329,18071,17315,16507,15913,14870,15261,13335,11254,9837,8753,6345,5180,5929,5782,5107,4850,4156,3734,3074,2516,2141,1828,1554,1271,1128,992,843,644,508,370,268,168,106,184,-
"113年 2月/ 高雄市/ 女",1394837,7245,7706,8557,8814,9323,9583,10200,10943,11224,11281,10182,12452,10718,8626,10205,10646,10913,11168,11196,11386,12226,13169,13430,16614,15962,14626,17520,17851,17926,17937,18075,17396,17638,18376,17221,19322,17108,16592,18773,20984,21531,23043,23916,24071,24782,24564,23379,25666,22481,22070,21833,21549,21913,22431,22083,22062,21166,21846,21538,21737,21915,22305,21689,21380,21184,21090,20006,20997,20378,19463,18755,17972,18394,15997,13929,12203,10423,8086,6708,7708,7466,6950,6595,6173,5633,4821,4227,3424,3091,2536,1972,1649,1296,1096,759,575,382,306,180,130,219,-
"113年 2月/ 宜蘭縣/ 性別總計",449624,2335,2432,2940,3004,3253,3307,3593,3828,3845,3720,3609,4160,3760,3250,3638,3670,3738,3848,4052,4274,4447,4832,4961,5880,5674,5386,6609,6638,6626,6452,6565,6378,6159,6306,5899,6215,5673,5224,5906,6321,6625,6820,7070,7005,7094,6938,6637,7241,6548,6580,6619,6516,6617,7196,7308,7165,7166,7073,6969,7413,7282,7270,7168,6929,6883,6445,5833,6103,5819,5398,5231,4656,4925,4092,3498,3139,2691,2358,1930,2403,2427,2557,2307,2356,2108,1830,1664,1353,1229,1059,824,678,581,465,343,239,174,145,85,44,96,-
"113年 2月/ 宜蘭縣/ 男",225617,1202,1235,1546,1537,1662,1681,1849,1991,1969,1958,1907,2184,1948,1664,1883,1944,1908,1977,2107,2192,2319,2514,2554,3086,3004,2768,3444,3592,3450,3393,3393,3356,3264,3403,3087,3321,3006,2721,3041,3189,3329,3496,3455,3574,3549,3421,3357,3609,3142,3267,3310,3233,3356,3586,3756,3618,3647,3624,3452,3726,3706,3598,3597,3422,3401,3142,2840,3081,2861,2599,2498,2256,2314,1949,1649,1445,1254,1116,864,1060,1097,1116,987,1001,891,767,644,517,481,400,315,238,198,181,114,78,68,44,31,14,27,-
"113年 2月/ 宜蘭縣/ 女",224007,1133,1197,1394,1467,1591,1626,1744,1837,1876,1762,1702,1976,1812,1586,1755,1726,1830,1871,1945,2082,2128,2318,2407,2794,2670,2618,3165,3046,3176,3059,3172,3022,2895,2903,2812,2894,2667,2503,2865,3132,3296,3324,3615,3431,3545,3517,3280,3632,3406,3313,3309,3283,3261,3610,3552,3547,3519,3449,3517,3687,3576,3672,3571,3507,3482,3303,2993,3022,2958,2799,2733,2400,2611,2143,1849,1694,1437,1242,1066,1343,1330,1441,1320,1355,1217,1063,1020,836,748,659,509,440,383,284,229,161,106,101,54,30,69,-
"113年 2月/ 新竹縣/ 性別總計",590092,4091,4639,5305,5627,5806,6158,6434,6939,6985,7138,6328,7482,6673,5363,6097,6058,6417,6015,6061,6191,6291,6691,6780,7818,7222,6655,7911,8029,7970,8227,8225,8217,8176,8848,8220,8906,8059,7985,8903,9788,10058,10949,11182,11071,11217,10773,10207,11118,9340,9257,9175,8769,8764,8952,8646,8308,7901,7854,8077,7700,7885,7637,7492,7055,6710,6529,5618,6077,5443,5197,4861,4450,4685,3896,3551,3025,2565,2317,1869,2261,2285,2191,2307,2074,1894,1670,1523,1301,1124,963,764,644,554,427,338,288,183,145,91,64,93,-
"113年 2月/ 新竹縣/ 男",300343,2114,2447,2681,2914,3046,3203,3375,3605,3671,3680,3210,3783,3475,2791,3216,3228,3309,3152,3208,3259,3253,3534,3600,4095,3793,3522,4187,4246,4195,4219,4421,4460,4374,4739,4337,4652,4237,4096,4571,4884,5034,5414,5543,5457,5519,5266,4968,5453,4696,4615,4652,4441,4417,4584,4456,4234,4021,4045,4191,3987,4019,3902,3839,3678,3474,3410,2899,3045,2737,2574,2391,2152,2212,1901,1690,1446,1182,1102,869,1034,1013,990,1016,938,818,733,654,552,437,401,294,267,244,175,144,109,72,61,29,29,36,-
"113年 2月/ 新竹縣/ 女",289749,1977,2192,2624,2713,2760,2955,3059,3334,3314,3458,3118,3699,3198,2572,2881,2830,3108,2863,2853,2932,3038,3157,3180,3723,3429,3133,3724,3783,3775,4008,3804,3757,3802,4109,3883,4254,3822,3889,4332,4904,5024,5535,5639,5614,5698,5507,5239,5665,4644,4642,4523,4328,4347,4368,4190,4074,3880,3809,3886,3713,3866,3735,3653,3377,3236,3119,2719,3032,2706,2623,2470,2298,2473,1995,1861,1579,1383,1215,1000,1227,1272,1201,1291,1136,1076,937,869,749,687,562,470,377,310,252,194,179,111,84,62,35,57,-
"113年 2月/ 苗栗縣/ 性別總計",534240,2279,2482,2966,3267,3503,4041,4442,4813,5085,5072,4602,5513,4828,3864,4466,4604,4882,5014,4977,5370,5504,6181,6215,7001,6769,6091,7271,7604,7447,7383,7555,7343,7233,7293,7111,7510,6997,6676,7491,8208,8674,9176,9254,8897,9134,8836,8117,8679,7731,7458,7544,7560,7867,8073,8118,8022,7672,7915,7875,8285,8528,8341,8328,7905,8112,7377,6659,7056,6331,6400,5786,5626,5393,4905,4268,3731,3423,2882,2391,2759,2753,2775,2652,2667,2405,2032,1988,1597,1391,1298,984,876,749,520,457,340,253,190,105,61,106,-
"113年 2月/ 苗栗縣/ 男",274718,1181,1323,1502,1684,1853,2069,2305,2532,2603,2600,2386,2796,2504,2017,2342,2424,2543,2631,2638,2875,2977,3351,3270,3641,3589,3237,3914,3958,4031,4026,4150,3969,3974,3986,3914,4031,3818,3521,3954,4325,4446,4683,4795,4561,4583,4453,4138,4418,3923,3877,3934,3886,4104,4213,4209,4239,4039,4098,4109,4325,4389,4324,4236,4111,4147,3861,3365,3638,3207,3205,2917,2734,2536,2392,2020,1726,1606,1365,1087,1275,1214,1226,1208,1159,1079,864,858,628,600,514,396,329,281,230,158,125,88,62,35,18,28,-
"113年 2月/ 苗栗縣/ 女",259522,1098,1159,1464,1583,1650,1972,2137,2281,2482,2472,2216,2717,2324,1847,2124,2180,2339,2383,2339,2495,2527,2830,2945,3360,3180,2854,3357,3646,3416,3357,3405,3374,3259,3307,3197,3479,3179,3155,3537,3883,4228,4493,4459,4336,4551,4383,3979,4261,3808,3581,3610,3674,3763,3860,3909,3783,3633,3817,3766,3960,4139,4017,4092,3794,3965,3516,3294,3418,3124,3195,2869,2892,2857,2513,2248,2005,1817,1517,1304,1484,1539,1549,1444,1508,1326,1168,1130,969,791,784,588,547,468,290,299,215,165,128,70,43,78,-
"113年 2月/ 彰化縣/ 性別總計",1236509,8439,8250,9136,9062,9422,9253,9751,10531,10798,10895,9685,12018,10539,8670,10222,10712,10997,11481,11710,12751,13284,14337,14608,17186,16316,15297,17597,17950,17476,17275,17627,17374,17004,17455,16579,17864,16576,16210,17816,19265,19681,20363,21122,20671,21061,20555,19405,20249,18166,17460,16851,16771,17189,17279,17495,17498,17243,17930,17928,18641,18344,18778,18372,17532,17602,17340,15098,16345,15186,14664,13630,13080,13304,11605,10332,8941,8271,6332,5151,6005,6367,6124,5811,5678,5400,4524,4137,3746,3240,2763,2366,1912,1539,1178,877,611,432,327,220,127,242,-
"113年 2月/ 彰化縣/ 男",626874,4377,4238,4744,4712,4895,4826,5112,5474,5605,5681,5057,6291,5448,4528,5412,5528,5867,6130,6123,6674,7025,7503,7611,9022,8534,7849,9144,9441,9061,8938,9015,9092,8964,9226,8753,9348,8771,8392,9196,10035,10002,10296,10812,10464,10755,10571,9907,10318,9451,8872,8603,8567,8788,8936,9041,9096,8786,9220,9225,9557,9327,9624,9434,8838,8790,8821,7572,8183,7518,7125,6679,6348,6448,5615,4810,4172,3920,2849,2322,2700,2864,2660,2516,2419,2227,1817,1610,1452,1172,958,826,643,509,367,272,185,122,98,61,27,65,-
"113年 2月/ 彰化縣/ 女",609635,4062,4012,4392,4350,4527,4427,4639,5057,5193,5214,4628,5727,5091,4142,4810,5184,5130,5351,5587,6077,6259,6834,6997,8164,7782,7448,8453,8509,8415,8337,8612,8282,8040,8229,7826,8516,7805,7818,8620,9230,9679,10067,10310,10207,10306,9984,9498,9931,8715,8588,8248,8204,8401,8343,8454,8402,8457,8710,8703,9084,9017,9154,8938,8694,8812,8519,7526,8162,7668,7539,6951,6732,6856,5990,5522,4769,4351,3483,2829,3305,3503,3464,3295,3259,3173,2707,2527,2294,2068,1805,1540,1269,1030,811,605,426,310,229,159,100,177,-
"113年 2月/ 南投縣/ 性別總計",476280,2290,2378,2673,2858,3034,3099,3399,3680,3692,3749,3292,4159,3711,3196,3488,3662,3904,4158,4258,4629,4711,5285,5533,6283,6059,5840,6681,6792,6698,6882,6672,6549,6243,6376,5977,6309,5858,5566,6208,6562,6897,7126,7334,7321,7496,7106,6868,7419,6637,6312,6377,6672,6968,7351,7533,7694,7300,7860,7718,8042,8118,8275,8033,7736,7783,7265,6668,6872,6550,6262,5868,5655,5660,4884,4346,3909,3364,2709,2380,2602,2510,2730,2605,2520,2397,1963,1804,1509,1400,1161,991,806,691,521,413,288,182,169,88,62,107,-
"113年 2月/ 南投縣/ 男",242543,1173,1251,1417,1507,1585,1620,1766,1908,1913,1942,1746,2150,1927,1671,1810,1885,2036,2163,2191,2377,2477,2710,2970,3243,3236,3064,3503,3489,3524,3628,3542,3533,3448,3467,3245,3442,3221,2981,3307,3441,3703,3719,3715,3799,3839,3652,3467,3801,3388,3135,3156,3377,3566,3745,3795,4019,3742,4062,3957,4139,4133,4183,4061,3941,3994,3671,3350,3437,3241,3150,2946,2811,2715,2423,2035,1859,1547,1257,1056,1155,1139,1195,1140,1037,1021,844,733,584,534,451,361,308,280,185,151,105,74,65,26,21,39,-
"113年 2月/ 南投縣/ 女",233737,1117,1127,1256,1351,1449,1479,1633,1772,1779,1807,1546,2009,1784,1525,1678,1777,1868,1995,2067,2252,2234,2575,2563,3040,2823,2776,3178,3303,3174,3254,3130,3016,2795,2909,2732,2867,2637,2585,2901,3121,3194,3407,3619,3522,3657,3454,3401,3618,3249,3177,3221,3295,3402,3606,3738,3675,3558,3798,3761,3903,3985,4092,3972,3795,3789,3594,3318,3435,3309,3112,2922,2844,2945,2461,2311,2050,1817,1452,1324,1447,1371,1535,1465,1483,1376,1119,1071,925,866,710,630,498,411,336,262,183,108,104,62,41,68,-
"113年 2月/ 雲林縣/ 性別總計",659358,3278,3387,3843,4043,4339,4289,4667,4936,5059,5160,4734,5882,5321,4521,5220,5395,5733,5848,6282,6593,7077,7656,7863,9257,8755,8076,9296,9126,9050,8892,8359,8082,7877,8118,7728,8437,7900,7907,8767,9369,9961,10353,10618,10877,11153,10960,10713,11327,10217,9635,9554,9523,9817,9931,10332,10151,9838,10651,10342,10303,10352,10569,10216,9285,9886,9189,8060,8825,8170,7849,7469,7267,7920,6254,5864,5303,4882,4378,3236,3972,4219,4011,3850,3856,3596,3153,2709,2360,2128,1847,1494,1232,1035,743,556,403,297,202,136,75,132,-
"113年 2月/ 雲林縣/ 男",339717,1731,1756,2009,2051,2290,2225,2399,2498,2633,2613,2468,3063,2674,2355,2749,2848,3021,3087,3271,3468,3793,3957,4095,4925,4603,4228,4946,4823,4783,4701,4414,4338,4114,4555,4156,4424,4267,4175,4576,4865,5116,5315,5419,5502,5699,5551,5540,5788,5396,5024,4914,4979,5235,5399,5663,5610,5519,5907,5658,5786,5697,5762,5550,4953,5335,4901,4214,4565,4177,3913,3807,3645,3856,3086,2842,2466,2248,1941,1426,1716,1791,1677,1639,1607,1455,1235,1018,895,730,655,502,411,314,224,160,118,81,52,30,18,38,-
"113年 2月/ 雲林縣/ 女",319641,1547,1631,1834,1992,2049,2064,2268,2438,2426,2547,2266,2819,2647,2166,2471,2547,2712,2761,3011,3125,3284,3699,3768,4332,4152,3848,4350,4303,4267,4191,3945,3744,3763,3563,3572,4013,3633,3732,4191,4504,4845,5038,5199,5375,5454,5409,5173,5539,4821,4611,4640,4544,4582,4532,4669,4541,4319,4744,4684,4517,4655,4807,4666,4332,4551,4288,3846,4260,3993,3936,3662,3622,4064,3168,3022,2837,2634,2437,1810,2256,2428,2334,2211,2249,2141,1918,1691,1465,1398,1192,992,821,721,519,396,285,216,150,106,57,94,-
"113年 2月/ 嘉義縣/ 性別總計",483481,2257,2203,2403,2626,2577,2501,2809,2878,2981,2984,2687,3385,2900,2699,3159,3309,3689,3905,4294,4545,5033,5499,5705,6856,6113,6029,6923,6861,6760,6620,6501,6191,6102,6122,5595,6057,5595,5467,5991,6541,6807,7008,7209,7552,7312,7470,7245,7708,6930,6794,7024,7194,7352,7726,7807,7892,7996,8078,8359,8375,8355,8495,8387,8095,8066,7541,6651,7170,6501,6406,6198,5713,6081,5172,4589,4304,3730,2787,2479,3083,3144,2989,3065,2942,2836,2539,2183,1995,1689,1560,1232,1083,912,704,526,340,269,187,103,62,128,-
"113年 2月/ 嘉義縣/ 男",250263,1182,1160,1233,1352,1327,1255,1419,1487,1588,1530,1401,1766,1503,1405,1711,1752,1932,2052,2230,2379,2668,2882,2991,3642,3234,3164,3667,3640,3595,3557,3521,3317,3323,3310,3100,3387,3057,3015,3240,3514,3627,3724,3644,3830,3815,3848,3652,3899,3584,3438,3598,3771,3855,4130,4167,4280,4376,4394,4570,4671,4538,4662,4611,4402,4317,4003,3597,3787,3387,3337,3112,2875,3043,2565,2234,2017,1716,1254,1089,1345,1348,1274,1291,1210,1162,1033,865,766,643,557,422,355,322,227,194,103,74,66,34,19,46,-
"113年 2月/ 嘉義縣/ 女",233218,1075,1043,1170,1274,1250,1246,1390,1391,1393,1454,1286,1619,1397,1294,1448,1557,1757,1853,2064,2166,2365,2617,2714,3214,2879,2865,3256,3221,3165,3063,2980,2874,2779,2812,2495,2670,2538,2452,2751,3027,3180,3284,3565,3722,3497,3622,3593,3809,3346,3356,3426,3423,3497,3596,3640,3612,3620,3684,3789,3704,3817,3833,3776,3693,3749,3538,3054,3383,3114,3069,3086,2838,3038,2607,2355,2287,2014,1533,1390,1738,1796,1715,1774,1732,1674,1506,1318,1229,1046,1003,810,728,590,477,332,237,195,121,69,43,82,-
"113年 2月/ 屏東縣/ 性別總計",793959,4110,3929,4359,4714,5114,5226,5691,5920,6059,6127,5508,6661,5751,5059,5512,5772,6041,6561,6888,7411,7715,8704,8900,10616,10009,9563,11438,11818,11751,11584,11095,10659,10436,10510,10007,10826,9497,9460,10274,11151,11623,12180,12376,12630,13062,12783,12461,13373,11746,11448,11497,11348,12244,12649,12700,12959,12708,13156,12983,13457,13250,13277,13200,12590,12768,11802,11098,11414,10793,10475,9870,9193,9575,8292,7116,6615,5800,4390,3675,4318,4255,4207,4104,3759,3380,2954,2677,2269,1933,1647,1308,1048,836,690,509,347,243,187,107,75,104,-
"113年 2月/ 屏東縣/ 男",402240,2116,2008,2271,2467,2668,2618,2960,3125,3165,3149,2828,3533,2986,2686,2847,3045,3150,3403,3623,3865,4022,4500,4554,5574,5258,5029,6001,6261,6243,6117,5904,5675,5547,5594,5272,5796,5130,5064,5414,5836,6102,6221,6361,6469,6788,6507,6404,6811,5978,5740,5789,5716,6178,6418,6385,6720,6663,6922,6607,6942,6678,6716,6688,6354,6368,5871,5340,5482,5228,5034,4759,4354,4599,3990,3250,3055,2685,1959,1626,1882,1904,1828,1784,1614,1432,1239,1122,914,758,624,514,387,290,273,176,158,93,76,48,26,37,-
"113年 2月/ 屏東縣/ 女",391719,1994,1921,2088,2247,2446,2608,2731,2795,2894,2978,2680,3128,2765,2373,2665,2727,2891,3158,3265,3546,3693,4204,4346,5042,4751,4534,5437,5557,5508,5467,5191,4984,4889,4916,4735,5030,4367,4396,4860,5315,5521,5959,6015,6161,6274,6276,6057,6562,5768,5708,5708,5632,6066,6231,6315,6239,6045,6234,6376,6515,6572,6561,6512,6236,6400,5931,5758,5932,5565,5441,5111,4839,4976,4302,3866,3560,3115,2431,2049,2436,2351,2379,2320,2145,1948,1715,1555,1355,1175,1023,794,661,546,417,333,189,150,111,59,49,67,-
"113年 2月/ 臺東縣/ 性別總計",211261,1334,1303,1372,1360,1426,1544,1570,1661,1668,1744,1579,1798,1657,1553,1566,1743,1764,1950,1934,2005,2163,2393,2453,2787,2750,2652,2991,3036,2963,2940,2840,2843,2864,2747,2584,2707,2419,2490,2643,2758,3083,3232,3206,3224,3187,3266,3144,3449,3212,3100,3223,3431,3479,3594,3480,3398,3497,3460,3506,3512,3581,3465,3287,3170,3260,3084,2866,2837,2872,2532,2465,2351,2427,1976,1892,1549,1554,1203,973,1083,1183,1061,1012,920,858,740,647,581,504,459,315,259,255,205,182,111,88,78,48,27,64,-
"113年 2月/ 臺東縣/ 男",107745,707,653,732,677,773,811,837,882,840,919,838,958,873,787,804,947,918,1029,1033,1055,1141,1229,1259,1458,1439,1355,1537,1567,1524,1583,1481,1506,1532,1511,1405,1432,1298,1307,1406,1447,1650,1659,1698,1666,1655,1669,1657,1729,1654,1631,1664,1807,1759,1937,1886,1810,1827,1866,1854,1862,1830,1783,1728,1629,1591,1556,1432,1446,1382,1210,1179,1073,1074,887,858,714,695,493,397,481,500,427,408,375,338,297,246,221,193,180,125,98,94,88,77,55,43,36,21,19,36,-
"113年 2月/ 臺東縣/ 女",103516,627,650,640,683,653,733,733,779,828,825,741,840,784,766,762,796,846,921,901,950,1022,1164,1194,1329,1311,1297,1454,1469,1439,1357,1359,1337,1332,1236,1179,1275,1121,1183,1237,1311,1433,1573,1508,1558,1532,1597,1487,1720,1558,1469,1559,1624,1720,1657,1594,1588,1670,1594,1652,1650,1751,1682,1559,1541,1669,1528,1434,1391,1490,1322,1286,1278,1353,1089,1034,835,859,710,576,602,683,634,604,545,520,443,401,360,311,279,190,161,161,117,105,56,45,42,27,8,28,-
"113年 2月/ 花蓮縣/ 性別總計",317030,1734,1950,2027,2067,2305,2401,2438,2556,2739,2623,2516,2781,2542,2270,2493,2530,2684,2756,2801,3011,3115,3395,3543,4096,4018,3761,4409,4670,4483,4505,4532,4336,4244,4244,3831,4097,3787,3645,4025,4506,4585,4722,5012,4952,4960,4953,4734,5226,4631,4729,4755,4739,4969,5154,5137,5045,4995,4844,5009,5147,4972,5108,5132,4843,4976,4722,4470,4545,4422,4150,3904,3617,3678,3131,2942,2354,2181,1871,1458,1637,1625,1630,1481,1399,1246,1080,995,832,749,628,523,444,347,320,252,164,135,121,68,37,77,-
"113年 2月/ 花蓮縣/ 男",159365,877,1036,1027,1088,1219,1275,1262,1294,1427,1388,1317,1451,1364,1194,1336,1306,1430,1474,1430,1558,1634,1778,1814,2136,2081,2031,2323,2423,2311,2335,2383,2336,2183,2251,2004,2177,2025,1923,2093,2312,2345,2415,2585,2526,2539,2551,2374,2624,2277,2366,2339,2343,2475,2545,2650,2588,2599,2541,2585,2555,2513,2568,2518,2400,2424,2267,2196,2238,2127,2049,1916,1696,1710,1475,1305,1025,987,821,621,684,678,674,593,576,483,444,389,315,296,237,179,182,138,122,104,76,58,55,33,20,45,-
"113年 2月/ 花蓮縣/ 女",157665,857,914,1000,979,1086,1126,1176,1262,1312,1235,1199,1330,1178,1076,1157,1224,1254,1282,1371,1453,1481,1617,1729,1960,1937,1730,2086,2247,2172,2170,2149,2000,2061,1993,1827,1920,1762,1722,1932,2194,2240,2307,2427,2426,2421,2402,2360,2602,2354,2363,2416,2396,2494,2609,2487,2457,2396,2303,2424,2592,2459,2540,2614,2443,2552,2455,2274,2307,2295,2101,1988,1921,1968,1656,1637,1329,1194,1050,837,953,947,956,888,823,763,636,606,517,453,391,344,262,209,198,148,88,77,66,35,17,32,-
"113年 2月/ 澎湖縣/ 性別總計",107723,705,779,827,790,822,671,623,684,667,696,640,731,595,585,654,636,739,810,998,1322,1364,1522,1427,1733,1539,1447,1729,1596,1732,1559,1654,1666,1511,1571,1422,1665,1503,1364,1488,1613,1630,1645,1663,1694,1706,1685,1537,1767,1524,1666,1493,1524,1632,1644,1570,1703,1593,1673,1663,1684,1614,1728,1754,1591,1665,1535,1507,1428,1334,1220,1231,1172,1179,1043,914,772,587,682,509,530,480,457,428,487,396,392,344,357,318,254,227,180,168,134,95,75,57,38,22,14,30,-
"113年 2月/ 澎湖縣/ 男",55166,344,384,416,433,400,374,349,356,354,371,344,381,316,288,339,342,380,419,532,737,765,821,783,962,856,781,954,857,908,815,901,901,810,846,732,880,777,723,771,833,828,821,820,825,819,881,761,841,760,837,771,775,878,831,840,863,826,886,864,886,872,906,901,797,855,790,783,749,700,598,590,561,568,492,435,374,260,315,237,237,228,190,196,191,158,161,145,154,116,94,78,63,63,44,35,31,20,12,5,4,10,-
"113年 2月/ 澎湖縣/ 女",52557,361,395,411,357,422,297,274,328,313,325,296,350,279,297,315,294,359,391,466,585,599,701,644,771,683,666,775,739,824,744,753,765,701,725,690,785,726,641,717,780,802,824,843,869,887,804,776,926,764,829,722,749,754,813,730,840,767,787,799,798,742,822,853,794,810,745,724,679,634,622,641,611,611,551,479,398,327,367,272,293,252,267,232,296,238,231,199,203,202,160,149,117,105,90,60,44,37,26,17,10,20,-
"113年 2月/ 基隆市/ 性別總計",361952,1284,1584,1787,2021,2163,2381,2432,2746,2839,2650,2497,3068,2611,2254,2563,2653,2874,2927,2891,3062,3163,3613,3736,4700,4540,4214,5042,5179,5282,5045,5189,4911,4937,5183,4528,5038,4336,4177,4526,4862,5136,5576,5819,5552,5849,5729,5607,6068,5382,5572,5455,5552,5787,5918,6024,6031,6001,5991,6197,6232,6256,6276,6262,6002,6171,6083,5397,5612,5328,5068,4856,4755,4455,3810,3473,2942,2532,1754,1268,1739,1781,1701,1523,1650,1440,1162,1030,856,712,624,533,410,372,281,212,181,139,97,79,51,113,-
"113年 2月/ 基隆市/ 男",179923,673,833,961,1050,1135,1238,1283,1382,1505,1316,1302,1572,1324,1185,1291,1408,1499,1528,1468,1631,1686,1913,1990,2432,2366,2153,2640,2761,2768,2602,2757,2600,2655,2791,2429,2677,2296,2165,2304,2544,2650,2817,2931,2794,2953,2767,2706,3073,2635,2778,2689,2731,2896,2890,2995,2977,3001,2936,3058,3051,3129,3099,3070,2919,2983,2942,2577,2638,2518,2385,2239,2211,2017,1758,1558,1364,1190,779,548,715,774,707,622,695,540,418,347,315,229,237,192,147,141,101,87,70,52,45,36,29,59,-
"113年 2月/ 基隆市/ 女",182029,611,751,826,971,1028,1143,1149,1364,1334,1334,1195,1496,1287,1069,1272,1245,1375,1399,1423,1431,1477,1700,1746,2268,2174,2061,2402,2418,2514,2443,2432,2311,2282,2392,2099,2361,2040,2012,2222,2318,2486,2759,2888,2758,2896,2962,2901,2995,2747,2794,2766,2821,2891,3028,3029,3054,3000,3055,3139,3181,3127,3177,3192,3083,3188,3141,2820,2974,2810,2683,2617,2544,2438,2052,1915,1578,1342,975,720,1024,1007,994,901,955,900,744,683,541,483,387,341,263,231,180,125,111,87,52,43,22,54,-
"113年 2月/ 新竹市/ 性別總計",456690,2935,3354,3879,4032,4488,4588,5028,5394,5704,5958,5362,6447,5599,4363,4996,4884,4962,4792,4539,4675,4593,5035,5070,5676,5271,4827,5711,5788,5872,5699,5844,5926,5959,6320,6006,6591,6178,5963,6736,7510,7872,8573,9045,9037,9015,8718,7988,8831,7479,7064,6711,6784,6886,6826,6749,6457,6110,5994,6043,5891,5962,5866,5562,5362,5352,5272,4708,4815,4619,4550,4363,4040,4179,3302,3060,2717,2314,2061,1496,1770,1763,1697,1517,1453,1274,1129,984,836,745,623,509,454,376,316,259,212,165,122,91,65,103,-
"113年 2月/ 新竹市/ 男",225380,1530,1738,1974,2131,2356,2371,2610,2730,2945,3118,2775,3313,2942,2283,2551,2651,2634,2469,2360,2434,2396,2672,2650,2936,2727,2512,2970,3011,3032,2973,2940,3082,3110,3304,3054,3325,3111,2971,3272,3585,3789,4230,4357,4356,4293,4267,3877,4363,3657,3499,3341,3322,3353,3382,3261,3129,3043,2939,2967,2900,2909,2868,2666,2589,2515,2497,2195,2197,2126,2110,2026,1848,1862,1512,1350,1180,1046,917,612,734,717,697,598,553,480,409,355,307,279,238,200,180,149,128,93,89,83,67,47,31,48,-
"113年 2月/ 新竹市/ 女",231310,1405,1616,1905,1901,2132,2217,2418,2664,2759,2840,2587,3134,2657,2080,2445,2233,2328,2323,2179,2241,2197,2363,2420,2740,2544,2315,2741,2777,2840,2726,2904,2844,2849,3016,2952,3266,3067,2992,3464,3925,4083,4343,4688,4681,4722,4451,4111,4468,3822,3565,3370,3462,3533,3444,3488,3328,3067,3055,3076,2991,3053,2998,2896,2773,2837,2775,2513,2618,2493,2440,2337,2192,2317,1790,1710,1537,1268,1144,884,1036,1046,1000,919,900,794,720,629,529,466,385,309,274,227,188,166,123,82,55,44,34,55,-
"113年 2月/ 嘉義市/ 性別總計",263323,1255,1332,1604,1750,1944,2150,2329,2487,2578,2552,2376,3006,2704,2183,2472,2440,2586,2562,2519,2703,2815,2985,3086,3847,3646,3197,3825,3781,3783,3606,3580,3425,3348,3460,3141,3457,3166,3060,3526,3783,3887,4094,4334,4176,4341,4365,4103,4546,3890,3843,3697,3799,3968,4047,4167,4014,3937,4105,4019,3976,4058,3927,3901,3723,3606,3576,3209,3439,3284,3071,2959,2859,2959,2382,2192,2002,1849,1396,1094,1294,1351,1204,1158,1117,1004,860,795,710,630,502,441,335,267,218,176,134,105,68,43,23,45,-
"113年 2月/ 嘉義市/ 男",126486,626,690,806,935,971,1124,1253,1246,1261,1319,1271,1543,1465,1113,1288,1328,1348,1278,1283,1434,1480,1552,1612,1998,1915,1661,1938,1876,1903,1875,1858,1763,1703,1747,1593,1700,1619,1441,1642,1865,1851,1927,1998,1960,2063,2055,1905,2053,1785,1738,1659,1746,1785,1849,1947,1879,1827,1968,1921,1900,1910,1852,1827,1754,1678,1715,1482,1595,1564,1401,1377,1316,1321,1019,958,862,821,579,468,536,548,471,464,454,404,324,273,255,250,168,168,117,108,90,63,46,40,28,15,6,20,-
"113年 2月/ 嘉義市/ 女",136837,629,642,798,815,973,1026,1076,1241,1317,1233,1105,1463,1239,1070,1184,1112,1238,1284,1236,1269,1335,1433,1474,1849,1731,1536,1887,1905,1880,1731,1722,1662,1645,1713,1548,1757,1547,1619,1884,1918,2036,2167,2336,2216,2278,2310,2198,2493,2105,2105,2038,2053,2183,2198,2220,2135,2110,2137,2098,2076,2148,2075,2074,1969,1928,1861,1727,1844,1720,1670,1582,1543,1638,1363,1234,1140,1028,817,626,758,803,733,694,663,600,536,522,455,380,334,273,218,159,128,113,88,65,40,28,17,25,-
"113年 2月/ 金門縣/ 性別總計",144141,633,687,829,761,845,790,749,780,833,814,742,866,775,731,815,824,944,915,1301,1699,1730,1964,1864,2305,2043,1880,2461,2401,2530,2520,2417,2396,2093,2268,2069,2246,2030,1860,2022,2112,2026,2083,2078,1896,2103,2029,2001,2132,2007,2017,2069,2163,2337,2506,2557,2536,2458,2804,2834,2835,2812,2729,2422,2548,2491,2297,2365,2151,1913,1913,1453,1507,1225,1056,947,768,688,576,562,611,567,510,496,430,416,411,400,307,297,226,228,182,140,104,94,78,50,44,38,19,55,-
"113年 2月/ 金門縣/ 男",71527,338,351,432,390,436,401,378,408,434,429,379,452,417,393,408,416,524,466,671,834,902,1022,935,1185,1025,944,1247,1212,1293,1221,1246,1213,1046,1137,1062,1135,1058,941,1001,1021,1009,1053,1004,937,1013,952,881,1032,951,971,1007,1061,1173,1271,1278,1260,1200,1298,1415,1373,1359,1343,1225,1326,1255,1155,1206,1077,952,943,734,752,587,509,460,387,339,280,273,296,271,253,225,195,186,180,176,129,117,93,81,68,45,27,22,13,16,7,9,4,10,-
"113年 2月/ 金門縣/ 女",72614,295,336,397,371,409,389,371,372,399,385,363,414,358,338,407,408,420,449,630,865,828,942,929,1120,1018,936,1214,1189,1237,1299,1171,1183,1047,1131,1007,1111,972,919,1021,1091,1017,1030,1074,959,1090,1077,1120,1100,1056,1046,1062,1102,1164,1235,1279,1276,1258,1506,1419,1462,1453,1386,1197,1222,1236,1142,1159,1074,961,970,719,755,638,547,487,381,349,296,289,315,296,257,271,235,230,231,224,178,180,133,147,114,95,77,72,65,34,37,29,15,45,-
"113年 2月/ 連江縣/ 性別總計",14005,94,107,103,92,114,99,91,84,97,95,78,91,108,86,83,97,108,101,106,99,162,178,181,201,241,203,241,280,246,223,289,267,279,252,216,236,177,185,202,218,190,227,204,223,236,213,175,218,209,213,218,203,229,248,215,171,237,240,258,217,259,226,214,202,238,202,178,190,180,151,141,127,95,84,83,87,83,63,38,37,37,37,30,22,33,28,35,17,18,22,18,11,11,12,8,11,4,4,4,2,9,-
"113年 2月/ 連江縣/ 男",8067,62,55,56,53,55,55,49,50,53,44,41,48,56,46,47,57,56,56,63,50,89,99,103,134,154,127,141,167,145,127,156,167,183,139,129,130,109,109,116,125,114,125,128,108,146,121,83,120,115,127,121,117,137,153,124,110,143,150,153,126,157,129,126,131,144,117,104,114,96,90,88,71,52,54,40,40,41,33,21,27,22,14,15,9,22,14,14,11,8,9,4,4,5,2,4,5,1,1,3,-,3,-
"113年 2月/ 連江縣/ 女",5938,32,52,47,39,59,44,42,34,44,51,37,43,52,40,36,40,52,45,43,49,73,79,78,67,87,76,100,113,101,96,133,100,96,113,87,106,68,76,86,93,76,102,76,115,90,92,92,98,94,86,97,86,92,95,91,61,94,90,105,91,102,97,88,71,94,85,74,76,84,61,53,56,43,30,43,47,42,30,17,10,15,23,15,13,11,14,21,6,10,13,14,7,6,10,4,6,3,3,1,2,6,-
"113年 3月/ 區域別總計/ 性別總計",23416375,129684,140342,155426,162766,175812,182147,193851,208474,214557,216531,196447,233711,208272,171827,190604,196636,206508,205316,206756,215795,223291,242643,249459,297641,285099,266747,311703,319552,322065,321163,321949,318224,314875,327685,313201,336268,307740,298538,331804,361290,372525,395773,408454,405067,411828,403202,380179,411982,360626,349198,344564,343077,349179,358992,360454,357616,348088,351815,353786,361349,362262,361398,351149,340172,340068,338437,303443,315248,303742,291627,274049,264196,262191,225759,203097,176901,153346,123302,93773,109086,108718,102360,96282,91551,82998,71037,62525,53852,46872,40186,33193,27679,23892,19234,15008,11280,8322,6171,4156,2604,5056,-
"113年 3月/ 區域別總計/ 男",11546626,67206,72530,80329,84390,90972,94192,100374,107838,111445,111951,101691,120819,107925,89355,99368,102459,107839,107279,107689,112768,116923,126559,129444,154953,148499,138462,161893,165214,166474,165798,166051,164875,163500,169829,161066,172328,157104,150549,166224,179832,185167,195184,200934,198773,202522,197858,185971,201753,176009,169535,167905,166315,170036,175120,175717,174591,169802,171639,171837,175279,174968,174294,169412,163898,162278,161372,144068,149069,143722,136711,128209,122954,120751,104536,92607,80181,69569,55086,41204,47349,46979,43349,40402,37727,33248,27913,23934,20466,17423,14860,12348,10602,9429,7906,6124,4739,3478,2534,1758,1082,2144,-
"113年 3月/ 區域別總計/ 女",11869749,62478,67812,75097,78376,84840,87955,93477,100636,103112,104580,94756,112892,100347,82472,91236,94177,98669,98037,99067,103027,106368,116084,120015,142688,136600,128285,149810,154338,155591,155365,155898,153349,151375,157856,152135,163940,150636,147989,165580,181458,187358,200589,207520,206294,209306,205344,194208,210229,184617,179663,176659,176762,179143,183872,184737,183025,178286,180176,181949,186070,187294,187104,181737,176274,177790,177065,159375,166179,160020,154916,145840,141242,141440,121223,110490,96720,83777,68216,52569,61737,61739,59011,55880,53824,49750,43124,38591,33386,29449,25326,20845,17077,14463,11328,8884,6541,4844,3637,2398,1522,2912,-
"113年 3月/ 新北市/ 性別總計",4042587,18343,22786,25153,26290,28671,29857,31871,34773,35642,36070,32536,38309,33689,28274,31571,32868,34600,34330,34023,35805,36908,39954,41273,49766,47594,44634,51846,53607,54400,54182,55638,55092,55146,57556,54814,58989,53920,51728,58718,63639,65722,70003,72935,72425,74331,73128,68595,74807,64749,63520,62155,61408,61942,63304,63794,62825,60755,61652,62695,64119,64982,64410,62374,60828,60796,61507,54634,57144,55444,53029,49979,48041,47220,39593,35768,30512,25736,20536,15088,17279,16880,15466,14097,13179,11541,9430,8257,6993,5968,5011,4193,3510,3060,2555,2020,1595,1216,889,673,452,973,-
"113年 3月/ 新北市/ 男",1965503,9438,11756,12944,13589,14845,15353,16333,17956,18493,18598,16843,19829,17287,14720,16450,17178,18012,18030,17618,18830,19453,20851,21536,25877,24797,23096,26923,27725,28082,27942,28801,28674,28635,29905,28092,30175,27220,25870,29381,31684,32494,34408,35704,35355,36453,35637,33229,36441,31246,30456,29740,29547,29639,30260,30224,29359,28426,28662,28819,29500,29868,29526,28737,27929,27491,28026,24752,25827,25409,23855,22612,21591,21343,17960,16078,13576,11590,9184,6622,7592,7276,6509,5871,5352,4469,3566,3021,2583,2149,1813,1564,1390,1274,1135,931,697,539,375,320,201,480,-
"113年 3月/ 新北市/ 女",2077084,8905,11030,12209,12701,13826,14504,15538,16817,17149,17472,15693,18480,16402,13554,15121,15690,16588,16300,16405,16975,17455,19103,19737,23889,22797,21538,24923,25882,26318,26240,26837,26418,26511,27651,26722,28814,26700,25858,29337,31955,33228,35595,37231,37070,37878,37491,35366,38366,33503,33064,32415,31861,32303,33044,33570,33466,32329,32990,33876,34619,35114,34884,33637,32899,33305,33481,29882,31317,30035,29174,27367,26450,25877,21633,19690,16936,14146,11352,8466,9687,9604,8957,8226,7827,7072,5864,5236,4410,3819,3198,2629,2120,1786,1420,1089,898,677,514,353,251,493,-
"113年 3月/ 臺北市/ 性別總計",2509740,14909,14321,16062,17170,19215,19790,20645,22967,23938,24896,22687,26874,24255,19811,20864,20247,21202,19944,19120,19245,19440,21276,21294,25934,25265,23572,27538,28178,29428,29473,29435,29653,29580,31747,31103,34049,31379,30847,34824,38040,39158,42073,43829,42585,43651,42522,38448,44443,37704,36847,36264,35769,36773,37903,38016,37682,36377,36407,37032,38342,38205,38012,37233,37095,37738,38801,35856,37448,36996,35675,34436,34010,33673,30064,28046,24549,21617,17519,12729,14414,14441,13494,12438,11905,10581,9414,8073,7068,6280,5318,4667,4064,3667,2956,2413,1878,1486,1081,747,501,1110,-
"113年 3月/ 臺北市/ 男",1185249,7683,7345,8240,8868,9870,10178,10646,11901,12342,12769,11730,13838,12613,10255,10785,10539,10953,10279,10037,10057,10033,11044,10927,13355,13046,12145,14055,14160,14727,14779,14572,14585,14571,15478,15054,16042,14808,14281,16204,17758,18323,19770,20406,19854,20254,19705,17895,20766,17218,17040,17059,16529,16912,17499,17303,17285,16694,16790,16982,17660,17498,17323,16866,17076,16985,17549,16234,16794,16952,16316,15680,15361,15094,13379,12339,10947,9565,7834,5573,6150,6068,5719,5061,4793,4084,3593,2966,2551,2290,1934,1761,1624,1470,1291,1024,839,648,470,330,213,509,-
"113年 3月/ 臺北市/ 女",1324491,7226,6976,7822,8302,9345,9612,9999,11066,11596,12127,10957,13036,11642,9556,10079,9708,10249,9665,9083,9188,9407,10232,10367,12579,12219,11427,13483,14018,14701,14694,14863,15068,15009,16269,16049,18007,16571,16566,18620,20282,20835,22303,23423,22731,23397,22817,20553,23677,20486,19807,19205,19240,19861,20404,20713,20397,19683,19617,20050,20682,20707,20689,20367,20019,20753,21252,19622,20654,20044,19359,18756,18649,18579,16685,15707,13602,12052,9685,7156,8264,8373,7775,7377,7112,6497,5821,5107,4517,3990,3384,2906,2440,2197,1665,1389,1039,838,611,417,288,601,-
"113年 3月/ 桃園市/ 性別總計",2321618,16611,17358,18664,19349,20680,21066,22221,23649,23840,24117,21778,25692,23165,18582,20670,21548,22522,22181,22379,23041,23790,25808,26538,31492,29632,28154,32703,33213,33769,34190,34131,34203,33587,35440,33966,36274,32742,31459,34913,38038,39419,41879,43204,42399,42270,40907,38672,41248,35921,34485,33954,33879,34147,34819,34704,33762,32696,32468,32922,33541,33108,32505,30878,29541,30048,29969,26693,27855,26346,25478,23241,22794,22242,18138,16190,14305,11692,9784,7239,8189,8128,7510,6858,6424,5630,4798,4257,3563,3103,2664,2193,1987,1799,1578,1268,981,685,516,380,210,400,-
"113年 3月/ 桃園市/ 男",1144368,8553,8902,9633,10025,10678,10995,11469,12225,12381,12566,11277,13348,11968,9602,10831,11249,11824,11654,11723,12115,12517,13344,13874,16405,15295,14667,16721,17096,17218,17566,17404,17349,17212,18037,17324,18372,16539,15752,17229,18683,19472,20367,21210,20563,20588,20193,18814,20378,17633,16607,16530,16312,16587,16843,16866,16306,15722,15553,15800,16091,15660,15628,14579,14140,14234,14080,12593,12910,12399,11742,10608,10612,10100,8245,7320,6440,5210,4313,3134,3457,3477,3061,2859,2606,2182,1826,1608,1307,1153,982,936,884,912,839,653,524,362,261,185,104,186,-
"113年 3月/ 桃園市/ 女",1177250,8058,8456,9031,9324,10002,10071,10752,11424,11459,11551,10501,12344,11197,8980,9839,10299,10698,10527,10656,10926,11273,12464,12664,15087,14337,13487,15982,16117,16551,16624,16727,16854,16375,17403,16642,17902,16203,15707,17684,19355,19947,21512,21994,21836,21682,20714,19858,20870,18288,17878,17424,17567,17560,17976,17838,17456,16974,16915,17122,17450,17448,16877,16299,15401,15814,15889,14100,14945,13947,13736,12633,12182,12142,9893,8870,7865,6482,5471,4105,4732,4651,4449,3999,3818,3448,2972,2649,2256,1950,1682,1257,1103,887,739,615,457,323,255,195,106,214,-
"113年 3月/ 臺中市/ 性別總計",2849578,16797,19046,21145,21904,23818,25339,27109,28821,29355,29430,26418,31602,27994,22922,25014,25972,27474,26835,26687,27825,28278,31024,32072,38322,36816,34450,40525,41832,41740,41488,41476,41289,40995,42548,40913,43227,39889,38719,42987,46523,47001,50080,50961,50591,51133,49678,46645,49197,43682,40803,40997,40954,41350,42553,42771,42406,41619,41170,41279,42142,42009,41281,39801,38634,37970,38043,33513,34726,33375,32171,30083,28391,27681,24286,21041,18153,15338,12680,9607,10817,10479,10105,9380,8846,7995,6750,5793,5231,4230,3573,2995,2547,2138,1689,1314,1002,751,552,352,234,390,-
"113年 3月/ 臺中市/ 男",1392917,8846,9924,10942,11335,12337,13102,14024,14959,15350,15247,13594,16310,14425,11972,13088,13520,14078,14063,13805,14348,14672,16097,16489,19644,19144,17757,21074,21372,21417,21143,21092,21102,21013,21591,20705,22095,19955,19315,21219,22897,23032,24443,24963,24553,24936,24101,22522,23477,20831,19419,19427,19108,19454,19958,20091,20081,19552,19345,19518,19634,19704,19420,18690,18340,17678,17831,15677,16327,15640,14930,13899,13244,12650,11222,9708,8277,6992,5523,4175,4645,4441,4265,3876,3601,3231,2618,2210,1991,1556,1361,1085,980,825,759,555,447,325,247,172,118,175,-
"113年 3月/ 臺中市/ 女",1456661,7951,9122,10203,10569,11481,12237,13085,13862,14005,14183,12824,15292,13569,10950,11926,12452,13396,12772,12882,13477,13606,14927,15583,18678,17672,16693,19451,20460,20323,20345,20384,20187,19982,20957,20208,21132,19934,19404,21768,23626,23969,25637,25998,26038,26197,25577,24123,25720,22851,21384,21570,21846,21896,22595,22680,22325,22067,21825,21761,22508,22305,21861,21111,20294,20292,20212,17836,18399,17735,17241,16184,15147,15031,13064,11333,9876,8346,7157,5432,6172,6038,5840,5504,5245,4764,4132,3583,3240,2674,2212,1910,1567,1313,930,759,555,426,305,180,116,215,-
"113年 3月/ 臺南市/ 性別總計",1860072,8948,9948,11296,11967,13395,13963,15097,15853,16829,16671,15207,18517,16076,12860,14640,15222,15858,15541,15706,16106,16615,17997,18695,22658,21740,20076,24102,24396,25015,24934,25289,24689,24635,25896,24903,27282,24863,24369,26984,29675,30469,32413,33073,32848,33322,32529,30584,33106,28491,27502,26502,26688,26971,28134,28540,28592,28100,28888,28922,29481,29872,29995,29889,28936,28343,27883,25191,26000,24570,23334,21768,20842,20682,18100,16206,13896,12533,9144,7296,8808,9046,8003,7958,7592,6901,6129,5404,4688,4361,3855,3021,2309,2122,1712,1238,931,633,450,290,186,287,-
"113年 3月/ 臺南市/ 男",922984,4605,5153,5940,6245,6945,7242,7770,8270,8702,8613,7840,9440,8473,6716,7624,7753,8357,8092,8162,8375,8710,9416,9588,11840,11341,10510,12656,12653,13129,12908,12993,12837,12876,13445,12967,14174,12843,12415,13559,14891,15201,16011,16306,16311,16579,16356,15291,16378,13968,13431,13025,12745,13224,13642,13885,14063,13661,14161,14203,14397,14625,14641,14658,14056,13882,13604,12358,12758,11915,11265,10408,10073,9705,8654,7578,6404,5683,4119,3260,3777,3938,3379,3339,3133,2724,2400,2111,1825,1656,1389,1067,844,763,629,476,340,240,158,109,61,74,-
"113年 3月/ 臺南市/ 女",937088,4343,4795,5356,5722,6450,6721,7327,7583,8127,8058,7367,9077,7603,6144,7016,7469,7501,7449,7544,7731,7905,8581,9107,10818,10399,9566,11446,11743,11886,12026,12296,11852,11759,12451,11936,13108,12020,11954,13425,14784,15268,16402,16767,16537,16743,16173,15293,16728,14523,14071,13477,13943,13747,14492,14655,14529,14439,14727,14719,15084,15247,15354,15231,14880,14461,14279,12833,13242,12655,12069,11360,10769,10977,9446,8628,7492,6850,5025,4036,5031,5108,4624,4619,4459,4177,3729,3293,2863,2705,2466,1954,1465,1359,1083,762,591,393,292,181,125,213,-
"113年 3月/ 高雄市/ 性別總計",2736577,15109,15933,17649,18095,19203,19639,21218,22656,23312,23408,21312,25362,22602,18105,20921,22032,22973,23060,23407,23725,25213,27189,27771,34322,32883,30227,35742,36882,36977,37303,37293,36279,36582,37932,35666,39038,35009,33841,37530,41501,42595,45352,47020,47288,48610,47881,45721,50126,44093,42797,42322,41696,42564,43839,42981,43227,41599,42316,41656,42051,42167,42800,41350,40347,40089,40207,37196,38427,38017,36088,34606,33036,33535,29418,25779,22312,19468,14848,11777,13571,13239,12072,11316,10442,9450,7895,6827,5632,4856,4152,3285,2735,2277,1927,1432,1064,770,557,353,230,393,-
"113年 3月/ 高雄市/ 男",1341724,7849,8234,9170,9318,9858,10127,11099,11652,12158,12150,11023,13065,11749,9334,10826,11326,12128,11928,12205,12407,13012,14140,14335,17974,16932,15496,18430,19008,19026,19275,19254,18814,18949,19671,18192,19940,17886,17144,18945,20594,21167,22361,23178,23211,23903,23298,22225,24583,21479,20640,20530,20108,20727,21419,20935,21127,20438,20536,20174,20359,20188,20391,19701,19000,18947,18814,17265,17785,17419,16592,15883,14916,15191,13387,11515,9981,8840,6584,5112,5898,5781,5061,4829,4259,3749,3074,2552,2164,1790,1594,1291,1102,985,830,637,513,375,257,167,110,174,-
"113年 3月/ 高雄市/ 女",1394853,7260,7699,8479,8777,9345,9512,10119,11004,11154,11258,10289,12297,10853,8771,10095,10706,10845,11132,11202,11318,12201,13049,13436,16348,15951,14731,17312,17874,17951,18028,18039,17465,17633,18261,17474,19098,17123,16697,18585,20907,21428,22991,23842,24077,24707,24583,23496,25543,22614,22157,21792,21588,21837,22420,22046,22100,21161,21780,21482,21692,21979,22409,21649,21347,21142,21393,19931,20642,20598,19496,18723,18120,18344,16031,14264,12331,10628,8264,6665,7673,7458,7011,6487,6183,5701,4821,4275,3468,3066,2558,1994,1633,1292,1097,795,551,395,300,186,120,219,-
"113年 3月/ 宜蘭縣/ 性別總計",449492,2315,2447,2904,3015,3231,3287,3553,3829,3865,3753,3554,4161,3808,3279,3584,3692,3715,3830,4068,4241,4449,4771,4944,5790,5704,5425,6518,6640,6639,6469,6505,6401,6203,6263,5953,6209,5650,5301,5837,6261,6618,6826,7045,7026,7090,6922,6666,7278,6511,6622,6546,6594,6571,7145,7299,7188,7106,7073,6910,7434,7370,7293,7152,6866,6845,6560,5823,6106,5736,5451,5164,4777,4909,4058,3646,3194,2731,2437,1864,2391,2417,2536,2297,2322,2165,1811,1672,1387,1220,1046,838,684,590,457,343,248,179,140,94,43,97,-
"113年 3月/ 宜蘭縣/ 男",225560,1185,1254,1538,1538,1656,1672,1834,1968,2008,1954,1886,2185,1981,1677,1859,1941,1898,1973,2113,2162,2338,2509,2511,3036,3008,2805,3421,3541,3493,3391,3380,3354,3293,3374,3149,3275,3028,2738,3022,3154,3334,3490,3461,3572,3554,3403,3370,3640,3119,3306,3259,3280,3309,3600,3719,3635,3591,3635,3422,3750,3730,3624,3581,3386,3391,3205,2815,3092,2818,2656,2454,2298,2317,1933,1711,1470,1267,1148,842,1049,1112,1110,959,997,917,758,655,528,480,387,319,240,206,172,110,84,70,44,33,15,26,-
"113年 3月/ 宜蘭縣/ 女",223932,1130,1193,1366,1477,1575,1615,1719,1861,1857,1799,1668,1976,1827,1602,1725,1751,1817,1857,1955,2079,2111,2262,2433,2754,2696,2620,3097,3099,3146,3078,3125,3047,2910,2889,2804,2934,2622,2563,2815,3107,3284,3336,3584,3454,3536,3519,3296,3638,3392,3316,3287,3314,3262,3545,3580,3553,3515,3438,3488,3684,3640,3669,3571,3480,3454,3355,3008,3014,2918,2795,2710,2479,2592,2125,1935,1724,1464,1289,1022,1342,1305,1426,1338,1325,1248,1053,1017,859,740,659,519,444,384,285,233,164,109,96,61,28,71,-
"113年 3月/ 新竹縣/ 性別總計",590305,4036,4664,5276,5657,5743,6172,6329,6948,7001,7080,6394,7385,6758,5455,5999,6027,6444,6012,6089,6179,6303,6627,6769,7767,7160,6758,7843,8051,7947,8275,8234,8244,8192,8812,8281,8863,8128,7980,8906,9663,10068,10882,11204,11112,11170,10799,10297,11034,9441,9198,9219,8779,8801,8840,8713,8353,7907,7741,8075,7772,7894,7705,7475,7128,6669,6650,5641,5979,5454,5237,4827,4490,4733,3931,3502,3166,2629,2346,1829,2235,2271,2198,2288,2085,1907,1680,1497,1324,1127,951,781,639,535,433,340,282,191,147,90,69,94,-
"113年 3月/ 新竹縣/ 男",300442,2070,2477,2660,2926,3014,3194,3323,3606,3715,3612,3250,3751,3506,2846,3159,3201,3328,3164,3213,3267,3267,3492,3585,4074,3739,3590,4181,4205,4204,4239,4432,4460,4394,4709,4409,4614,4274,4129,4559,4803,5055,5400,5522,5504,5501,5264,4990,5425,4757,4568,4688,4433,4454,4518,4475,4246,4052,3971,4166,4029,4034,3904,3879,3703,3445,3487,2910,2981,2749,2587,2372,2189,2249,1884,1692,1504,1221,1106,847,1024,1015,981,1000,951,819,744,644,569,443,385,309,263,236,177,139,111,76,59,29,30,36,-
"113年 3月/ 新竹縣/ 女",289863,1966,2187,2616,2731,2729,2978,3006,3342,3286,3468,3144,3634,3252,2609,2840,2826,3116,2848,2876,2912,3036,3135,3184,3693,3421,3168,3662,3846,3743,4036,3802,3784,3798,4103,3872,4249,3854,3851,4347,4860,5013,5482,5682,5608,5669,5535,5307,5609,4684,4630,4531,4346,4347,4322,4238,4107,3855,3770,3909,3743,3860,3801,3596,3425,3224,3163,2731,2998,2705,2650,2455,2301,2484,2047,1810,1662,1408,1240,982,1211,1256,1217,1288,1134,1088,936,853,755,684,566,472,376,299,256,201,171,115,88,61,39,58,-
"113年 3月/ 苗栗縣/ 性別總計",533971,2258,2496,2902,3274,3495,4034,4448,4769,5086,5068,4620,5475,4843,3942,4444,4584,4859,5003,4962,5345,5465,6125,6201,6947,6772,6168,7193,7576,7413,7398,7507,7368,7226,7278,7194,7368,7088,6693,7480,8073,8629,9196,9263,8938,9056,8846,8255,8614,7782,7407,7590,7620,7787,8018,8108,8024,7749,7838,7867,8316,8389,8475,8280,7954,7983,7608,6673,6998,6317,6420,5761,5732,5395,4879,4278,3869,3438,2980,2326,2733,2749,2739,2650,2626,2442,2003,1979,1640,1373,1286,1010,861,754,512,455,346,246,195,105,63,106,-
"113年 3月/ 苗栗縣/ 男",274538,1184,1307,1456,1707,1843,2068,2314,2513,2606,2592,2391,2784,2510,2053,2333,2409,2526,2628,2614,2851,2962,3348,3258,3612,3592,3300,3864,3917,4033,4026,4123,3985,3990,3956,3945,3989,3848,3545,3950,4226,4445,4709,4786,4568,4545,4476,4227,4337,3957,3839,3963,3929,4030,4186,4222,4212,4088,4059,4133,4322,4317,4405,4214,4118,4083,3963,3374,3613,3203,3216,2923,2767,2547,2384,2022,1787,1606,1416,1054,1270,1210,1212,1188,1140,1105,857,854,640,603,503,397,326,283,226,159,133,85,59,41,17,27,-
"113年 3月/ 苗栗縣/ 女",259433,1074,1189,1446,1567,1652,1966,2134,2256,2480,2476,2229,2691,2333,1889,2111,2175,2333,2375,2348,2494,2503,2777,2943,3335,3180,2868,3329,3659,3380,3372,3384,3383,3236,3322,3249,3379,3240,3148,3530,3847,4184,4487,4477,4370,4511,4370,4028,4277,3825,3568,3627,3691,3757,3832,3886,3812,3661,3779,3734,3994,4072,4070,4066,3836,3900,3645,3299,3385,3114,3204,2838,2965,2848,2495,2256,2082,1832,1564,1272,1463,1539,1527,1462,1486,1337,1146,1125,1000,770,783,613,535,471,286,296,213,161,136,64,46,79,-
"113年 3月/ 彰化縣/ 性別總計",1235255,8308,8321,8938,9046,9334,9240,9668,10506,10814,10827,9781,11873,10564,8809,10137,10673,10919,11426,11677,12738,13221,14196,14597,17085,16260,15390,17463,17941,17472,17271,17469,17466,16903,17362,16713,17710,16562,16270,17631,19238,19519,20381,21107,20656,21047,20576,19499,20179,18235,17489,16936,16811,16973,17289,17414,17491,17318,17772,17751,18667,18505,18769,18281,17630,17555,17548,15095,16170,15227,14652,13531,13355,13205,11594,10561,9161,8244,6590,5049,6030,6326,6083,5820,5596,5416,4625,4134,3731,3201,2789,2390,1914,1529,1173,887,615,434,332,224,120,235,-
"113年 3月/ 彰化縣/ 男",626324,4308,4272,4652,4709,4846,4832,5070,5456,5612,5684,5064,6250,5479,4624,5333,5524,5800,6121,6120,6651,6941,7481,7621,8968,8519,7934,8996,9440,9093,8913,8965,9115,8925,9162,8817,9301,8739,8469,9123,9998,9962,10281,10825,10422,10767,10561,9977,10272,9503,8899,8628,8594,8683,8896,9031,9075,8820,9147,9167,9579,9395,9561,9438,8910,8770,8891,7572,8103,7526,7116,6646,6460,6425,5591,4954,4259,3886,2958,2285,2709,2833,2656,2523,2400,2223,1864,1607,1443,1152,976,825,648,506,370,275,180,127,92,65,26,62,-
"113年 3月/ 彰化縣/ 女",608931,4000,4049,4286,4337,4488,4408,4598,5050,5202,5143,4717,5623,5085,4185,4804,5149,5119,5305,5557,6087,6280,6715,6976,8117,7741,7456,8467,8501,8379,8358,8504,8351,7978,8200,7896,8409,7823,7801,8508,9240,9557,10100,10282,10234,10280,10015,9522,9907,8732,8590,8308,8217,8290,8393,8383,8416,8498,8625,8584,9088,9110,9208,8843,8720,8785,8657,7523,8067,7701,7536,6885,6895,6780,6003,5607,4902,4358,3632,2764,3321,3493,3427,3297,3196,3193,2761,2527,2288,2049,1813,1565,1266,1023,803,612,435,307,240,159,94,173,-
"113年 3月/ 南投縣/ 性別總計",475921,2293,2415,2606,2878,3017,3119,3414,3685,3689,3762,3275,4115,3698,3263,3488,3632,3886,4139,4224,4598,4710,5232,5540,6175,6098,5831,6662,6718,6707,6860,6657,6580,6261,6310,6019,6251,5895,5569,6187,6489,6865,7121,7328,7355,7431,7186,6875,7394,6648,6358,6359,6653,6936,7262,7434,7733,7296,7837,7636,8042,8119,8327,8023,7764,7730,7440,6657,6806,6529,6374,5796,5713,5593,4888,4474,3976,3390,2786,2344,2596,2468,2741,2575,2519,2418,1980,1795,1513,1411,1139,976,816,699,535,408,287,183,171,96,64,106,-
"113年 3月/ 南投縣/ 男",242311,1180,1252,1387,1523,1569,1624,1764,1923,1926,1934,1734,2145,1893,1711,1824,1871,2015,2148,2177,2386,2452,2676,2972,3166,3261,3083,3477,3451,3524,3643,3514,3547,3469,3421,3256,3448,3221,2981,3314,3418,3661,3732,3712,3792,3827,3663,3491,3776,3416,3166,3132,3369,3539,3703,3760,4020,3743,4029,3945,4107,4165,4190,4074,3940,3968,3758,3351,3394,3243,3196,2924,2818,2681,2422,2116,1904,1537,1292,1047,1145,1131,1199,1119,1024,1030,857,734,594,536,442,351,308,288,185,148,110,70,68,28,20,41,-
"113年 3月/ 南投縣/ 女",233610,1113,1163,1219,1355,1448,1495,1650,1762,1763,1828,1541,1970,1805,1552,1664,1761,1871,1991,2047,2212,2258,2556,2568,3009,2837,2748,3185,3267,3183,3217,3143,3033,2792,2889,2763,2803,2674,2588,2873,3071,3204,3389,3616,3563,3604,3523,3384,3618,3232,3192,3227,3284,3397,3559,3674,3713,3553,3808,3691,3935,3954,4137,3949,3824,3762,3682,3306,3412,3286,3178,2872,2895,2912,2466,2358,2072,1853,1494,1297,1451,1337,1542,1456,1495,1388,1123,1061,919,875,697,625,508,411,350,260,177,113,103,68,44,65,-
"113年 3月/ 雲林縣/ 性別總計",659288,3399,3414,3782,4016,4320,4299,4631,4940,5052,5172,4764,5789,5343,4585,5165,5340,5724,5840,6263,6557,7080,7529,7852,9132,8843,8109,9218,9205,9115,8894,8418,8199,7889,8100,7827,8398,7870,7984,8658,9341,9877,10394,10565,10874,11068,11001,10742,11359,10204,9664,9581,9502,9740,9890,10192,10183,9856,10513,10327,10253,10483,10628,10225,9315,9839,9315,8050,8646,8277,7931,7344,7418,7756,6247,6007,5417,4910,4387,3262,4008,4161,4004,3853,3821,3633,3146,2723,2360,2112,1866,1501,1218,1033,744,562,403,289,209,141,70,133,-
"113年 3月/ 雲林縣/ 男",339534,1810,1764,1974,2039,2260,2252,2389,2502,2635,2619,2479,3005,2695,2361,2718,2812,3037,3070,3277,3441,3783,3928,4050,4851,4679,4225,4888,4882,4791,4705,4454,4372,4121,4533,4184,4410,4229,4236,4520,4833,5094,5324,5383,5506,5680,5579,5506,5800,5419,5021,4920,4985,5160,5365,5586,5618,5520,5838,5664,5721,5775,5822,5571,4979,5290,4964,4194,4504,4254,3935,3723,3739,3795,3048,2937,2512,2281,1934,1435,1727,1779,1672,1641,1585,1465,1224,1032,909,714,661,497,397,318,220,165,122,77,52,29,16,38,-
"113年 3月/ 雲林縣/ 女",319754,1589,1650,1808,1977,2060,2047,2242,2438,2417,2553,2285,2784,2648,2224,2447,2528,2687,2770,2986,3116,3297,3601,3802,4281,4164,3884,4330,4323,4324,4189,3964,3827,3768,3567,3643,3988,3641,3748,4138,4508,4783,5070,5182,5368,5388,5422,5236,5559,4785,4643,4661,4517,4580,4525,4606,4565,4336,4675,4663,4532,4708,4806,4654,4336,4549,4351,3856,4142,4023,3996,3621,3679,3961,3199,3070,2905,2629,2453,1827,2281,2382,2332,2212,2236,2168,1922,1691,1451,1398,1205,1004,821,715,524,397,281,212,157,112,54,95,-
"113年 3月/ 嘉義縣/ 性別總計",483024,2258,2179,2392,2580,2595,2543,2789,2858,2970,3005,2672,3375,2871,2730,3120,3317,3659,3883,4301,4484,5011,5426,5724,6776,6148,6054,6851,6858,6731,6658,6498,6225,6032,6109,5703,5917,5617,5476,5962,6491,6780,7022,7184,7548,7259,7522,7238,7690,6979,6818,6956,7186,7334,7707,7756,7902,7951,8023,8453,8199,8436,8518,8422,8160,7946,7737,6617,7034,6565,6455,6172,5799,5974,5205,4693,4351,3776,2843,2457,3083,3116,2998,2984,2975,2862,2492,2224,1970,1699,1549,1237,1073,910,715,531,344,269,188,108,57,125,-
"113年 3月/ 嘉義縣/ 男",250037,1162,1157,1224,1331,1334,1286,1394,1490,1564,1548,1396,1765,1488,1415,1696,1746,1922,2050,2217,2379,2635,2835,3025,3580,3249,3196,3626,3649,3568,3585,3531,3347,3287,3320,3130,3319,3078,3007,3241,3478,3612,3735,3627,3842,3767,3879,3665,3883,3590,3459,3547,3771,3837,4119,4145,4282,4309,4424,4600,4576,4573,4693,4600,4461,4277,4074,3582,3730,3417,3360,3106,2915,2995,2597,2258,2073,1712,1305,1085,1343,1327,1273,1256,1223,1169,1015,885,741,661,561,411,356,322,228,188,110,68,70,33,20,45,-
"113年 3月/ 嘉義縣/ 女",232987,1096,1022,1168,1249,1261,1257,1395,1368,1406,1457,1276,1610,1383,1315,1424,1571,1737,1833,2084,2105,2376,2591,2699,3196,2899,2858,3225,3209,3163,3073,2967,2878,2745,2789,2573,2598,2539,2469,2721,3013,3168,3287,3557,3706,3492,3643,3573,3807,3389,3359,3409,3415,3497,3588,3611,3620,3642,3599,3853,3623,3863,3825,3822,3699,3669,3663,3035,3304,3148,3095,3066,2884,2979,2608,2435,2278,2064,1538,1372,1740,1789,1725,1728,1752,1693,1477,1339,1229,1038,988,826,717,588,487,343,234,201,118,75,37,80,-
"113年 3月/ 屏東縣/ 性別總計",793303,4126,3927,4379,4663,5077,5241,5662,5931,6061,6104,5582,6582,5839,5056,5490,5689,5996,6536,6835,7405,7676,8614,8870,10469,10018,9592,11341,11791,11770,11581,11119,10652,10409,10501,10053,10764,9532,9459,10204,11080,11470,12236,12336,12561,13119,12780,12473,13339,11775,11467,11481,11382,12214,12568,12703,12880,12776,13137,12900,13402,13255,13336,13161,12567,12780,12060,11034,11208,10849,10504,10007,9181,9501,8420,7153,6619,5911,4548,3630,4277,4264,4142,4077,3807,3370,2986,2702,2247,1960,1626,1315,1036,846,667,520,340,250,185,108,70,109,-
"113年 3月/ 屏東縣/ 男",401810,2135,2010,2248,2453,2644,2637,2954,3131,3150,3157,2877,3472,3036,2679,2867,2967,3129,3423,3584,3835,4010,4451,4532,5494,5279,5020,5952,6247,6259,6104,5949,5640,5540,5614,5306,5734,5187,5023,5407,5774,6051,6229,6343,6467,6762,6549,6386,6797,5996,5751,5782,5733,6137,6363,6440,6640,6685,6932,6547,6892,6722,6685,6699,6345,6377,5960,5347,5362,5275,5024,4851,4343,4545,4065,3276,3045,2725,2035,1599,1882,1905,1791,1767,1625,1450,1240,1133,905,770,605,516,383,297,253,182,148,101,72,51,22,40,-
"113年 3月/ 屏東縣/ 女",391493,1991,1917,2131,2210,2433,2604,2708,2800,2911,2947,2705,3110,2803,2377,2623,2722,2867,3113,3251,3570,3666,4163,4338,4975,4739,4572,5389,5544,5511,5477,5170,5012,4869,4887,4747,5030,4345,4436,4797,5306,5419,6007,5993,6094,6357,6231,6087,6542,5779,5716,5699,5649,6077,6205,6263,6240,6091,6205,6353,6510,6533,6651,6462,6222,6403,6100,5687,5846,5574,5480,5156,4838,4956,4355,3877,3574,3186,2513,2031,2395,2359,2351,2310,2182,1920,1746,1569,1342,1190,1021,799,653,549,414,338,192,149,113,57,48,69,-
"113年 3月/ 臺東縣/ 性別總計",211114,1350,1305,1348,1364,1430,1521,1553,1671,1691,1716,1599,1785,1660,1560,1557,1730,1754,1934,1931,2003,2177,2345,2459,2746,2785,2621,2995,3045,2941,2944,2874,2825,2878,2723,2604,2693,2430,2474,2629,2763,3056,3214,3217,3200,3208,3253,3133,3435,3219,3092,3228,3397,3470,3558,3509,3392,3515,3456,3506,3511,3575,3447,3317,3165,3241,3150,2858,2769,2893,2551,2455,2367,2407,2019,1895,1581,1570,1230,960,1079,1178,1056,1030,913,847,753,656,563,522,445,325,267,242,206,180,115,86,77,52,26,64,-
"113年 3月/ 臺東縣/ 男",107671,717,659,718,686,766,818,814,886,849,904,844,956,878,794,801,937,925,1013,1022,1056,1154,1204,1265,1449,1437,1331,1559,1585,1489,1583,1498,1502,1548,1484,1407,1435,1309,1300,1388,1461,1630,1665,1685,1663,1669,1651,1647,1752,1625,1637,1670,1801,1750,1904,1903,1816,1826,1850,1879,1838,1850,1745,1750,1637,1598,1563,1452,1403,1376,1240,1165,1096,1058,903,870,708,700,520,394,466,502,433,409,371,336,307,246,214,202,176,124,104,87,86,75,58,41,38,21,18,37,-
"113年 3月/ 臺東縣/ 女",103443,633,646,630,678,664,703,739,785,842,812,755,829,782,766,756,793,829,921,909,947,1023,1141,1194,1297,1348,1290,1436,1460,1452,1361,1376,1323,1330,1239,1197,1258,1121,1174,1241,1302,1426,1549,1532,1537,1539,1602,1486,1683,1594,1455,1558,1596,1720,1654,1606,1576,1689,1606,1627,1673,1725,1702,1567,1528,1643,1587,1406,1366,1517,1311,1290,1271,1349,1116,1025,873,870,710,566,613,676,623,621,542,511,446,410,349,320,269,201,163,155,120,105,57,45,39,31,8,27,-
"113年 3月/ 花蓮縣/ 性別總計",316746,1714,1925,2029,2040,2275,2430,2405,2526,2745,2628,2549,2734,2552,2319,2453,2508,2707,2762,2783,3009,3100,3396,3505,4003,4049,3753,4378,4660,4507,4502,4543,4350,4195,4241,3871,4106,3762,3632,3992,4486,4559,4723,5040,4977,4929,4920,4741,5187,4675,4684,4796,4741,4917,5125,5157,5066,4994,4813,4985,5183,4947,5112,5131,4828,5002,4722,4492,4492,4416,4198,3899,3664,3619,3134,3006,2427,2193,1879,1434,1652,1611,1619,1498,1359,1260,1114,981,850,733,640,510,463,345,318,259,168,139,112,71,37,76,-
"113年 3月/ 花蓮縣/ 男",159188,879,1017,1027,1078,1198,1289,1246,1282,1430,1391,1335,1422,1362,1242,1291,1316,1434,1475,1420,1559,1631,1788,1782,2086,2106,2014,2301,2446,2334,2332,2364,2355,2155,2247,2020,2181,1989,1932,2088,2300,2322,2422,2592,2563,2514,2518,2402,2574,2319,2337,2379,2320,2451,2528,2654,2613,2586,2526,2563,2582,2500,2566,2519,2390,2445,2277,2203,2198,2129,2064,1918,1712,1692,1451,1349,1068,986,835,602,682,673,671,597,558,493,442,391,329,283,247,167,187,142,118,105,79,58,53,35,19,46,-
"113年 3月/ 花蓮縣/ 女",157558,835,908,1002,962,1077,1141,1159,1244,1315,1237,1214,1312,1190,1077,1162,1192,1273,1287,1363,1450,1469,1608,1723,1917,1943,1739,2077,2214,2173,2170,2179,1995,2040,1994,1851,1925,1773,1700,1904,2186,2237,2301,2448,2414,2415,2402,2339,2613,2356,2347,2417,2421,2466,2597,2503,2453,2408,2287,2422,2601,2447,2546,2612,2438,2557,2445,2289,2294,2287,2134,1981,1952,1927,1683,1657,1359,1207,1044,832,970,938,948,901,801,767,672,590,521,450,393,343,276,203,200,154,89,81,59,36,18,30,-
"113年 3月/ 澎湖縣/ 性別總計",107708,702,774,795,797,822,647,606,685,662,698,626,734,598,577,660,630,740,801,970,1309,1367,1514,1429,1743,1520,1474,1721,1573,1748,1573,1633,1685,1513,1544,1435,1653,1497,1379,1475,1608,1642,1622,1684,1676,1710,1697,1512,1776,1552,1640,1522,1513,1630,1621,1602,1681,1625,1669,1645,1705,1631,1710,1759,1584,1685,1562,1516,1411,1337,1260,1221,1167,1177,1046,939,770,601,713,487,534,478,456,429,480,406,397,333,360,317,250,227,187,174,126,100,75,58,37,21,16,30,-
"113年 3月/ 澎湖縣/ 男",55180,358,383,389,443,397,358,341,357,357,369,335,388,317,289,335,340,381,409,523,722,780,807,793,966,844,794,936,854,917,838,868,928,799,837,733,882,772,717,785,820,842,815,826,823,815,879,759,859,766,829,770,780,866,832,852,846,848,893,848,893,878,888,915,793,859,796,800,746,688,627,585,557,568,493,445,372,271,330,225,234,230,195,187,201,162,159,145,150,110,96,82,67,64,41,39,27,23,12,4,5,9,-
"113年 3月/ 澎湖縣/ 女",52528,344,391,406,354,425,289,265,328,305,329,291,346,281,288,325,290,359,392,447,587,587,707,636,777,676,680,785,719,831,735,765,757,714,707,702,771,725,662,690,788,800,807,858,853,895,818,753,917,786,811,752,733,764,789,750,835,777,776,797,812,753,822,844,791,826,766,716,665,649,633,636,610,609,553,494,398,330,383,262,300,248,261,242,279,244,238,188,210,207,154,145,120,110,85,61,48,35,25,17,11,21,-
"113年 3月/ 基隆市/ 性別總計",361874,1266,1614,1763,2000,2144,2411,2437,2743,2769,2702,2498,3035,2698,2245,2553,2645,2840,2939,2879,3042,3162,3576,3762,4594,4549,4235,5013,5139,5293,5064,5124,4959,4917,5151,4603,5007,4381,4215,4491,4860,5078,5534,5791,5612,5833,5693,5669,6071,5356,5619,5430,5553,5758,5870,6008,6052,6045,5940,6153,6265,6224,6274,6251,5989,6153,6135,5464,5554,5361,5086,4833,4768,4518,3760,3586,2964,2566,1870,1241,1709,1761,1695,1530,1636,1444,1188,1006,857,737,614,531,409,365,284,205,182,134,102,75,48,117,-
"113年 3月/ 基隆市/ 男",179832,673,833,952,1052,1121,1260,1283,1368,1455,1356,1305,1566,1352,1185,1293,1397,1488,1532,1457,1623,1687,1879,2019,2371,2374,2173,2623,2729,2781,2607,2696,2632,2647,2784,2470,2660,2327,2163,2308,2540,2628,2803,2897,2819,2949,2746,2751,3062,2612,2820,2673,2710,2886,2883,2973,3003,3004,2930,3029,3064,3105,3092,3074,2904,2973,2981,2596,2620,2537,2400,2234,2204,2033,1752,1620,1337,1225,824,538,711,746,713,632,687,545,424,343,308,234,235,186,143,137,102,84,73,53,42,36,26,60,-
"113年 3月/ 基隆市/ 女",182042,593,781,811,948,1023,1151,1154,1375,1314,1346,1193,1469,1346,1060,1260,1248,1352,1407,1422,1419,1475,1697,1743,2223,2175,2062,2390,2410,2512,2457,2428,2327,2270,2367,2133,2347,2054,2052,2183,2320,2450,2731,2894,2793,2884,2947,2918,3009,2744,2799,2757,2843,2872,2987,3035,3049,3041,3010,3124,3201,3119,3182,3177,3085,3180,3154,2868,2934,2824,2686,2599,2564,2485,2008,1966,1627,1341,1046,703,998,1015,982,898,949,899,764,663,549,503,379,345,266,228,182,121,109,81,60,39,22,57,-
"113年 3月/ 新竹市/ 性別總計",456872,2967,3315,3865,4045,4456,4578,5012,5375,5673,5950,5371,6425,5652,4448,4903,4908,4981,4748,4562,4704,4583,5003,5019,5661,5317,4834,5688,5762,5872,5744,5842,5956,5965,6262,6073,6593,6135,6016,6677,7457,7891,8450,9030,9080,8998,8746,8079,8782,7550,7081,6766,6762,6844,6774,6788,6475,6131,5972,6044,5929,5921,5916,5590,5332,5326,5377,4697,4758,4610,4600,4334,4109,4139,3367,3056,2806,2359,2117,1451,1752,1762,1694,1508,1449,1268,1162,979,847,723,639,509,446,381,310,257,208,169,121,85,66,103,-
"113年 3月/ 新竹市/ 男",225455,1540,1717,1978,2130,2343,2374,2609,2711,2925,3116,2791,3280,2974,2318,2519,2629,2676,2422,2399,2418,2404,2657,2613,2922,2765,2525,2958,2991,3039,3001,2935,3107,3115,3269,3070,3347,3101,2995,3255,3547,3813,4157,4341,4398,4267,4270,3922,4347,3717,3480,3394,3311,3327,3350,3295,3139,3039,2959,2934,2897,2921,2864,2699,2561,2525,2509,2212,2151,2162,2116,2023,1871,1844,1534,1344,1224,1064,924,598,734,707,702,592,554,477,429,342,311,279,235,202,175,151,126,90,84,87,67,44,32,47,-
"113年 3月/ 新竹市/ 女",231417,1427,1598,1887,1915,2113,2204,2403,2664,2748,2834,2580,3145,2678,2130,2384,2279,2305,2326,2163,2286,2179,2346,2406,2739,2552,2309,2730,2771,2833,2743,2907,2849,2850,2993,3003,3246,3034,3021,3422,3910,4078,4293,4689,4682,4731,4476,4157,4435,3833,3601,3372,3451,3517,3424,3493,3336,3092,3013,3110,3032,3000,3052,2891,2771,2801,2868,2485,2607,2448,2484,2311,2238,2295,1833,1712,1582,1295,1193,853,1018,1055,992,916,895,791,733,637,536,444,404,307,271,230,184,167,124,82,54,41,34,56,-
"113年 3月/ 嘉義市/ 性別總計",263290,1234,1373,1603,1744,1932,2111,2363,2410,2655,2572,2393,2952,2728,2196,2468,2429,2614,2536,2539,2643,2850,2928,3085,3790,3644,3265,3740,3811,3771,3610,3573,3432,3367,3404,3204,3433,3163,3066,3503,3750,3887,4090,4337,4183,4313,4357,4138,4570,3838,3895,3681,3790,3936,4020,4197,3990,3958,4085,4024,3920,4106,3934,3892,3753,3571,3647,3202,3381,3284,3116,2948,2883,2952,2409,2230,2024,1865,1419,1109,1301,1333,1199,1161,1116,1021,848,804,690,629,525,449,321,266,223,173,131,102,67,46,21,46,-
"113年 3月/ 嘉義市/ 男",126468,623,722,790,948,954,1093,1273,1220,1306,1316,1270,1516,1476,1125,1278,1318,1360,1271,1299,1401,1498,1502,1621,1977,1906,1710,1910,1884,1896,1861,1845,1763,1726,1724,1632,1691,1591,1464,1618,1841,1890,1914,2010,1951,2049,2059,1914,2069,1760,1755,1654,1754,1774,1837,1947,1861,1849,1931,1935,1874,1944,1859,1819,1762,1654,1746,1486,1573,1548,1459,1349,1346,1308,1036,974,863,833,578,483,539,541,472,460,454,409,329,271,254,242,179,171,114,105,91,63,43,36,29,16,4,20,-
"113年 3月/ 嘉義市/ 女",136822,611,651,813,796,978,1018,1090,1190,1349,1256,1123,1436,1252,1071,1190,1111,1254,1265,1240,1242,1352,1426,1464,1813,1738,1555,1830,1927,1875,1749,1728,1669,1641,1680,1572,1742,1572,1602,1885,1909,1997,2176,2327,2232,2264,2298,2224,2501,2078,2140,2027,2036,2162,2183,2250,2129,2109,2154,2089,2046,2162,2075,2073,1991,1917,1901,1716,1808,1736,1657,1599,1537,1644,1373,1256,1161,1032,841,626,762,792,727,701,662,612,519,533,436,387,346,278,207,161,132,110,88,66,38,30,17,26,-
"113年 3月/ 金門縣/ 性別總計",144034,644,679,777,776,847,766,727,791,820,806,749,843,780,721,820,841,928,943,1243,1692,1732,1932,1880,2274,2050,1922,2390,2402,2560,2526,2402,2400,2131,2246,2093,2197,2054,1873,2012,2106,2029,2059,2090,1920,2038,2045,2017,2135,2018,1984,2070,2194,2291,2504,2548,2540,2486,2801,2759,2847,2816,2715,2452,2561,2516,2308,2369,2143,1964,1866,1503,1531,1181,1113,958,762,695,584,552,590,575,516,502,437,411,405,399,315,293,227,224,181,148,102,95,77,46,39,41,19,53,-
"113年 3月/ 金門縣/ 男",71458,345,342,411,392,441,383,377,410,430,413,387,452,415,387,413,425,507,487,637,836,896,1010,941,1183,1022,963,1209,1211,1310,1227,1223,1234,1061,1119,1083,1107,1053,965,986,1015,1021,1025,1022,935,994,952,898,1019,966,945,1018,1076,1149,1267,1283,1255,1212,1313,1364,1383,1363,1335,1222,1342,1259,1171,1198,1079,972,929,757,767,558,540,458,390,336,289,272,288,267,262,220,203,188,173,173,135,112,91,82,64,52,26,22,15,14,8,7,5,9,-
"113年 3月/ 金門縣/ 女",72576,299,337,366,384,406,383,350,381,390,393,362,391,365,334,407,416,421,456,606,856,836,922,939,1091,1028,959,1181,1191,1250,1299,1179,1166,1070,1127,1010,1090,1001,908,1026,1091,1008,1034,1068,985,1044,1093,1119,1116,1052,1039,1052,1118,1142,1237,1265,1285,1274,1488,1395,1464,1453,1380,1230,1219,1257,1137,1171,1064,992,937,746,764,623,573,500,372,359,295,280,302,308,254,282,234,223,232,226,180,181,136,142,117,96,76,73,62,32,31,34,14,44,-
"113年 3月/ 連江縣/ 性別總計",14006,97,102,98,96,112,94,93,88,88,96,82,92,99,88,83,102,113,93,108,99,161,181,180,195,252,203,233,272,250,224,289,277,269,260,210,247,174,188,204,208,193,223,211,213,242,214,180,212,203,226,209,206,230,249,220,172,229,244,245,228,248,236,213,195,243,208,172,193,175,151,141,128,99,90,83,87,84,62,42,38,35,34,33,22,30,31,30,23,17,21,16,12,12,12,8,8,6,4,4,2,9,-
"113年 3月/ 連江縣/ 男",8073,63,50,56,55,53,55,48,52,51,43,40,52,48,50,45,61,61,47,67,49,88,100,107,123,164,128,133,168,144,130,158,173,174,149,121,137,107,108,123,117,118,123,135,101,149,119,90,118,112,130,117,120,141,148,128,109,137,155,145,131,153,132,127,126,147,123,97,119,91,86,89,75,53,56,43,40,39,35,22,27,20,13,17,10,21,14,11,15,8,8,5,3,6,2,4,2,3,1,3,-,3,-
"113年 3月/ 連江縣/ 女",5933,34,52,42,41,59,39,45,36,37,53,42,40,51,38,38,41,52,46,41,50,73,81,73,72,88,75,100,104,106,94,131,104,95,111,89,110,67,80,81,91,75,100,76,112,93,95,90,94,91,96,92,86,89,101,92,63,92,89,100,97,95,104,86,69,96,85,75,74,84,65,52,53,46,34,40,47,45,27,20,11,15,21,16,12,9,17,19,8,9,13,11,9,6,10,4,6,3,3,1,2,6,-
"113年 4月/ 區域別總計/ 性別總計",23415100,129937,140379,153842,162158,174818,181968,193045,207073,214472,216789,197547,231305,210509,174183,188804,196512,206198,204961,206460,215239,222187,241084,248560,294316,285032,269516,307786,319803,322008,321053,322362,318741,315029,326460,316343,331994,309535,300333,329162,360515,370356,395166,407017,407035,410751,403684,381524,409948,363473,350484,344319,343975,347996,358761,359725,358045,348782,350397,353190,361190,360860,361017,353073,340680,339650,339957,305790,311732,305474,294625,274986,262715,262414,225561,198298,188900,151383,128315,93466,108713,108822,102692,95564,91753,82814,72100,62685,54066,46783,40224,33157,27536,23828,19191,14955,11280,8239,6197,4085,2614,5070,-
"113年 4月/ 區域別總計/ 男",11544533,67316,72552,79434,84079,90595,94040,99998,107077,111302,112268,102047,119707,109015,90568,98448,102281,107734,107036,107672,112289,116417,125799,129102,153041,148602,139939,159820,165329,166447,165678,166402,164938,163458,169273,162806,170130,158112,151701,164795,179605,184193,194922,200030,199869,201902,198238,186733,200485,177573,170133,167755,166857,169293,174814,175493,174685,170126,170932,171476,175276,174531,173758,170281,164148,162136,162041,145257,147311,144457,138161,128762,122046,120986,104437,90664,85260,68754,57251,41014,47209,46945,43529,40096,37898,33111,28246,24037,20530,17370,14838,12322,10498,9362,7817,6171,4694,3451,2540,1723,1100,2154,-
"113年 4月/ 區域別總計/ 女",11870567,62621,67827,74408,78079,84223,87928,93047,99996,103170,104521,95500,111598,101494,83615,90356,94231,98464,97925,98788,102950,105770,115285,119458,141275,136430,129577,147966,154474,155561,155375,155960,153803,151571,157187,153537,161864,151423,148632,164367,180910,186163,200244,206987,207166,208849,205446,194791,209463,185900,180351,176564,177118,178703,183947,184232,183360,178656,179465,181714,185914,186329,187259,182792,176532,177514,177916,160533,164421,161017,156464,146224,140669,141428,121124,107634,103640,82629,71064,52452,61504,61877,59163,55468,53855,49703,43854,38648,33536,29413,25386,20835,17038,14466,11374,8784,6586,4788,3657,2362,1514,2916,-
"113年 4月/ 新北市/ 性別總計",4043031,18324,22667,24924,26130,28551,29735,31745,34456,35703,36096,32708,37960,33951,28733,31296,32785,34649,34240,34028,35755,36531,39859,41210,49156,47608,44895,51405,53502,54435,54168,55497,55213,55161,57351,55431,58230,54202,52199,58196,63399,65472,69835,72564,72791,74328,73193,68898,74448,65292,63703,62131,61650,61786,63407,63551,63015,60768,61579,62478,63984,64770,64499,62549,60991,60612,61798,55003,56561,55704,53746,49791,48044,47189,39483,35063,32805,25249,21682,15031,17215,16966,15503,14094,13162,11581,9656,8245,7029,5909,5071,4176,3489,3055,2565,2027,1592,1206,887,649,442,985,-
"113年 4月/ 新北市/ 男",1965575,9442,11702,12801,13486,14855,15274,16287,17805,18423,18709,16825,19720,17386,14984,16312,17108,18047,17960,17717,18744,19292,20765,21593,25472,24826,23306,26714,27631,28060,27983,28644,28753,28643,29822,28453,29783,27348,26161,29135,31555,32458,34305,35513,35544,36405,35692,33374,36223,31581,30531,29743,29677,29518,30303,30131,29458,28449,28583,28806,29375,29882,29441,28864,27933,27458,28118,24973,25596,25413,24220,22554,21495,21356,17905,15782,14591,11351,9661,6608,7552,7299,6570,5838,5372,4513,3601,3034,2585,2137,1812,1587,1350,1280,1111,936,700,533,374,310,202,483,-
"113年 4月/ 新北市/ 女",2077456,8882,10965,12123,12644,13696,14461,15458,16651,17280,17387,15883,18240,16565,13749,14984,15677,16602,16280,16311,17011,17239,19094,19617,23684,22782,21589,24691,25871,26375,26185,26853,26460,26518,27529,26978,28447,26854,26038,29061,31844,33014,35530,37051,37247,37923,37501,35524,38225,33711,33172,32388,31973,32268,33104,33420,33557,32319,32996,33672,34609,34888,35058,33685,33058,33154,33680,30030,30965,30291,29526,27237,26549,25833,21578,19281,18214,13898,12021,8423,9663,9667,8933,8256,7790,7068,6055,5211,4444,3772,3259,2589,2139,1775,1454,1091,892,673,513,339,240,502,-
"113年 4月/ 臺北市/ 性別總計",2509112,15042,14383,15799,17068,19074,19694,20584,22734,23929,24885,22842,26583,24542,20063,20797,20265,21207,19980,19038,19207,19329,21163,21192,25619,25291,23771,27205,28075,29379,29390,29494,29644,29656,31550,31401,33533,31526,31017,34497,37946,38930,42015,43547,42878,43482,42588,38753,44106,37890,37079,36110,35806,36729,37814,37839,37867,36405,36228,37005,38235,38089,38128,37259,37149,37532,38863,36187,37066,37086,36042,34537,33786,33717,30063,27530,25875,21395,18349,12652,14390,14491,13533,12429,11915,10586,9545,8110,7050,6245,5380,4643,4031,3644,2954,2382,1875,1466,1101,719,506,1112,-
"113年 4月/ 臺北市/ 男",1184681,7725,7380,8099,8805,9874,10064,10591,11800,12326,12796,11823,13659,12758,10357,10761,10561,10977,10307,9950,10051,9980,10969,10880,13170,13100,12235,13865,14099,14758,14682,14665,14531,14584,15388,15233,15761,14870,14433,16000,17712,18204,19753,20259,20062,20132,19718,18095,20540,17386,17093,16948,16555,16933,17393,17338,17357,16675,16664,16969,17638,17483,17312,16881,17088,16874,17624,16363,16588,16978,16481,15754,15230,15144,13422,12074,11500,9516,8159,5519,6141,6108,5741,5062,4810,4049,3665,2978,2548,2274,1932,1754,1598,1457,1272,1027,827,641,479,312,221,504,-
"113年 4月/ 臺北市/ 女",1324431,7317,7003,7700,8263,9200,9630,9993,10934,11603,12089,11019,12924,11784,9706,10036,9704,10230,9673,9088,9156,9349,10194,10312,12449,12191,11536,13340,13976,14621,14708,14829,15113,15072,16162,16168,17772,16656,16584,18497,20234,20726,22262,23288,22816,23350,22870,20658,23566,20504,19986,19162,19251,19796,20421,20501,20510,19730,19564,20036,20597,20606,20816,20378,20061,20658,21239,19824,20478,20108,19561,18783,18556,18573,16641,15456,14375,11879,10190,7133,8249,8383,7792,7367,7105,6537,5880,5132,4502,3971,3448,2889,2433,2187,1682,1355,1048,825,622,407,285,608,-
"113年 4月/ 桃園市/ 性別總計",2322923,16547,17337,18562,19260,20545,21098,22129,23434,23883,24195,21865,25488,23339,18995,20459,21461,22547,22158,22308,23023,23697,25555,26600,31118,29708,28395,32189,33370,33748,34141,34228,34288,33612,35429,34284,35877,33034,31492,34761,37997,39056,41914,43105,42577,42305,40902,38815,41217,36177,34610,33961,34020,33977,34795,34675,33984,32714,32356,32849,33607,33009,32492,31121,29640,29983,30177,26948,27600,26474,25700,23425,22651,22359,18188,15968,15189,11409,10324,7258,8167,8152,7617,6736,6518,5635,4864,4273,3544,3134,2648,2219,1960,1795,1546,1252,998,682,514,369,216,397,-
"113年 4月/ 桃園市/ 男",1144920,8573,8857,9588,10004,10600,11020,11425,12115,12387,12621,11308,13270,12043,9807,10749,11170,11848,11616,11699,12099,12467,13223,13920,16186,15357,14789,16466,17147,17253,17516,17481,17388,17183,18105,17460,18092,16779,15762,17199,18647,19285,20401,21126,20657,20603,20198,18882,20302,17831,16689,16484,16437,16443,16832,16897,16403,15704,15528,15716,16097,15708,15558,14684,14201,14219,14141,12700,12823,12423,11875,10680,10526,10178,8275,7239,6840,5041,4548,3161,3455,3474,3099,2817,2654,2176,1848,1630,1277,1175,956,945,871,900,808,655,526,362,263,180,102,193,-
"113年 4月/ 桃園市/ 女",1178003,7974,8480,8974,9256,9945,10078,10704,11319,11496,11574,10557,12218,11296,9188,9710,10291,10699,10542,10609,10924,11230,12332,12680,14932,14351,13606,15723,16223,16495,16625,16747,16900,16429,17324,16824,17785,16255,15730,17562,19350,19771,21513,21979,21920,21702,20704,19933,20915,18346,17921,17477,17583,17534,17963,17778,17581,17010,16828,17133,17510,17301,16934,16437,15439,15764,16036,14248,14777,14051,13825,12745,12125,12181,9913,8729,8349,6368,5776,4097,4712,4678,4518,3919,3864,3459,3016,2643,2267,1959,1692,1274,1089,895,738,597,472,320,251,189,114,204,-
"113年 4月/ 臺中市/ 性別總計",2850285,16778,19037,20875,21903,23685,25328,26876,28701,29332,29622,26478,31269,28315,23205,24807,26042,27444,26809,26715,27635,28269,30741,31889,37858,36847,34876,40005,41935,41769,41515,41545,41364,40921,42393,41402,42616,40106,39057,42622,46510,46726,50009,50853,50896,51001,49722,46799,49152,43854,41162,40968,41047,41193,42483,42856,42268,41699,41051,41332,42140,41779,41343,40053,38740,37940,38277,33765,34305,33566,32576,30278,28196,27859,24250,20641,19276,15164,13125,9577,10796,10494,10150,9323,8802,8022,6873,5817,5248,4265,3548,2984,2539,2148,1680,1289,1001,744,563,365,226,391,-
"113年 4月/ 臺中市/ 男",1393075,8784,9942,10786,11376,12234,13102,13907,14892,15313,15373,13597,16175,14609,12102,12941,13608,14051,13988,13849,14246,14674,15961,16432,19405,19151,17980,20792,21472,21391,21135,21179,21102,20938,21555,20970,21766,20090,19506,21034,22872,22893,24421,24867,24772,24808,24187,22597,23506,20894,19558,19419,19188,19366,19883,20095,20057,19549,19310,19520,19691,19579,19371,18857,18420,17657,17917,15819,16088,15746,15065,14061,13120,12691,11243,9501,8798,6894,5730,4139,4669,4407,4286,3863,3585,3258,2666,2209,2004,1546,1359,1072,984,816,759,558,433,324,249,181,109,181,-
"113年 4月/ 臺中市/ 女",1457210,7994,9095,10089,10527,11451,12226,12969,13809,14019,14249,12881,15094,13706,11103,11866,12434,13393,12821,12866,13389,13595,14780,15457,18453,17696,16896,19213,20463,20378,20380,20366,20262,19983,20838,20432,20850,20016,19551,21588,23638,23833,25588,25986,26124,26193,25535,24202,25646,22960,21604,21549,21859,21827,22600,22761,22211,22150,21741,21812,22449,22200,21972,21196,20320,20283,20360,17946,18217,17820,17511,16217,15076,15168,13007,11140,10478,8270,7395,5438,6127,6087,5864,5460,5217,4764,4207,3608,3244,2719,2189,1912,1555,1332,921,731,568,420,314,184,117,210,-
"113年 4月/ 臺南市/ 性別總計",1859788,8937,9936,11222,11933,13296,13942,15021,15810,16737,16722,15294,18295,16297,13074,14440,15286,15778,15523,15704,16036,16562,17912,18542,22376,21689,20364,23815,24379,24927,24931,25432,24711,24644,25744,25090,26985,24981,24549,26717,29655,30300,32303,32948,33113,33204,32532,30748,32865,28832,27558,26513,26737,26948,28093,28411,28598,28280,28585,28914,29453,29738,29966,30073,28879,28495,28003,25313,25785,24719,23538,21980,20642,20732,18010,15611,15001,12472,9407,7300,8752,9032,8064,7817,7669,6859,6178,5452,4718,4292,3905,3010,2303,2107,1724,1244,941,632,440,275,194,293,-
"113年 4月/ 臺南市/ 男",922782,4591,5159,5874,6229,6922,7216,7755,8227,8685,8634,7869,9320,8603,6815,7519,7769,8347,8070,8145,8338,8669,9381,9552,11692,11303,10615,12557,12633,13078,12931,13083,12839,12874,13325,13068,14067,12903,12496,13412,14931,15100,16018,16177,16473,16492,16372,15413,16249,14127,13471,13043,12758,13188,13643,13826,14047,13766,14007,14152,14425,14536,14621,14751,14019,13932,13649,12418,12685,12008,11336,10527,9949,9739,8631,7284,6900,5663,4244,3243,3791,3901,3418,3247,3166,2731,2397,2131,1835,1621,1428,1060,839,740,643,474,347,236,152,105,66,76,-
"113年 4月/ 臺南市/ 女",937006,4346,4777,5348,5704,6374,6726,7266,7583,8052,8088,7425,8975,7694,6259,6921,7517,7431,7453,7559,7698,7893,8531,8990,10684,10386,9749,11258,11746,11849,12000,12349,11872,11770,12419,12022,12918,12078,12053,13305,14724,15200,16285,16771,16640,16712,16160,15335,16616,14705,14087,13470,13979,13760,14450,14585,14551,14514,14578,14762,15028,15202,15345,15322,14860,14563,14354,12895,13100,12711,12202,11453,10693,10993,9379,8327,8101,6809,5163,4057,4961,5131,4646,4570,4503,4128,3781,3321,2883,2671,2477,1950,1464,1367,1081,770,594,396,288,170,128,217,-
"113年 4月/ 高雄市/ 性別總計",2735981,15116,15950,17440,18068,19037,19686,21095,22536,23348,23351,21518,25135,22851,18387,20643,22056,22874,23005,23391,23784,25000,26965,27700,33830,32876,30675,35071,37154,36800,37332,37353,36358,36576,37652,36234,38355,35381,34037,37115,41431,42406,45190,46919,47379,48395,47979,45848,49775,44538,42983,42216,41836,42442,43705,43023,43219,41784,42108,41593,42059,42011,42560,41712,40270,40296,40123,37411,38027,38227,36381,34893,32694,33451,29422,25144,23767,19513,15242,11702,13501,13308,12081,11256,10472,9426,7988,6894,5650,4854,4146,3280,2751,2242,1918,1437,1072,747,572,347,228,402,-
"113年 4月/ 高雄市/ 男",1341248,7864,8260,9041,9314,9786,10134,11055,11566,12168,12165,11097,12936,11856,9517,10695,11280,12057,11962,12220,12334,12968,14016,14316,17680,17004,15679,18094,19125,18937,19262,19316,18794,18947,19535,18518,19649,18050,17265,18705,20600,21095,22255,23105,23267,23872,23325,22364,24324,21710,20766,20451,20117,20687,21334,21002,21038,20586,20458,20068,20418,20147,20267,19871,18949,19003,18762,17369,17581,17554,16704,16028,14748,15193,13364,11323,10498,8900,6738,5055,5882,5770,5071,4817,4301,3708,3106,2562,2187,1780,1591,1290,1098,960,820,656,504,368,262,168,108,176,-
"113年 4月/ 高雄市/ 女",1394733,7252,7690,8399,8754,9251,9552,10040,10970,11180,11186,10421,12199,10995,8870,9948,10776,10817,11043,11171,11450,12032,12949,13384,16150,15872,14996,16977,18029,17863,18070,18037,17564,17629,18117,17716,18706,17331,16772,18410,20831,21311,22935,23814,24112,24523,24654,23484,25451,22828,22217,21765,21719,21755,22371,22021,22181,21198,21650,21525,21641,21864,22293,21841,21321,21293,21361,20042,20446,20673,19677,18865,17946,18258,16058,13821,13269,10613,8504,6647,7619,7538,7010,6439,6171,5718,4882,4332,3463,3074,2555,1990,1653,1282,1098,781,568,379,310,179,120,226,-
"113年 4月/ 宜蘭縣/ 性別總計",449448,2312,2446,2856,3054,3227,3303,3527,3801,3850,3775,3564,4139,3820,3338,3509,3719,3715,3798,4071,4232,4444,4723,4917,5739,5717,5428,6469,6611,6659,6491,6520,6386,6201,6270,6009,6146,5672,5335,5827,6262,6572,6764,7039,7094,7044,6946,6692,7232,6535,6632,6515,6668,6537,7124,7286,7177,7156,7041,6900,7395,7389,7314,7147,6822,6818,6599,5923,5994,5798,5542,5102,4735,4941,4059,3496,3521,2711,2508,1807,2427,2424,2459,2319,2350,2127,1825,1691,1403,1221,1023,853,686,577,466,352,248,172,135,97,45,91,-
"113年 4月/ 宜蘭縣/ 男",225518,1180,1249,1494,1569,1668,1672,1811,1961,2002,1963,1882,2175,1997,1711,1811,1956,1905,1947,2109,2163,2336,2493,2496,3013,2995,2822,3391,3493,3531,3407,3394,3335,3281,3381,3189,3242,3032,2754,3015,3174,3316,3452,3484,3561,3539,3438,3367,3611,3172,3283,3218,3327,3287,3572,3730,3639,3622,3605,3389,3789,3696,3664,3556,3370,3387,3229,2859,3018,2856,2721,2417,2282,2322,1944,1645,1604,1266,1174,836,1044,1136,1065,967,1006,909,764,665,538,479,375,325,244,202,169,116,82,66,46,33,17,24,-
"113年 4月/ 宜蘭縣/ 女",223930,1132,1197,1362,1485,1559,1631,1716,1840,1848,1812,1682,1964,1823,1627,1698,1763,1810,1851,1962,2069,2108,2230,2421,2726,2722,2606,3078,3118,3128,3084,3126,3051,2920,2889,2820,2904,2640,2581,2812,3088,3256,3312,3555,3533,3505,3508,3325,3621,3363,3349,3297,3341,3250,3552,3556,3538,3534,3436,3511,3606,3693,3650,3591,3452,3431,3370,3064,2976,2942,2821,2685,2453,2619,2115,1851,1917,1445,1334,971,1383,1288,1394,1352,1344,1218,1061,1026,865,742,648,528,442,375,297,236,166,106,89,64,28,67,-
"113年 4月/ 新竹縣/ 性別總計",590614,4024,4666,5291,5593,5755,6117,6343,6909,6999,7032,6444,7319,6851,5524,5933,6044,6350,6070,6116,6117,6350,6569,6726,7721,7200,6814,7770,8080,8003,8238,8286,8232,8193,8781,8394,8734,8150,8062,8845,9631,10062,10822,11239,11199,11066,10854,10337,10979,9545,9183,9190,8880,8784,8838,8726,8353,7924,7734,8056,7761,7886,7691,7501,7135,6694,6709,5723,5855,5566,5297,4851,4430,4721,3957,3460,3343,2519,2511,1818,2205,2284,2218,2224,2130,1885,1712,1497,1330,1115,959,770,641,541,422,332,278,189,154,88,67,98,-
"113年 4月/ 新竹縣/ 男",300582,2063,2448,2693,2888,2996,3187,3325,3583,3706,3602,3273,3724,3545,2886,3126,3174,3303,3179,3221,3251,3288,3458,3574,4055,3753,3624,4141,4215,4239,4237,4437,4451,4411,4692,4474,4556,4281,4174,4517,4809,5041,5397,5525,5562,5433,5306,5021,5380,4797,4579,4687,4454,4465,4519,4448,4268,4049,3978,4158,4009,4035,3899,3848,3723,3463,3509,2959,2937,2782,2642,2358,2179,2232,1895,1670,1592,1174,1179,828,1027,1017,995,954,987,811,748,654,565,435,394,300,264,240,179,134,107,76,60,30,28,38,-
"113年 4月/ 新竹縣/ 女",290032,1961,2218,2598,2705,2759,2930,3018,3326,3293,3430,3171,3595,3306,2638,2807,2870,3047,2891,2895,2866,3062,3111,3152,3666,3447,3190,3629,3865,3764,4001,3849,3781,3782,4089,3920,4178,3869,3888,4328,4822,5021,5425,5714,5637,5633,5548,5316,5599,4748,4604,4503,4426,4319,4319,4278,4085,3875,3756,3898,3752,3851,3792,3653,3412,3231,3200,2764,2918,2784,2655,2493,2251,2489,2062,1790,1751,1345,1332,990,1178,1267,1223,1270,1143,1074,964,843,765,680,565,470,377,301,243,198,171,113,94,58,39,60,-
"113年 4月/ 苗栗縣/ 性別總計",533910,2272,2494,2881,3248,3509,3990,4486,4730,5046,5072,4698,5400,4907,3993,4380,4543,4858,5024,4984,5335,5413,6098,6190,6878,6758,6244,7101,7558,7456,7369,7470,7396,7239,7252,7254,7275,7083,6785,7416,8010,8579,9197,9261,8973,9128,8855,8232,8589,7855,7422,7579,7600,7729,8072,8086,8033,7805,7722,7848,8310,8410,8459,8278,7996,7888,7743,6680,6941,6355,6475,5789,5737,5409,4843,4223,4084,3304,3139,2318,2740,2722,2741,2635,2626,2455,2027,1959,1644,1393,1277,1013,843,765,519,447,345,238,204,110,62,104,-
"113年 4月/ 苗栗縣/ 男",274461,1187,1304,1456,1690,1840,2054,2337,2469,2609,2579,2444,2725,2549,2080,2293,2389,2533,2629,2615,2839,2951,3332,3241,3578,3583,3346,3808,3943,4032,3984,4126,3998,3986,3955,3973,3952,3846,3607,3919,4186,4454,4677,4757,4579,4597,4498,4199,4341,3975,3847,3973,3944,3988,4168,4221,4229,4098,4034,4097,4314,4353,4354,4239,4136,4032,4033,3370,3568,3254,3244,2923,2792,2558,2340,2020,1874,1552,1481,1060,1259,1203,1210,1167,1164,1100,878,833,648,597,510,389,323,287,225,163,134,84,60,44,16,27,-
"113年 4月/ 苗栗縣/ 女",259449,1085,1190,1425,1558,1669,1936,2149,2261,2437,2493,2254,2675,2358,1913,2087,2154,2325,2395,2369,2496,2462,2766,2949,3300,3175,2898,3293,3615,3424,3385,3344,3398,3253,3297,3281,3323,3237,3178,3497,3824,4125,4520,4504,4394,4531,4357,4033,4248,3880,3575,3606,3656,3741,3904,3865,3804,3707,3688,3751,3996,4057,4105,4039,3860,3856,3710,3310,3373,3101,3231,2866,2945,2851,2503,2203,2210,1752,1658,1258,1481,1519,1531,1468,1462,1355,1149,1126,996,796,767,624,520,478,294,284,211,154,144,66,46,77,-
"113年 4月/ 彰化縣/ 性別總計",1234209,8274,8319,8805,9024,9333,9248,9583,10485,10804,10786,9882,11695,10697,8853,10056,10615,10858,11416,11653,12654,13225,14065,14581,16898,16150,15672,17263,17859,17537,17186,17455,17512,16840,17290,16802,17490,16632,16306,17517,19097,19525,20333,21014,20733,21003,20605,19500,20176,18276,17520,17028,16839,16849,17337,17386,17368,17394,17754,17611,18688,18379,18719,18360,17751,17449,17519,15432,15868,15455,14707,13534,13337,13325,11465,10094,10004,8032,6925,4963,6028,6310,6116,5768,5556,5367,4745,4122,3683,3261,2757,2381,1877,1550,1169,897,613,428,333,215,130,229,-
"113年 4月/ 彰化縣/ 男",625789,4307,4267,4576,4683,4859,4834,5012,5486,5566,5700,5099,6167,5538,4670,5285,5514,5744,6124,6109,6611,6933,7419,7592,8877,8486,8082,8914,9403,9124,8853,8966,9130,8896,9101,8847,9200,8792,8508,9069,9927,10003,10230,10776,10468,10738,10549,9971,10277,9515,8920,8691,8615,8605,8933,8994,8983,8890,9101,9116,9614,9321,9517,9461,9018,8697,8875,7744,7939,7656,7162,6643,6454,6473,5527,4778,4596,3799,3136,2237,2678,2838,2670,2504,2377,2184,1906,1628,1425,1173,957,808,644,510,357,289,181,126,92,59,31,60,-
"113年 4月/ 彰化縣/ 女",608420,3967,4052,4229,4341,4474,4414,4571,4999,5238,5086,4783,5528,5159,4183,4771,5101,5114,5292,5544,6043,6292,6646,6989,8021,7664,7590,8349,8456,8413,8333,8489,8382,7944,8189,7955,8290,7840,7798,8448,9170,9522,10103,10238,10265,10265,10056,9529,9899,8761,8600,8337,8224,8244,8404,8392,8385,8504,8653,8495,9074,9058,9202,8899,8733,8752,8644,7688,7929,7799,7545,6891,6883,6852,5938,5316,5408,4233,3789,2726,3350,3472,3446,3264,3179,3183,2839,2494,2258,2088,1800,1573,1233,1040,812,608,432,302,241,156,99,169,-
"113年 4月/ 南投縣/ 性別總計",475584,2310,2436,2552,2882,2994,3124,3411,3638,3705,3766,3304,4060,3739,3292,3458,3616,3885,4114,4226,4569,4703,5178,5495,6119,6115,5868,6574,6730,6690,6848,6651,6621,6266,6270,6080,6141,5929,5598,6135,6511,6768,7104,7314,7387,7404,7246,6860,7302,6729,6346,6385,6635,6893,7244,7438,7663,7383,7761,7604,8031,8020,8362,8044,7837,7670,7568,6632,6714,6535,6483,5825,5646,5626,4884,4385,4218,3322,2864,2347,2599,2458,2736,2550,2516,2400,2029,1806,1538,1401,1128,988,822,697,529,408,282,179,167,102,61,106,-
"113年 4月/ 南投縣/ 男",242113,1189,1264,1361,1522,1564,1624,1750,1879,1956,1915,1772,2120,1912,1712,1821,1858,2021,2119,2200,2354,2434,2683,2919,3159,3265,3094,3409,3486,3511,3630,3513,3589,3461,3401,3297,3382,3255,3000,3260,3447,3605,3719,3717,3791,3829,3700,3469,3740,3476,3145,3141,3365,3516,3693,3745,3973,3780,4012,3950,4067,4127,4203,4076,3982,3928,3838,3348,3330,3251,3251,2946,2781,2694,2403,2098,1989,1526,1325,1050,1145,1133,1176,1136,1015,1004,872,748,603,539,434,359,310,291,183,146,108,69,63,31,20,41,-
"113年 4月/ 南投縣/ 女",233471,1121,1172,1191,1360,1430,1500,1661,1759,1749,1851,1532,1940,1827,1580,1637,1758,1864,1995,2026,2215,2269,2495,2576,2960,2850,2774,3165,3244,3179,3218,3138,3032,2805,2869,2783,2759,2674,2598,2875,3064,3163,3385,3597,3596,3575,3546,3391,3562,3253,3201,3244,3270,3377,3551,3693,3690,3603,3749,3654,3964,3893,4159,3968,3855,3742,3730,3284,3384,3284,3232,2879,2865,2932,2481,2287,2229,1796,1539,1297,1454,1325,1560,1414,1501,1396,1157,1058,935,862,694,629,512,406,346,262,174,110,104,71,41,65,-
"113年 4月/ 雲林縣/ 性別總計",659467,3549,3454,3761,3992,4266,4365,4617,4915,5038,5171,4767,5758,5384,4662,5071,5328,5746,5814,6204,6561,7020,7510,7799,9083,8844,8211,9129,9213,9163,9027,8458,8172,7983,8098,7887,8345,7842,8036,8640,9324,9733,10494,10556,10826,11047,10959,10784,11255,10328,9668,9650,9490,9702,9854,10171,10225,9789,10504,10375,10265,10304,10605,10353,9374,9762,9469,8111,8488,8352,7901,7460,7325,7593,6275,5775,5946,4804,4464,3289,4023,4128,4045,3784,3808,3586,3192,2757,2382,2105,1853,1470,1214,1030,743,572,403,290,211,135,71,133,-
"113年 4月/ 雲林縣/ 男",339490,1891,1795,1958,2022,2231,2298,2369,2506,2620,2620,2465,3017,2703,2386,2665,2818,3041,3052,3247,3440,3736,3949,4010,4799,4698,4254,4845,4876,4800,4781,4460,4338,4172,4515,4244,4356,4234,4262,4517,4818,5018,5373,5366,5512,5648,5580,5484,5769,5458,5012,4980,4982,5103,5339,5579,5651,5483,5854,5692,5680,5678,5831,5627,5003,5300,5034,4223,4411,4305,3919,3759,3698,3734,3028,2865,2754,2227,1967,1436,1755,1738,1696,1617,1585,1433,1273,1026,915,716,655,476,397,321,214,173,119,79,52,26,17,37,-
"113年 4月/ 雲林縣/ 女",319977,1658,1659,1803,1970,2035,2067,2248,2409,2418,2551,2302,2741,2681,2276,2406,2510,2705,2762,2957,3121,3284,3561,3789,4284,4146,3957,4284,4337,4363,4246,3998,3834,3811,3583,3643,3989,3608,3774,4123,4506,4715,5121,5190,5314,5399,5379,5300,5486,4870,4656,4670,4508,4599,4515,4592,4574,4306,4650,4683,4585,4626,4774,4726,4371,4462,4435,3888,4077,4047,3982,3701,3627,3859,3247,2910,3192,2577,2497,1853,2268,2390,2349,2167,2223,2153,1919,1731,1467,1389,1198,994,817,709,529,399,284,211,159,109,54,96,-
"113年 4月/ 嘉義縣/ 性別總計",482604,2259,2193,2378,2570,2575,2546,2797,2866,2978,2953,2741,3298,2924,2761,3069,3308,3661,3833,4298,4470,4940,5419,5739,6661,6158,6065,6804,6895,6729,6617,6535,6190,5983,6171,5724,5881,5612,5476,5896,6505,6693,7050,7119,7580,7238,7534,7265,7621,7067,6786,6933,7222,7282,7687,7780,7846,7951,8017,8388,8251,8415,8428,8521,8136,7939,7849,6610,6948,6603,6585,6166,5720,6024,5160,4473,4722,3696,2934,2492,3054,3097,2994,2958,2947,2845,2509,2224,2004,1695,1523,1258,1052,913,710,536,335,269,182,114,54,122,-
"113年 4月/ 嘉義縣/ 男",249813,1165,1168,1214,1326,1320,1289,1395,1502,1567,1512,1448,1717,1502,1438,1670,1743,1918,2033,2210,2369,2604,2839,3034,3525,3256,3214,3570,3670,3590,3561,3550,3336,3250,3361,3133,3301,3087,2996,3221,3476,3556,3758,3623,3831,3762,3894,3668,3855,3624,3434,3550,3780,3791,4095,4184,4230,4295,4442,4566,4581,4577,4645,4631,4447,4309,4138,3550,3692,3449,3411,3118,2867,3028,2584,2170,2225,1689,1336,1095,1334,1329,1256,1261,1202,1155,1008,893,758,661,544,430,341,318,235,182,109,69,69,34,20,45,-
"113年 4月/ 嘉義縣/ 女",232791,1094,1025,1164,1244,1255,1257,1402,1364,1411,1441,1293,1581,1422,1323,1399,1565,1743,1800,2088,2101,2336,2580,2705,3136,2902,2851,3234,3225,3139,3056,2985,2854,2733,2810,2591,2580,2525,2480,2675,3029,3137,3292,3496,3749,3476,3640,3597,3766,3443,3352,3383,3442,3491,3592,3596,3616,3656,3575,3822,3670,3838,3783,3890,3689,3630,3711,3060,3256,3154,3174,3048,2853,2996,2576,2303,2497,2007,1598,1397,1720,1768,1738,1697,1745,1690,1501,1331,1246,1034,979,828,711,595,475,354,226,200,113,80,34,77,-
"113年 4月/ 屏東縣/ 性別總計",792856,4122,3989,4328,4667,5049,5250,5660,5901,6062,6155,5565,6495,5888,5133,5451,5621,6001,6463,6812,7399,7632,8540,8817,10374,10007,9654,11232,11708,11740,11688,11060,10738,10454,10425,10094,10680,9649,9449,10152,11003,11428,12213,12322,12617,12985,12853,12469,13215,11899,11542,11398,11427,12158,12614,12579,12859,12845,13122,12834,13388,13269,13151,13369,12536,12782,12137,11060,11154,10868,10526,10073,9222,9364,8463,7000,6946,5953,4622,3627,4245,4250,4127,4007,3887,3347,3016,2663,2304,1948,1619,1323,1038,840,667,518,342,251,186,101,74,107,-
"113年 4月/ 屏東縣/ 男",401485,2136,2028,2221,2466,2626,2653,2955,3106,3171,3176,2858,3407,3077,2711,2860,2931,3143,3367,3605,3820,3974,4427,4495,5425,5246,5077,5891,6230,6223,6165,5903,5708,5565,5566,5329,5711,5219,5012,5356,5769,6010,6234,6323,6524,6646,6630,6375,6730,6002,5836,5721,5776,6122,6383,6330,6611,6752,6892,6555,6881,6724,6592,6784,6320,6351,6051,5355,5348,5253,5051,4882,4347,4481,4069,3245,3168,2752,2072,1588,1855,1906,1800,1737,1651,1440,1247,1132,920,754,611,516,380,297,253,185,144,99,73,44,30,37,-
"113年 4月/ 屏東縣/ 女",391371,1986,1961,2107,2201,2423,2597,2705,2795,2891,2979,2707,3088,2811,2422,2591,2690,2858,3096,3207,3579,3658,4113,4322,4949,4761,4577,5341,5478,5517,5523,5157,5030,4889,4859,4765,4969,4430,4437,4796,5234,5418,5979,5999,6093,6339,6223,6094,6485,5897,5706,5677,5651,6036,6231,6249,6248,6093,6230,6279,6507,6545,6559,6585,6216,6431,6086,5705,5806,5615,5475,5191,4875,4883,4394,3755,3778,3201,2550,2039,2390,2344,2327,2270,2236,1907,1769,1531,1384,1194,1008,807,658,543,414,333,198,152,113,57,44,70,-
"113年 4月/ 臺東縣/ 性別總計",211021,1368,1313,1352,1351,1441,1496,1557,1652,1698,1703,1601,1776,1677,1557,1545,1708,1746,1945,1911,2021,2130,2366,2435,2748,2759,2653,2940,3070,2934,2927,2920,2796,2900,2738,2621,2685,2418,2479,2605,2782,3012,3209,3202,3230,3177,3232,3147,3393,3262,3068,3235,3418,3432,3532,3514,3403,3490,3460,3527,3505,3571,3414,3372,3124,3288,3148,2858,2744,2903,2592,2434,2366,2381,2054,1900,1626,1571,1259,955,1091,1152,1079,1015,912,852,764,632,595,521,447,321,261,247,201,162,133,83,78,52,27,64,-
"113年 4月/ 臺東縣/ 男",107594,707,673,717,681,766,805,829,869,871,881,830,966,886,796,779,932,910,1024,1011,1074,1126,1220,1247,1438,1442,1340,1515,1603,1487,1571,1540,1486,1541,1496,1408,1432,1306,1313,1368,1474,1597,1664,1683,1674,1662,1655,1638,1728,1646,1620,1677,1815,1737,1866,1891,1843,1813,1845,1902,1828,1852,1731,1768,1621,1635,1562,1453,1395,1369,1259,1149,1105,1052,929,868,717,710,525,397,466,497,438,406,374,337,308,234,225,208,175,122,104,87,83,65,67,43,38,21,17,38,-
"113年 4月/ 臺東縣/ 女",103427,661,640,635,670,675,691,728,783,827,822,771,810,791,761,766,776,836,921,900,947,1004,1146,1188,1310,1317,1313,1425,1467,1447,1356,1380,1310,1359,1242,1213,1253,1112,1166,1237,1308,1415,1545,1519,1556,1515,1577,1509,1665,1616,1448,1558,1603,1695,1666,1623,1560,1677,1615,1625,1677,1719,1683,1604,1503,1653,1586,1405,1349,1534,1333,1285,1261,1329,1125,1032,909,861,734,558,625,655,641,609,538,515,456,398,370,313,272,199,157,160,118,97,66,40,40,31,10,26,-
"113年 4月/ 花蓮縣/ 性別總計",316544,1693,1926,2013,2038,2240,2443,2402,2539,2711,2623,2560,2708,2587,2264,2492,2540,2656,2754,2772,3000,3122,3361,3484,3987,4008,3788,4330,4623,4515,4511,4588,4336,4173,4268,3887,4047,3791,3632,3984,4469,4517,4740,5001,4994,4921,4924,4773,5149,4737,4669,4792,4731,4902,5133,5133,5097,4968,4791,5002,5186,4909,5130,5110,4839,5006,4711,4534,4441,4410,4271,3887,3647,3639,3109,2986,2575,2171,1916,1441,1642,1591,1620,1493,1363,1263,1126,992,832,735,646,510,463,338,311,262,157,143,108,80,35,77,-
"113年 4月/ 花蓮縣/ 男",159055,856,1023,1018,1088,1169,1300,1257,1287,1406,1385,1338,1398,1392,1217,1313,1323,1407,1469,1421,1550,1649,1768,1764,2071,2084,2049,2269,2418,2341,2339,2393,2317,2168,2262,2034,2131,2004,1945,2059,2306,2315,2449,2545,2558,2523,2523,2421,2554,2339,2344,2358,2333,2437,2517,2660,2605,2582,2514,2565,2605,2480,2584,2506,2386,2474,2241,2223,2163,2141,2101,1911,1697,1710,1437,1354,1121,975,852,602,686,655,675,602,552,505,440,389,317,293,248,163,190,133,120,108,70,63,49,41,16,47,-
"113年 4月/ 花蓮縣/ 女",157489,837,903,995,950,1071,1143,1145,1252,1305,1238,1222,1310,1195,1047,1179,1217,1249,1285,1351,1450,1473,1593,1720,1916,1924,1739,2061,2205,2174,2172,2195,2019,2005,2006,1853,1916,1787,1687,1925,2163,2202,2291,2456,2436,2398,2401,2352,2595,2398,2325,2434,2398,2465,2616,2473,2492,2386,2277,2437,2581,2429,2546,2604,2453,2532,2470,2311,2278,2269,2170,1976,1950,1929,1672,1632,1454,1196,1064,839,956,936,945,891,811,758,686,603,515,442,398,347,273,205,191,154,87,80,59,39,19,30,-
"113年 4月/ 澎湖縣/ 性別總計",107764,698,772,792,779,803,662,612,679,670,695,626,714,624,557,679,622,735,789,941,1317,1361,1482,1469,1708,1519,1497,1697,1612,1711,1595,1611,1708,1529,1550,1442,1614,1523,1401,1457,1620,1641,1611,1673,1687,1699,1694,1521,1772,1556,1630,1517,1530,1621,1611,1590,1704,1645,1674,1635,1715,1635,1725,1738,1625,1690,1556,1529,1411,1347,1266,1230,1158,1178,1034,941,805,616,714,484,530,484,448,438,478,396,400,333,350,319,260,217,190,176,127,105,65,63,36,23,15,31,-
"113年 4月/ 澎湖縣/ 男",55209,358,384,386,429,392,353,348,359,355,370,336,379,330,281,351,327,379,401,517,717,779,786,816,954,841,808,919,854,921,852,848,947,799,844,740,853,785,742,769,835,844,814,808,837,808,866,775,853,767,825,771,789,852,830,837,868,856,896,834,915,870,911,881,829,849,801,802,744,691,634,592,549,567,491,444,393,283,326,225,232,231,199,185,197,158,162,144,148,112,99,77,70,64,43,39,22,25,12,5,5,9,-
"113年 4月/ 澎湖縣/ 女",52555,340,388,406,350,411,309,264,320,315,325,290,335,294,276,328,295,356,388,424,600,582,696,653,754,678,689,778,758,790,743,763,761,730,706,702,761,738,659,688,785,797,797,865,850,891,828,746,919,789,805,746,741,769,781,753,836,789,778,801,800,765,814,857,796,841,755,727,667,656,632,638,609,611,543,497,412,333,388,259,298,253,249,253,281,238,238,189,202,207,161,140,120,112,84,66,43,38,24,18,10,22,-
"113年 4月/ 基隆市/ 性別總計",361815,1285,1621,1779,1963,2166,2375,2459,2694,2783,2723,2492,3011,2711,2268,2533,2657,2801,2928,2883,3025,3161,3553,3708,4556,4564,4244,4938,5122,5313,5046,5137,4991,4900,5163,4648,4939,4458,4208,4477,4871,5018,5528,5779,5649,5791,5712,5645,6033,5416,5617,5431,5504,5790,5839,6025,6080,6006,5901,6157,6253,6231,6251,6258,6043,6063,6172,5533,5484,5357,5164,4795,4770,4541,3768,3466,3212,2546,1992,1232,1671,1768,1695,1539,1611,1452,1205,1007,854,740,602,545,419,367,278,205,178,137,100,74,46,116,-
"113年 4月/ 基隆市/ 男",179749,666,836,961,1024,1133,1237,1306,1334,1465,1368,1300,1563,1358,1175,1301,1386,1477,1540,1444,1614,1701,1853,1980,2367,2379,2184,2558,2746,2787,2589,2713,2637,2646,2777,2495,2628,2372,2188,2283,2554,2600,2787,2895,2836,2913,2763,2751,3010,2666,2810,2666,2716,2901,2862,2975,3020,2964,2926,3033,3030,3122,3106,3050,2941,2936,2990,2636,2564,2545,2444,2227,2187,2067,1730,1579,1447,1212,880,538,693,741,723,629,674,553,424,343,301,242,233,189,143,140,94,87,73,54,42,35,27,59,-
"113年 4月/ 基隆市/ 女",182066,619,785,818,939,1033,1138,1153,1360,1318,1355,1192,1448,1353,1093,1232,1271,1324,1388,1439,1411,1460,1700,1728,2189,2185,2060,2380,2376,2526,2457,2424,2354,2254,2386,2153,2311,2086,2020,2194,2317,2418,2741,2884,2813,2878,2949,2894,3023,2750,2807,2765,2788,2889,2977,3050,3060,3042,2975,3124,3223,3109,3145,3208,3102,3127,3182,2897,2920,2812,2720,2568,2583,2474,2038,1887,1765,1334,1112,694,978,1027,972,910,937,899,781,664,553,498,369,356,276,227,184,118,105,83,58,39,19,57,-
"113年 4月/ 新竹市/ 性別總計",456917,3023,3290,3809,4034,4406,4588,4989,5344,5639,5930,5412,6345,5735,4490,4850,4900,5053,4701,4600,4680,4580,4978,4976,5639,5317,4893,5609,5827,5902,5708,5832,5950,6001,6241,6111,6540,6151,6070,6629,7410,7882,8442,8942,9080,8986,8741,8089,8776,7611,7183,6738,6763,6827,6796,6728,6557,6105,5939,6025,5976,5908,5904,5623,5321,5339,5403,4759,4663,4651,4633,4327,4101,4121,3426,2981,2947,2308,2228,1453,1743,1754,1709,1487,1459,1271,1179,982,847,709,665,500,437,376,330,253,206,171,119,79,70,107,-
"113年 4月/ 新竹市/ 男",225458,1565,1709,1959,2092,2322,2386,2607,2689,2897,3103,2815,3250,3014,2324,2492,2619,2701,2438,2418,2387,2409,2633,2588,2924,2756,2572,2912,3021,3052,2978,2943,3107,3104,3266,3086,3338,3099,3024,3249,3521,3820,4144,4310,4361,4306,4234,3951,4297,3787,3522,3397,3295,3321,3368,3260,3170,3036,2920,2946,2927,2903,2854,2718,2563,2522,2519,2279,2091,2153,2124,2040,1872,1843,1556,1297,1300,1034,971,613,717,718,701,584,562,479,421,350,316,273,245,194,169,156,131,90,83,85,65,42,36,48,-
"113年 4月/ 新竹市/ 女",231459,1458,1581,1850,1942,2084,2202,2382,2655,2742,2827,2597,3095,2721,2166,2358,2281,2352,2263,2182,2293,2171,2345,2388,2715,2561,2321,2697,2806,2850,2730,2889,2843,2897,2975,3025,3202,3052,3046,3380,3889,4062,4298,4632,4719,4680,4507,4138,4479,3824,3661,3341,3468,3506,3428,3468,3387,3069,3019,3079,3049,3005,3050,2905,2758,2817,2884,2480,2572,2498,2509,2287,2229,2278,1870,1684,1647,1274,1257,840,1026,1036,1008,903,897,792,758,632,531,436,420,306,268,220,199,163,123,86,54,37,34,59,-
"113年 4月/ 嘉義市/ 性別總計",263200,1250,1366,1596,1723,1920,2120,2347,2371,2652,2611,2375,2919,2769,2229,2441,2442,2601,2559,2514,2616,2841,2933,3029,3779,3622,3325,3689,3791,3780,3631,3575,3448,3386,3338,3225,3451,3145,3088,3459,3775,3819,4104,4327,4191,4305,4365,4138,4532,3882,3907,3723,3757,3917,4026,4176,3986,3972,4042,4057,3920,4082,3915,3930,3741,3614,3651,3201,3345,3314,3169,2947,2876,2933,2434,2149,2151,1837,1467,1115,1285,1340,1198,1163,1113,1018,843,802,707,618,527,457,320,266,217,172,132,96,65,46,23,44,-
"113年 4月/ 嘉義市/ 男",126405,644,705,793,934,951,1100,1259,1184,1325,1335,1247,1519,1484,1162,1246,1323,1365,1272,1299,1379,1494,1495,1607,1950,1914,1730,1893,1871,1887,1881,1852,1750,1768,1663,1654,1686,1582,1478,1610,1851,1842,1928,2016,1946,2058,2049,1920,2051,1760,1776,1689,1723,1758,1863,1934,1859,1846,1901,1936,1889,1947,1827,1847,1761,1685,1732,1488,1563,1551,1495,1336,1342,1287,1073,932,913,810,610,499,521,546,471,464,442,410,328,280,252,241,177,176,113,107,88,62,43,31,31,13,6,19,-
"113年 4月/ 嘉義市/ 女",136795,606,661,803,789,969,1020,1088,1187,1327,1276,1128,1400,1285,1067,1195,1119,1236,1287,1215,1237,1347,1438,1422,1829,1708,1595,1796,1920,1893,1750,1723,1698,1618,1675,1571,1765,1563,1610,1849,1924,1977,2176,2311,2245,2247,2316,2218,2481,2122,2131,2034,2034,2159,2163,2242,2127,2126,2141,2121,2031,2135,2088,2083,1980,1929,1919,1713,1782,1763,1674,1611,1534,1646,1361,1217,1238,1027,857,616,764,794,727,699,671,608,515,522,455,377,350,281,207,159,129,110,89,65,34,33,17,25,-
"113年 4月/ 金門縣/ 性別總計",144019,656,683,729,783,835,764,717,783,819,824,730,852,797,720,811,850,921,944,1182,1705,1718,1930,1887,2273,2035,1973,2323,2421,2559,2469,2432,2405,2144,2226,2113,2178,2072,1876,2009,2093,2028,2068,2076,1956,2011,2026,2029,2152,1985,1987,2097,2210,2272,2515,2523,2567,2473,2786,2752,2835,2817,2728,2485,2529,2548,2277,2403,2151,2007,1880,1521,1499,1211,1124,927,805,703,578,563,577,576,526,495,438,413,389,398,332,286,219,222,188,142,104,94,77,47,38,42,20,51,-
"113年 4月/ 金門縣/ 男",71455,360,349,381,398,434,383,371,405,431,417,380,452,424,388,413,431,499,491,599,856,869,1026,940,1183,1008,1002,1171,1224,1298,1209,1239,1227,1072,1113,1080,1099,1071,970,977,1020,1020,1021,1016,956,987,942,904,1026,945,938,1035,1092,1138,1273,1282,1266,1196,1306,1359,1372,1364,1336,1251,1312,1280,1152,1227,1074,986,933,773,748,581,536,451,404,338,299,265,284,272,256,223,210,178,170,163,150,105,95,85,63,50,28,22,13,15,8,7,5,9,-
"113年 4月/ 金門縣/ 女",72564,296,334,348,385,401,381,346,378,388,407,350,400,373,332,398,419,422,453,583,849,849,904,947,1090,1027,971,1152,1197,1261,1260,1193,1178,1072,1113,1033,1079,1001,906,1032,1073,1008,1047,1060,1000,1024,1084,1125,1126,1040,1049,1062,1118,1134,1242,1241,1301,1277,1480,1393,1463,1453,1392,1234,1217,1268,1125,1176,1077,1021,947,748,751,630,588,476,401,365,279,298,293,304,270,272,228,235,219,235,182,181,124,137,125,92,76,72,64,32,30,35,15,42,-
"113年 4月/ 連江縣/ 性別總計",14008,98,101,98,95,111,94,88,95,86,99,81,86,104,85,84,104,112,94,109,98,159,184,175,196,240,211,228,268,259,225,283,282,267,260,210,252,178,181,206,214,189,221,217,205,231,222,182,209,207,229,209,205,226,242,229,176,226,242,248,233,239,233,217,202,242,205,175,187,177,151,141,133,100,90,85,82,88,65,42,32,41,33,34,21,28,35,29,22,17,21,17,12,12,11,9,7,6,4,3,2,10,-
"113年 4月/ 連江縣/ 男",8076,63,50,57,53,53,55,47,53,53,44,41,48,49,49,45,61,61,48,67,53,84,103,106,118,155,137,126,169,147,132,157,175,169,150,121,145,107,105,121,121,117,122,139,98,141,119,94,119,115,134,113,119,137,145,134,110,135,156,147,131,147,134,130,126,145,126,99,113,93,89,84,78,56,55,45,36,42,38,20,23,26,13,16,12,20,14,11,13,9,8,5,3,6,2,4,2,3,1,2,1,3,-
"113年 4月/ 連江縣/ 女",5932,35,51,41,42,58,39,41,42,33,55,40,38,55,36,39,43,51,46,42,45,75,81,69,78,85,74,102,99,112,93,126,107,98,110,89,107,71,76,85,93,72,99,78,107,90,103,88,90,92,95,96,86,89,97,95,66,91,86,101,102,92,99,87,76,97,79,76,74,84,62,57,55,44,35,40,46,46,27,22,9,15,20,18,9,8,21,18,9,8,13,12,9,6,9,5,5,3,3,1,1,7,-
"113年 5月/ 區域別總計/ 性別總計",23413608,129956,140745,152151,162005,173586,181287,192298,206052,214268,217048,198751,228815,212424,177626,186632,196239,205630,204472,206248,215149,221434,238668,247929,291601,284913,272113,303560,319690,322087,320973,322283,320145,314772,324937,318757,328762,311653,301760,326232,359692,368714,394425,405579,407657,409943,404986,382719,407738,366927,351382,343745,343780,347876,357708,360327,357801,350071,349010,353281,360412,361049,359564,355192,341843,338371,339726,309437,309187,307339,295915,276929,260912,262781,231686,199580,185659,155092,128947,94213,108012,109237,102596,95501,91799,82909,72408,62694,54403,46820,40392,33073,27565,23746,19218,14952,11282,8223,6122,4149,2595,5066,-
"113年 5月/ 區域別總計/ 男",11542394,67403,72652,78650,83961,89923,93751,99632,106470,111172,112341,102779,118416,109941,92359,97336,102150,107400,106660,107707,112122,116072,124567,128637,151603,148674,141291,157606,165315,166481,165686,166354,165500,163293,168584,164062,168450,159316,152542,163405,179203,183385,194605,199293,200315,201452,198726,187504,199370,179219,170623,167341,166819,169117,174285,175617,174747,170675,170266,171297,175110,174672,173032,171161,164817,161393,161943,146822,146276,145048,138972,129436,121343,121192,107070,91178,83951,70339,57597,41384,46777,47252,43499,39957,37982,33223,28394,23961,20659,17350,14889,12172,10572,9295,7787,6138,4701,3424,2501,1733,1112,2158,-
"113年 5月/ 區域別總計/ 女",11871214,62553,68093,73501,78044,83663,87536,92666,99582,103096,104707,95972,110399,102483,85267,89296,94089,98230,97812,98541,103027,105362,114101,119292,139998,136239,130822,145954,154375,155606,155287,155929,154645,151479,156353,154695,160312,152337,149218,162827,180489,185329,199820,206286,207342,208491,206260,195215,208368,187708,180759,176404,176961,178759,183423,184710,183054,179396,178744,181984,185302,186377,186532,184031,177026,176978,177783,162615,162911,162291,156943,147493,139569,141589,124616,108402,101708,84753,71350,52829,61235,61985,59097,55544,53817,49686,44014,38733,33744,29470,25503,20901,16993,14451,11431,8814,6581,4799,3621,2416,1483,2908,-
"113年 5月/ 新北市/ 性別總計",4043236,18196,22570,24733,26096,28343,29616,31630,34265,35673,36016,32899,37585,34232,29275,31051,32704,34498,34251,33981,35734,36467,39378,41140,48739,47557,45331,50678,53539,54288,54098,55455,55374,55048,57051,56027,57676,54581,52496,57535,63383,65099,69727,72350,72890,74140,73305,69308,74113,65780,63959,62071,61637,61816,63254,63751,63049,60953,61414,62492,63726,64741,64311,63008,61155,60384,61703,55700,56060,56066,53981,50058,47716,47343,40745,35258,32254,25831,21899,15185,17167,17048,15546,14137,13171,11650,9687,8291,7039,5957,5121,4180,3453,3049,2552,2011,1589,1221,883,638,437,988,-
"113年 5月/ 新北市/ 男",1965376,9357,11661,12734,13427,14756,15173,16291,17647,18364,18739,16874,19580,17533,15219,16202,17068,18001,17908,17720,18734,19271,20495,21530,25270,24818,23521,26326,27701,27940,27939,28651,28810,28568,29660,28822,29507,27601,26309,28817,31541,32281,34234,35413,35635,36322,35734,33589,35994,31822,30641,29757,29613,29568,30213,30186,29592,28483,28560,28741,29293,29905,29318,29011,28111,27326,28033,25239,25436,25502,24414,22548,21411,21415,18421,15827,14427,11570,9743,6675,7533,7378,6611,5786,5415,4539,3622,3007,2612,2152,1829,1566,1333,1294,1084,931,698,539,370,301,203,485,-
"113年 5月/ 新北市/ 女",2077860,8839,10909,11999,12669,13587,14443,15339,16618,17309,17277,16025,18005,16699,14056,14849,15636,16497,16343,16261,17000,17196,18883,19610,23469,22739,21810,24352,25838,26348,26159,26804,26564,26480,27391,27205,28169,26980,26187,28718,31842,32818,35493,36937,37255,37818,37571,35719,38119,33958,33318,32314,32024,32248,33041,33565,33457,32470,32854,33751,34433,34836,34993,33997,33044,33058,33670,30461,30624,30564,29567,27510,26305,25928,22324,19431,17827,14261,12156,8510,9634,9670,8935,8351,7756,7111,6065,5284,4427,3805,3292,2614,2120,1755,1468,1080,891,682,513,337,234,503,-
"113年 5月/ 臺北市/ 性別總計",2507673,15018,14493,15683,16936,18879,19650,20367,22541,23997,24840,23027,26459,24783,20387,20560,20339,21136,19929,18993,19289,19315,20908,21087,25342,25255,23951,26928,27952,29327,29343,29483,29748,29577,31320,31579,33310,31561,31150,34172,37813,38757,41817,43348,42981,43397,42666,38924,43625,38290,37122,36053,35694,36660,37649,38030,37734,36447,36204,36909,38110,37981,38140,37410,37075,37412,38755,36575,36770,37191,36170,34707,33502,33716,30838,27721,25508,21738,18553,12793,14333,14530,13586,12485,11845,10653,9539,8188,7079,6234,5376,4650,4054,3629,2944,2419,1870,1446,1077,735,495,1107,-
"113年 5月/ 臺北市/ 男",1183803,7715,7456,8038,8707,9786,10063,10507,11642,12414,12725,11953,13554,12894,10537,10577,10651,10934,10249,9942,10081,9961,10880,10789,13023,13103,12331,13694,14068,14759,14605,14680,14555,14534,15264,15301,15648,14893,14554,15820,17642,18119,19684,20137,20128,20098,19681,18285,20289,17590,17106,16882,16554,16879,17321,17442,17310,16708,16626,16838,17662,17412,17362,16928,17094,16817,17558,16514,16494,16922,16571,15803,15177,15102,13730,12150,11365,9670,8242,5589,6088,6165,5742,5075,4800,4090,3674,2967,2578,2261,1928,1736,1624,1446,1259,1044,822,623,471,319,219,504,-
"113年 5月/ 臺北市/ 女",1323870,7303,7037,7645,8229,9093,9587,9860,10899,11583,12115,11074,12905,11889,9850,9983,9688,10202,9680,9051,9208,9354,10028,10298,12319,12152,11620,13234,13884,14568,14738,14803,15193,15043,16056,16278,17662,16668,16596,18352,20171,20638,22133,23211,22853,23299,22985,20639,23336,20700,20016,19171,19140,19781,20328,20588,20424,19739,19578,20071,20448,20569,20778,20482,19981,20595,21197,20061,20276,20269,19599,18904,18325,18614,17108,15571,14143,12068,10311,7204,8245,8365,7844,7410,7045,6563,5865,5221,4501,3973,3448,2914,2430,2183,1685,1375,1048,823,606,416,276,603,-
"113年 5月/ 桃園市/ 性別總計",2324804,16423,17462,18162,19296,20361,21042,22033,23369,23887,24188,22086,25259,23413,19495,20225,21485,22497,22087,22340,23057,23533,25356,26562,30846,29794,28693,31769,33323,33834,34136,34369,34374,33670,35255,34598,35631,33311,31637,34415,37924,38936,41869,43032,42710,42239,41166,38936,41138,36498,34744,34077,33842,34038,34683,34779,34107,32746,32307,32867,33594,33022,32452,31377,29786,29920,30136,27409,27287,26740,25763,23739,22542,22416,18781,16149,14868,11822,10291,7362,8171,8204,7618,6786,6502,5667,4883,4330,3525,3160,2654,2208,1983,1758,1535,1259,1002,688,519,360,233,392,-
"113年 5月/ 桃園市/ 男",1145744,8506,8885,9371,10046,10547,10958,11363,12088,12388,12557,11498,13126,12052,10106,10622,11163,11814,11581,11730,12083,12427,13149,13837,16064,15429,14912,16268,17150,17252,17537,17561,17442,17191,18047,17575,18004,16910,15873,17032,18654,19179,20421,21049,20707,20568,20250,19081,20258,17925,16776,16568,16388,16471,16760,16918,16476,15718,15477,15733,16155,15719,15496,14824,14208,14216,14144,12905,12625,12549,11958,10804,10442,10203,8568,7312,6713,5230,4535,3207,3444,3507,3106,2819,2647,2209,1841,1667,1263,1186,945,924,887,870,794,656,533,364,265,177,114,192,-
"113年 5月/ 桃園市/ 女",1179060,7917,8577,8791,9250,9814,10084,10670,11281,11499,11631,10588,12133,11361,9389,9603,10322,10683,10506,10610,10974,11106,12207,12725,14782,14365,13781,15501,16173,16582,16599,16808,16932,16479,17208,17023,17627,16401,15764,17383,19270,19757,21448,21983,22003,21671,20916,19855,20880,18573,17968,17509,17454,17567,17923,17861,17631,17028,16830,17134,17439,17303,16956,16553,15578,15704,15992,14504,14662,14191,13805,12935,12100,12213,10213,8837,8155,6592,5756,4155,4727,4697,4512,3967,3855,3458,3042,2663,2262,1974,1709,1284,1096,888,741,603,469,324,254,183,119,200,-
"113年 5月/ 臺中市/ 性別總計",2851309,16803,19002,20742,21919,23525,25226,26759,28538,29368,29647,26713,30837,28620,23750,24472,25953,27403,26812,26650,27633,28261,30329,31881,37608,36696,35298,39499,41849,41971,41455,41537,41554,40954,42087,41793,42212,40313,39516,42143,46459,46611,49937,50675,50966,50960,49842,47007,48920,44351,41375,40867,40941,41236,42537,42737,42197,41885,40917,41399,42048,41856,41176,40389,38765,37960,38208,34127,34072,33870,32696,30660,28064,27862,24786,20843,19041,15491,13178,9708,10719,10548,10141,9365,8712,8076,6924,5812,5301,4272,3588,2959,2554,2165,1646,1270,1011,752,560,362,229,396,-
"113年 5月/ 臺中市/ 男",1393436,8811,9898,10753,11391,12111,13110,13830,14829,15256,15391,13775,15958,14741,12383,12774,13570,14050,13914,13887,14254,14623,15740,16451,19245,19091,18207,20537,21393,21500,21130,21178,21139,20963,21440,21143,21551,20271,19716,20737,22914,22856,24432,24674,24860,24782,24229,22689,23430,21159,19686,19329,19130,19394,19932,19969,20061,19651,19253,19511,19670,19618,19229,19049,18378,17708,17830,16000,16032,15844,15129,14196,13009,12771,11454,9580,8707,7042,5769,4195,4609,4445,4269,3900,3541,3298,2712,2178,2025,1557,1370,1059,988,824,730,543,444,328,248,181,112,183,-
"113年 5月/ 臺中市/ 女",1457873,7992,9104,9989,10528,11414,12116,12929,13709,14112,14256,12938,14879,13879,11367,11698,12383,13353,12898,12763,13379,13638,14589,15430,18363,17605,17091,18962,20456,20471,20325,20359,20415,19991,20647,20650,20661,20042,19800,21406,23545,23755,25505,26001,26106,26178,25613,24318,25490,23192,21689,21538,21811,21842,22605,22768,22136,22234,21664,21888,22378,22238,21947,21340,20387,20252,20378,18127,18040,18026,17567,16464,15055,15091,13332,11263,10334,8449,7409,5513,6110,6103,5872,5465,5171,4778,4212,3634,3276,2715,2218,1900,1566,1341,916,727,567,424,312,181,117,213,-
"113年 5月/ 臺南市/ 性別總計",1859687,8924,9959,11123,11918,13195,13859,14995,15722,16725,16810,15324,18082,16484,13386,14155,15319,15723,15503,15699,16071,16468,17731,18483,22098,21754,20564,23439,24447,24802,24894,25463,24982,24596,25593,25215,26683,25257,24624,26536,29610,30053,32280,32911,33145,33127,32670,30785,32685,29348,27577,26500,26692,26943,27901,28607,28452,28469,28460,28884,29369,29716,29864,30253,28935,28330,28038,25595,25727,24819,23733,22033,20471,20735,18557,15667,14756,12870,9378,7318,8653,9058,8109,7749,7731,6786,6189,5442,4764,4263,3905,2996,2300,2117,1722,1269,929,626,437,289,195,290,-
"113年 5月/ 臺南市/ 男",922607,4592,5173,5818,6214,6879,7209,7717,8126,8722,8671,7904,9200,8672,6959,7406,7778,8304,8091,8097,8407,8609,9253,9497,11555,11341,10743,12375,12687,13005,12915,13112,12962,12846,13243,13113,13967,13012,12567,13312,14872,15009,16012,16109,16541,16425,16441,15460,16149,14399,13476,13018,12758,13113,13616,13915,13960,13852,13945,14114,14378,14535,14561,14895,14004,13786,13700,12556,12683,12003,11411,10571,9904,9711,8885,7303,6783,5857,4254,3230,3744,3904,3444,3244,3171,2731,2402,2115,1835,1609,1443,1055,832,740,639,484,344,227,150,109,63,75,-
"113年 5月/ 臺南市/ 女",937080,4332,4786,5305,5704,6316,6650,7278,7596,8003,8139,7420,8882,7812,6427,6749,7541,7419,7412,7602,7664,7859,8478,8986,10543,10413,9821,11064,11760,11797,11979,12351,12020,11750,12350,12102,12716,12245,12057,13224,14738,15044,16268,16802,16604,16702,16229,15325,16536,14949,14101,13482,13934,13830,14285,14692,14492,14617,14515,14770,14991,15181,15303,15358,14931,14544,14338,13039,13044,12816,12322,11462,10567,11024,9672,8364,7973,7013,5124,4088,4909,5154,4665,4505,4560,4055,3787,3327,2929,2654,2462,1941,1468,1377,1083,785,585,399,287,180,132,215,-
"113年 5月/ 高雄市/ 性別總計",2735308,15127,16015,17176,18129,18843,19703,20929,22506,23205,23419,21668,24801,23146,18719,20288,22077,22833,22927,23442,23718,24879,26814,27556,33406,32933,30942,34589,37085,36861,37350,37342,36648,36381,37519,36543,37736,35816,34094,36869,41301,42239,44990,46795,47375,48276,48030,46008,49432,44992,43053,42001,42095,42410,43547,43141,43176,42036,41846,41679,42013,42152,42147,41968,40497,39966,40190,37732,37797,38314,36591,35038,32511,33453,30133,25232,23404,20078,15264,11782,13415,13357,12026,11212,10583,9392,8031,6843,5721,4857,4144,3294,2715,2253,1942,1432,1072,748,556,359,232,406,-
"113年 5月/ 高雄市/ 男",1340666,7831,8304,8904,9355,9674,10147,10953,11553,12117,12158,11220,12744,12041,9673,10506,11283,12025,11922,12251,12288,12962,13937,14214,17405,17097,15823,17806,19080,19009,19257,19290,18924,18886,19454,18689,19283,18260,17270,18640,20567,20985,22113,23100,23294,23821,23353,22413,24105,21974,20789,20335,20293,20625,21220,21067,20996,20712,20344,20145,20343,20247,20080,19956,19114,18797,18849,17486,17495,17594,16736,16145,14643,15183,13706,11359,10342,9111,6748,5113,5829,5799,5061,4772,4371,3673,3122,2557,2200,1767,1591,1279,1094,956,827,647,502,365,260,170,115,176,-
"113年 5月/ 高雄市/ 女",1394642,7296,7711,8272,8774,9169,9556,9976,10953,11088,11261,10448,12057,11105,9046,9782,10794,10808,11005,11191,11430,11917,12877,13342,16001,15836,15119,16783,18005,17852,18093,18052,17724,17495,18065,17854,18453,17556,16824,18229,20734,21254,22877,23695,24081,24455,24677,23595,25327,23018,22264,21666,21802,21785,22327,22074,22180,21324,21502,21534,21670,21905,22067,22012,21383,21169,21341,20246,20302,20720,19855,18893,17868,18270,16427,13873,13062,10967,8516,6669,7586,7558,6965,6440,6212,5719,4909,4286,3521,3090,2553,2015,1621,1297,1115,785,570,383,296,189,117,230,-
"113年 5月/ 宜蘭縣/ 性別總計",449500,2315,2482,2807,3091,3187,3314,3527,3774,3872,3772,3589,4083,3883,3368,3474,3714,3723,3758,4054,4243,4413,4660,4934,5688,5718,5453,6379,6604,6654,6484,6540,6388,6247,6259,5981,6127,5743,5348,5831,6220,6581,6759,7006,7125,7010,6940,6752,7211,6549,6656,6464,6674,6583,7065,7326,7111,7217,7022,6886,7411,7377,7267,7186,6867,6764,6668,5957,5924,5840,5608,5149,4722,4904,4212,3500,3421,2798,2473,1848,2408,2411,2476,2293,2317,2171,1808,1674,1433,1227,1027,860,672,587,468,342,248,177,133,99,43,92,-
"113年 5月/ 宜蘭縣/ 男",225494,1188,1271,1462,1600,1638,1691,1811,1957,1997,1966,1880,2158,2020,1735,1781,1959,1911,1919,2102,2164,2332,2452,2516,2974,2997,2830,3355,3455,3552,3377,3401,3360,3289,3368,3184,3209,3080,2763,3041,3138,3338,3454,3457,3573,3527,3425,3378,3621,3207,3263,3182,3315,3344,3518,3730,3629,3648,3596,3388,3796,3681,3660,3581,3385,3346,3263,2881,2983,2878,2762,2439,2262,2298,2021,1633,1572,1286,1172,858,1041,1127,1072,956,996,917,756,678,538,482,380,315,238,210,172,113,82,64,49,32,18,25,-
"113年 5月/ 宜蘭縣/ 女",224006,1127,1211,1345,1491,1549,1623,1716,1817,1875,1806,1709,1925,1863,1633,1693,1755,1812,1839,1952,2079,2081,2208,2418,2714,2721,2623,3024,3149,3102,3107,3139,3028,2958,2891,2797,2918,2663,2585,2790,3082,3243,3305,3549,3552,3483,3515,3374,3590,3342,3393,3282,3359,3239,3547,3596,3482,3569,3426,3498,3615,3696,3607,3605,3482,3418,3405,3076,2941,2962,2846,2710,2460,2606,2191,1867,1849,1512,1301,990,1367,1284,1404,1337,1321,1254,1052,996,895,745,647,545,434,377,296,229,166,113,84,67,25,67,-
"113年 5月/ 新竹縣/ 性別總計",591334,4030,4704,5246,5618,5749,6083,6362,6871,6981,7063,6477,7254,6876,5667,5873,6076,6305,6091,6095,6121,6343,6470,6725,7717,7172,6922,7667,8119,8048,8278,8280,8239,8218,8780,8445,8742,8172,8127,8760,9690,10033,10764,11269,11138,11149,10919,10327,10948,9597,9213,9176,8924,8786,8857,8680,8431,7923,7734,8120,7747,7854,7704,7518,7177,6745,6647,5814,5789,5630,5289,4941,4424,4697,4054,3522,3254,2619,2490,1831,2206,2273,2197,2217,2149,1890,1726,1490,1330,1098,985,760,639,555,425,335,269,190,151,94,67,98,-
"113年 5月/ 新竹縣/ 男",300951,2056,2492,2662,2896,2980,3147,3362,3577,3682,3631,3292,3680,3531,3002,3107,3152,3305,3173,3223,3250,3274,3404,3591,4043,3759,3664,4092,4240,4274,4253,4420,4466,4416,4685,4545,4556,4290,4202,4496,4838,5049,5370,5532,5542,5461,5366,4965,5371,4803,4606,4672,4461,4483,4515,4416,4327,4068,3958,4192,4008,4011,3901,3854,3729,3490,3451,3014,2902,2841,2614,2415,2186,2215,1949,1692,1533,1237,1166,826,1040,1009,984,953,990,818,762,640,563,428,407,288,270,242,183,135,109,72,59,36,24,40,-
"113年 5月/ 新竹縣/ 女",290383,1974,2212,2584,2722,2769,2936,3000,3294,3299,3432,3185,3574,3345,2665,2766,2924,3000,2918,2872,2871,3069,3066,3134,3674,3413,3258,3575,3879,3774,4025,3860,3773,3802,4095,3900,4186,3882,3925,4264,4852,4984,5394,5737,5596,5688,5553,5362,5577,4794,4607,4504,4463,4303,4342,4264,4104,3855,3776,3928,3739,3843,3803,3664,3448,3255,3196,2800,2887,2789,2675,2526,2238,2482,2105,1830,1721,1382,1324,1005,1166,1264,1213,1264,1159,1072,964,850,767,670,578,472,369,313,242,200,160,118,92,58,43,58,-
"113年 5月/ 苗栗縣/ 性別總計",533744,2266,2509,2849,3245,3497,3950,4483,4697,5007,5132,4700,5320,4959,4101,4320,4528,4839,5035,4984,5296,5457,6008,6144,6868,6696,6360,6959,7547,7452,7369,7529,7373,7227,7262,7295,7163,7156,6809,7380,7947,8499,9231,9226,9034,9044,8963,8262,8531,7867,7491,7568,7598,7667,8045,8087,8061,7831,7673,7900,8226,8411,8410,8353,8031,7861,7767,6757,6895,6377,6486,5836,5655,5490,4909,4302,4067,3327,3117,2337,2735,2719,2756,2613,2630,2451,2031,1938,1655,1396,1280,1015,827,764,532,445,336,238,198,115,54,106,-
"113年 5月/ 苗栗縣/ 男",274407,1182,1309,1447,1684,1835,2045,2317,2452,2620,2583,2447,2684,2588,2130,2269,2377,2514,2644,2611,2798,2970,3298,3226,3572,3555,3404,3745,3949,4008,3986,4158,3992,3969,4001,3988,3884,3890,3613,3879,4168,4414,4723,4716,4629,4566,4546,4208,4313,3965,3903,3948,3942,3945,4161,4212,4242,4120,4018,4128,4253,4349,4333,4270,4176,4027,4022,3406,3547,3264,3265,2931,2747,2601,2377,2053,1878,1554,1474,1084,1243,1228,1203,1146,1170,1103,874,814,659,612,512,391,316,288,223,165,128,86,53,49,15,28,-
"113年 5月/ 苗栗縣/ 女",259337,1084,1200,1402,1561,1662,1905,2166,2245,2387,2549,2253,2636,2371,1971,2051,2151,2325,2391,2373,2498,2487,2710,2918,3296,3141,2956,3214,3598,3444,3383,3371,3381,3258,3261,3307,3279,3266,3196,3501,3779,4085,4508,4510,4405,4478,4417,4054,4218,3902,3588,3620,3656,3722,3884,3875,3819,3711,3655,3772,3973,4062,4077,4083,3855,3834,3745,3351,3348,3113,3221,2905,2908,2889,2532,2249,2189,1773,1643,1253,1492,1491,1553,1467,1460,1348,1157,1124,996,784,768,624,511,476,309,280,208,152,145,66,39,78,-
"113年 5月/ 彰化縣/ 性別總計",1233060,8246,8386,8607,8974,9337,9168,9608,10411,10702,10887,9909,11603,10725,8986,9986,10569,10854,11314,11645,12614,13144,13934,14586,16682,16180,15791,17097,17794,17536,17183,17372,17500,16908,17132,16870,17309,16687,16378,17264,19071,19431,20271,20898,20771,20971,20727,19535,20099,18420,17515,16968,16909,16816,17279,17357,17355,17374,17774,17496,18617,18451,18603,18421,17903,17369,17480,15746,15608,15598,14772,13636,13269,13314,11777,10138,9810,8179,6997,4929,5961,6336,6136,5743,5549,5384,4782,4127,3683,3269,2747,2354,1893,1552,1177,900,610,420,332,216,120,237,-
"113年 5月/ 彰化縣/ 男",625185,4311,4303,4475,4644,4860,4778,5023,5478,5511,5723,5106,6149,5555,4735,5233,5529,5709,6058,6153,6554,6881,7370,7574,8771,8526,8121,8847,9342,9121,8928,8902,9096,8920,9040,8887,9090,8840,8537,8959,9893,9964,10192,10748,10490,10676,10639,10001,10266,9551,8946,8620,8664,8579,8906,8949,9013,8851,9134,9019,9642,9315,9483,9466,9117,8647,8834,7914,7789,7681,7282,6636,6453,6476,5664,4786,4540,3819,3192,2226,2637,2834,2697,2482,2379,2199,1924,1632,1415,1179,948,793,667,504,363,284,181,125,91,56,32,61,-
"113年 5月/ 彰化縣/ 女",607875,3935,4083,4132,4330,4477,4390,4585,4933,5191,5164,4803,5454,5170,4251,4753,5040,5145,5256,5492,6060,6263,6564,7012,7911,7654,7670,8250,8452,8415,8255,8470,8404,7988,8092,7983,8219,7847,7841,8305,9178,9467,10079,10150,10281,10295,10088,9534,9833,8869,8569,8348,8245,8237,8373,8408,8342,8523,8640,8477,8975,9136,9120,8955,8786,8722,8646,7832,7819,7917,7490,7000,6816,6838,6113,5352,5270,4360,3805,2703,3324,3502,3439,3261,3170,3185,2858,2495,2268,2090,1799,1561,1226,1048,814,616,429,295,241,160,88,176,-
"113年 5月/ 南投縣/ 性別總計",475203,2311,2432,2528,2883,3002,3099,3388,3627,3733,3729,3317,3998,3802,3338,3420,3603,3874,4091,4207,4555,4668,5207,5435,6042,6103,5903,6482,6721,6678,6812,6637,6636,6298,6251,6077,6100,5925,5645,6119,6441,6797,7059,7238,7449,7346,7304,6902,7211,6797,6339,6401,6570,6919,7213,7413,7648,7406,7713,7613,7994,8037,8271,8126,7819,7657,7591,6720,6628,6559,6512,5890,5621,5660,4985,4393,4155,3387,2906,2340,2595,2489,2690,2556,2495,2398,2057,1781,1573,1378,1142,988,829,693,536,409,282,174,166,101,60,105,-
"113年 5月/ 南投縣/ 男",241908,1207,1240,1351,1522,1569,1621,1741,1862,1972,1912,1761,2097,1948,1736,1806,1855,2003,2118,2191,2330,2422,2714,2865,3127,3241,3100,3396,3489,3508,3618,3470,3608,3499,3367,3295,3350,3273,3017,3282,3370,3615,3689,3703,3812,3799,3757,3477,3681,3528,3169,3128,3322,3517,3689,3717,3965,3807,3968,3961,4050,4132,4139,4135,3960,3929,3860,3379,3291,3261,3271,2977,2764,2757,2393,2130,1948,1560,1359,1040,1137,1148,1149,1148,1006,1012,862,755,623,521,439,363,310,286,190,144,101,67,63,31,22,39,-
"113年 5月/ 南投縣/ 女",233295,1104,1192,1177,1361,1433,1478,1647,1765,1761,1817,1556,1901,1854,1602,1614,1748,1871,1973,2016,2225,2246,2493,2570,2915,2862,2803,3086,3232,3170,3194,3167,3028,2799,2884,2782,2750,2652,2628,2837,3071,3182,3370,3535,3637,3547,3547,3425,3530,3269,3170,3273,3248,3402,3524,3696,3683,3599,3745,3652,3944,3905,4132,3991,3859,3728,3731,3341,3337,3298,3241,2913,2857,2903,2592,2263,2207,1827,1547,1300,1458,1341,1541,1408,1489,1386,1195,1026,950,857,703,625,519,407,346,265,181,107,103,70,38,66,-
"113年 5月/ 雲林縣/ 性別總計",659556,3810,3467,3732,3981,4262,4328,4635,4868,5053,5155,4838,5682,5452,4726,5047,5253,5755,5814,6173,6510,7001,7446,7761,8963,8842,8341,9033,9241,9230,9087,8476,8239,7978,8102,7948,8274,7878,8055,8577,9290,9648,10526,10522,10808,10961,11031,10747,11245,10429,9711,9618,9491,9691,9823,10160,10159,9919,10415,10271,10316,10318,10584,10354,9514,9615,9480,8232,8340,8494,7928,7501,7230,7606,6461,5791,5765,4917,4480,3310,3953,4134,4059,3734,3816,3577,3213,2727,2401,2093,1872,1466,1223,1025,750,563,401,293,199,141,71,131,-
"113年 5月/ 雲林縣/ 男",339422,2044,1784,1961,2012,2209,2282,2379,2489,2628,2613,2489,2976,2748,2414,2636,2811,3014,3055,3254,3379,3739,3922,3976,4754,4692,4321,4789,4862,4817,4808,4470,4356,4158,4497,4274,4353,4231,4275,4501,4767,4990,5392,5378,5477,5605,5612,5485,5752,5500,5017,4993,4980,5060,5325,5563,5637,5508,5826,5629,5686,5719,5811,5627,5097,5213,5039,4291,4327,4355,3963,3767,3662,3740,3123,2867,2675,2277,1980,1453,1716,1741,1706,1578,1608,1421,1289,1013,926,714,659,468,402,332,212,170,118,84,47,24,17,37,-
"113年 5月/ 雲林縣/ 女",320134,1766,1683,1771,1969,2053,2046,2256,2379,2425,2542,2349,2706,2704,2312,2411,2442,2741,2759,2919,3131,3262,3524,3785,4209,4150,4020,4244,4379,4413,4279,4006,3883,3820,3605,3674,3921,3647,3780,4076,4523,4658,5134,5144,5331,5356,5419,5262,5493,4929,4694,4625,4511,4631,4498,4597,4522,4411,4589,4642,4630,4599,4773,4727,4417,4402,4441,3941,4013,4139,3965,3734,3568,3866,3338,2924,3090,2640,2500,1857,2237,2393,2353,2156,2208,2156,1924,1714,1475,1379,1213,998,821,693,538,393,283,209,152,117,54,94,-
"113年 5月/ 嘉義縣/ 性別總計",482055,2229,2202,2377,2549,2586,2518,2764,2900,2969,2946,2722,3282,2939,2786,3042,3298,3632,3805,4297,4464,4911,5359,5723,6590,6205,6082,6686,6941,6725,6629,6480,6233,5972,6177,5732,5819,5621,5474,5815,6529,6652,7049,7043,7608,7207,7550,7248,7613,7113,6789,6873,7287,7252,7645,7778,7814,7928,7939,8398,8285,8416,8358,8563,8184,7907,7872,6732,6859,6680,6566,6211,5635,6052,5265,4531,4568,3831,2957,2508,3010,3100,2968,2933,2952,2809,2533,2199,2027,1703,1515,1252,1051,894,714,543,340,266,180,117,58,115,-
"113年 5月/ 嘉義縣/ 男",249517,1162,1168,1214,1325,1310,1289,1396,1495,1561,1513,1444,1703,1524,1442,1647,1740,1889,2033,2215,2346,2595,2801,3029,3477,3278,3239,3495,3721,3589,3558,3524,3368,3240,3379,3133,3264,3086,3011,3169,3510,3536,3746,3594,3832,3747,3880,3673,3860,3633,3446,3493,3815,3777,4066,4187,4218,4256,4405,4564,4613,4584,4605,4624,4502,4266,4163,3614,3633,3507,3405,3155,2808,3059,2617,2216,2146,1750,1355,1105,1301,1345,1235,1253,1202,1141,1009,889,769,658,540,423,346,308,244,178,107,71,64,34,21,42,-
"113年 5月/ 嘉義縣/ 女",232538,1067,1034,1163,1224,1276,1229,1368,1405,1408,1433,1278,1579,1415,1344,1395,1558,1743,1772,2082,2118,2316,2558,2694,3113,2927,2843,3191,3220,3136,3071,2956,2865,2732,2798,2599,2555,2535,2463,2646,3019,3116,3303,3449,3776,3460,3670,3575,3753,3480,3343,3380,3472,3475,3579,3591,3596,3672,3534,3834,3672,3832,3753,3939,3682,3641,3709,3118,3226,3173,3161,3056,2827,2993,2648,2315,2422,2081,1602,1403,1709,1755,1733,1680,1750,1668,1524,1310,1258,1045,975,829,705,586,470,365,233,195,116,83,37,73,-
"113年 5月/ 屏東縣/ 性別總計",792383,4157,4010,4304,4696,4993,5247,5673,5958,5997,6170,5554,6402,5997,5210,5399,5607,5965,6429,6790,7403,7567,8459,8770,10267,10043,9688,11074,11687,11742,11696,10995,10852,10440,10441,10095,10500,9745,9480,10115,10902,11427,12169,12271,12551,13025,12865,12461,13147,12031,11530,11405,11420,12076,12537,12612,12814,12982,12949,12944,13326,13306,13059,13437,12518,12762,12186,11131,11088,10928,10544,10108,9192,9348,8655,7027,6811,6164,4576,3661,4198,4286,4061,3996,3921,3295,3032,2680,2333,1939,1629,1331,1056,819,668,517,355,248,184,97,72,104,-
"113年 5月/ 屏東縣/ 男",401206,2175,2015,2222,2482,2606,2640,2952,3143,3145,3192,2845,3342,3130,2768,2832,2926,3121,3356,3582,3810,3971,4382,4461,5364,5244,5132,5773,6225,6240,6189,5866,5761,5523,5632,5307,5584,5289,5062,5339,5688,6022,6198,6314,6487,6682,6615,6362,6685,6090,5821,5744,5752,6093,6335,6372,6540,6846,6805,6606,6834,6765,6556,6795,6307,6346,6098,5349,5341,5266,5075,4882,4345,4458,4163,3255,3105,2859,2035,1614,1825,1930,1773,1732,1657,1417,1256,1135,935,753,607,519,394,274,258,188,141,100,71,39,29,40,-
"113年 5月/ 屏東縣/ 女",391177,1982,1995,2082,2214,2387,2607,2721,2815,2852,2978,2709,3060,2867,2442,2567,2681,2844,3073,3208,3593,3596,4077,4309,4903,4799,4556,5301,5462,5502,5507,5129,5091,4917,4809,4788,4916,4456,4418,4776,5214,5405,5971,5957,6064,6343,6250,6099,6462,5941,5709,5661,5668,5983,6202,6240,6274,6136,6144,6338,6492,6541,6503,6642,6211,6416,6088,5782,5747,5662,5469,5226,4847,4890,4492,3772,3706,3305,2541,2047,2373,2356,2288,2264,2264,1878,1776,1545,1398,1186,1022,812,662,545,410,329,214,148,113,58,43,64,-
"113年 5月/ 臺東縣/ 性別總計",210898,1349,1337,1363,1334,1437,1469,1590,1628,1718,1669,1643,1741,1707,1573,1542,1672,1749,1900,1935,2037,2112,2330,2441,2717,2763,2668,2912,3067,2949,2949,2882,2836,2876,2733,2641,2673,2435,2455,2634,2764,2975,3250,3181,3214,3172,3236,3157,3362,3249,3057,3208,3399,3451,3523,3527,3429,3488,3456,3499,3508,3565,3407,3388,3156,3271,3127,2876,2754,2849,2653,2433,2374,2373,2100,1907,1589,1577,1325,924,1091,1132,1079,1011,921,843,770,634,598,529,446,322,263,235,214,159,132,80,73,61,24,62,-
"113年 5月/ 臺東縣/ 男",107525,691,697,724,674,763,788,846,852,888,861,857,940,899,809,776,904,915,996,1022,1085,1118,1211,1244,1422,1440,1348,1503,1603,1490,1583,1527,1496,1550,1497,1407,1428,1310,1312,1373,1473,1576,1686,1666,1670,1665,1658,1645,1715,1649,1590,1669,1805,1736,1855,1899,1860,1809,1834,1882,1848,1839,1744,1767,1632,1629,1556,1447,1414,1354,1279,1146,1123,1044,949,871,696,716,548,390,470,486,439,406,377,333,307,232,228,210,174,122,106,86,86,63,67,40,36,24,15,35,-
"113年 5月/ 臺東縣/ 女",103373,658,640,639,660,674,681,744,776,830,808,786,801,808,764,766,768,834,904,913,952,994,1119,1197,1295,1323,1320,1409,1464,1459,1366,1355,1340,1326,1236,1234,1245,1125,1143,1261,1291,1399,1564,1515,1544,1507,1578,1512,1647,1600,1467,1539,1594,1715,1668,1628,1569,1679,1622,1617,1660,1726,1663,1621,1524,1642,1571,1429,1340,1495,1374,1287,1251,1329,1151,1036,893,861,777,534,621,646,640,605,544,510,463,402,370,319,272,200,157,149,128,96,65,40,37,37,9,27,-
"113年 5月/ 花蓮縣/ 性別總計",316219,1694,1911,1995,2043,2204,2465,2348,2534,2725,2625,2536,2707,2570,2328,2448,2537,2659,2692,2832,2960,3131,3327,3456,3941,4000,3819,4265,4636,4490,4531,4555,4320,4209,4230,3930,4028,3807,3642,3913,4472,4469,4760,4985,4991,4919,4897,4767,5098,4791,4680,4756,4714,4906,5133,5107,5075,5007,4806,5000,5157,4890,5109,5140,4867,4981,4716,4547,4413,4456,4293,3891,3646,3623,3210,2964,2534,2210,1948,1488,1597,1608,1596,1487,1375,1278,1123,976,836,750,652,491,478,333,307,266,161,137,111,86,32,80,-
"113年 5月/ 花蓮縣/ 男",158836,861,1008,1003,1107,1146,1301,1229,1282,1427,1367,1338,1394,1381,1247,1300,1315,1410,1424,1469,1515,1656,1754,1768,2057,2057,2062,2242,2419,2325,2364,2386,2294,2200,2235,2053,2130,2001,1944,2024,2317,2277,2464,2544,2565,2499,2493,2434,2538,2363,2346,2329,2331,2438,2524,2643,2584,2586,2527,2566,2585,2485,2588,2501,2394,2471,2238,2224,2152,2178,2085,1909,1721,1686,1485,1329,1109,1000,862,636,668,645,669,603,550,515,438,392,305,306,252,150,199,125,124,106,74,55,52,45,14,48,-
"113年 5月/ 花蓮縣/ 女",157383,833,903,992,936,1058,1164,1119,1252,1298,1258,1198,1313,1189,1081,1148,1222,1249,1268,1363,1445,1475,1573,1688,1884,1943,1757,2023,2217,2165,2167,2169,2026,2009,1995,1877,1898,1806,1698,1889,2155,2192,2296,2441,2426,2420,2404,2333,2560,2428,2334,2427,2383,2468,2609,2464,2491,2421,2279,2434,2572,2405,2521,2639,2473,2510,2478,2323,2261,2278,2208,1982,1925,1937,1725,1635,1425,1210,1086,852,929,963,927,884,825,763,685,584,531,444,400,341,279,208,183,160,87,82,59,41,18,32,-
"113年 5月/ 澎湖縣/ 性別總計",107811,700,764,782,785,810,669,591,697,678,692,627,714,624,570,672,621,734,773,916,1320,1378,1451,1473,1691,1538,1485,1678,1633,1710,1583,1606,1688,1549,1535,1466,1604,1531,1394,1449,1616,1640,1615,1657,1707,1690,1710,1513,1771,1562,1630,1516,1540,1615,1601,1604,1708,1657,1652,1651,1714,1659,1689,1754,1668,1677,1536,1549,1406,1361,1281,1227,1170,1176,1049,951,806,626,706,487,536,486,442,426,479,404,406,325,352,315,261,220,195,167,130,104,61,65,37,26,15,31,-
"113年 5月/ 澎湖縣/ 男",55235,361,374,387,431,389,361,333,369,360,369,331,386,325,290,347,323,379,393,506,713,794,771,809,954,848,816,902,864,929,830,862,926,816,834,756,841,794,737,765,844,836,814,819,837,803,870,766,863,765,827,762,796,848,826,847,871,871,867,847,920,879,892,890,852,846,779,821,736,693,650,592,553,564,498,452,391,293,319,226,238,229,198,180,198,160,168,130,152,115,100,75,73,57,47,36,22,25,11,7,5,9,-
"113年 5月/ 澎湖縣/ 女",52576,339,390,395,354,421,308,258,328,318,323,296,328,299,280,325,298,355,380,410,607,584,680,664,737,690,669,776,769,781,753,744,762,733,701,710,763,737,657,684,772,804,801,838,870,887,840,747,908,797,803,754,744,767,775,757,837,786,785,804,794,780,797,864,816,831,757,728,670,668,631,635,617,612,551,499,415,333,387,261,298,257,244,246,281,244,238,195,200,200,161,145,122,110,83,68,39,40,26,19,10,22,-
"113年 5月/ 基隆市/ 性別總計",361735,1262,1599,1805,1928,2158,2347,2444,2671,2788,2760,2499,2945,2754,2296,2512,2613,2783,2931,2869,3056,3137,3499,3732,4515,4537,4310,4831,5134,5272,5061,5147,5021,4881,5154,4703,4915,4482,4227,4451,4850,5003,5482,5778,5701,5754,5727,5671,6001,5473,5574,5442,5491,5762,5863,6015,6095,5956,5899,6173,6236,6259,6243,6250,6101,6005,6175,5600,5421,5412,5200,4763,4683,4633,3883,3523,3116,2620,2039,1220,1643,1794,1684,1530,1618,1440,1231,1021,838,752,606,536,411,371,279,200,179,143,101,76,45,116,-
"113年 5月/ 基隆市/ 男",179691,661,809,985,1001,1125,1246,1271,1334,1443,1418,1292,1537,1384,1182,1302,1360,1453,1558,1429,1643,1682,1808,1983,2354,2381,2208,2513,2737,2774,2609,2682,2662,2648,2759,2529,2605,2400,2208,2277,2530,2588,2755,2902,2850,2921,2763,2761,3006,2683,2797,2672,2700,2878,2895,2949,3035,2944,2928,3026,3040,3107,3118,3010,3019,2889,2994,2656,2555,2585,2441,2208,2148,2120,1762,1627,1391,1248,916,515,677,764,718,629,667,558,433,349,295,245,227,187,138,143,95,83,81,57,41,35,25,60,-
"113年 5月/ 基隆市/ 女",182044,601,790,820,927,1033,1101,1173,1337,1345,1342,1207,1408,1370,1114,1210,1253,1330,1373,1440,1413,1455,1691,1749,2161,2156,2102,2318,2397,2498,2452,2465,2359,2233,2395,2174,2310,2082,2019,2174,2320,2415,2727,2876,2851,2833,2964,2910,2995,2790,2777,2770,2791,2884,2968,3066,3060,3012,2971,3147,3196,3152,3125,3240,3082,3116,3181,2944,2866,2827,2759,2555,2535,2513,2121,1896,1725,1372,1123,705,966,1030,966,901,951,882,798,672,543,507,379,349,273,228,184,117,98,86,60,41,20,56,-
"113年 5月/ 新竹市/ 性別總計",457040,3087,3292,3746,3986,4384,4561,4995,5294,5592,5993,5434,6213,5806,4569,4844,4874,5067,4698,4612,4653,4579,4952,4969,5684,5251,4950,5530,5847,5899,5733,5862,5981,5960,6225,6206,6479,6190,6080,6596,7356,7865,8419,8838,9114,9019,8764,8117,8741,7634,7251,6787,6703,6835,6786,6710,6600,6116,5876,6036,6023,5880,5885,5642,5372,5339,5382,4792,4666,4665,4674,4367,4064,4068,3563,3018,2897,2345,2227,1475,1729,1749,1693,1529,1445,1286,1173,987,854,705,663,500,447,362,337,244,212,168,112,85,70,106,-
"113年 5月/ 新竹市/ 男",225552,1616,1698,1935,2066,2311,2372,2618,2681,2859,3141,2812,3196,3036,2357,2501,2590,2741,2428,2412,2397,2374,2601,2612,2957,2712,2599,2855,3049,3048,2983,2973,3120,3075,3253,3167,3307,3110,3030,3240,3507,3797,4123,4293,4376,4308,4262,3945,4290,3775,3575,3424,3270,3321,3353,3271,3196,3015,2897,2953,2958,2880,2858,2732,2571,2504,2543,2294,2082,2160,2139,2062,1854,1817,1617,1316,1275,1054,973,625,711,714,693,600,553,488,421,353,322,259,246,194,176,154,130,83,87,84,60,42,38,47,-
"113年 5月/ 新竹市/ 女",231488,1471,1594,1811,1920,2073,2189,2377,2613,2733,2852,2622,3017,2770,2212,2343,2284,2326,2270,2200,2256,2205,2351,2357,2727,2539,2351,2675,2798,2851,2750,2889,2861,2885,2972,3039,3172,3080,3050,3356,3849,4068,4296,4545,4738,4711,4502,4172,4451,3859,3676,3363,3433,3514,3433,3439,3404,3101,2979,3083,3065,3000,3027,2910,2801,2835,2839,2498,2584,2505,2535,2305,2210,2251,1946,1702,1622,1291,1254,850,1018,1035,1000,929,892,798,752,634,532,446,417,306,271,208,207,161,125,84,52,43,32,59,-
"113年 5月/ 嘉義市/ 性別總計",263150,1267,1364,1582,1724,1892,2120,2359,2309,2681,2627,2363,2908,2777,2266,2422,2443,2573,2557,2514,2611,2830,2916,3014,3750,3602,3342,3601,3845,3764,3619,3584,3457,3394,3342,3269,3369,3183,3102,3444,3756,3798,4120,4279,4208,4325,4388,4111,4502,3934,3902,3711,3747,3929,3991,4189,3998,4025,3958,4096,3914,4092,3900,3938,3760,3636,3628,3241,3333,3315,3193,2972,2827,2938,2515,2123,2139,1873,1483,1118,1282,1342,1193,1158,1119,1020,852,784,710,620,538,461,317,268,221,167,135,94,65,49,22,42,-
"113年 5月/ 嘉義市/ 男",126357,659,701,780,922,950,1094,1257,1169,1324,1354,1231,1518,1479,1185,1260,1303,1349,1290,1272,1383,1488,1484,1600,1943,1900,1741,1848,1913,1866,1878,1863,1751,1765,1656,1685,1663,1585,1482,1611,1827,1831,1937,1999,1949,2068,2058,1913,2043,1781,1770,1677,1717,1782,1826,1956,1847,1880,1861,1965,1867,1965,1825,1848,1768,1691,1719,1501,1573,1541,1516,1342,1314,1311,1098,922,919,817,621,489,518,553,471,454,454,402,337,279,253,227,185,179,108,108,90,60,44,31,30,14,6,18,-
"113年 5月/ 嘉義市/ 女",136793,608,663,802,802,942,1026,1102,1140,1357,1273,1132,1390,1298,1081,1162,1140,1224,1267,1242,1228,1342,1432,1414,1807,1702,1601,1753,1932,1898,1741,1721,1706,1629,1686,1584,1706,1598,1620,1833,1929,1967,2183,2280,2259,2257,2330,2198,2459,2153,2132,2034,2030,2147,2165,2233,2151,2145,2097,2131,2047,2127,2075,2090,1992,1945,1909,1740,1760,1774,1677,1630,1513,1627,1417,1201,1220,1056,862,629,764,789,722,704,665,618,515,505,457,393,353,282,209,160,131,107,91,63,35,35,16,24,-
"113年 5月/ 金門縣/ 性別總計",143903,635,689,715,780,830,753,734,776,828,810,741,855,777,740,797,848,919,973,1115,1705,1695,1941,1881,2259,2041,2002,2245,2416,2579,2464,2421,2407,2131,2220,2131,2179,2062,1853,2012,2086,2005,2114,2058,1967,1988,2061,1999,2135,2019,1982,2072,2208,2256,2537,2494,2599,2486,2760,2714,2845,2829,2750,2495,2492,2574,2238,2426,2167,1995,1832,1626,1457,1274,1117,933,815,709,584,552,573,593,507,506,447,412,385,413,334,281,223,211,194,136,110,90,80,44,44,42,17,52,-
"113年 5月/ 金門縣/ 男",71402,350,358,369,400,427,379,388,392,441,411,388,449,411,400,407,430,496,501,575,854,845,1033,960,1164,1010,1029,1124,1204,1313,1212,1233,1232,1070,1112,1090,1093,1074,960,973,1023,1002,1041,1012,962,974,970,879,1024,944,937,1026,1091,1132,1279,1283,1269,1210,1287,1337,1376,1378,1338,1266,1275,1306,1142,1230,1075,980,916,819,740,605,533,452,402,352,288,272,281,276,247,224,217,180,171,167,152,98,99,82,67,42,35,22,14,14,9,7,3,11,-
"113年 5月/ 金門縣/ 女",72501,285,331,346,380,403,374,346,384,387,399,353,406,366,340,390,418,423,472,540,851,850,908,921,1095,1031,973,1121,1212,1266,1252,1188,1175,1061,1108,1041,1086,988,893,1039,1063,1003,1073,1046,1005,1014,1091,1120,1111,1075,1045,1046,1117,1124,1258,1211,1330,1276,1473,1377,1469,1451,1412,1229,1217,1268,1096,1196,1092,1015,916,807,717,669,584,481,413,357,296,280,292,317,260,282,230,232,214,246,182,183,124,129,127,94,75,68,66,30,35,35,14,41,-
"113年 5月/ 連江縣/ 性別總計",14000,107,96,94,94,112,100,84,96,89,98,85,85,98,90,83,106,109,102,105,99,145,193,176,188,233,218,219,263,276,219,268,295,258,269,213,233,197,174,202,212,196,217,219,204,224,225,182,210,203,232,211,204,229,239,223,189,220,236,254,233,237,235,222,201,236,203,179,183,180,150,143,137,100,91,87,81,80,76,37,37,40,33,35,22,27,33,32,17,22,18,19,11,14,9,8,8,5,4,1,4,10,-
"113年 5月/ 連江縣/ 男",8074,67,48,55,55,52,57,48,53,53,46,42,45,49,50,45,63,63,49,64,54,78,108,105,108,155,140,121,164,162,127,145,180,167,161,119,133,116,100,118,120,121,125,134,99,135,124,95,117,113,136,113,122,134,150,126,119,132,150,152,133,147,135,132,124,143,128,101,111,90,90,89,77,56,57,46,34,37,46,16,27,25,12,17,13,19,14,12,11,11,8,4,4,6,2,3,2,3,1,1,2,3,-
"113年 5月/ 連江縣/ 女",5926,40,48,39,39,60,43,36,43,36,52,43,40,49,40,38,43,46,53,41,45,67,85,71,80,78,78,98,99,114,92,123,115,91,108,94,100,81,74,84,92,75,92,85,105,89,101,87,93,90,96,98,82,95,89,97,70,88,86,102,100,90,100,90,77,93,75,78,72,90,60,54,60,44,34,41,47,43,30,21,10,15,21,18,9,8,19,20,6,11,10,15,7,8,7,5,6,2,3,-,2,7,-
"113年 6月/ 區域別總計/ 性別總計",23412899,129357,140626,150657,161984,172707,180963,191047,204691,214627,216777,200589,225559,214942,180870,184512,196002,205268,203894,206299,214914,220305,236901,247160,288881,285132,273211,300088,320226,321505,320982,321956,320958,315033,323056,321251,325225,314220,304048,322831,358413,366595,393430,404511,408060,409550,405833,384460,406324,370827,352365,342474,344682,347881,356996,360347,356990,351511,348372,353318,361690,359353,359160,356239,344010,337558,338340,312241,308981,306963,297719,277871,262088,260816,238035,200192,185786,156571,129410,94849,106955,109539,102287,95873,91624,83474,72508,62556,54717,46773,40495,33025,27651,23625,19260,14952,11395,8214,6039,4205,2606,5061,-
"113年 6月/ 區域別總計/ 男",11540489,67020,72598,77843,83933,89464,93610,98892,105823,111409,112289,103625,116666,111280,93972,96230,101982,107214,106241,107918,111921,115591,123577,128379,150109,148834,141769,155704,165771,166134,165618,166291,165746,163500,167612,165316,166835,160576,153792,161743,178521,182267,194409,198841,200374,201432,198887,188336,198643,181156,171198,166548,167362,169017,173942,175512,174212,171483,169897,171497,175560,173951,172780,171614,165699,161243,161018,148370,146106,144859,139801,129740,121938,120383,109728,91476,84004,71005,57882,41686,46287,47377,43351,40175,37945,33371,28463,23900,20779,17332,14844,12146,10553,9235,7745,6152,4718,3401,2482,1749,1131,2149,-
"113年 6月/ 區域別總計/ 女",11872410,62337,68028,72814,78051,83243,87353,92155,98868,103218,104488,96964,108893,103662,86898,88282,94020,98054,97653,98381,102993,104714,113324,118781,138772,136298,131442,144384,154455,155371,155364,155665,155212,151533,155444,155935,158390,153644,150256,161088,179892,184328,199021,205670,207686,208118,206946,196124,207681,189671,181167,175926,177320,178864,183054,184835,182778,180028,178475,181821,186130,185402,186380,184625,178311,176315,177322,163871,162875,162104,157918,148131,140150,140433,128307,108716,101782,85566,71528,53163,60668,62162,58936,55698,53679,50103,44045,38656,33938,29441,25651,20879,17098,14390,11515,8800,6677,4813,3557,2456,1475,2912,-
"113年 6月/ 新北市/ 性別總計",4043491,18031,22476,24454,26106,28165,29436,31371,33969,35781,35984,33142,37086,34658,29834,30692,32683,34417,34142,34078,35734,36309,39122,40947,48329,47660,45491,50038,53685,53963,54151,55269,55505,55072,56668,56512,57191,54911,53016,56832,63259,64628,69545,72157,72996,73865,73531,69789,73785,66452,64207,61878,61870,61898,63189,63689,62891,61349,61265,62347,64120,64408,64291,63126,61451,60237,61508,56154,56087,55994,54308,50331,47731,47185,41880,35322,32220,26222,21966,15360,17100,17137,15496,14174,13197,11798,9704,8288,7075,5988,5159,4165,3417,3066,2554,2022,1595,1243,853,647,439,973,-
"113年 6月/ 新北市/ 男",1965278,9283,11575,12563,13442,14646,15070,16161,17510,18439,18701,17003,19293,17816,15428,16071,17014,17935,17853,17805,18719,19240,20328,21440,25057,24927,23518,26020,27778,27782,27989,28560,28891,28560,29467,29043,29243,27874,26603,28432,31477,32108,34109,35381,35627,36258,35788,33865,35763,32207,30750,29685,29689,29613,30204,30165,29569,28644,28505,28718,29467,29720,29283,29060,28211,27390,27850,25450,25438,25460,24564,22618,21484,21288,18928,15857,14357,11748,9786,6772,7498,7402,6573,5871,5403,4588,3642,3005,2586,2185,1829,1564,1309,1295,1076,927,704,549,358,296,207,476,-
"113年 6月/ 新北市/ 女",2078213,8748,10901,11891,12664,13519,14366,15210,16459,17342,17283,16139,17793,16842,14406,14621,15669,16482,16289,16273,17015,17069,18794,19507,23272,22733,21973,24018,25907,26181,26162,26709,26614,26512,27201,27469,27948,27037,26413,28400,31782,32520,35436,36776,37369,37607,37743,35924,38022,34245,33457,32193,32181,32285,32985,33524,33322,32705,32760,33629,34653,34688,35008,34066,33240,32847,33658,30704,30649,30534,29744,27713,26247,25897,22952,19465,17863,14474,12180,8588,9602,9735,8923,8303,7794,7210,6062,5283,4489,3803,3330,2601,2108,1771,1478,1095,891,694,495,351,232,497,-
"113年 6月/ 臺北市/ 性別總計",2506767,14938,14512,15538,16911,18823,19556,20235,22395,23964,24856,23181,26261,24976,20679,20395,20393,21164,19897,19003,19275,19175,20728,21149,25007,25183,23988,26783,27972,29238,29271,29489,29780,29550,31039,31807,32824,31850,31443,33696,37638,38578,41635,43154,43091,43212,42857,39132,43345,38648,37204,35862,35696,36706,37564,37856,37775,36482,36170,36930,38155,37872,37988,37565,37127,37361,38464,36892,36663,37193,36321,34731,33689,33527,31527,27761,25555,21772,18730,13031,14221,14593,13527,12501,11908,10700,9569,8197,7087,6258,5410,4621,4061,3618,2940,2393,1908,1451,1054,764,489,1114,-
"113年 6月/ 臺北市/ 男",1183068,7695,7441,7953,8702,9724,10002,10509,11509,12459,12740,11998,13446,12952,10717,10482,10683,10930,10242,9980,10066,9898,10753,10879,12794,13065,12369,13598,14069,14676,14596,14665,14569,14488,15132,15382,15495,14956,14741,15603,17542,18006,19608,20044,20178,20023,19772,18334,20186,17748,17147,16747,16604,16898,17269,17374,17306,16748,16641,16792,17729,17322,17328,16986,17092,16827,17355,16746,16428,16909,16603,15819,15250,15024,14085,12102,11390,9693,8301,5737,6002,6203,5716,5100,4829,4076,3705,2965,2596,2246,1950,1712,1613,1443,1245,1035,844,617,463,332,219,506,-
"113年 6月/ 臺北市/ 女",1323699,7243,7071,7585,8209,9099,9554,9726,10886,11505,12116,11183,12815,12024,9962,9913,9710,10234,9655,9023,9209,9277,9975,10270,12213,12118,11619,13185,13903,14562,14675,14824,15211,15062,15907,16425,17329,16894,16702,18093,20096,20572,22027,23110,22913,23189,23085,20798,23159,20900,20057,19115,19092,19808,20295,20482,20469,19734,19529,20138,20426,20550,20660,20579,20035,20534,21109,20146,20235,20284,19718,18912,18439,18503,17442,15659,14165,12079,10429,7294,8219,8390,7811,7401,7079,6624,5864,5232,4491,4012,3460,2909,2448,2175,1695,1358,1064,834,591,432,270,608,-
"113年 6月/ 桃園市/ 性別總計",2326581,16307,17441,17981,19322,20222,21016,21915,23293,23956,24169,22358,24876,23664,19944,20000,21374,22596,21994,22229,23216,23404,25129,26491,30584,29842,28893,31455,33434,33794,34144,34395,34428,33792,35022,34877,35351,33596,31961,34106,37765,38838,41775,42914,42756,42222,41430,39068,40957,36951,35012,33936,33830,34120,34723,34752,34013,33017,32272,32737,33908,32846,32525,31535,29975,29931,30037,27577,27348,26774,25861,23948,22623,22294,19375,16259,14921,11902,10356,7445,8106,8215,7606,6871,6408,5787,4895,4295,3572,3154,2665,2183,1984,1746,1536,1259,997,696,514,354,253,386,-
"113年 6月/ 桃園市/ 男",1146463,8436,8919,9263,10102,10428,10975,11298,12036,12426,12527,11678,12914,12214,10320,10535,11075,11839,11547,11683,12175,12368,12983,13800,15912,15478,15033,16111,17214,17240,17505,17608,17477,17275,17900,17672,17926,17009,16089,16856,18584,19072,20431,21012,20752,20560,20293,19152,20150,18162,16923,16457,16420,16505,16716,16918,16418,15855,15502,15660,16269,15656,15515,14932,14223,14260,14085,12988,12671,12521,12040,10865,10511,10142,8825,7382,6726,5235,4605,3212,3454,3492,3096,2853,2616,2259,1859,1633,1296,1167,946,896,889,858,785,659,536,367,264,170,127,190,-
"113年 6月/ 桃園市/ 女",1180118,7871,8522,8718,9220,9794,10041,10617,11257,11530,11642,10680,11962,11450,9624,9465,10299,10757,10447,10546,11041,11036,12146,12691,14672,14364,13860,15344,16220,16554,16639,16787,16951,16517,17122,17205,17425,16587,15872,17250,19181,19766,21344,21902,22004,21662,21137,19916,20807,18789,18089,17479,17410,17615,18007,17834,17595,17162,16770,17077,17639,17190,17010,16603,15752,15671,15952,14589,14677,14253,13821,13083,12112,12152,10550,8877,8195,6667,5751,4233,4652,4723,4510,4018,3792,3528,3036,2662,2276,1987,1719,1287,1095,888,751,600,461,329,250,184,126,196,-
"113年 6月/ 臺中市/ 性別總計",2852286,16688,18952,20561,21992,23362,25177,26592,28402,29399,29652,27011,30258,29037,24187,24205,25925,27315,26757,26677,27604,28144,30172,31803,37299,36583,35580,38903,41937,42004,41503,41501,41665,40993,41922,42032,41895,40767,39675,41709,46405,46353,49788,50600,51036,51149,49787,47327,48963,44645,41557,40681,41124,41311,42393,42638,42157,42076,40895,41517,42071,41767,41236,40443,39052,37968,38057,34571,34039,33711,32988,30811,28181,27632,25385,21034,19064,15625,13215,9788,10629,10571,10131,9456,8623,8147,6991,5767,5343,4233,3615,2960,2570,2133,1646,1277,1023,757,550,355,228,401,-
"113年 6月/ 臺中市/ 男",1393802,8772,9846,10685,11373,12096,13071,13663,14805,15243,15429,13937,15659,14954,12608,12635,13583,13972,13843,13940,14254,14554,15674,16422,19084,18981,18370,20163,21534,21551,21091,21202,21140,21030,21387,21273,21348,20557,19753,20536,22861,22781,24362,24619,24921,24845,24218,22851,23439,21303,19792,19206,19235,19381,19942,19901,19984,19811,19185,19645,19566,19624,19291,19028,18516,17785,17718,16221,15968,15780,15300,14230,13059,12668,11716,9660,8687,7117,5851,4205,4561,4468,4273,3917,3510,3300,2756,2142,2054,1558,1354,1062,984,803,728,551,436,333,243,177,114,188,-
"113年 6月/ 臺中市/ 女",1458484,7916,9106,9876,10619,11266,12106,12929,13597,14156,14223,13074,14599,14083,11579,11570,12342,13343,12914,12737,13350,13590,14498,15381,18215,17602,17210,18740,20403,20453,20412,20299,20525,19963,20535,20759,20547,20210,19922,21173,23544,23572,25426,25981,26115,26304,25569,24476,25524,23342,21765,21475,21889,21930,22451,22737,22173,22265,21710,21872,22505,22143,21945,21415,20536,20183,20339,18350,18071,17931,17688,16581,15122,14964,13669,11374,10377,8508,7364,5583,6068,6103,5858,5539,5113,4847,4235,3625,3289,2675,2261,1898,1586,1330,918,726,587,424,307,178,114,213,-
"113年 6月/ 臺南市/ 性別總計",1859706,8871,9979,11017,11993,13104,13838,14921,15631,16738,16766,15518,17749,16729,13637,13949,15373,15626,15493,15760,16025,16453,17558,18425,21964,21581,20773,23161,24467,24794,24916,25395,25120,24555,25449,25363,26381,25451,24815,26270,29510,29830,32210,32850,33232,33159,32707,30968,32445,29734,27721,26390,26749,26964,27739,28767,28329,28536,28278,28983,29403,29567,29822,30207,29212,28133,27952,25932,25642,24884,23966,22039,20600,20454,19237,15693,14708,13092,9363,7356,8499,9111,8130,7717,7794,6770,6141,5466,4777,4250,3884,3030,2297,2100,1753,1271,930,615,435,289,189,287,-
"113年 6月/ 臺南市/ 男",922531,4584,5165,5758,6268,6817,7201,7655,8095,8739,8687,7959,9036,8767,7118,7277,7822,8276,8078,8127,8398,8568,9155,9529,11451,11279,10805,12243,12720,12953,12935,13116,13003,12802,13205,13185,13770,13157,12650,13211,14796,14883,15999,16112,16534,16434,16441,15579,16059,14604,13513,12992,12780,13125,13524,14001,13860,13905,13845,14197,14366,14478,14537,14836,14134,13684,13644,12767,12603,12037,11551,10561,9927,9630,9158,7320,6736,6028,4224,3244,3705,3911,3452,3221,3190,2744,2378,2125,1843,1616,1410,1080,838,729,636,481,347,214,154,110,57,78,-
"113年 6月/ 臺南市/ 女",937175,4287,4814,5259,5725,6287,6637,7266,7536,7999,8079,7559,8713,7962,6519,6672,7551,7350,7415,7633,7627,7885,8403,8896,10513,10302,9968,10918,11747,11841,11981,12279,12117,11753,12244,12178,12611,12294,12165,13059,14714,14947,16211,16738,16698,16725,16266,15389,16386,15130,14208,13398,13969,13839,14215,14766,14469,14631,14433,14786,15037,15089,15285,15371,15078,14449,14308,13165,13039,12847,12415,11478,10673,10824,10079,8373,7972,7064,5139,4112,4794,5200,4678,4496,4604,4026,3763,3341,2934,2634,2474,1950,1459,1371,1117,790,583,401,281,179,132,209,-
"113年 6月/ 高雄市/ 性別總計",2734858,15064,15908,17058,18112,18664,19818,20806,22336,23231,23433,21742,24529,23364,19193,19945,22001,22849,22846,23441,23732,24724,26607,27479,32970,33032,30989,34305,37048,36755,37288,37372,36779,36470,37211,36953,37174,36126,34276,36529,41136,41986,44882,46705,47287,48323,48137,45973,49300,45431,43175,41954,42183,42311,43474,43275,43076,42180,41672,41876,42084,41996,41974,42189,40706,39881,39973,38118,37655,38284,36858,34964,32742,33093,30944,25414,23403,20244,15427,11807,13219,13432,12025,11202,10633,9404,8029,6856,5760,4862,4169,3307,2719,2249,1937,1445,1067,730,558,368,234,402,-
"113年 6月/ 高雄市/ 男",1340231,7769,8288,8842,9323,9585,10212,10829,11509,12117,12202,11262,12533,12174,9946,10301,11253,12024,11863,12231,12309,12886,13846,14214,17138,17156,15850,17642,19092,18908,19213,19338,18989,18933,19278,18921,19058,18357,17374,18481,20499,20827,22165,23026,23236,23844,23376,22444,23970,22235,20854,20275,20398,20550,21127,21144,20908,20777,20248,20237,20435,20187,19972,20072,19210,18702,18746,17710,17436,17606,16786,16090,14787,15063,13984,11434,10413,9154,6824,5128,5727,5844,5036,4803,4380,3679,3124,2572,2222,1765,1581,1275,1085,951,814,665,500,358,261,171,119,174,-
"113年 6月/ 高雄市/ 女",1394627,7295,7620,8216,8789,9079,9606,9977,10827,11114,11231,10480,11996,11190,9247,9644,10748,10825,10983,11210,11423,11838,12761,13265,15832,15876,15139,16663,17956,17847,18075,18034,17790,17537,17933,18032,18116,17769,16902,18048,20637,21159,22717,23679,24051,24479,24761,23529,25330,23196,22321,21679,21785,21761,22347,22131,22168,21403,21424,21639,21649,21809,22002,22117,21496,21179,21227,20408,20219,20678,20072,18874,17955,18030,16960,13980,12990,11090,8603,6679,7492,7588,6989,6399,6253,5725,4905,4284,3538,3097,2588,2032,1634,1298,1123,780,567,372,297,197,115,228,-
"113年 6月/ 宜蘭縣/ 性別總計",449422,2332,2485,2778,3081,3182,3294,3498,3757,3919,3734,3629,4010,3968,3373,3459,3727,3688,3756,4017,4261,4419,4619,4903,5644,5691,5523,6245,6614,6639,6526,6494,6391,6256,6257,6011,6070,5770,5377,5806,6179,6561,6790,6945,7176,6956,7003,6766,7178,6599,6615,6498,6637,6580,7093,7283,7069,7265,7016,6885,7458,7284,7282,7291,6933,6730,6637,5954,5946,5860,5625,5178,4749,4849,4352,3488,3420,2812,2461,1840,2390,2417,2445,2293,2315,2194,1793,1699,1441,1217,1026,858,676,585,474,346,257,172,139,99,46,94,-
"113年 6月/ 宜蘭縣/ 男",225414,1189,1283,1444,1602,1611,1700,1791,1933,2027,1952,1888,2126,2077,1726,1765,1962,1905,1913,2083,2170,2355,2423,2481,2962,2969,2894,3274,3443,3545,3397,3386,3359,3306,3348,3210,3176,3104,2778,3032,3114,3325,3457,3441,3606,3491,3460,3383,3609,3244,3237,3172,3305,3340,3568,3666,3622,3679,3585,3429,3790,3619,3707,3594,3442,3322,3233,2886,2994,2896,2763,2440,2280,2279,2082,1608,1590,1294,1159,864,1019,1138,1063,953,994,926,745,689,540,465,386,319,239,213,173,117,78,64,54,30,18,27,-
"113年 6月/ 宜蘭縣/ 女",224008,1143,1202,1334,1479,1571,1594,1707,1824,1892,1782,1741,1884,1891,1647,1694,1765,1783,1843,1934,2091,2064,2196,2422,2682,2722,2629,2971,3171,3094,3129,3108,3032,2950,2909,2801,2894,2666,2599,2774,3065,3236,3333,3504,3570,3465,3543,3383,3569,3355,3378,3326,3332,3240,3525,3617,3447,3586,3431,3456,3668,3665,3575,3697,3491,3408,3404,3068,2952,2964,2862,2738,2469,2570,2270,1880,1830,1518,1302,976,1371,1279,1382,1340,1321,1268,1048,1010,901,752,640,539,437,372,301,229,179,108,85,69,28,67,-
"113年 6月/ 新竹縣/ 性別總計",591813,3979,4759,5204,5624,5719,6043,6369,6825,6970,7041,6587,7106,6968,5747,5826,6066,6328,6101,6115,6116,6293,6453,6728,7625,7223,6996,7590,8115,8001,8314,8298,8250,8263,8707,8554,8715,8269,8204,8639,9619,10038,10722,11262,11143,11159,10952,10423,10945,9673,9213,9141,9015,8771,8834,8771,8370,8004,7707,8054,7861,7822,7645,7579,7228,6770,6628,5858,5795,5620,5325,4927,4486,4635,4172,3535,3319,2623,2466,1847,2196,2258,2208,2185,2147,1912,1713,1490,1338,1097,1000,748,653,556,425,326,273,193,151,93,66,98,-
"113年 6月/ 新竹縣/ 男",301181,2029,2497,2635,2909,2952,3141,3382,3538,3663,3646,3320,3627,3565,3048,3074,3155,3310,3169,3245,3250,3244,3379,3621,3997,3779,3703,4040,4249,4275,4283,4421,4451,4442,4677,4593,4547,4338,4245,4421,4799,5048,5352,5565,5535,5482,5339,5049,5378,4823,4613,4635,4511,4464,4499,4463,4294,4106,3931,4183,4049,4002,3880,3869,3758,3510,3434,3025,2912,2840,2619,2423,2228,2174,1994,1710,1564,1236,1156,835,1028,1003,997,938,988,831,753,635,571,427,407,282,275,240,187,131,109,75,57,37,26,37,-
"113年 6月/ 新竹縣/ 女",290632,1950,2262,2569,2715,2767,2902,2987,3287,3307,3395,3267,3479,3403,2699,2752,2911,3018,2932,2870,2866,3049,3074,3107,3628,3444,3293,3550,3866,3726,4031,3877,3799,3821,4030,3961,4168,3931,3959,4218,4820,4990,5370,5697,5608,5677,5613,5374,5567,4850,4600,4506,4504,4307,4335,4308,4076,3898,3776,3871,3812,3820,3765,3710,3470,3260,3194,2833,2883,2780,2706,2504,2258,2461,2178,1825,1755,1387,1310,1012,1168,1255,1211,1247,1159,1081,960,855,767,670,593,466,378,316,238,195,164,118,94,56,40,61,-
"113年 6月/ 苗栗縣/ 性別總計",533566,2273,2502,2807,3223,3498,3890,4494,4650,4978,5185,4705,5208,5018,4218,4257,4518,4806,5026,4993,5290,5425,5924,6170,6828,6739,6376,6881,7482,7489,7388,7498,7390,7230,7237,7272,7151,7196,6864,7307,7921,8453,9220,9210,9012,9034,8983,8342,8506,7916,7523,7491,7657,7693,7997,8050,8097,7822,7689,7880,8238,8342,8421,8375,8115,7847,7767,6775,6923,6360,6542,5843,5664,5499,4992,4293,4076,3373,3109,2302,2734,2737,2718,2660,2556,2500,2057,1898,1679,1387,1281,1018,816,758,543,434,350,234,187,119,55,107,-
"113年 6月/ 苗栗縣/ 男",274279,1167,1314,1423,1681,1822,2028,2317,2427,2623,2616,2434,2622,2605,2195,2238,2359,2508,2647,2596,2797,2963,3233,3247,3571,3554,3423,3700,3902,4043,3993,4151,4005,3962,3982,3979,3892,3891,3658,3846,4145,4408,4720,4701,4620,4567,4548,4236,4308,3989,3912,3907,3981,3953,4129,4190,4281,4096,4038,4094,4270,4320,4321,4298,4210,4025,4008,3424,3572,3260,3299,2929,2745,2621,2402,2033,1902,1577,1460,1055,1257,1237,1184,1159,1154,1109,888,786,685,598,514,391,314,290,219,172,130,80,50,52,15,27,-
"113年 6月/ 苗栗縣/ 女",259287,1106,1188,1384,1542,1676,1862,2177,2223,2355,2569,2271,2586,2413,2023,2019,2159,2298,2379,2397,2493,2462,2691,2923,3257,3185,2953,3181,3580,3446,3395,3347,3385,3268,3255,3293,3259,3305,3206,3461,3776,4045,4500,4509,4392,4467,4435,4106,4198,3927,3611,3584,3676,3740,3868,3860,3816,3726,3651,3786,3968,4022,4100,4077,3905,3822,3759,3351,3351,3100,3243,2914,2919,2878,2590,2260,2174,1796,1649,1247,1477,1500,1534,1501,1402,1391,1169,1112,994,789,767,627,502,468,324,262,220,154,137,67,40,80,-
"113年 6月/ 彰化縣/ 性別總計",1232192,8135,8417,8524,8865,9390,9182,9491,10337,10752,10821,10079,11376,10884,9135,9833,10585,10832,11211,11700,12488,13092,13854,14553,16574,16202,15794,16854,17913,17478,17171,17309,17450,16898,17010,16960,17146,16706,16472,17150,18981,19230,20298,20820,20784,20912,20726,19627,20209,18598,17549,16862,17019,16763,17321,17374,17193,17480,17750,17527,18647,18281,18652,18413,18104,17344,17313,15996,15541,15475,14910,13744,13337,13208,12088,10113,9806,8286,6969,4910,5918,6257,6129,5804,5502,5417,4781,4081,3705,3279,2731,2324,1910,1556,1185,887,621,417,325,221,126,233,-
"113年 6月/ 彰化縣/ 男",624686,4243,4347,4412,4553,4931,4770,4986,5438,5528,5677,5180,6059,5608,4823,5135,5515,5737,5976,6196,6470,6871,7345,7541,8717,8537,8172,8683,9414,9100,8911,8883,9036,8949,8976,8886,9068,8850,8545,8932,9820,9822,10291,10684,10470,10715,10558,10077,10300,9629,9012,8539,8745,8530,8931,8933,8923,8928,9121,9000,9693,9238,9477,9472,9203,8647,8740,8041,7744,7637,7383,6688,6453,6428,5786,4818,4524,3867,3176,2215,2629,2784,2697,2526,2357,2209,1919,1605,1433,1170,959,778,670,504,367,275,178,125,91,58,35,59,-
"113年 6月/ 彰化縣/ 女",607506,3892,4070,4112,4312,4459,4412,4505,4899,5224,5144,4899,5317,5276,4312,4698,5070,5095,5235,5504,6018,6221,6509,7012,7857,7665,7622,8171,8499,8378,8260,8426,8414,7949,8034,8074,8078,7856,7927,8218,9161,9408,10007,10136,10314,10197,10168,9550,9909,8969,8537,8323,8274,8233,8390,8441,8270,8552,8629,8527,8954,9043,9175,8941,8901,8697,8573,7955,7797,7838,7527,7056,6884,6780,6302,5295,5282,4419,3793,2695,3289,3473,3432,3278,3145,3208,2862,2476,2272,2109,1772,1546,1240,1052,818,612,443,292,234,163,91,174,-
"113年 6月/ 南投縣/ 性別總計",474797,2290,2425,2526,2882,2961,3101,3365,3597,3732,3731,3366,3928,3852,3340,3395,3599,3848,4101,4179,4550,4637,5165,5393,6064,6060,5926,6366,6737,6720,6729,6670,6586,6312,6269,6127,6026,5912,5676,6019,6459,6756,7039,7197,7485,7351,7291,6935,7149,6901,6345,6338,6638,6850,7182,7386,7637,7457,7689,7609,7995,7965,8281,8116,7885,7637,7548,6772,6644,6555,6506,5977,5606,5660,5055,4462,4112,3465,2882,2287,2595,2510,2661,2573,2491,2412,2049,1789,1577,1356,1167,974,839,688,534,416,288,180,160,103,60,109,-
"113年 6月/ 南投縣/ 男",241648,1191,1230,1350,1530,1555,1616,1740,1832,1990,1912,1775,2065,1986,1726,1783,1857,1992,2119,2180,2332,2400,2704,2841,3133,3232,3082,3364,3495,3525,3555,3495,3554,3517,3373,3331,3322,3246,3035,3244,3382,3587,3678,3718,3817,3797,3754,3521,3607,3562,3210,3086,3348,3474,3681,3699,3948,3865,3941,3950,4041,4121,4139,4114,3985,3935,3837,3382,3317,3254,3264,3012,2761,2757,2415,2175,1928,1595,1346,1007,1154,1144,1132,1145,1019,1023,858,751,622,523,441,359,308,282,193,148,103,67,61,34,22,40,-
"113年 6月/ 南投縣/ 女",233149,1099,1195,1176,1352,1406,1485,1625,1765,1742,1819,1591,1863,1866,1614,1612,1742,1856,1982,1999,2218,2237,2461,2552,2931,2828,2844,3002,3242,3195,3174,3175,3032,2795,2896,2796,2704,2666,2641,2775,3077,3169,3361,3479,3668,3554,3537,3414,3542,3339,3135,3252,3290,3376,3501,3687,3689,3592,3748,3659,3954,3844,4142,4002,3900,3702,3711,3390,3327,3301,3242,2965,2845,2903,2640,2287,2184,1870,1536,1280,1441,1366,1529,1428,1472,1389,1191,1038,955,833,726,615,531,406,341,268,185,113,99,69,38,69,-
"113年 6月/ 雲林縣/ 性別總計",659729,4100,3477,3678,3960,4256,4357,4575,4859,5065,5099,4906,5610,5520,4752,4988,5261,5706,5830,6161,6442,6923,7419,7763,8863,8875,8372,8922,9376,9259,9095,8506,8271,7987,8105,8005,8148,7986,8098,8504,9272,9566,10452,10556,10788,10932,11104,10726,11145,10628,9693,9589,9529,9685,9806,10169,10107,10025,10394,10244,10349,10262,10553,10400,9610,9490,9494,8280,8369,8421,8030,7517,7236,7490,6765,5731,5745,4947,4435,3349,3906,4091,4069,3740,3823,3606,3144,2769,2416,2076,1872,1454,1248,998,763,555,406,292,198,139,71,131,-
"113年 6月/ 雲林縣/ 男",339450,2181,1798,1940,1988,2209,2298,2345,2494,2642,2575,2528,2930,2801,2405,2629,2800,2997,3071,3256,3322,3698,3900,3982,4732,4684,4337,4701,4952,4826,4821,4465,4357,4190,4427,4340,4302,4290,4303,4437,4783,4964,5340,5385,5445,5614,5671,5430,5740,5534,5047,4964,5012,5037,5301,5566,5623,5543,5826,5640,5667,5718,5777,5656,5144,5141,5030,4340,4356,4302,4030,3765,3669,3655,3306,2818,2678,2292,1955,1488,1692,1716,1716,1591,1592,1440,1261,1031,925,717,658,459,410,334,207,170,116,81,51,26,17,35,-
"113年 6月/ 雲林縣/ 女",320279,1919,1679,1738,1972,2047,2059,2230,2365,2423,2524,2378,2680,2719,2347,2359,2461,2709,2759,2905,3120,3225,3519,3781,4131,4191,4035,4221,4424,4433,4274,4041,3914,3797,3678,3665,3846,3696,3795,4067,4489,4602,5112,5171,5343,5318,5433,5296,5405,5094,4646,4625,4517,4648,4505,4603,4484,4482,4568,4604,4682,4544,4776,4744,4466,4349,4464,3940,4013,4119,4000,3752,3567,3835,3459,2913,3067,2655,2480,1861,2214,2375,2353,2149,2231,2166,1883,1738,1491,1359,1214,995,838,664,556,385,290,211,147,113,54,96,-
"113年 6月/ 嘉義縣/ 性別總計",481667,2221,2226,2328,2543,2586,2566,2692,2885,3005,2926,2702,3258,2995,2835,2992,3294,3597,3796,4299,4407,4906,5323,5659,6505,6298,6024,6681,6919,6715,6607,6471,6294,5961,6133,5827,5714,5656,5498,5782,6510,6584,7044,7041,7585,7203,7565,7228,7618,7192,6774,6832,7307,7247,7580,7779,7855,7912,7908,8400,8309,8322,8380,8563,8306,7798,7841,6900,6813,6651,6582,6258,5666,5964,5444,4544,4520,3900,2995,2449,2956,3103,2952,2922,2949,2780,2571,2150,2026,1714,1494,1267,1056,891,707,557,338,264,178,123,59,115,-
"113年 6月/ 嘉義縣/ 男",249316,1150,1170,1196,1315,1320,1312,1376,1473,1570,1511,1436,1692,1561,1458,1633,1744,1861,2026,2229,2309,2582,2785,2993,3433,3354,3203,3486,3717,3578,3546,3498,3423,3226,3376,3173,3205,3125,3002,3139,3517,3487,3761,3587,3843,3726,3916,3628,3872,3678,3431,3493,3814,3780,4008,4198,4215,4263,4384,4573,4603,4534,4608,4632,4571,4206,4137,3709,3628,3479,3412,3180,2830,3017,2683,2237,2128,1772,1396,1054,1269,1364,1238,1227,1213,1117,1008,889,763,665,531,431,350,310,242,183,105,73,63,36,22,41,-
"113年 6月/ 嘉義縣/ 女",232351,1071,1056,1132,1228,1266,1254,1316,1412,1435,1415,1266,1566,1434,1377,1359,1550,1736,1770,2070,2098,2324,2538,2666,3072,2944,2821,3195,3202,3137,3061,2973,2871,2735,2757,2654,2509,2531,2496,2643,2993,3097,3283,3454,3742,3477,3649,3600,3746,3514,3343,3339,3493,3467,3572,3581,3640,3649,3524,3827,3706,3788,3772,3931,3735,3592,3704,3191,3185,3172,3170,3078,2836,2947,2761,2307,2392,2128,1599,1395,1687,1739,1714,1695,1736,1663,1563,1261,1263,1049,963,836,706,581,465,374,233,191,115,87,37,74,-
"113年 6月/ 屏東縣/ 性別總計",792004,4087,4128,4198,4723,5016,5190,5657,5943,6000,6161,5620,6317,6086,5251,5401,5564,5915,6427,6789,7339,7548,8374,8793,10145,10110,9629,10961,11694,11729,11632,10997,10901,10466,10387,10160,10306,9915,9506,10024,10826,11407,12054,12303,12507,13031,12826,12568,13047,12224,11484,11368,11420,12027,12503,12655,12715,13002,12904,13037,13300,13260,12956,13489,12623,12669,12235,11167,11086,10922,10588,10093,9280,9244,8874,7047,6837,6242,4603,3654,4134,4332,4016,4039,3893,3331,3032,2670,2335,1949,1629,1343,1066,803,677,519,362,231,198,101,71,107,-
"113年 6月/ 屏東縣/ 男",400999,2117,2095,2165,2506,2632,2609,2926,3140,3147,3218,2863,3297,3172,2766,2835,2903,3137,3316,3590,3757,3988,4340,4488,5280,5300,5075,5720,6237,6233,6146,5867,5758,5565,5608,5339,5486,5389,5060,5283,5660,6019,6154,6324,6464,6684,6612,6354,6668,6189,5820,5724,5738,6063,6357,6370,6466,6842,6783,6675,6788,6784,6481,6839,6332,6301,6131,5395,5318,5257,5085,4888,4376,4430,4233,3280,3138,2870,2037,1624,1804,1946,1759,1739,1668,1420,1261,1131,932,767,596,532,390,273,263,191,142,93,78,39,27,42,-
"113年 6月/ 屏東縣/ 女",391005,1970,2033,2033,2217,2384,2581,2731,2803,2853,2943,2757,3020,2914,2485,2566,2661,2778,3111,3199,3582,3560,4034,4305,4865,4810,4554,5241,5457,5496,5486,5130,5143,4901,4779,4821,4820,4526,4446,4741,5166,5388,5900,5979,6043,6347,6214,6214,6379,6035,5664,5644,5682,5964,6146,6285,6249,6160,6121,6362,6512,6476,6475,6650,6291,6368,6104,5772,5768,5665,5503,5205,4904,4814,4641,3767,3699,3372,2566,2030,2330,2386,2257,2300,2225,1911,1771,1539,1403,1182,1033,811,676,530,414,328,220,138,120,62,44,65,-
"113年 6月/ 臺東縣/ 性別總計",210793,1356,1323,1347,1358,1433,1460,1573,1610,1721,1663,1663,1723,1727,1591,1529,1654,1750,1892,1948,2010,2102,2325,2423,2704,2757,2669,2872,3100,2912,2987,2877,2837,2871,2754,2651,2627,2459,2487,2620,2746,2933,3276,3157,3198,3199,3201,3177,3349,3279,3064,3178,3396,3415,3561,3527,3417,3480,3449,3498,3498,3562,3438,3363,3167,3286,3110,2903,2773,2831,2674,2411,2407,2353,2145,1900,1608,1550,1345,944,1074,1127,1074,1012,929,840,774,635,599,526,447,327,261,229,213,162,135,75,75,58,25,63,-
"113年 6月/ 臺東縣/ 男",107469,693,689,710,699,752,779,839,852,877,855,870,933,915,818,755,903,921,975,1046,1066,1114,1212,1240,1411,1446,1338,1490,1619,1464,1602,1532,1497,1533,1501,1428,1402,1317,1339,1374,1466,1536,1709,1656,1669,1660,1632,1653,1721,1666,1596,1654,1787,1727,1869,1903,1852,1807,1830,1881,1841,1840,1755,1754,1650,1634,1535,1463,1428,1350,1285,1130,1142,1043,960,868,706,713,559,391,451,494,444,404,379,335,308,240,223,211,174,124,107,85,82,65,66,38,37,24,16,35,-
"113年 6月/ 臺東縣/ 女",103324,663,634,637,659,681,681,734,758,844,808,793,790,812,773,774,751,829,917,902,944,988,1113,1183,1293,1311,1331,1382,1481,1448,1385,1345,1340,1338,1253,1223,1225,1142,1148,1246,1280,1397,1567,1501,1529,1539,1569,1524,1628,1613,1468,1524,1609,1688,1692,1624,1565,1673,1619,1617,1657,1722,1683,1609,1517,1652,1575,1440,1345,1481,1389,1281,1265,1310,1185,1032,902,837,786,553,623,633,630,608,550,505,466,395,376,315,273,203,154,144,131,97,69,37,38,34,9,28,-
"113年 6月/ 花蓮縣/ 性別總計",315987,1685,1867,2006,2048,2174,2444,2340,2521,2726,2624,2528,2712,2581,2358,2427,2537,2633,2675,2830,2975,3107,3308,3418,3936,3981,3829,4236,4625,4477,4537,4506,4378,4213,4204,3957,3984,3822,3669,3868,4431,4418,4817,4942,5025,4866,4913,4752,5090,4860,4654,4754,4698,4940,5057,5177,5046,4998,4868,4926,5211,4887,5063,5142,4899,4967,4693,4569,4438,4466,4315,3873,3703,3587,3285,2936,2585,2169,1992,1484,1576,1597,1588,1514,1367,1263,1142,975,838,755,640,502,485,324,309,264,162,138,109,85,32,80,-
"113年 6月/ 花蓮縣/ 男",158668,845,974,1025,1094,1137,1291,1221,1286,1421,1363,1330,1394,1387,1256,1306,1317,1386,1418,1468,1529,1638,1745,1770,2022,2069,2041,2240,2411,2333,2376,2345,2316,2211,2216,2090,2087,1984,1970,2014,2291,2240,2500,2531,2553,2500,2495,2417,2545,2403,2318,2344,2319,2440,2498,2669,2561,2615,2518,2538,2636,2468,2572,2497,2418,2455,2222,2235,2154,2199,2084,1910,1746,1673,1513,1324,1116,979,889,649,646,637,675,598,552,514,439,396,303,305,251,158,200,118,128,103,72,57,50,44,15,47,-
"113年 6月/ 花蓮縣/ 女",157319,840,893,981,954,1037,1153,1119,1235,1305,1261,1198,1318,1194,1102,1121,1220,1247,1257,1362,1446,1469,1563,1648,1914,1912,1788,1996,2214,2144,2161,2161,2062,2002,1988,1867,1897,1838,1699,1854,2140,2178,2317,2411,2472,2366,2418,2335,2545,2457,2336,2410,2379,2500,2559,2508,2485,2383,2350,2388,2575,2419,2491,2645,2481,2512,2471,2334,2284,2267,2231,1963,1957,1914,1772,1612,1469,1190,1103,835,930,960,913,916,815,749,703,579,535,450,389,344,285,206,181,161,90,81,59,41,17,33,-
"113年 6月/ 澎湖縣/ 性別總計",107685,684,765,768,777,812,700,584,692,683,683,621,714,649,581,653,626,735,762,902,1303,1361,1443,1367,1656,1566,1487,1655,1645,1693,1570,1623,1680,1574,1515,1491,1566,1546,1424,1444,1565,1631,1639,1657,1683,1685,1705,1522,1740,1611,1614,1524,1543,1618,1602,1617,1679,1655,1662,1650,1722,1692,1668,1750,1695,1671,1541,1549,1407,1392,1271,1240,1169,1180,1063,957,810,640,683,500,532,502,440,425,468,406,409,327,348,311,270,223,188,164,132,104,60,65,40,26,12,31,-
"113年 6月/ 澎湖縣/ 男",55134,356,374,372,419,396,388,318,372,356,363,324,386,348,292,336,323,377,395,492,695,787,788,728,947,854,815,882,884,922,814,866,926,830,822,784,811,803,743,768,814,826,839,816,816,809,855,775,853,772,825,765,800,850,835,838,860,863,879,853,910,903,879,890,870,841,797,803,731,729,635,609,549,559,507,460,387,301,305,234,239,234,193,178,200,156,169,138,146,115,100,80,68,56,50,36,22,24,13,6,5,8,-
"113年 6月/ 澎湖縣/ 女",52551,328,391,396,358,416,312,266,320,327,320,297,328,301,289,317,303,358,367,410,608,574,655,639,709,712,672,773,761,771,756,757,754,744,693,707,755,743,681,676,751,805,800,841,867,876,850,747,887,839,789,759,743,768,767,779,819,792,783,797,812,789,789,860,825,830,744,746,676,663,636,631,620,621,556,497,423,339,378,266,293,268,247,247,268,250,240,189,202,196,170,143,120,108,82,68,38,41,27,20,7,23,-
"113年 6月/ 基隆市/ 性別總計",361600,1268,1546,1807,1920,2157,2331,2439,2596,2847,2747,2511,2903,2785,2308,2509,2604,2767,2912,2865,3047,3135,3446,3703,4469,4539,4322,4768,5094,5297,5070,5133,5072,4875,5125,4741,4837,4603,4221,4433,4803,5031,5435,5759,5710,5776,5705,5682,6005,5513,5581,5430,5497,5728,5889,5957,6123,5954,5930,6108,6264,6243,6221,6271,6119,6020,6170,5579,5439,5438,5188,4807,4689,4635,3988,3521,3110,2648,2071,1241,1610,1792,1670,1523,1612,1450,1252,1005,864,738,600,523,430,370,268,199,180,148,103,77,43,113,-
"113年 6月/ 基隆市/ 男",179597,658,786,987,1017,1110,1235,1255,1312,1471,1410,1298,1517,1391,1199,1288,1355,1448,1542,1447,1618,1689,1805,1937,2336,2378,2231,2469,2706,2783,2619,2666,2680,2641,2749,2549,2572,2436,2216,2275,2504,2596,2744,2882,2878,2917,2751,2768,3020,2692,2785,2677,2691,2876,2917,2908,3033,2955,2921,2999,3067,3100,3123,3018,3017,2895,2993,2660,2561,2585,2448,2239,2129,2141,1798,1635,1381,1257,936,535,655,763,706,630,673,562,438,349,302,237,225,184,147,139,96,77,82,58,42,36,24,59,-
"113年 6月/ 基隆市/ 女",182003,610,760,820,903,1047,1096,1184,1284,1376,1337,1213,1386,1394,1109,1221,1249,1319,1370,1418,1429,1446,1641,1766,2133,2161,2091,2299,2388,2514,2451,2467,2392,2234,2376,2192,2265,2167,2005,2158,2299,2435,2691,2877,2832,2859,2954,2914,2985,2821,2796,2753,2806,2852,2972,3049,3090,2999,3009,3109,3197,3143,3098,3253,3102,3125,3177,2919,2878,2853,2740,2568,2560,2494,2190,1886,1729,1391,1135,706,955,1029,964,893,939,888,814,656,562,501,375,339,283,231,172,122,98,90,61,41,19,54,-
"113年 6月/ 新竹市/ 性別總計",457269,3058,3311,3688,3989,4350,4572,4951,5234,5594,5967,5495,6183,5806,4682,4818,4853,5096,4668,4627,4655,4557,4926,4973,5620,5300,4995,5405,5849,5962,5730,5873,5999,5942,6237,6277,6415,6219,6145,6546,7346,7765,8412,8763,9139,9040,8749,8130,8738,7766,7236,6798,6738,6818,6779,6680,6669,6113,5883,6050,6064,5855,5857,5714,5376,5349,5356,4793,4668,4671,4725,4358,4094,4015,3671,3049,2908,2371,2199,1520,1705,1766,1683,1532,1442,1290,1193,979,866,709,652,503,456,362,337,249,208,174,109,89,65,108,-
"113年 6月/ 新竹市/ 男",225692,1597,1713,1919,2061,2296,2371,2605,2636,2879,3100,2865,3165,3050,2420,2476,2571,2755,2402,2453,2376,2385,2575,2604,2935,2753,2593,2811,3038,3093,2977,2998,3135,3046,3276,3196,3271,3151,3053,3218,3517,3764,4096,4251,4376,4354,4239,3929,4282,3850,3583,3404,3286,3343,3342,3243,3247,2997,2905,2976,2975,2863,2821,2799,2562,2511,2553,2281,2093,2148,2157,2060,1867,1804,1649,1338,1279,1069,966,640,698,729,676,607,556,479,440,353,316,263,245,189,180,154,132,84,82,86,58,45,35,48,-
"113年 6月/ 新竹市/ 女",231577,1461,1598,1769,1928,2054,2201,2346,2598,2715,2867,2630,3018,2756,2262,2342,2282,2341,2266,2174,2279,2172,2351,2369,2685,2547,2402,2594,2811,2869,2753,2875,2864,2896,2961,3081,3144,3068,3092,3328,3829,4001,4316,4512,4763,4686,4510,4201,4456,3916,3653,3394,3452,3475,3437,3437,3422,3116,2978,3074,3089,2992,3036,2915,2814,2838,2803,2512,2575,2523,2568,2298,2227,2211,2022,1711,1629,1302,1233,880,1007,1037,1007,925,886,811,753,626,550,446,407,314,276,208,205,165,126,88,51,44,30,60,-
"113年 6月/ 嘉義市/ 性別總計",262990,1257,1352,1586,1682,1905,2124,2365,2291,2656,2644,2354,2849,2798,2372,2364,2412,2580,2543,2496,2646,2806,2889,3022,3660,3653,3312,3585,3835,3749,3666,3581,3476,3374,3328,3312,3315,3188,3173,3364,3739,3788,4092,4250,4220,4307,4355,4135,4499,3988,3918,3697,3719,3943,3974,4212,4000,4001,3979,4099,3932,4036,3940,3941,3791,3619,3605,3284,3331,3320,3196,2978,2823,2919,2569,2127,2157,1891,1478,1131,1257,1352,1180,1186,1101,1028,847,793,704,620,540,454,319,275,211,165,143,90,60,53,22,43,-
"113年 6月/ 嘉義市/ 男",126233,662,689,782,890,973,1097,1246,1180,1305,1354,1232,1493,1470,1246,1227,1291,1366,1288,1245,1407,1462,1488,1590,1911,1915,1726,1839,1913,1849,1898,1853,1764,1759,1648,1713,1650,1559,1549,1563,1811,1823,1937,1968,1956,2065,2058,1912,2063,1805,1759,1685,1685,1799,1816,1956,1855,1853,1866,1978,1860,1939,1841,1850,1785,1692,1703,1517,1558,1555,1516,1338,1312,1319,1108,924,930,819,617,499,498,569,467,466,443,406,329,291,248,230,180,182,105,108,88,56,48,28,25,18,6,18,-
"113年 6月/ 嘉義市/ 女",136757,595,663,804,792,932,1027,1119,1111,1351,1290,1122,1356,1328,1126,1137,1121,1214,1255,1251,1239,1344,1401,1432,1749,1738,1586,1746,1922,1900,1768,1728,1712,1615,1680,1599,1665,1629,1624,1801,1928,1965,2155,2282,2264,2242,2297,2223,2436,2183,2159,2012,2034,2144,2158,2256,2145,2148,2113,2121,2072,2097,2099,2091,2006,1927,1902,1767,1773,1765,1680,1640,1511,1600,1461,1203,1227,1072,861,632,759,783,713,720,658,622,518,502,456,390,360,272,214,167,123,109,95,62,35,35,16,25,-
"113年 6月/ 金門縣/ 性別總計",143727,628,681,709,776,817,764,732,775,821,798,778,823,779,761,786,850,914,970,1077,1704,1654,1924,1825,2249,2029,2015,2206,2422,2567,2471,2435,2410,2123,2198,2154,2155,2078,1869,1994,2080,2031,2092,2057,1995,1952,2068,2010,2106,2015,1995,2069,2205,2260,2511,2501,2583,2482,2754,2709,2869,2860,2715,2550,2439,2612,2214,2428,2193,1965,1786,1696,1479,1285,1137,914,824,719,585,565,561,601,504,509,443,412,389,398,348,274,225,222,189,140,107,97,80,44,39,41,18,55,-
"113年 6月/ 金門縣/ 男",71294,338,356,368,400,419,385,381,399,433,409,399,436,415,409,400,436,479,509,561,850,828,1008,927,1179,977,1042,1108,1218,1297,1224,1239,1232,1071,1095,1116,1068,1069,981,969,1013,1026,1032,1012,970,959,980,882,1001,945,940,1022,1091,1133,1270,1276,1265,1199,1294,1326,1406,1378,1323,1290,1249,1333,1140,1222,1086,969,881,857,755,609,544,441,410,357,284,281,275,273,245,233,215,180,169,162,163,92,98,85,68,44,32,25,14,11,8,7,3,11,-
"113年 6月/ 金門縣/ 女",72433,290,325,341,376,398,379,351,376,388,389,379,387,364,352,386,414,435,461,516,854,826,916,898,1070,1052,973,1098,1204,1270,1247,1196,1178,1052,1103,1038,1087,1009,888,1025,1067,1005,1060,1045,1025,993,1088,1128,1105,1070,1055,1047,1114,1127,1241,1225,1318,1283,1460,1383,1463,1482,1392,1260,1190,1279,1074,1206,1107,996,905,839,724,676,593,473,414,362,301,284,286,328,259,276,228,232,220,236,185,182,127,137,121,96,75,72,66,33,31,34,15,44,-
"113年 6月/ 連江縣/ 性別總計",13969,105,94,94,97,111,104,82,93,89,93,93,80,98,92,89,103,106,95,113,95,131,193,173,186,228,228,216,263,270,216,264,296,256,279,208,234,194,179,189,223,190,213,212,212,217,238,180,205,203,231,204,212,233,225,232,189,221,238,252,232,224,252,217,197,238,197,190,181,176,154,147,134,108,87,92,78,78,80,39,37,38,35,35,23,27,33,29,19,20,19,19,11,14,9,5,12,5,4,1,3,11,-
"113年 6月/ 連江縣/ 男",8056,65,49,51,59,53,59,49,47,54,42,46,43,52,48,49,61,59,49,65,52,73,108,105,107,147,149,120,166,158,127,137,184,164,169,113,136,114,105,109,126,119,125,126,108,128,131,97,109,116,131,115,123,136,139,131,122,132,149,153,132,137,150,128,117,147,127,105,110,86,96,89,78,59,52,52,34,32,50,17,26,26,13,16,14,18,14,12,10,10,9,4,4,6,2,1,4,3,1,1,2,3,-
"113年 6月/ 連江縣/ 女",5913,40,45,43,38,58,45,33,46,35,51,47,37,46,44,40,42,47,46,48,43,58,85,68,79,81,79,96,97,112,89,127,112,92,110,95,98,80,74,80,97,71,88,86,104,89,107,83,96,87,100,89,89,97,86,101,67,89,89,99,100,87,102,89,80,91,70,85,71,90,58,58,56,49,35,40,44,46,30,22,11,12,22,19,9,9,19,17,9,10,10,15,7,8,7,4,8,2,3,-,1,8,-
"113年 7月/ 區域別總計/ 性別總計",23409323,128553,140457,149066,161665,171238,181191,190021,203644,214228,216930,202310,222392,217129,184676,182322,195598,205090,203970,205870,214542,219170,235775,246756,284261,286826,274204,295633,321102,320967,320614,321417,320743,315984,321538,323469,322335,316647,305679,319100,356701,364967,391611,403674,408513,409493,406763,386729,404239,375876,352359,343512,344848,347289,355940,360849,357109,352115,348147,355133,360236,358954,360737,355338,345235,337446,337125,315576,307082,307754,299699,276067,265003,259279,243287,200377,186050,156772,131133,95476,105572,109881,101803,96948,91171,83466,72604,62410,55089,46647,40547,33022,27572,23493,19184,14905,11336,8267,5970,4196,2605,5030,-
"113年 7月/ 區域別總計/ 男",11536982,66529,72409,77192,83686,88723,93701,98302,105235,111207,112340,104643,115001,112404,95828,95079,101847,107127,106277,107529,111674,115061,123079,128237,147631,149738,142266,153380,166291,165691,165566,165911,165537,163997,166851,166572,165471,161752,154736,159936,177814,181292,193510,198456,200735,201083,199700,189414,197554,183732,171039,167222,167362,168473,173389,175931,174102,171796,169679,172515,174669,173784,173560,171155,166103,161316,160459,150027,144834,145393,140819,128690,123325,119745,111926,91651,84064,71132,58478,42227,45635,47555,43044,40673,37729,33383,28460,23906,20843,17246,14885,12051,10432,9140,7750,6085,4674,3416,2463,1748,1137,2136,-
"113年 7月/ 區域別總計/ 女",11872341,62024,68048,71874,77979,82515,87490,91719,98409,103021,104590,97667,107391,104725,88848,87243,93751,97963,97693,98341,102868,104109,112696,118519,136630,137088,131938,142253,154811,155276,155048,155506,155206,151987,154687,156897,156864,154895,150943,159164,178887,183675,198101,205218,207778,208410,207063,197315,206685,192144,181320,176290,177486,178816,182551,184918,183007,180319,178468,182618,185567,185170,187177,184183,179132,176130,176666,165549,162248,162361,158880,147377,141678,139534,131361,108726,101986,85640,72655,53249,59937,62326,58759,56275,53442,50083,44144,38504,34246,29401,25662,20971,17140,14353,11434,8820,6662,4851,3507,2448,1468,2894,-
"113年 7月/ 新北市/ 性別總計",4043898,17969,22271,24184,25998,27931,29318,31275,33809,35577,36049,33355,36605,35196,30498,30246,32700,34447,34120,34109,35620,36354,38795,40985,47364,48053,45689,49273,53716,53980,54125,55092,55474,55108,56393,56953,56619,55357,53279,56206,62847,64440,69300,71940,73120,73747,73645,70377,73452,67519,64108,62118,61971,61758,63024,63899,62890,61557,61331,62512,63845,64226,64662,62926,61690,60250,61082,56895,55888,55905,54744,50130,48218,46888,42893,35337,32309,26223,22335,15519,16970,17182,15459,14351,13191,11868,9727,8294,7119,6013,5165,4168,3437,3028,2557,2038,1577,1249,840,651,439,963,-
"113年 7月/ 新北市/ 男",1965189,9245,11473,12418,13402,14495,14984,16131,17399,18349,18723,17071,19099,18083,15734,15861,16998,17951,17811,17820,18585,19249,20238,21446,24546,25198,23540,25650,27758,27792,27963,28505,28804,28579,29341,29307,28975,28127,26766,28100,31287,31990,34059,35212,35771,36119,35914,34146,35573,32750,30687,29856,29736,29452,30178,30241,29585,28764,28602,28712,29404,29545,29559,28955,28244,27422,27743,25737,25280,25406,24786,22518,21725,21050,19439,15844,14375,11783,9955,6840,7420,7457,6548,5966,5385,4651,3649,3015,2595,2180,1822,1565,1300,1294,1082,921,694,556,353,296,208,472,-
"113年 7月/ 新北市/ 女",2078709,8724,10798,11766,12596,13436,14334,15144,16410,17228,17326,16284,17506,17113,14764,14385,15702,16496,16309,16289,17035,17105,18557,19539,22818,22855,22149,23623,25958,26188,26162,26587,26670,26529,27052,27646,27644,27230,26513,28106,31560,32450,35241,36728,37349,37628,37731,36231,37879,34769,33421,32262,32235,32306,32846,33658,33305,32793,32729,33800,34441,34681,35103,33971,33446,32828,33339,31158,30608,30499,29958,27612,26493,25838,23454,19493,17934,14440,12380,8679,9550,9725,8911,8385,7806,7217,6078,5279,4524,3833,3343,2603,2137,1734,1475,1117,883,693,487,355,231,491,-
"113年 7月/ 臺北市/ 性別總計",2504731,14758,14544,15473,16814,18613,19630,20130,22208,23901,24856,23463,25834,25055,21039,20250,20421,21106,19927,18981,19212,19120,20573,21115,24593,25250,24120,26402,28033,29030,29258,29393,29709,29584,30824,32012,32426,32040,31623,33361,37417,38382,41293,43066,43109,43026,42958,39487,42831,39207,37074,35998,35674,36539,37467,37762,37712,36601,36164,36955,37990,37761,38151,37545,36996,37381,38187,37222,36423,37238,36587,34498,34100,33319,32128,27703,25661,21766,19018,13199,14137,14669,13465,12676,11820,10752,9550,8273,7093,6266,5400,4638,4080,3595,2924,2368,1892,1456,1053,752,488,1108,-
"113年 7月/ 臺北市/ 男",1181917,7587,7479,7923,8655,9672,9999,10446,11426,12427,12725,12164,13226,12999,10891,10403,10709,10905,10270,9933,10081,9876,10663,10873,12553,13121,12438,13475,14066,14524,14583,14640,14485,14462,15065,15487,15348,15037,14801,15450,17430,17934,19423,20057,20142,19909,19908,18473,19997,17991,17031,16836,16572,16833,17194,17372,17246,16768,16660,16836,17549,17327,17402,16930,16998,16948,17141,16920,16257,16921,16772,15695,15468,14911,14348,12075,11441,9657,8446,5825,5976,6261,5640,5227,4766,4090,3683,3026,2597,2247,1929,1708,1610,1425,1240,1026,830,614,461,327,219,505,-
"113年 7月/ 臺北市/ 女",1322814,7171,7065,7550,8159,8941,9631,9684,10782,11474,12131,11299,12608,12056,10148,9847,9712,10201,9657,9048,9131,9244,9910,10242,12040,12129,11682,12927,13967,14506,14675,14753,15224,15122,15759,16525,17078,17003,16822,17911,19987,20448,21870,23009,22967,23117,23050,21014,22834,21216,20043,19162,19102,19706,20273,20390,20466,19833,19504,20119,20441,20434,20749,20615,19998,20433,21046,20302,20166,20317,19815,18803,18632,18408,17780,15628,14220,12109,10572,7374,8161,8408,7825,7449,7054,6662,5867,5247,4496,4019,3471,2930,2470,2170,1684,1342,1062,842,592,425,269,603,-
"113年 7月/ 桃園市/ 性別總計",2328488,16086,17456,17865,19286,20086,21118,21680,23178,23976,24182,22626,24475,24003,20387,19765,21308,22653,22079,22160,23128,23357,24994,26466,30125,30032,29091,30866,33699,33807,34011,34466,34376,33975,34858,35107,35203,33885,32297,33704,37564,38622,41640,42851,42948,42337,41607,39360,40733,37570,34979,34073,33952,34050,34729,34823,34084,33129,32446,32867,33761,32792,32897,31406,30190,29928,30011,27900,27206,26705,26180,23911,22722,22276,19852,16182,15069,11932,10380,7534,8053,8229,7548,6968,6410,5798,4898,4295,3618,3112,2687,2185,1944,1747,1514,1261,991,699,513,345,267,392,-
"113年 7月/ 桃園市/ 男",1147317,8338,8881,9269,10063,10351,11016,11190,11956,12451,12547,11838,12726,12395,10533,10381,11073,11864,11595,11644,12119,12343,12932,13797,15647,15570,15169,15844,17307,17247,17452,17657,17401,17415,17815,17762,17865,17154,16263,16707,18490,18907,20470,20861,20903,20596,20451,19283,19963,18511,16906,16538,16457,16438,16763,16920,16500,15913,15520,15798,16166,15620,15650,14898,14297,14216,14118,13179,12560,12453,12215,10863,10509,10201,9001,7362,6772,5252,4584,3290,3419,3487,3086,2885,2622,2253,1871,1624,1302,1152,967,866,872,851,773,663,526,372,260,172,129,194,-
"113年 7月/ 桃園市/ 女",1181171,7748,8575,8596,9223,9735,10102,10490,11222,11525,11635,10788,11749,11608,9854,9384,10235,10789,10484,10516,11009,11014,12062,12669,14478,14462,13922,15022,16392,16560,16559,16809,16975,16560,17043,17345,17338,16731,16034,16997,19074,19715,21170,21990,22045,21741,21156,20077,20770,19059,18073,17535,17495,17612,17966,17903,17584,17216,16926,17069,17595,17172,17247,16508,15893,15712,15893,14721,14646,14252,13965,13048,12213,12075,10851,8820,8297,6680,5796,4244,4634,4742,4462,4083,3788,3545,3027,2671,2316,1960,1720,1319,1072,896,741,598,465,327,253,173,138,198,-
"113年 7月/ 臺中市/ 性別總計",2853173,16594,18958,20300,22064,23126,25144,26477,28285,29411,29620,27319,29868,29375,24626,24102,25685,27235,26922,26667,27508,27974,30056,31735,36702,36778,35740,38372,42052,41965,41599,41379,41691,41101,41735,42353,41662,41091,39839,41104,46383,46163,49581,50536,51146,51066,50049,47658,48862,45210,41654,40656,41173,41381,42140,42730,42334,42134,40865,41772,42006,41807,41350,40233,39193,38117,37868,35098,33786,33953,33018,30760,28356,27609,25828,21233,19051,15651,13381,9868,10509,10627,10015,9628,8632,8079,7012,5769,5349,4250,3643,2910,2555,2113,1628,1285,1015,744,550,362,219,406,-
"113年 7月/ 臺中市/ 男",1394033,8676,9826,10629,11354,11988,13035,13605,14736,15264,15390,14154,15411,15159,12807,12574,13451,13962,13916,13916,14221,14447,15671,16316,18822,19049,18520,19742,21681,21480,21186,21130,21196,21022,21325,21423,21194,20790,19794,20258,22876,22693,24194,24621,24965,24822,24393,22955,23437,21556,19788,19280,19241,19407,19781,20016,20044,19848,19157,19731,19571,19641,19281,18937,18572,17881,17607,16473,15830,15937,15280,14194,13126,12725,11855,9803,8640,7165,5884,4283,4493,4502,4233,3992,3505,3281,2767,2144,2041,1558,1362,1050,959,790,713,540,438,330,245,174,116,190,-
"113年 7月/ 臺中市/ 女",1459140,7918,9132,9671,10710,11138,12109,12872,13549,14147,14230,13165,14457,14216,11819,11528,12234,13273,13006,12751,13287,13527,14385,15419,17880,17729,17220,18630,20371,20485,20413,20249,20495,20079,20410,20930,20468,20301,20045,20846,23507,23470,25387,25915,26181,26244,25656,24703,25425,23654,21866,21376,21932,21974,22359,22714,22290,22286,21708,22041,22435,22166,22069,21296,20621,20236,20261,18625,17956,18016,17738,16566,15230,14884,13973,11430,10411,8486,7497,5585,6016,6125,5782,5636,5127,4798,4245,3625,3308,2692,2281,1860,1596,1323,915,745,577,414,305,188,103,216,-
"113年 7月/ 臺南市/ 性別總計",1859328,8886,9909,10916,11977,13000,13867,14799,15595,16687,16779,15612,17506,16956,13938,13707,15349,15685,15484,15639,16088,16329,17533,18368,21642,21752,20780,22814,24607,24656,24847,25284,25192,24640,25360,25492,26157,25665,24913,25856,29341,29791,32023,32828,33262,33143,32828,31178,32302,30100,27722,26504,26803,26860,27826,28519,28293,28502,28144,29291,29235,29525,29890,30256,29202,28140,28056,25993,25608,24947,24163,21677,21121,20292,19674,15741,14618,13247,9528,7388,8267,9132,8161,7746,7779,6761,6161,5391,4833,4195,3881,3043,2301,2093,1738,1256,940,639,426,296,182,280,-
"113年 7月/ 臺南市/ 男",922304,4620,5107,5697,6295,6729,7217,7604,8090,8713,8655,8044,8919,8818,7298,7159,7854,8267,8044,8090,8443,8480,9109,9580,11265,11346,10794,12023,12841,12878,12890,13072,13041,12858,13185,13263,13691,13218,12712,13065,14712,14851,15904,16060,16554,16411,16517,15675,15976,14829,13496,13068,12833,13050,13586,13881,13806,13904,13743,14371,14281,14433,14588,14846,14140,13717,13679,12765,12579,12081,11668,10368,10130,9589,9342,7357,6722,6091,4237,3314,3617,3904,3455,3242,3181,2733,2368,2103,1857,1600,1415,1084,833,730,632,471,339,223,155,109,55,70,-
"113年 7月/ 臺南市/ 女",937024,4266,4802,5219,5682,6271,6650,7195,7505,7974,8124,7568,8587,8138,6640,6548,7495,7418,7440,7549,7645,7849,8424,8788,10377,10406,9986,10791,11766,11778,11957,12212,12151,11782,12175,12229,12466,12447,12201,12791,14629,14940,16119,16768,16708,16732,16311,15503,16326,15271,14226,13436,13970,13810,14240,14638,14487,14598,14401,14920,14954,15092,15302,15410,15062,14423,14377,13228,13029,12866,12495,11309,10991,10703,10332,8384,7896,7156,5291,4074,4650,5228,4706,4504,4598,4028,3793,3288,2976,2595,2466,1959,1468,1363,1106,785,601,416,271,187,127,210,-
"113年 7月/ 高雄市/ 性別總計",2734097,14918,15971,16793,18120,18542,19859,20737,22126,23250,23455,21856,24248,23603,19632,19645,21917,22787,22857,23337,23925,24423,26548,27395,32385,33274,31094,33782,37140,36744,37198,37293,36725,36523,37097,37292,36697,36505,34504,36158,40867,41761,44717,46507,47271,48357,48242,46081,49115,45832,43238,42135,42221,42304,43166,43539,42877,42288,41536,42099,42107,41813,42145,42168,40772,39963,39810,38378,37363,38419,37206,34430,33297,32735,31668,25480,23373,20396,15729,11829,12909,13495,12050,11321,10583,9428,8127,6784,5820,4811,4190,3308,2686,2268,1945,1449,1056,748,523,374,232,401,-
"113年 7月/ 高雄市/ 男",1339650,7681,8316,8708,9311,9552,10259,10734,11419,12109,12248,11296,12403,12298,10187,10134,11220,11990,11881,12143,12426,12744,13792,14202,16825,17281,15916,17394,19148,18900,19144,19313,18940,18969,19230,19097,18832,18507,17536,18229,20451,20693,22055,23022,23173,23769,23514,22492,23882,22440,20914,20329,20425,20490,20942,21311,20789,20797,20225,20298,20485,20128,20043,20088,19183,18773,18635,17863,17254,17711,16949,15809,15073,14938,14241,11449,10403,9199,6958,5164,5588,5848,5060,4808,4383,3683,3174,2551,2233,1743,1587,1269,1055,939,829,655,498,359,253,167,123,174,-
"113年 7月/ 高雄市/ 女",1394447,7237,7655,8085,8809,8990,9600,10003,10707,11141,11207,10560,11845,11305,9445,9511,10697,10797,10976,11194,11499,11679,12756,13193,15560,15993,15178,16388,17992,17844,18054,17980,17785,17554,17867,18195,17865,17998,16968,17929,20416,21068,22662,23485,24098,24588,24728,23589,25233,23392,22324,21806,21796,21814,22224,22228,22088,21491,21311,21801,21622,21685,22102,22080,21589,21190,21175,20515,20109,20708,20257,18621,18224,17797,17427,14031,12970,11197,8771,6665,7321,7647,6990,6513,6200,5745,4953,4233,3587,3068,2603,2039,1631,1329,1116,794,558,389,270,207,109,227,-
"113年 7月/ 宜蘭縣/ 性別總計",449201,2282,2501,2716,3112,3152,3285,3505,3750,3899,3737,3653,3968,3978,3456,3410,3732,3716,3687,4037,4232,4410,4621,4850,5613,5650,5572,6118,6620,6646,6490,6543,6373,6320,6171,6091,6021,5815,5422,5699,6172,6513,6781,6930,7171,6979,7066,6740,7145,6694,6562,6553,6610,6609,7015,7351,7099,7254,6950,6976,7305,7416,7280,7249,6963,6777,6559,6018,5898,5877,5637,5169,4795,4852,4464,3510,3421,2782,2424,1865,2377,2415,2422,2316,2259,2194,1811,1680,1482,1195,1040,851,681,577,455,357,251,182,136,93,53,90,-
"113年 7月/ 宜蘭縣/ 男",225250,1160,1279,1393,1641,1594,1683,1796,1947,2018,1939,1908,2089,2084,1773,1729,1970,1922,1887,2084,2150,2375,2405,2439,2955,2972,2907,3211,3447,3546,3381,3406,3344,3370,3292,3260,3159,3098,2809,2982,3123,3269,3440,3461,3618,3486,3477,3383,3605,3283,3204,3193,3293,3342,3535,3704,3651,3642,3569,3465,3733,3685,3700,3567,3461,3335,3207,2934,2928,2921,2775,2427,2311,2280,2133,1627,1585,1273,1133,885,1014,1124,1063,955,975,920,753,687,542,461,394,315,237,206,165,119,78,68,53,25,22,27,-
"113年 7月/ 宜蘭縣/ 女",223951,1122,1222,1323,1471,1558,1602,1709,1803,1881,1798,1745,1879,1894,1683,1681,1762,1794,1800,1953,2082,2035,2216,2411,2658,2678,2665,2907,3173,3100,3109,3137,3029,2950,2879,2831,2862,2717,2613,2717,3049,3244,3341,3469,3553,3493,3589,3357,3540,3411,3358,3360,3317,3267,3480,3647,3448,3612,3381,3511,3572,3731,3580,3682,3502,3442,3352,3084,2970,2956,2862,2742,2484,2572,2331,1883,1836,1509,1291,980,1363,1291,1359,1361,1284,1274,1058,993,940,734,646,536,444,371,290,238,173,114,83,68,31,63,-
"113年 7月/ 新竹縣/ 性別總計",592183,3898,4779,5132,5604,5727,6012,6303,6873,6920,7084,6615,7005,7051,5845,5780,6106,6273,6155,6122,6125,6237,6425,6753,7545,7260,7025,7465,8138,8021,8310,8358,8260,8320,8669,8645,8680,8329,8216,8584,9560,9991,10753,11147,11190,11141,11035,10428,10840,9945,9140,9174,9104,8738,8851,8803,8400,8043,7743,8099,7843,7780,7692,7558,7277,6729,6597,5989,5689,5703,5316,4968,4499,4676,4228,3550,3318,2635,2458,1839,2178,2260,2173,2203,2126,1927,1724,1474,1346,1091,1014,744,651,539,429,320,261,203,149,93,65,95,-
"113年 7月/ 新竹縣/ 男",301322,1992,2492,2603,2874,2978,3137,3343,3519,3662,3663,3365,3563,3591,3118,3024,3188,3292,3171,3227,3251,3264,3348,3653,3939,3815,3722,3945,4285,4283,4293,4423,4444,4478,4652,4649,4549,4351,4290,4368,4802,5034,5345,5546,5549,5456,5400,5040,5313,4972,4602,4606,4560,4446,4521,4472,4265,4141,3944,4226,4020,3971,3913,3853,3779,3475,3427,3097,2844,2894,2610,2448,2229,2195,2015,1728,1556,1253,1145,827,1015,1011,963,965,971,836,757,629,566,433,412,283,262,239,187,131,104,77,56,41,26,35,-
"113年 7月/ 新竹縣/ 女",290861,1906,2287,2529,2730,2749,2875,2960,3354,3258,3421,3250,3442,3460,2727,2756,2918,2981,2984,2895,2874,2973,3077,3100,3606,3445,3303,3520,3853,3738,4017,3935,3816,3842,4017,3996,4131,3978,3926,4216,4758,4957,5408,5601,5641,5685,5635,5388,5527,4973,4538,4568,4544,4292,4330,4331,4135,3902,3799,3873,3823,3809,3779,3705,3498,3254,3170,2892,2845,2809,2706,2520,2270,2481,2213,1822,1762,1382,1313,1012,1163,1249,1210,1238,1155,1091,967,845,780,658,602,461,389,300,242,189,157,126,93,52,39,60,-
"113年 7月/ 苗栗縣/ 性別總計",533468,2258,2534,2781,3190,3491,3927,4443,4617,4965,5206,4759,5138,5053,4330,4168,4548,4792,5028,4967,5283,5409,5898,6171,6717,6781,6412,6791,7533,7444,7420,7467,7367,7291,7182,7284,7102,7239,6926,7244,7935,8370,9125,9269,8982,9100,8975,8378,8486,8024,7540,7501,7632,7712,7966,8062,8157,7807,7650,7956,8115,8339,8505,8302,8190,7778,7774,6897,6815,6433,6550,5827,5665,5566,5037,4291,4066,3357,3129,2291,2738,2748,2674,2702,2511,2487,2060,1873,1697,1375,1293,1010,815,748,566,419,342,232,191,117,56,104,-
"113年 7月/ 苗栗縣/ 男",274197,1158,1329,1427,1655,1810,2047,2289,2405,2605,2633,2462,2602,2611,2239,2196,2385,2509,2666,2581,2767,2936,3216,3280,3508,3578,3429,3652,3954,3987,4018,4106,4036,3983,3954,3992,3864,3905,3682,3836,4168,4326,4681,4719,4650,4580,4534,4264,4348,4002,3910,3917,3960,3930,4151,4205,4286,4095,4029,4132,4201,4288,4401,4242,4253,3988,4020,3493,3493,3299,3314,2902,2755,2662,2403,2034,1919,1569,1449,1065,1265,1233,1167,1181,1133,1092,892,776,696,594,502,396,308,287,233,165,123,78,53,53,14,27,-
"113年 7月/ 苗栗縣/ 女",259271,1100,1205,1354,1535,1681,1880,2154,2212,2360,2573,2297,2536,2442,2091,1972,2163,2283,2362,2386,2516,2473,2682,2891,3209,3203,2983,3139,3579,3457,3402,3361,3331,3308,3228,3292,3238,3334,3244,3408,3767,4044,4444,4550,4332,4520,4441,4114,4138,4022,3630,3584,3672,3782,3815,3857,3871,3712,3621,3824,3914,4051,4104,4060,3937,3790,3754,3404,3322,3134,3236,2925,2910,2904,2634,2257,2147,1788,1680,1226,1473,1515,1507,1521,1378,1395,1168,1097,1001,781,791,614,507,461,333,254,219,154,138,64,42,77,-
"113年 7月/ 彰化縣/ 性別總計",1231000,8009,8395,8417,8859,9222,9306,9394,10292,10735,10867,10114,11179,10869,9490,9625,10587,10805,11171,11682,12418,13040,13768,14519,16345,16305,15813,16654,17912,17414,17168,17189,17417,16940,16928,17044,16934,16789,16516,16984,18851,19209,20238,20758,20779,20911,20657,19779,20201,18763,17606,16928,16995,16757,17302,17413,17249,17441,17712,17666,18516,18337,18650,18322,18303,17219,17280,16221,15388,15499,15010,13706,13364,13122,12333,10181,9737,8201,7162,4874,5821,6291,6101,5828,5482,5395,4751,4020,3777,3255,2720,2346,1883,1568,1182,877,621,419,323,225,127,233,-
"113年 7月/ 彰化縣/ 男",624041,4155,4330,4381,4541,4845,4866,4922,5378,5553,5676,5238,5908,5634,4982,5030,5539,5717,5932,6208,6396,6885,7263,7558,8566,8598,8187,8640,9369,9066,8936,8811,9041,8930,8905,8962,8973,8868,8643,8789,9767,9808,10275,10612,10495,10717,10504,10175,10304,9690,9068,8591,8685,8548,8917,8943,8943,8962,9055,9094,9579,9294,9474,9431,9294,8557,8719,8180,7636,7707,7367,6689,6467,6356,5910,4869,4480,3822,3263,2218,2565,2835,2659,2522,2365,2182,1916,1581,1462,1174,962,768,662,505,373,273,181,126,91,59,35,59,-
"113年 7月/ 彰化縣/ 女",606959,3854,4065,4036,4318,4377,4440,4472,4914,5182,5191,4876,5271,5235,4508,4595,5048,5088,5239,5474,6022,6155,6505,6961,7779,7707,7626,8014,8543,8348,8232,8378,8376,8010,8023,8082,7961,7921,7873,8195,9084,9401,9963,10146,10284,10194,10153,9604,9897,9073,8538,8337,8310,8209,8385,8470,8306,8479,8657,8572,8937,9043,9176,8891,9009,8662,8561,8041,7752,7792,7643,7017,6897,6766,6423,5312,5257,4379,3899,2656,3256,3456,3442,3306,3117,3213,2835,2439,2315,2081,1758,1578,1221,1063,809,604,440,293,232,166,92,174,-
"113年 7月/ 南投縣/ 性別總計",474313,2259,2427,2508,2867,2933,3105,3352,3570,3733,3743,3375,3876,3846,3436,3376,3563,3849,4026,4232,4513,4622,5122,5403,6000,6011,5937,6294,6728,6699,6725,6648,6539,6336,6235,6142,5999,5921,5735,5910,6485,6695,6990,7192,7436,7410,7294,6914,7116,6993,6398,6349,6586,6883,7102,7370,7695,7422,7654,7685,7925,7969,8324,8056,7968,7573,7573,6820,6581,6615,6509,5977,5636,5604,5198,4457,4149,3424,2907,2321,2565,2526,2595,2606,2481,2403,2047,1783,1574,1362,1180,979,829,691,527,421,285,182,159,100,60,108,-
"113年 7月/ 南投縣/ 男",241347,1165,1229,1341,1528,1526,1617,1734,1824,1984,1918,1778,2027,1985,1771,1780,1823,2004,2076,2218,2286,2417,2698,2828,3096,3211,3074,3339,3510,3504,3557,3474,3545,3517,3357,3320,3342,3244,3060,3197,3367,3580,3641,3720,3793,3826,3739,3536,3578,3610,3233,3115,3297,3488,3635,3712,3953,3875,3903,3992,4002,4108,4181,4073,4036,3911,3837,3400,3302,3281,3271,2995,2780,2747,2463,2172,1945,1591,1335,1034,1138,1153,1094,1167,1013,1019,842,753,616,531,442,362,305,276,196,150,104,67,60,36,21,41,-
"113年 7月/ 南投縣/ 女",232966,1094,1198,1167,1339,1407,1488,1618,1746,1749,1825,1597,1849,1861,1665,1596,1740,1845,1950,2014,2227,2205,2424,2575,2904,2800,2863,2955,3218,3195,3168,3174,2994,2819,2878,2822,2657,2677,2675,2713,3118,3115,3349,3472,3643,3584,3555,3378,3538,3383,3165,3234,3289,3395,3467,3658,3742,3547,3751,3693,3923,3861,4143,3983,3932,3662,3736,3420,3279,3334,3238,2982,2856,2857,2735,2285,2204,1833,1572,1287,1427,1373,1501,1439,1468,1384,1205,1030,958,831,738,617,524,415,331,271,181,115,99,64,39,67,-
"113年 7月/ 雲林縣/ 性別總計",659521,4357,3463,3637,3976,4228,4353,4575,4843,5032,5059,4987,5499,5557,4828,4921,5281,5618,5877,6106,6444,6826,7416,7737,8779,8932,8350,8812,9468,9233,9070,8532,8279,8062,8049,8006,8122,7985,8090,8426,9233,9527,10352,10580,10760,10923,11108,10780,11115,10716,9747,9600,9570,9618,9811,10211,10196,9956,10343,10309,10383,10268,10531,10351,9666,9447,9495,8405,8273,8454,8077,7447,7290,7375,6981,5639,5767,4969,4426,3350,3843,4112,4057,3755,3794,3561,3170,2744,2444,2082,1836,1486,1239,987,762,548,415,292,197,135,69,129,-
"113年 7月/ 雲林縣/ 男",339290,2299,1803,1923,1991,2192,2287,2350,2502,2599,2580,2561,2891,2826,2426,2594,2812,2951,3106,3216,3327,3631,3919,3969,4667,4704,4329,4637,5012,4802,4827,4449,4336,4263,4336,4389,4296,4255,4310,4410,4765,4945,5282,5418,5441,5586,5677,5449,5721,5583,5075,4957,5030,4982,5312,5597,5666,5497,5774,5724,5661,5775,5727,5612,5174,5121,5019,4414,4304,4331,4081,3703,3689,3611,3411,2763,2684,2310,1954,1484,1690,1710,1710,1578,1594,1430,1270,1029,923,713,643,471,410,329,213,164,121,77,52,28,17,32,-
"113年 7月/ 雲林縣/ 女",320231,2058,1660,1714,1985,2036,2066,2225,2341,2433,2479,2426,2608,2731,2402,2327,2469,2667,2771,2890,3117,3195,3497,3768,4112,4228,4021,4175,4456,4431,4243,4083,3943,3799,3713,3617,3826,3730,3780,4016,4468,4582,5070,5162,5319,5337,5431,5331,5394,5133,4672,4643,4540,4636,4499,4614,4530,4459,4569,4585,4722,4493,4804,4739,4492,4326,4476,3991,3969,4123,3996,3744,3601,3764,3570,2876,3083,2659,2472,1866,2153,2402,2347,2177,2200,2131,1900,1715,1521,1369,1193,1015,829,658,549,384,294,215,145,107,52,97,-
"113年 7月/ 嘉義縣/ 性別總計",481071,2169,2247,2289,2519,2624,2547,2645,2880,3025,2919,2731,3222,2963,2877,2982,3266,3620,3749,4254,4442,4833,5299,5687,6410,6306,6027,6630,6909,6681,6564,6445,6358,5903,6154,5892,5664,5654,5556,5713,6450,6564,6961,7091,7564,7252,7520,7232,7576,7273,6814,6853,7211,7227,7571,7797,7803,7914,7860,8466,8284,8337,8420,8466,8367,7792,7825,6948,6817,6709,6595,6166,5814,5858,5588,4527,4480,3955,3031,2428,2897,3092,2941,2915,2917,2756,2597,2169,2008,1713,1495,1240,1053,876,702,552,349,268,177,123,53,117,-
"113年 7月/ 嘉義縣/ 男",248973,1143,1173,1179,1299,1344,1293,1360,1460,1591,1504,1442,1666,1567,1483,1624,1723,1863,2010,2195,2353,2525,2782,2991,3371,3358,3216,3454,3693,3558,3543,3472,3472,3192,3393,3205,3151,3154,3027,3120,3467,3477,3720,3620,3829,3761,3878,3650,3826,3744,3428,3488,3760,3788,3979,4235,4156,4264,4341,4644,4544,4562,4611,4601,4584,4217,4162,3683,3678,3500,3426,3120,2923,2961,2732,2239,2102,1806,1405,1066,1237,1355,1234,1229,1185,1118,1009,907,751,655,542,406,355,302,240,176,108,77,61,39,21,40,-
"113年 7月/ 嘉義縣/ 女",232098,1026,1074,1110,1220,1280,1254,1285,1420,1434,1415,1289,1556,1396,1394,1358,1543,1757,1739,2059,2089,2308,2517,2696,3039,2948,2811,3176,3216,3123,3021,2973,2886,2711,2761,2687,2513,2500,2529,2593,2983,3087,3241,3471,3735,3491,3642,3582,3750,3529,3386,3365,3451,3439,3592,3562,3647,3650,3519,3822,3740,3775,3809,3865,3783,3575,3663,3265,3139,3209,3169,3046,2891,2897,2856,2288,2378,2149,1626,1362,1660,1737,1707,1686,1732,1638,1588,1262,1257,1058,953,834,698,574,462,376,241,191,116,84,32,77,-
"113年 7月/ 屏東縣/ 性別總計",791423,4082,4145,4159,4695,4929,5222,5639,5895,6022,6146,5691,6219,6164,5357,5349,5452,5948,6421,6739,7332,7501,8330,8768,9974,10204,9587,10839,11681,11751,11584,11027,10893,10512,10360,10203,10127,10118,9426,9953,10827,11293,12023,12232,12500,13021,12865,12566,13028,12355,11503,11402,11395,11920,12479,12632,12615,13097,12884,13105,13241,13241,12987,13546,12620,12654,12257,11196,11089,10924,10679,9992,9411,9091,9082,7104,6822,6238,4676,3675,4068,4304,4026,4065,3875,3316,3006,2677,2335,1949,1626,1330,1077,807,683,500,367,229,192,104,70,106,-
"113年 7月/ 屏東縣/ 男",400620,2095,2108,2137,2492,2590,2643,2903,3112,3150,3215,2916,3221,3217,2813,2816,2853,3130,3341,3558,3752,3964,4334,4465,5206,5324,5034,5658,6233,6252,6126,5856,5769,5601,5571,5371,5373,5525,5013,5258,5666,5932,6164,6264,6433,6690,6648,6378,6598,6316,5808,5734,5738,5982,6345,6367,6422,6897,6722,6743,6719,6788,6520,6861,6346,6286,6149,5404,5303,5282,5118,4816,4451,4353,4324,3321,3135,2865,2054,1648,1765,1945,1747,1751,1670,1409,1248,1135,937,764,616,504,399,278,262,182,146,94,76,39,28,40,-
"113年 7月/ 屏東縣/ 女",390803,1987,2037,2022,2203,2339,2579,2736,2783,2872,2931,2775,2998,2947,2544,2533,2599,2818,3080,3181,3580,3537,3996,4303,4768,4880,4553,5181,5448,5499,5458,5171,5124,4911,4789,4832,4754,4593,4413,4695,5161,5361,5859,5968,6067,6331,6217,6188,6430,6039,5695,5668,5657,5938,6134,6265,6193,6200,6162,6362,6522,6453,6467,6685,6274,6368,6108,5792,5786,5642,5561,5176,4960,4738,4758,3783,3687,3373,2622,2027,2303,2359,2279,2314,2205,1907,1758,1542,1398,1185,1010,826,678,529,421,318,221,135,116,65,42,66,-
"113年 7月/ 臺東縣/ 性別總計",210673,1362,1323,1330,1349,1440,1444,1588,1618,1706,1655,1684,1715,1734,1623,1522,1630,1750,1873,1971,1985,2090,2320,2418,2656,2776,2678,2847,3072,2919,2978,2894,2828,2878,2767,2636,2611,2503,2469,2617,2722,2892,3255,3174,3219,3208,3207,3183,3300,3329,3071,3141,3373,3426,3558,3535,3415,3459,3509,3463,3483,3559,3453,3391,3160,3304,3083,2906,2782,2818,2703,2407,2432,2321,2203,1868,1652,1520,1355,948,1075,1115,1068,1025,908,839,764,654,583,537,443,334,256,220,219,161,131,79,70,56,28,62,-
"113年 7月/ 臺東縣/ 男",107364,691,687,703,698,745,778,845,847,877,846,882,924,923,837,745,896,914,976,1048,1051,1110,1207,1239,1388,1457,1338,1478,1608,1457,1596,1565,1477,1537,1511,1418,1393,1354,1311,1378,1455,1504,1711,1660,1674,1649,1660,1653,1697,1681,1598,1660,1752,1745,1844,1920,1851,1803,1860,1854,1836,1835,1775,1769,1647,1636,1510,1479,1431,1351,1281,1134,1152,1036,984,846,729,690,574,386,456,477,438,417,368,343,295,250,222,203,177,125,103,82,85,61,67,38,35,24,15,36,-
"113年 7月/ 臺東縣/ 女",103309,671,636,627,651,695,666,743,771,829,809,802,791,811,786,777,734,836,897,923,934,980,1113,1179,1268,1319,1340,1369,1464,1462,1382,1329,1351,1341,1256,1218,1218,1149,1158,1239,1267,1388,1544,1514,1545,1559,1547,1530,1603,1648,1473,1481,1621,1681,1714,1615,1564,1656,1649,1609,1647,1724,1678,1622,1513,1668,1573,1427,1351,1467,1422,1273,1280,1285,1219,1022,923,830,781,562,619,638,630,608,540,496,469,404,361,334,266,209,153,138,134,100,64,41,35,32,13,26,-
"113年 7月/ 花蓮縣/ 性別總計",315784,1662,1856,2019,2001,2189,2439,2314,2511,2702,2630,2554,2674,2612,2372,2397,2546,2639,2670,2801,2946,3088,3310,3405,3904,3955,3857,4184,4598,4498,4538,4474,4417,4198,4206,4012,3924,3860,3713,3842,4368,4363,4855,4902,5031,4867,4894,4774,5086,4933,4645,4707,4727,4922,5055,5179,5070,4983,4871,4967,5136,4934,5062,5100,4935,4965,4672,4582,4400,4483,4339,3887,3732,3549,3350,2925,2601,2184,1974,1533,1544,1607,1582,1542,1349,1272,1121,988,825,773,640,511,482,319,306,271,154,135,106,87,34,77,-
"113年 7月/ 花蓮縣/ 男",158527,850,960,1035,1059,1151,1295,1206,1284,1394,1380,1340,1372,1392,1271,1288,1318,1394,1405,1455,1521,1616,1760,1756,2034,2024,2067,2222,2399,2355,2361,2315,2331,2209,2234,2117,2046,2013,1980,2018,2245,2221,2526,2487,2574,2493,2468,2443,2540,2452,2291,2325,2333,2443,2488,2655,2571,2590,2543,2569,2588,2488,2566,2484,2421,2476,2197,2252,2110,2228,2086,1912,1758,1660,1530,1327,1136,966,888,677,639,637,674,603,551,512,435,393,309,305,255,157,194,114,128,107,66,60,47,45,15,47,-
"113年 7月/ 花蓮縣/ 女",157257,812,896,984,942,1038,1144,1108,1227,1308,1250,1214,1302,1220,1101,1109,1228,1245,1265,1346,1425,1472,1550,1649,1870,1931,1790,1962,2199,2143,2177,2159,2086,1989,1972,1895,1878,1847,1733,1824,2123,2142,2329,2415,2457,2374,2426,2331,2546,2481,2354,2382,2394,2479,2567,2524,2499,2393,2328,2398,2548,2446,2496,2616,2514,2489,2475,2330,2290,2255,2253,1975,1974,1889,1820,1598,1465,1218,1086,856,905,970,908,939,798,760,686,595,516,468,385,354,288,205,178,164,88,75,59,42,19,30,-
"113年 7月/ 澎湖縣/ 性別總計",107696,671,760,746,793,810,720,581,693,694,684,628,709,663,577,644,638,727,763,872,1294,1365,1454,1325,1643,1568,1487,1624,1695,1659,1578,1636,1647,1602,1504,1511,1524,1556,1446,1404,1568,1608,1654,1648,1682,1689,1707,1525,1738,1617,1618,1535,1569,1577,1608,1624,1679,1644,1678,1672,1700,1696,1699,1735,1726,1659,1576,1542,1395,1408,1292,1222,1199,1170,1072,958,841,633,674,515,522,516,421,437,461,404,411,320,343,311,264,230,187,154,131,107,65,57,40,28,12,28,-
"113年 7月/ 澎湖縣/ 男",55104,343,371,365,427,393,398,311,381,356,363,334,379,356,286,334,325,373,395,479,690,780,805,702,932,855,822,858,913,896,823,858,910,859,800,803,789,810,757,734,810,832,839,808,809,828,838,777,876,749,834,770,817,817,834,845,869,854,883,874,898,899,893,887,884,845,811,799,723,742,647,596,569,550,511,465,396,301,298,242,238,239,182,187,197,158,170,126,145,115,99,84,64,50,50,37,26,21,14,7,5,6,-
"113年 7月/ 澎湖縣/ 女",52592,328,389,381,366,417,322,270,312,338,321,294,330,307,291,310,313,354,368,393,604,585,649,623,711,713,665,766,782,763,755,778,737,743,704,708,735,746,689,670,758,776,815,840,873,861,869,748,862,868,784,765,752,760,774,779,810,790,795,798,802,797,806,848,842,814,765,743,672,666,645,626,630,620,561,493,445,332,376,273,284,277,239,250,264,246,241,194,198,196,165,146,123,104,81,70,39,36,26,21,7,22,-
"113年 7月/ 基隆市/ 性別總計",361491,1297,1496,1798,1908,2152,2301,2462,2570,2842,2757,2496,2893,2802,2352,2449,2655,2737,2915,2843,3068,3072,3455,3675,4341,4646,4344,4672,5109,5295,5034,5176,5043,4914,5090,4779,4760,4670,4250,4396,4793,5007,5400,5719,5750,5779,5711,5704,5926,5644,5537,5425,5476,5758,5815,5995,6098,5970,5940,6108,6266,6211,6277,6214,6198,5927,6186,5634,5408,5438,5263,4770,4728,4617,4078,3525,3136,2643,2129,1242,1568,1802,1633,1553,1604,1462,1229,1007,879,739,601,526,437,366,271,198,177,142,107,73,46,112,-
"113年 7月/ 基隆市/ 男",179470,675,766,983,1001,1099,1223,1270,1297,1452,1421,1285,1516,1403,1226,1262,1373,1434,1546,1435,1611,1677,1819,1911,2277,2423,2253,2407,2714,2767,2614,2677,2662,2685,2725,2563,2520,2473,2228,2270,2477,2598,2707,2868,2941,2884,2782,2767,2965,2762,2745,2673,2694,2895,2884,2907,3028,2969,2931,2988,3061,3074,3149,3004,3068,2830,3021,2679,2549,2571,2498,2213,2160,2121,1845,1631,1375,1272,947,540,638,775,686,652,661,571,422,345,305,231,224,189,145,139,97,76,80,57,42,35,25,59,-
"113年 7月/ 基隆市/ 女",182021,622,730,815,907,1053,1078,1192,1273,1390,1336,1211,1377,1399,1126,1187,1282,1303,1369,1408,1457,1395,1636,1764,2064,2223,2091,2265,2395,2528,2420,2499,2381,2229,2365,2216,2240,2197,2022,2126,2316,2409,2693,2851,2809,2895,2929,2937,2961,2882,2792,2752,2782,2863,2931,3088,3070,3001,3009,3120,3205,3137,3128,3210,3130,3097,3165,2955,2859,2867,2765,2557,2568,2496,2233,1894,1761,1371,1182,702,930,1027,947,901,943,891,807,662,574,508,377,337,292,227,174,122,97,85,65,38,21,53,-
"113年 7月/ 新竹市/ 性別總計",457344,3073,3280,3661,3970,4291,4552,4948,5176,5596,5996,5500,6080,5899,4753,4773,4840,5108,4652,4670,4598,4556,4906,4981,5549,5347,5020,5299,5849,5980,5761,5870,5999,5967,6215,6318,6389,6213,6188,6463,7317,7722,8367,8789,9119,9076,8757,8203,8658,7848,7278,6823,6701,6844,6749,6692,6695,6132,5930,6060,6076,5831,5866,5764,5369,5330,5332,4920,4641,4669,4715,4321,4151,4047,3710,3059,2932,2323,2248,1518,1693,1763,1685,1567,1419,1296,1174,1001,877,705,639,508,452,371,318,255,205,176,115,84,61,112,-
"113年 7月/ 新竹市/ 男",225718,1620,1688,1904,2048,2267,2349,2597,2631,2862,3123,2860,3123,3094,2436,2470,2567,2768,2399,2438,2367,2380,2559,2615,2925,2764,2602,2726,3059,3084,3015,3007,3125,3056,3254,3235,3266,3134,3084,3161,3544,3711,4033,4306,4383,4372,4225,3961,4239,3881,3618,3419,3274,3355,3323,3253,3228,3029,2916,2995,2973,2861,2833,2823,2572,2489,2543,2357,2064,2135,2171,2036,1893,1817,1666,1336,1297,1047,1002,641,679,729,682,621,537,489,434,357,320,260,242,195,172,154,125,86,80,84,62,45,32,50,-
"113年 7月/ 新竹市/ 女",231626,1453,1592,1757,1922,2024,2203,2351,2545,2734,2873,2640,2957,2805,2317,2303,2273,2340,2253,2232,2231,2176,2347,2366,2624,2583,2418,2573,2790,2896,2746,2863,2874,2911,2961,3083,3123,3079,3104,3302,3773,4011,4334,4483,4736,4704,4532,4242,4419,3967,3660,3404,3427,3489,3426,3439,3467,3103,3014,3065,3103,2970,3033,2941,2797,2841,2789,2563,2577,2534,2544,2285,2258,2230,2044,1723,1635,1276,1246,877,1014,1034,1003,946,882,807,740,644,557,445,397,313,280,217,193,169,125,92,53,39,29,62,-
"113年 7月/ 嘉義市/ 性別總計",262852,1235,1352,1558,1694,1856,2139,2382,2265,2646,2616,2425,2794,2838,2395,2332,2421,2582,2508,2539,2612,2782,2857,3041,3597,3644,3352,3519,3861,3722,3679,3543,3472,3417,3278,3318,3322,3179,3201,3331,3706,3792,4040,4253,4246,4311,4323,4173,4431,4074,3909,3757,3684,3925,4004,4163,4008,4032,3925,4169,3929,4021,3928,3939,3833,3620,3568,3356,3295,3368,3175,2961,2847,2895,2655,2142,2119,1882,1510,1138,1240,1365,1174,1203,1099,1023,855,794,704,616,544,432,330,274,210,164,150,87,59,54,23,42,-
"113年 7月/ 嘉義市/ 男",126099,636,689,768,890,945,1116,1245,1167,1310,1339,1254,1471,1480,1259,1218,1279,1383,1276,1253,1388,1455,1465,1606,1863,1927,1738,1814,1917,1862,1903,1810,1766,1773,1648,1712,1636,1544,1586,1545,1777,1830,1918,1983,1950,2051,2068,1918,2017,1856,1749,1726,1682,1786,1806,1943,1866,1853,1849,1998,1850,1958,1827,1845,1792,1695,1687,1570,1527,1568,1512,1316,1330,1305,1152,924,914,831,633,503,484,570,465,473,440,411,328,301,247,220,189,164,115,101,94,58,47,24,24,19,6,18,-
"113年 7月/ 嘉義市/ 女",136753,599,663,790,804,911,1023,1137,1098,1336,1277,1171,1323,1358,1136,1114,1142,1199,1232,1286,1224,1327,1392,1435,1734,1717,1614,1705,1944,1860,1776,1733,1706,1644,1630,1606,1686,1635,1615,1786,1929,1962,2122,2270,2296,2260,2255,2255,2414,2218,2160,2031,2002,2139,2198,2220,2142,2179,2076,2171,2079,2063,2101,2094,2041,1925,1881,1786,1768,1800,1663,1645,1517,1590,1503,1218,1205,1051,877,635,756,795,709,730,659,612,527,493,457,396,355,268,215,173,116,106,103,63,35,35,17,24,-
"113年 7月/ 金門縣/ 性別總計",143645,634,688,701,767,797,787,715,796,816,795,780,804,809,776,789,850,909,986,1026,1679,1666,1892,1789,2197,2066,2001,2168,2415,2554,2460,2455,2380,2143,2182,2172,2145,2082,1896,1958,2077,2071,2057,2046,2024,1925,2081,2030,2092,2023,1998,2068,2211,2247,2475,2523,2543,2534,2778,2685,2849,2872,2716,2593,2418,2653,2140,2466,2155,2014,1782,1696,1489,1315,1180,872,847,727,585,558,558,596,518,505,448,416,379,393,359,276,229,225,184,139,109,92,80,46,39,42,18,54,-
"113年 7月/ 金門縣/ 男",71211,344,363,364,398,412,394,375,406,426,409,407,426,433,409,408,431,473,523,522,842,838,985,908,1141,1010,1026,1092,1210,1288,1231,1234,1225,1079,1087,1124,1069,1074,987,952,1009,1037,1009,1022,980,945,977,895,993,959,931,1019,1101,1120,1234,1296,1252,1206,1305,1324,1402,1371,1317,1321,1244,1347,1105,1240,1077,985,894,850,747,619,573,425,422,354,287,276,272,277,245,235,214,183,164,163,165,96,97,85,68,44,31,22,14,12,8,7,3,11,-
"113年 7月/ 金門縣/ 女",72434,290,325,337,369,385,393,340,390,390,386,373,378,376,367,381,419,436,463,504,837,828,907,881,1056,1056,975,1076,1205,1266,1229,1221,1155,1064,1095,1048,1076,1008,909,1006,1068,1034,1048,1024,1044,980,1104,1135,1099,1064,1067,1049,1110,1127,1241,1227,1291,1328,1473,1361,1447,1501,1399,1272,1174,1306,1035,1226,1078,1029,888,846,742,696,607,447,425,373,298,282,286,319,273,270,234,233,215,230,194,180,132,140,116,95,78,70,66,34,31,35,15,43,-
"113年 7月/ 連江縣/ 性別總計",13943,94,102,83,102,99,116,77,94,93,95,87,81,103,89,90,103,104,100,116,90,116,203,170,180,236,228,208,267,269,217,253,304,250,281,207,247,191,174,187,218,191,206,216,204,225,234,179,206,207,218,212,210,234,227,227,197,216,234,251,241,219,252,218,199,240,194,190,182,175,159,145,137,102,85,93,81,84,74,44,40,35,35,36,23,29,30,27,24,21,17,18,13,13,8,6,12,3,5,2,3,11,-
"113年 7月/ 連江縣/ 男",8039,56,60,42,64,45,65,46,49,55,43,44,39,56,49,49,60,61,51,66,47,69,109,103,105,153,145,119,167,163,124,131,187,160,171,113,140,117,97,109,126,120,114,129,108,133,128,101,106,115,123,122,122,136,137,136,125,125,148,147,146,133,150,128,114,151,122,109,105,89,98,86,80,58,48,54,36,35,47,19,27,26,13,17,13,19,13,11,12,11,7,5,4,5,2,2,4,2,2,1,2,3,-
"113年 7月/ 連江縣/ 女",5904,38,42,41,38,54,51,31,45,38,52,43,42,47,40,41,43,43,49,50,43,47,94,67,75,83,83,89,100,106,93,122,117,90,110,94,107,74,77,78,92,71,92,87,96,92,106,78,100,92,95,90,88,98,90,91,72,91,86,104,95,86,102,90,85,89,72,81,77,86,61,59,57,44,37,39,45,49,27,25,13,9,22,19,10,10,17,16,12,10,10,13,9,8,6,4,8,1,3,1,1,8,-
"113年 8月/ 區域別總計/ 性別總計",23406608,128468,140074,148091,161250,170100,180723,188829,202843,213463,216899,204570,218045,220645,187644,179604,196798,203406,203688,206406,213230,218899,233624,246221,279799,289442,274745,291969,320047,321314,320119,320406,321759,316095,319631,326052,319800,318760,306919,316187,352838,365248,388148,403418,409292,408268,407089,390127,399821,382961,350768,346092,343790,346275,355361,360512,357218,352872,348801,355631,358328,358811,361166,355245,345815,339438,335306,318475,300083,315719,301020,275720,265403,259728,246379,200793,189011,157318,133160,97191,104098,109397,101838,97587,91120,83365,72974,62335,55664,46441,40781,33112,27559,23535,19112,15002,11276,8328,5987,4210,2660,5024,-
"113年 8月/ 區域別總計/ 男",11534269,66360,72357,76714,83279,88251,93436,97679,104846,110793,112400,105737,112873,114131,97324,93594,102451,106281,106094,108016,110754,114924,121884,128205,145296,150980,142638,151323,165752,166007,165099,165611,165951,163876,165860,168180,164250,162746,155442,158687,175736,181650,191797,198368,201265,200285,199923,191102,195616,187081,170119,168473,167081,167759,173068,175670,174094,172139,170039,172631,173743,173756,173851,170955,166545,162110,159755,151260,141811,148717,141347,128720,123363,120163,113159,91848,85466,71341,59431,42994,45031,47156,43293,40819,37837,33189,28703,23868,21060,17170,14914,12020,10396,9124,7634,6149,4612,3433,2498,1752,1158,2141,-
"113年 8月/ 區域別總計/ 女",11872339,62108,67717,71377,77971,81849,87287,91150,97997,102670,104499,98833,105172,106514,90320,86010,94347,97125,97594,98390,102476,103975,111740,118016,134503,138462,132107,140646,154295,155307,155020,154795,155808,152219,153771,157872,155550,156014,151477,157500,177102,183598,196351,205050,208027,207983,207166,199025,204205,195880,180649,177619,176709,178516,182293,184842,183124,180733,178762,183000,184585,185055,187315,184290,179270,177328,175551,167215,158272,167002,159673,147000,142040,139565,133220,108945,103545,85977,73729,54197,59067,62241,58545,56768,53283,50176,44271,38467,34604,29271,25867,21092,17163,14411,11478,8853,6664,4895,3489,2458,1502,2883,-
"113年 8月/ 新北市/ 性別總計",4044518,17811,22183,23963,25996,27643,29196,31034,33666,35404,36053,33746,35818,35855,31156,29766,32909,34218,34052,34383,35229,36423,38520,40804,46711,48466,45903,48630,53456,54064,54065,54956,55550,55038,56062,57430,56209,55736,53429,55725,62120,64415,68653,72025,73335,73638,73675,71056,72500,69021,63574,62739,61895,61768,62834,63990,62900,61720,61307,62492,63672,63935,64923,62858,61834,60577,60751,57455,54355,57525,55164,49898,48393,47003,43660,35194,33054,26414,22678,15837,16783,17181,15412,14531,13244,11880,9769,8317,7156,6026,5188,4181,3424,3018,2523,2075,1560,1248,845,652,449,961,-
"113年 8月/ 新北市/ 男",1965269,9165,11418,12341,13371,14325,14941,15972,17292,18318,18700,17324,18632,18453,16068,15589,17073,17875,17739,18049,18277,19320,20103,21374,24219,25376,23703,25163,27628,27951,27875,28397,28871,28482,29280,29564,28749,28372,26821,27852,30908,32096,33736,35227,35921,35981,35935,34498,35134,33496,30322,30196,29763,29431,30156,30279,29591,28901,28538,28741,29268,29489,29663,28878,28334,27627,27508,26005,24575,26105,24946,22466,21772,21121,19789,15757,14700,11857,10103,6986,7308,7456,6559,6024,5445,4631,3665,3048,2613,2198,1800,1534,1303,1280,1058,943,691,559,355,290,215,473,-
"113年 8月/ 新北市/ 女",2079249,8646,10765,11622,12625,13318,14255,15062,16374,17086,17353,16422,17186,17402,15088,14177,15836,16343,16313,16334,16952,17103,18417,19430,22492,23090,22200,23467,25828,26113,26190,26559,26679,26556,26782,27866,27460,27364,26608,27873,31212,32319,34917,36798,37414,37657,37740,36558,37366,35525,33252,32543,32132,32337,32678,33711,33309,32819,32769,33751,34404,34446,35260,33980,33500,32950,33243,31450,29780,31420,30218,27432,26621,25882,23871,19437,18354,14557,12575,8851,9475,9725,8853,8507,7799,7249,6104,5269,4543,3828,3388,2647,2121,1738,1465,1132,869,689,490,362,234,488,-
"113年 8月/ 臺北市/ 性別總計",2502093,14746,14484,15439,16776,18401,19472,19979,22111,23790,24781,23723,25462,25299,21303,20098,20500,20910,19981,18899,19109,19101,20449,20973,24244,25284,24220,26104,27939,28834,29209,29292,29683,29565,30598,32111,32171,32150,31729,32971,37096,38233,40882,42814,43279,42680,43058,39934,41956,40018,36637,36420,35614,36200,37423,37637,37750,36706,36122,36993,37798,37789,38165,37432,36910,37546,38080,37277,35794,37924,36793,34355,34170,33333,32369,27752,26043,21812,19359,13480,13976,14630,13521,12763,11828,10767,9584,8268,7197,6226,5450,4659,4062,3585,2933,2395,1842,1471,1070,747,496,1100,-
"113年 8月/ 臺北市/ 男",1180471,7551,7479,7914,8582,9596,9913,10373,11358,12367,12716,12269,13098,13056,11026,10302,10784,10800,10328,9879,9988,9888,10594,10806,12400,13118,12478,13346,14016,14410,14522,14652,14499,14390,14978,15530,15310,15000,14919,15241,17246,17849,19226,20006,20145,19782,19975,18720,19569,18379,16771,17052,16588,16639,17191,17291,17274,16817,16574,16865,17460,17360,17425,16898,16944,17015,17135,16909,15974,17195,16804,15720,15463,14903,14455,12143,11631,9655,8558,6006,5927,6197,5652,5283,4787,4073,3698,3033,2640,2227,1925,1726,1587,1403,1229,1060,788,619,477,330,223,499,-
"113年 8月/ 臺北市/ 女",1321622,7195,7005,7525,8194,8805,9559,9606,10753,11423,12065,11454,12364,12243,10277,9796,9716,10110,9653,9020,9121,9213,9855,10167,11844,12166,11742,12758,13923,14424,14687,14640,15184,15175,15620,16581,16861,17150,16810,17730,19850,20384,21656,22808,23134,22898,23083,21214,22387,21639,19866,19368,19026,19561,20232,20346,20476,19889,19548,20128,20338,20429,20740,20534,19966,20531,20945,20368,19820,20729,19989,18635,18707,18430,17914,15609,14412,12157,10801,7474,8049,8433,7869,7480,7041,6694,5886,5235,4557,3999,3525,2933,2475,2182,1704,1335,1054,852,593,417,273,601,-
"113年 8月/ 桃園市/ 性別總計",2330440,15991,17468,17766,19135,20002,21219,21591,23110,23899,24211,22884,24003,24361,20855,19350,21507,22380,22083,22287,23018,23321,24797,26487,29659,30391,29118,30516,33641,33886,33923,34393,34507,34146,34615,35428,34946,34252,32497,33357,37179,38734,41219,42956,43156,42333,41597,39755,40363,38401,34870,34277,33912,34008,34783,34784,34170,33139,32639,32899,33557,32935,32929,31469,30234,30031,29866,28230,26549,27653,26232,23890,22755,22436,20083,16263,15310,12078,10416,7801,7982,8212,7575,7045,6384,5846,4946,4234,3699,3102,2711,2166,1937,1739,1522,1229,996,708,517,341,275,383,-
"113年 8月/ 桃園市/ 男",1148123,8291,8904,9136,10001,10304,11072,11194,11898,12437,12558,11938,12500,12586,10756,10169,11130,11775,11544,11760,12019,12358,12829,13815,15394,15748,15166,15726,17230,17320,17397,17603,17473,17478,17689,17961,17774,17326,16312,16592,18306,18975,20278,20936,21051,20569,20442,19460,19821,18907,16859,16560,16432,16441,16780,16890,16565,15898,15614,15792,16019,15711,15683,14908,14346,14235,14059,13342,12336,12814,12222,10882,10469,10339,9064,7381,6888,5326,4626,3406,3388,3487,3107,2906,2600,2274,1896,1591,1332,1135,976,852,851,838,771,650,525,383,267,173,132,194,-
"113年 8月/ 桃園市/ 女",1182317,7700,8564,8630,9134,9698,10147,10397,11212,11462,11653,10946,11503,11775,10099,9181,10377,10605,10539,10527,10999,10963,11968,12672,14265,14643,13952,14790,16411,16566,16526,16790,17034,16668,16926,17467,17172,16926,16185,16765,18873,19759,20941,22020,22105,21764,21155,20295,20542,19494,18011,17717,17480,17567,18003,17894,17605,17241,17025,17107,17538,17224,17246,16561,15888,15796,15807,14888,14213,14839,14010,13008,12286,12097,11019,8882,8422,6752,5790,4395,4594,4725,4468,4139,3784,3572,3050,2643,2367,1967,1735,1314,1086,901,751,579,471,325,250,168,143,189,-
"113年 8月/ 臺中市/ 性別總計",2854190,16554,18994,20133,21982,22982,25089,26283,28129,29501,29528,27625,29364,29852,25016,23863,25824,26918,26978,26726,27359,27901,29838,31715,36070,37056,35862,37858,42030,42025,41409,41418,41797,41202,41601,42597,41477,41311,40050,40808,45949,46228,49214,50493,51251,50982,50150,48111,48403,46105,41466,40952,41076,41195,42181,42682,42214,42281,41092,41708,41906,41850,41251,40386,39257,38428,37811,35383,33129,34631,33240,30737,28450,27789,26061,21369,19297,15835,13475,10065,10448,10619,9961,9639,8686,8050,7075,5791,5383,4240,3679,2890,2572,2109,1649,1294,1003,730,569,362,229,404,-
"113年 8月/ 臺中市/ 男",1394359,8580,9872,10533,11310,11967,12974,13496,14674,15309,15355,14294,15181,15400,12977,12481,13516,13836,13875,13996,14154,14406,15507,16353,18530,19147,18537,19490,21703,21494,21021,21272,21137,21074,21278,21574,21076,20908,19941,20152,22660,22716,23970,24539,25169,24714,24476,23163,23260,22006,19693,19404,19296,19246,19743,20002,19989,19873,19270,19714,19577,19632,19182,19025,18625,17998,17596,16603,15516,16161,15429,14175,13195,12779,11968,9871,8744,7241,5948,4361,4474,4492,4210,3999,3538,3245,2810,2174,2041,1567,1360,1040,965,787,708,551,430,320,254,179,117,189,-
"113年 8月/ 臺中市/ 女",1459831,7974,9122,9600,10672,11015,12115,12787,13455,14192,14173,13331,14183,14452,12039,11382,12308,13082,13103,12730,13205,13495,14331,15362,17540,17909,17325,18368,20327,20531,20388,20146,20660,20128,20323,21023,20401,20403,20109,20656,23289,23512,25244,25954,26082,26268,25674,24948,25143,24099,21773,21548,21780,21949,22438,22680,22225,22408,21822,21994,22329,22218,22069,21361,20632,20430,20215,18780,17613,18470,17811,16562,15255,15010,14093,11498,10553,8594,7527,5704,5974,6127,5751,5640,5148,4805,4265,3617,3342,2673,2319,1850,1607,1322,941,743,573,410,315,183,112,215,-
"113年 8月/ 臺南市/ 性別總計",1859253,8925,9897,10860,11979,12848,13821,14794,15521,16574,16817,15791,17117,17324,14113,13487,15449,15568,15542,15605,16074,16320,17323,18286,21303,22055,20798,22445,24565,24643,24942,25117,25330,24576,25288,25536,25937,25853,25002,25632,28998,29796,31820,32934,33217,32996,32945,31468,32001,30625,27735,26728,26754,26718,27746,28484,28359,28485,28191,29272,29118,29392,29998,30230,29143,28386,27920,26237,24997,25682,24226,21690,21106,20333,19996,15653,14987,13197,9863,7393,8072,9040,8243,7755,7730,6817,6111,5370,4909,4163,3898,3055,2323,2108,1720,1279,941,650,419,301,184,289,-
"113年 8月/ 臺南市/ 男",922180,4624,5116,5709,6240,6682,7186,7579,8068,8660,8708,8083,8759,8974,7417,7013,7930,8166,8059,8150,8404,8423,9022,9558,11076,11499,10814,11822,12842,12796,13007,12990,13142,12811,13108,13301,13577,13333,12748,13009,14495,14891,15781,16081,16555,16372,16535,15839,15850,15096,13463,13238,12782,12965,13582,13829,13829,13920,13709,14365,14241,14383,14646,14790,14164,13789,13608,12863,12313,12447,11651,10370,10126,9635,9462,7320,6931,6079,4372,3318,3534,3820,3554,3203,3172,2761,2368,2066,1887,1566,1438,1082,844,735,631,478,333,227,147,109,62,73,-
"113年 8月/ 臺南市/ 女",937073,4301,4781,5151,5739,6166,6635,7215,7453,7914,8109,7708,8358,8350,6696,6474,7519,7402,7483,7455,7670,7897,8301,8728,10227,10556,9984,10623,11723,11847,11935,12127,12188,11765,12180,12235,12360,12520,12254,12623,14503,14905,16039,16853,16662,16624,16410,15629,16151,15529,14272,13490,13972,13753,14164,14655,14530,14565,14482,14907,14877,15009,15352,15440,14979,14597,14312,13374,12684,13235,12575,11320,10980,10698,10534,8333,8056,7118,5491,4075,4538,5220,4689,4552,4558,4056,3743,3304,3022,2597,2460,1973,1479,1373,1089,801,608,423,272,192,122,216,-
"113年 8月/ 高雄市/ 性別總計",2733521,14899,15884,16762,18021,18487,19822,20541,22133,23065,23584,22159,23620,23987,20062,19234,22021,22670,22751,23369,23927,24353,26104,27569,31717,33517,31262,33360,36944,36886,37032,37211,36868,36448,36886,37694,36375,36790,34747,35728,40335,41902,44282,46400,47276,48225,48347,46267,48635,46666,42960,42470,42062,42274,42915,43681,42887,42440,41532,42238,41916,41881,42074,42162,40889,40038,39547,38761,36651,39158,37341,34413,33326,32782,31981,25579,23763,20364,16156,11921,12729,13402,12143,11352,10577,9405,8237,6772,5896,4759,4220,3356,2692,2255,1923,1463,1048,765,522,389,223,407,-
"113年 8月/ 高雄市/ 男",1339132,7677,8306,8688,9214,9529,10221,10628,11488,11969,12312,11480,12082,12465,10426,9912,11304,11862,11864,12161,12429,12693,13492,14342,16431,17454,16056,17166,18995,19027,19019,19294,18984,18897,19114,19321,18655,18709,17601,18028,20206,20779,21871,22986,23122,23704,23547,22642,23669,22763,20848,20477,20365,20475,20813,21294,20813,20847,20313,20325,20346,20204,20052,20028,19263,18729,18614,17970,16993,18020,17052,15747,15084,15001,14339,11487,10562,9179,7157,5204,5504,5790,5131,4794,4388,3664,3247,2532,2232,1741,1586,1277,1064,938,816,660,491,363,261,171,116,181,-
"113年 8月/ 高雄市/ 女",1394389,7222,7578,8074,8807,8958,9601,9913,10645,11096,11272,10679,11538,11522,9636,9322,10717,10808,10887,11208,11498,11660,12612,13227,15286,16063,15206,16194,17949,17859,18013,17917,17884,17551,17772,18373,17720,18081,17146,17700,20129,21123,22411,23414,24154,24521,24800,23625,24966,23903,22112,21993,21697,21799,22102,22387,22074,21593,21219,21913,21570,21677,22022,22134,21626,21309,20933,20791,19658,21138,20289,18666,18242,17781,17642,14092,13201,11185,8999,6717,7225,7612,7012,6558,6189,5741,4990,4240,3664,3018,2634,2079,1628,1317,1107,803,557,402,261,218,107,226,-
"113年 8月/ 宜蘭縣/ 性別總計",449267,2312,2486,2676,3110,3151,3286,3487,3721,3934,3723,3681,3942,3986,3489,3384,3774,3676,3732,4031,4200,4366,4617,4815,5528,5680,5536,6066,6610,6651,6485,6533,6436,6313,6132,6133,6017,5831,5461,5677,6116,6506,6713,6986,7128,7021,7021,6773,7117,6844,6517,6550,6560,6659,6968,7316,7204,7178,7012,7040,7218,7392,7320,7222,6982,6910,6428,6099,5735,6062,5633,5188,4883,4786,4526,3533,3448,2773,2489,1889,2326,2376,2423,2328,2263,2145,1839,1686,1476,1211,1036,873,672,575,454,358,254,184,139,92,53,91,-
"113年 8月/ 宜蘭縣/ 男",225255,1181,1286,1367,1642,1600,1668,1792,1926,2034,1930,1918,2074,2108,1808,1714,1982,1880,1917,2083,2163,2322,2411,2449,2890,2990,2899,3180,3435,3548,3384,3399,3362,3374,3232,3307,3166,3107,2821,2941,3133,3253,3409,3483,3581,3505,3465,3408,3564,3389,3177,3194,3265,3367,3509,3671,3721,3593,3600,3506,3674,3661,3715,3565,3489,3380,3160,2974,2851,2988,2782,2436,2352,2241,2157,1640,1604,1275,1160,899,990,1104,1061,964,974,904,757,684,543,478,392,327,232,207,154,123,80,70,53,27,19,26,-
"113年 8月/ 宜蘭縣/ 女",224012,1131,1200,1309,1468,1551,1618,1695,1795,1900,1793,1763,1868,1878,1681,1670,1792,1796,1815,1948,2037,2044,2206,2366,2638,2690,2637,2886,3175,3103,3101,3134,3074,2939,2900,2826,2851,2724,2640,2736,2983,3253,3304,3503,3547,3516,3556,3365,3553,3455,3340,3356,3295,3292,3459,3645,3483,3585,3412,3534,3544,3731,3605,3657,3493,3530,3268,3125,2884,3074,2851,2752,2531,2545,2369,1893,1844,1498,1329,990,1336,1272,1362,1364,1289,1241,1082,1002,933,733,644,546,440,368,300,235,174,114,86,65,34,65,-
"113年 8月/ 新竹縣/ 性別總計",592578,3918,4732,5127,5574,5736,5976,6308,6764,6935,7046,6730,6839,7189,5919,5718,6110,6224,6186,6149,6110,6256,6433,6713,7417,7361,7047,7347,8138,8070,8276,8364,8335,8360,8613,8789,8631,8431,8197,8588,9466,10011,10566,11223,11187,11102,11059,10498,10767,10166,9105,9231,9070,8762,8816,8813,8449,8024,7793,8103,7818,7776,7746,7555,7276,6811,6492,6105,5596,5829,5341,4978,4557,4641,4249,3563,3366,2701,2427,1857,2176,2223,2161,2199,2137,1926,1739,1478,1341,1100,1000,752,663,530,424,318,262,204,148,90,61,95,-
"113年 8月/ 新竹縣/ 男",301524,2001,2453,2636,2837,3001,3103,3354,3458,3681,3630,3430,3490,3654,3145,2980,3176,3287,3211,3212,3252,3267,3365,3633,3859,3860,3740,3871,4296,4293,4276,4441,4488,4510,4608,4754,4529,4412,4268,4370,4754,5049,5282,5589,5548,5406,5440,5062,5300,5070,4589,4617,4552,4448,4460,4508,4296,4123,3964,4225,4003,3982,3950,3848,3762,3538,3363,3128,2829,2942,2620,2456,2242,2190,2028,1722,1585,1288,1117,847,1012,1000,960,953,979,837,769,619,577,433,398,288,263,240,177,129,110,73,56,38,25,35,-
"113年 8月/ 新竹縣/ 女",291054,1917,2279,2491,2737,2735,2873,2954,3306,3254,3416,3300,3349,3535,2774,2738,2934,2937,2975,2937,2858,2989,3068,3080,3558,3501,3307,3476,3842,3777,4000,3923,3847,3850,4005,4035,4102,4019,3929,4218,4712,4962,5284,5634,5639,5696,5619,5436,5467,5096,4516,4614,4518,4314,4356,4305,4153,3901,3829,3878,3815,3794,3796,3707,3514,3273,3129,2977,2767,2887,2721,2522,2315,2451,2221,1841,1781,1413,1310,1010,1164,1223,1201,1246,1158,1089,970,859,764,667,602,464,400,290,247,189,152,131,92,52,36,60,-
"113年 8月/ 苗栗縣/ 性別總計",533353,2270,2549,2717,3182,3553,3892,4406,4605,4941,5232,4696,5068,5160,4390,4082,4618,4751,4986,4975,5294,5378,5828,6158,6694,6831,6408,6671,7514,7500,7432,7395,7393,7307,7131,7328,7127,7229,6940,7199,7866,8341,9061,9243,9050,9113,8940,8452,8431,8121,7564,7521,7590,7681,7985,8042,8111,7876,7674,7966,8060,8275,8527,8262,8222,7867,7742,6928,6706,6612,6532,5869,5589,5607,5112,4302,4102,3374,3133,2357,2703,2766,2643,2757,2492,2444,2077,1855,1736,1345,1293,1011,800,762,564,417,340,241,189,122,57,103,-
"113年 8月/ 苗栗縣/ 男",274085,1157,1334,1394,1644,1855,2018,2271,2410,2574,2660,2432,2565,2690,2244,2155,2416,2496,2653,2573,2759,2912,3193,3291,3496,3611,3379,3622,3931,4005,4026,4068,4051,4002,3931,4028,3861,3895,3700,3821,4115,4317,4664,4727,4665,4572,4528,4263,4326,4077,3897,3944,3951,3885,4171,4200,4252,4133,4037,4122,4213,4238,4397,4224,4284,4017,3986,3507,3479,3351,3311,2957,2704,2710,2393,2040,1956,1560,1451,1088,1252,1249,1145,1214,1136,1060,886,783,714,566,516,395,305,285,232,164,116,83,53,53,14,29,-
"113年 8月/ 苗栗縣/ 女",259268,1113,1215,1323,1538,1698,1874,2135,2195,2367,2572,2264,2503,2470,2146,1927,2202,2255,2333,2402,2535,2466,2635,2867,3198,3220,3029,3049,3583,3495,3406,3327,3342,3305,3200,3300,3266,3334,3240,3378,3751,4024,4397,4516,4385,4541,4412,4189,4105,4044,3667,3577,3639,3796,3814,3842,3859,3743,3637,3844,3847,4037,4130,4038,3938,3850,3756,3421,3227,3261,3221,2912,2885,2897,2719,2262,2146,1814,1682,1269,1451,1517,1498,1543,1356,1384,1191,1072,1022,779,777,616,495,477,332,253,224,158,136,69,43,74,-
"113年 8月/ 彰化縣/ 性別總計",1229835,7898,8304,8317,8902,9156,9237,9343,10271,10696,10802,10286,10926,11093,9596,9481,10580,10778,11099,11750,12240,13015,13682,14503,16054,16470,15757,16560,17811,17395,17195,17022,17489,16888,16794,17148,16740,16815,16524,16846,18588,19274,20122,20756,20810,20734,20715,20017,19966,19023,17700,17051,16798,16765,17271,17422,17244,17425,17718,17806,18309,18290,18713,18236,18453,17333,17094,16474,14720,16143,15098,13692,13332,13047,12566,10297,9774,8248,7238,4967,5692,6273,6031,5914,5469,5362,4768,4015,3797,3259,2709,2346,1894,1570,1178,899,625,434,318,225,129,236,-
"113年 8月/ 彰化縣/ 男",623424,4120,4293,4312,4577,4798,4850,4883,5369,5539,5620,5321,5786,5740,5047,4943,5572,5642,5940,6234,6293,6892,7197,7550,8437,8654,8187,8556,9334,9085,8947,8727,9080,8900,8799,9078,8845,8901,8637,8728,9642,9826,10226,10554,10584,10616,10484,10268,10249,9790,9102,8662,8599,8526,8918,8948,8956,8931,9086,9150,9476,9226,9554,9366,9352,8647,8613,8323,7301,8020,7407,6681,6426,6337,6006,4939,4509,3836,3325,2232,2530,2805,2632,2560,2371,2176,1925,1579,1472,1177,956,761,677,499,362,285,176,135,88,58,36,58,-
"113年 8月/ 彰化縣/ 女",606411,3778,4011,4005,4325,4358,4387,4460,4902,5157,5182,4965,5140,5353,4549,4538,5008,5136,5159,5516,5947,6123,6485,6953,7617,7816,7570,8004,8477,8310,8248,8295,8409,7988,7995,8070,7895,7914,7887,8118,8946,9448,9896,10202,10226,10118,10231,9749,9717,9233,8598,8389,8199,8239,8353,8474,8288,8494,8632,8656,8833,9064,9159,8870,9101,8686,8481,8151,7419,8123,7691,7011,6906,6710,6560,5358,5265,4412,3913,2735,3162,3468,3399,3354,3098,3186,2843,2436,2325,2082,1753,1585,1217,1071,816,614,449,299,230,167,93,178,-
"113年 8月/ 南投縣/ 性別總計",473826,2219,2410,2519,2807,2969,3049,3334,3547,3687,3783,3405,3816,3852,3474,3380,3582,3817,3972,4241,4450,4654,5024,5381,5944,6081,5872,6257,6698,6727,6623,6669,6590,6268,6197,6244,5960,5963,5742,5839,6394,6684,7002,7116,7459,7366,7324,6882,7136,7110,6374,6384,6513,6832,7113,7337,7648,7449,7637,7765,7826,7983,8322,8058,7926,7654,7558,6867,6490,6720,6505,6013,5639,5597,5247,4505,4148,3516,2894,2367,2520,2515,2550,2643,2493,2363,2063,1772,1604,1365,1200,964,837,694,517,436,268,189,154,100,66,107,-
"113年 8月/ 南投縣/ 男",241068,1155,1217,1343,1491,1542,1607,1711,1841,1928,1948,1778,2010,1988,1786,1771,1843,1985,2048,2205,2279,2412,2627,2833,3100,3236,3053,3303,3500,3515,3479,3517,3564,3469,3352,3374,3320,3239,3107,3138,3333,3558,3659,3691,3823,3768,3771,3535,3573,3651,3226,3133,3267,3454,3648,3710,3901,3884,3908,4009,3976,4108,4191,4058,4014,3944,3824,3414,3272,3334,3258,3038,2771,2758,2463,2200,1948,1629,1335,1046,1111,1149,1103,1161,1033,987,853,755,622,525,455,361,298,287,196,148,99,66,62,36,22,42,-
"113年 8月/ 南投縣/ 女",232758,1064,1193,1176,1316,1427,1442,1623,1706,1759,1835,1627,1806,1864,1688,1609,1739,1832,1924,2036,2171,2242,2397,2548,2844,2845,2819,2954,3198,3212,3144,3152,3026,2799,2845,2870,2640,2724,2635,2701,3061,3126,3343,3425,3636,3598,3553,3347,3563,3459,3148,3251,3246,3378,3465,3627,3747,3565,3729,3756,3850,3875,4131,4000,3912,3710,3734,3453,3218,3386,3247,2975,2868,2839,2784,2305,2200,1887,1559,1321,1409,1366,1447,1482,1460,1376,1210,1017,982,840,745,603,539,407,321,288,169,123,92,64,44,65,-
"113年 8月/ 雲林縣/ 性別總計",659221,4647,3426,3634,3955,4202,4395,4516,4855,4996,5101,4987,5366,5654,4902,4822,5303,5587,5850,6100,6416,6819,7312,7678,8695,8956,8404,8744,9412,9234,9073,8517,8275,8113,7976,8094,7968,8066,8047,8340,9204,9498,10243,10566,10751,10859,11101,10847,11050,10817,9815,9588,9552,9576,9858,10126,10085,10067,10319,10332,10362,10276,10482,10306,9835,9439,9414,8564,7948,8766,8121,7482,7225,7279,7224,5622,5806,4956,4443,3429,3774,3986,4114,3753,3807,3488,3211,2785,2444,2041,1868,1484,1212,1028,762,555,406,302,196,135,76,124,-
"113年 8月/ 雲林縣/ 男",339109,2438,1801,1916,2001,2156,2322,2331,2485,2574,2616,2559,2832,2867,2467,2522,2834,2930,3101,3215,3309,3631,3866,3962,4586,4728,4392,4546,5014,4816,4825,4425,4349,4288,4260,4465,4208,4281,4303,4375,4732,4949,5234,5418,5413,5553,5688,5482,5668,5633,5082,4966,5026,4945,5336,5520,5594,5554,5807,5699,5652,5800,5707,5592,5287,5075,5012,4495,4134,4500,4099,3704,3657,3596,3510,2757,2691,2319,1965,1517,1653,1664,1742,1565,1600,1406,1272,1056,926,711,642,474,395,336,212,165,115,82,54,28,20,27,-
"113年 8月/ 雲林縣/ 女",320112,2209,1625,1718,1954,2046,2073,2185,2370,2422,2485,2428,2534,2787,2435,2300,2469,2657,2749,2885,3107,3188,3446,3716,4109,4228,4012,4198,4398,4418,4248,4092,3926,3825,3716,3629,3760,3785,3744,3965,4472,4549,5009,5148,5338,5306,5413,5365,5382,5184,4733,4622,4526,4631,4522,4606,4491,4513,4512,4633,4710,4476,4775,4714,4548,4364,4402,4069,3814,4266,4022,3778,3568,3683,3714,2865,3115,2637,2478,1912,2121,2322,2372,2188,2207,2082,1939,1729,1518,1330,1226,1010,817,692,550,390,291,220,142,107,56,97,-
"113年 8月/ 嘉義縣/ 性別總計",480631,2155,2246,2235,2526,2614,2539,2605,2894,2985,2950,2769,3165,3003,2888,2943,3297,3554,3749,4234,4413,4801,5275,5660,6316,6396,6027,6606,6836,6699,6535,6484,6392,5898,6075,5968,5625,5638,5581,5642,6350,6584,6920,7068,7518,7297,7406,7352,7500,7326,6824,6883,7199,7141,7550,7822,7739,7969,7843,8509,8206,8401,8336,8513,8310,7900,7705,7140,6606,6937,6597,6067,5914,5827,5673,4544,4535,3940,3101,2402,2881,3054,2937,2905,2913,2752,2594,2182,2008,1701,1513,1266,1027,881,699,553,357,266,177,121,55,117,-
"113年 8月/ 嘉義縣/ 男",248710,1130,1172,1157,1299,1342,1287,1333,1471,1558,1536,1452,1651,1567,1495,1591,1746,1854,2004,2180,2314,2523,2766,2974,3312,3415,3195,3461,3640,3580,3518,3483,3492,3175,3370,3244,3123,3140,3040,3095,3420,3493,3680,3641,3820,3752,3818,3713,3812,3753,3434,3514,3726,3770,3941,4261,4116,4293,4336,4625,4499,4605,4561,4638,4544,4295,4116,3777,3554,3608,3427,3072,2991,2942,2777,2264,2113,1795,1450,1063,1236,1318,1243,1221,1199,1081,1033,896,766,642,568,400,348,301,236,175,118,75,62,38,22,38,-
"113年 8月/ 嘉義縣/ 女",231921,1025,1074,1078,1227,1272,1252,1272,1423,1427,1414,1317,1514,1436,1393,1352,1551,1700,1745,2054,2099,2278,2509,2686,3004,2981,2832,3145,3196,3119,3017,3001,2900,2723,2705,2724,2502,2498,2541,2547,2930,3091,3240,3427,3698,3545,3588,3639,3688,3573,3390,3369,3473,3371,3609,3561,3623,3676,3507,3884,3707,3796,3775,3875,3766,3605,3589,3363,3052,3329,3170,2995,2923,2885,2896,2280,2422,2145,1651,1339,1645,1736,1694,1684,1714,1671,1561,1286,1242,1059,945,866,679,580,463,378,239,191,115,83,33,79,-
"113年 8月/ 屏東縣/ 性別總計",790780,4059,4175,4127,4703,4875,5247,5570,5896,6001,6131,5745,6109,6318,5358,5264,5501,5902,6355,6773,7273,7533,8227,8730,9836,10333,9555,10594,11694,11754,11540,11042,10943,10489,10288,10274,10043,10183,9484,9833,10698,11308,11898,12206,12529,12942,12887,12608,12891,12610,11438,11457,11375,11833,12413,12623,12667,13068,12860,13139,13103,13282,13012,13528,12646,12763,12217,11244,10933,11136,10705,9974,9434,9075,9168,7153,6911,6186,4749,3776,3936,4317,4011,4053,3895,3331,2997,2653,2337,1957,1623,1330,1076,817,675,505,374,220,189,101,72,109,-
"113年 8月/ 屏東縣/ 男",400245,2086,2123,2118,2487,2567,2659,2860,3108,3133,3230,2954,3142,3313,2801,2782,2881,3113,3292,3586,3696,4018,4279,4454,5106,5416,5013,5511,6214,6291,6087,5855,5795,5577,5512,5446,5334,5505,5090,5213,5559,5953,6080,6285,6426,6680,6659,6382,6568,6428,5790,5718,5765,5918,6289,6378,6418,6913,6686,6785,6677,6764,6585,6784,6350,6374,6135,5442,5243,5366,5117,4810,4472,4326,4373,3332,3185,2835,2114,1677,1721,1912,1760,1746,1680,1411,1247,1117,951,762,607,508,401,288,248,182,144,90,74,37,29,42,-
"113年 8月/ 屏東縣/ 女",390535,1973,2052,2009,2216,2308,2588,2710,2788,2868,2901,2791,2967,3005,2557,2482,2620,2789,3063,3187,3577,3515,3948,4276,4730,4917,4542,5083,5480,5463,5453,5187,5148,4912,4776,4828,4709,4678,4394,4620,5139,5355,5818,5921,6103,6262,6228,6226,6323,6182,5648,5739,5610,5915,6124,6245,6249,6155,6174,6354,6426,6518,6427,6744,6296,6389,6082,5802,5690,5770,5588,5164,4962,4749,4795,3821,3726,3351,2635,2099,2215,2405,2251,2307,2215,1920,1750,1536,1386,1195,1016,822,675,529,427,323,230,130,115,64,43,67,-
"113年 8月/ 臺東縣/ 性別總計",210569,1368,1321,1326,1349,1429,1439,1581,1611,1704,1643,1698,1712,1769,1627,1491,1632,1752,1858,1995,1957,2086,2279,2428,2613,2834,2660,2845,3048,2912,2971,2868,2846,2881,2753,2670,2573,2552,2473,2589,2701,2880,3246,3181,3190,3218,3186,3216,3293,3330,3067,3131,3350,3393,3591,3536,3420,3447,3504,3443,3508,3545,3440,3429,3145,3309,3071,2924,2766,2866,2715,2401,2420,2341,2206,1882,1687,1489,1384,972,1059,1092,1080,1020,895,864,748,646,599,529,440,333,265,223,220,153,138,84,67,53,32,63,-
"113年 8月/ 臺東縣/ 男",107289,673,693,697,701,749,771,838,833,907,827,894,908,947,835,738,890,926,954,1061,1047,1092,1193,1240,1363,1488,1334,1471,1600,1454,1589,1557,1482,1538,1507,1425,1385,1358,1317,1382,1442,1483,1716,1648,1664,1657,1652,1655,1707,1685,1591,1653,1738,1756,1841,1926,1842,1792,1875,1827,1862,1821,1779,1767,1663,1622,1543,1473,1406,1391,1296,1137,1124,1053,996,853,725,686,589,395,446,464,456,406,358,355,289,248,226,193,178,123,106,85,83,60,67,41,35,21,17,37,-
"113年 8月/ 臺東縣/ 女",103280,695,628,629,648,680,668,743,778,797,816,804,804,822,792,753,742,826,904,934,910,994,1086,1188,1250,1346,1326,1374,1448,1458,1382,1311,1364,1343,1246,1245,1188,1194,1156,1207,1259,1397,1530,1533,1526,1561,1534,1561,1586,1645,1476,1478,1612,1637,1750,1610,1578,1655,1629,1616,1646,1724,1661,1662,1482,1687,1528,1451,1360,1475,1419,1264,1296,1288,1210,1029,962,803,795,577,613,628,624,614,537,509,459,398,373,336,262,210,159,138,137,93,71,43,32,32,15,26,-
"113年 8月/ 花蓮縣/ 性別總計",315811,1683,1842,2014,1992,2159,2435,2355,2478,2695,2611,2582,2642,2641,2403,2363,2588,2617,2641,2803,2924,3093,3270,3431,3808,4008,3868,4126,4586,4493,4589,4413,4422,4255,4201,4032,3924,3854,3744,3814,4291,4412,4808,4853,5045,4873,4885,4864,5033,4976,4620,4726,4691,4940,5051,5139,5131,4960,4958,4914,5071,4983,5058,5089,4967,4964,4637,4589,4381,4567,4287,3956,3738,3512,3396,2944,2639,2144,2020,1558,1545,1613,1566,1562,1352,1245,1142,988,846,762,658,491,492,317,307,264,157,129,105,91,34,76,-
"113年 8月/ 花蓮縣/ 男",158530,860,950,1063,1041,1130,1298,1243,1270,1387,1357,1343,1370,1419,1283,1256,1362,1364,1388,1464,1499,1627,1744,1765,1983,2062,2053,2207,2383,2354,2367,2286,2334,2244,2224,2125,2056,2006,2000,2003,2202,2262,2487,2468,2599,2463,2486,2495,2503,2455,2282,2357,2315,2450,2478,2627,2598,2559,2605,2519,2584,2503,2541,2516,2440,2434,2213,2237,2122,2254,2059,1950,1766,1643,1555,1335,1147,957,898,693,643,638,676,616,543,491,450,396,315,306,258,155,189,116,125,102,68,60,47,44,16,49,-
"113年 8月/ 花蓮縣/ 女",157281,823,892,951,951,1029,1137,1112,1208,1308,1254,1239,1272,1222,1120,1107,1226,1253,1253,1339,1425,1466,1526,1666,1825,1946,1815,1919,2203,2139,2222,2127,2088,2011,1977,1907,1868,1848,1744,1811,2089,2150,2321,2385,2446,2410,2399,2369,2530,2521,2338,2369,2376,2490,2573,2512,2533,2401,2353,2395,2487,2480,2517,2573,2527,2530,2424,2352,2259,2313,2228,2006,1972,1869,1841,1609,1492,1187,1122,865,902,975,890,946,809,754,692,592,531,456,400,336,303,201,182,162,89,69,58,47,18,27,-
"113年 8月/ 澎湖縣/ 性別總計",107619,684,748,744,797,808,732,575,690,691,693,630,695,680,583,622,644,720,761,869,1268,1345,1453,1306,1586,1612,1504,1575,1707,1631,1606,1598,1646,1626,1496,1517,1488,1581,1444,1411,1531,1609,1661,1634,1679,1701,1684,1573,1712,1620,1612,1573,1528,1601,1605,1649,1622,1667,1692,1697,1671,1697,1709,1736,1739,1638,1574,1563,1374,1452,1294,1227,1193,1185,1064,954,858,665,649,535,502,535,423,436,441,413,415,318,340,315,251,233,188,157,133,99,71,53,38,26,14,25,-
"113年 8月/ 澎湖縣/ 男",55040,352,365,354,433,396,404,310,379,355,364,341,372,359,292,329,314,377,398,462,678,753,815,698,888,870,844,838,920,879,833,834,910,875,802,816,761,816,756,749,790,820,860,787,819,823,835,793,871,748,829,780,794,835,820,867,831,870,896,879,896,892,888,894,896,834,808,815,708,758,651,601,568,553,508,466,397,319,286,252,224,239,194,184,194,162,169,121,142,120,96,82,70,48,53,35,28,18,13,9,5,6,-
"113年 8月/ 澎湖縣/ 女",52579,332,383,390,364,412,328,265,311,336,329,289,323,321,291,293,330,343,363,407,590,592,638,608,698,742,660,737,787,752,773,764,736,751,694,701,727,765,688,662,741,789,801,847,860,878,849,780,841,872,783,793,734,766,785,782,791,797,796,818,775,805,821,842,843,804,766,748,666,694,643,626,625,632,556,488,461,346,363,283,278,296,229,252,247,251,246,197,198,195,155,151,118,109,80,64,43,35,25,17,9,19,-
"113年 8月/ 基隆市/ 性別總計",361527,1305,1501,1746,1921,2130,2281,2483,2533,2842,2770,2519,2857,2825,2369,2423,2675,2722,2878,2862,3041,3099,3384,3656,4265,4708,4345,4608,5076,5298,5067,5111,5075,4895,5099,4863,4678,4732,4294,4378,4747,4989,5335,5725,5784,5714,5775,5702,5867,5751,5504,5455,5458,5780,5794,5972,6081,5976,5985,6132,6239,6185,6301,6221,6199,5950,6169,5647,5321,5576,5311,4761,4690,4686,4099,3513,3221,2614,2205,1269,1524,1797,1639,1566,1569,1489,1229,1013,880,740,601,528,437,374,262,199,181,138,111,69,50,114,-
"113年 8月/ 基隆市/ 男",179491,679,771,961,1013,1079,1199,1290,1288,1439,1433,1295,1491,1427,1222,1271,1359,1441,1529,1440,1596,1681,1801,1877,2275,2423,2270,2354,2715,2771,2649,2653,2665,2677,2713,2599,2497,2512,2245,2256,2438,2619,2658,2883,2938,2838,2849,2748,2917,2834,2737,2687,2706,2894,2853,2922,2991,2987,2956,3004,3042,3064,3150,3015,3072,2827,3042,2658,2541,2608,2516,2211,2141,2167,1860,1598,1435,1249,977,552,628,771,688,661,647,578,425,353,292,245,219,187,150,137,96,72,86,51,43,35,27,60,-
"113年 8月/ 基隆市/ 女",182036,626,730,785,908,1051,1082,1193,1245,1403,1337,1224,1366,1398,1147,1152,1316,1281,1349,1422,1445,1418,1583,1779,1990,2285,2075,2254,2361,2527,2418,2458,2410,2218,2386,2264,2181,2220,2049,2122,2309,2370,2677,2842,2846,2876,2926,2954,2950,2917,2767,2768,2752,2886,2941,3050,3090,2989,3029,3128,3197,3121,3151,3206,3127,3123,3127,2989,2780,2968,2795,2550,2549,2519,2239,1915,1786,1365,1228,717,896,1026,951,905,922,911,804,660,588,495,382,341,287,237,166,127,95,87,68,34,23,54,-
"113年 8月/ 新竹市/ 性別總計",457437,3081,3306,3632,3972,4270,4542,4923,5105,5598,5928,5620,5928,5997,4825,4665,4914,5050,4668,4697,4600,4536,4852,4964,5496,5351,5055,5220,5861,6020,5803,5791,6018,6005,6156,6401,6282,6267,6230,6385,7269,7740,8268,8760,9110,9054,8749,8318,8543,8027,7263,6868,6742,6787,6758,6598,6755,6208,5957,6036,6094,5824,5863,5777,5407,5304,5343,4979,4565,4724,4741,4329,4154,4050,3759,3083,2957,2340,2261,1566,1680,1760,1664,1602,1399,1300,1168,996,909,706,645,507,444,384,311,256,206,176,118,91,60,111,-
"113年 8月/ 新竹市/ 男",225794,1624,1697,1900,2039,2250,2370,2582,2570,2863,3106,2911,3047,3143,2482,2410,2601,2737,2402,2467,2362,2380,2514,2639,2887,2766,2611,2708,3061,3101,3038,2997,3104,3074,3222,3296,3203,3156,3124,3154,3488,3734,3970,4304,4364,4413,4170,4046,4176,3946,3633,3432,3289,3323,3306,3227,3264,3042,2962,2965,2960,2868,2832,2849,2592,2493,2528,2380,2045,2135,2199,2033,1905,1814,1684,1349,1318,1044,1013,657,689,715,683,630,535,483,433,358,331,258,243,194,165,165,116,92,79,82,64,48,32,49,-
"113年 8月/ 新竹市/ 女",231643,1457,1609,1732,1933,2020,2172,2341,2535,2735,2822,2709,2881,2854,2343,2255,2313,2313,2266,2230,2238,2156,2338,2325,2609,2585,2444,2512,2800,2919,2765,2794,2914,2931,2934,3105,3079,3111,3106,3231,3781,4006,4298,4456,4746,4641,4579,4272,4367,4081,3630,3436,3453,3464,3452,3371,3491,3166,2995,3071,3134,2956,3031,2928,2815,2811,2815,2599,2520,2589,2542,2296,2249,2236,2075,1734,1639,1296,1248,909,991,1045,981,972,864,817,735,638,578,448,402,313,279,219,195,164,127,94,54,43,28,62,-
"113年 8月/ 嘉義市/ 性別總計",262682,1230,1332,1568,1716,1820,2148,2329,2297,2628,2615,2428,2722,2888,2426,2308,2412,2574,2498,2530,2618,2734,2854,3028,3522,3688,3333,3517,3793,3747,3684,3501,3514,3367,3269,3380,3287,3215,3191,3313,3675,3814,4003,4216,4276,4291,4278,4218,4391,4143,3913,3777,3682,3901,3987,4153,3999,4039,3956,4206,3868,3999,3976,3943,3811,3696,3545,3369,3229,3424,3228,2918,2841,2938,2688,2134,2146,1871,1543,1143,1207,1366,1183,1209,1094,1032,850,783,714,609,549,436,341,261,211,164,152,90,55,56,22,46,-
"113年 8月/ 嘉義市/ 男",125978,623,682,770,900,946,1109,1221,1189,1301,1330,1268,1423,1491,1275,1216,1255,1387,1283,1253,1380,1432,1464,1602,1834,1938,1735,1807,1888,1870,1901,1791,1792,1749,1660,1719,1623,1577,1577,1545,1746,1854,1901,1961,1952,2047,2054,1929,2011,1885,1752,1728,1676,1769,1818,1920,1857,1851,1864,2036,1816,1933,1864,1856,1762,1728,1664,1603,1487,1574,1527,1323,1329,1329,1164,914,929,824,653,495,467,575,476,465,444,414,324,290,256,217,197,159,113,101,93,57,50,23,23,20,3,20,-
"113年 8月/ 嘉義市/ 女",136704,607,650,798,816,874,1039,1108,1108,1327,1285,1160,1299,1397,1151,1092,1157,1187,1215,1277,1238,1302,1390,1426,1688,1750,1598,1710,1905,1877,1783,1710,1722,1618,1609,1661,1664,1638,1614,1768,1929,1960,2102,2255,2324,2244,2224,2289,2380,2258,2161,2049,2006,2132,2169,2233,2142,2188,2092,2170,2052,2066,2112,2087,2049,1968,1881,1766,1742,1850,1701,1595,1512,1609,1524,1220,1217,1047,890,648,740,791,707,744,650,618,526,493,458,392,352,277,228,160,118,107,102,67,32,36,19,26,-
"113年 8月/ 金門縣/ 性別總計",143525,618,684,708,759,770,793,712,810,803,811,771,792,816,792,771,856,917,965,1011,1615,1656,1912,1766,2145,2119,1982,2123,2415,2567,2456,2446,2362,2201,2128,2198,2104,2115,1932,1922,2058,2095,2037,2042,2054,1900,2075,2034,2063,2057,1993,2089,2160,2233,2481,2486,2577,2538,2774,2694,2765,2904,2768,2610,2434,2657,2147,2450,2057,2161,1747,1741,1460,1371,1164,860,880,719,601,561,545,602,524,518,429,417,383,385,367,265,234,233,186,137,115,86,85,42,38,42,20,52,-
"113年 8月/ 金門縣/ 男",71156,334,366,365,396,391,406,369,417,406,424,406,419,429,421,401,423,493,511,518,806,831,1001,887,1129,1022,1034,1060,1238,1281,1220,1233,1197,1131,1050,1138,1062,1074,1013,933,1002,1053,1000,1023,997,932,985,897,970,975,922,1030,1065,1092,1268,1264,1267,1236,1290,1333,1355,1384,1334,1323,1249,1361,1105,1236,1026,1060,869,871,725,665,557,426,431,353,290,277,269,284,247,248,201,178,174,156,170,93,97,90,66,44,34,17,14,11,9,6,4,11,-
"113年 8月/ 金門縣/ 女",72369,284,318,343,363,379,387,343,393,397,387,365,373,387,371,370,433,424,454,493,809,825,911,879,1016,1097,948,1063,1177,1286,1236,1213,1165,1070,1078,1060,1042,1041,919,989,1056,1042,1037,1019,1057,968,1090,1137,1093,1082,1071,1059,1095,1141,1213,1222,1310,1302,1484,1361,1410,1520,1434,1287,1185,1296,1042,1214,1031,1101,878,870,735,706,607,434,449,366,311,284,276,318,277,270,228,239,209,229,197,172,137,143,120,93,81,69,71,31,29,36,16,41,-
"113年 8月/ 連江縣/ 性別總計",13932,95,102,78,96,95,113,80,96,94,86,95,82,96,98,89,102,101,103,117,95,109,191,170,176,245,229,197,273,278,204,265,288,254,273,217,238,196,181,190,207,195,195,221,208,229,232,182,203,204,217,222,209,228,238,220,206,210,236,247,243,217,253,223,196,237,195,190,181,171,169,141,134,110,88,94,79,82,76,46,38,38,34,37,23,29,29,28,26,20,15,18,15,11,10,5,10,4,3,4,3,11,-
"113年 8月/ 連江縣/ 男",8037,59,59,40,60,46,58,49,54,54,40,47,41,55,51,49,60,55,54,68,50,63,101,103,101,159,145,115,169,166,119,137,180,161,171,115,136,119,102,110,119,121,109,131,109,138,129,104,98,115,120,131,121,130,147,136,129,122,149,145,147,128,152,133,113,148,123,106,106,86,105,80,81,61,51,54,37,35,44,23,25,27,14,16,13,18,13,13,12,10,7,5,4,4,4,1,4,2,1,2,2,3,-
"113年 8月/ 連江縣/ 女",5895,36,43,38,36,49,55,31,42,40,46,48,41,41,47,40,42,46,49,49,45,46,90,67,75,86,84,82,104,112,85,128,108,93,102,102,102,77,79,80,88,74,86,90,99,91,103,78,105,89,97,91,88,98,91,84,77,88,87,102,96,89,101,90,83,89,72,84,75,85,64,61,53,49,37,40,42,47,32,23,13,11,20,21,10,11,16,15,14,10,8,13,11,7,6,4,6,2,2,2,1,8,-
"113年 9月/ 區域別總計/ 性別總計",23404138,129127,139108,146683,161300,168733,180343,187726,200961,213430,216532,207225,213195,224165,191058,176732,196720,202535,203627,206487,211724,219092,231404,245996,273481,293380,276528,284588,321188,322016,319062,320419,321949,316927,317782,326942,318173,321990,307147,313325,348920,364748,385835,402907,410696,405806,408385,393206,395355,389469,350360,347660,343585,346019,354095,361186,358167,353883,348533,354411,356655,359920,360764,355131,346842,339200,335643,320154,296227,319340,302346,276529,265965,259426,248462,202019,192207,158705,135045,100865,100735,109304,102145,97717,90605,83994,73440,62609,55811,46147,41424,33323,27804,23488,18986,15308,11379,8365,6057,4239,2707,5080,-
"113年 9月/ 區域別總計/ 男",11531847,66673,71918,76078,83292,87538,93173,97105,103914,110728,112276,107152,110280,115905,99048,92243,102276,105860,106068,107992,109897,115038,120905,128057,142043,153000,143598,147441,166351,166355,164568,165658,165961,164199,165027,168857,163139,164518,155815,157416,173663,181421,190794,198113,201909,199334,200404,192759,193290,190309,170024,169140,167083,167615,172314,176044,174407,172639,169976,171916,172907,174216,173659,171101,166914,161921,159982,151838,140098,150321,142056,129189,123419,119853,114197,92584,86978,71819,60338,44558,43632,47029,43552,40770,37701,33488,28861,23994,21040,17042,15149,12066,10448,9044,7599,6254,4651,3469,2500,1749,1164,2181,-
"113年 9月/ 區域別總計/ 女",11872291,62454,67190,70605,78008,81195,87170,90621,97047,102702,104256,100073,102915,108260,92010,84489,94444,96675,97559,98495,101827,104054,110499,117939,131438,140380,132930,137147,154837,155661,154494,154761,155988,152728,152755,158085,155034,157472,151332,155909,175257,183327,195041,204794,208787,206472,207981,200447,202065,199160,180336,178520,176502,178404,181781,185142,183760,181244,178557,182495,183748,185704,187105,184030,179928,177279,175661,168316,156129,169019,160290,147340,142546,139573,134265,109435,105229,86886,74707,56307,57103,62275,58593,56947,52904,50506,44579,38615,34771,29105,26275,21257,17356,14444,11387,9054,6728,4896,3557,2490,1543,2899,-
"113年 9月/ 新北市/ 性別總計",4046022,17751,21899,23683,25990,27439,29090,30822,33229,35440,35926,34167,34980,36767,31754,29208,32931,34112,34159,34471,34865,36432,38176,40780,45741,48904,46377,47439,53621,54047,53846,54821,55673,55255,55625,57603,55941,56446,53559,55169,61649,64228,68436,71936,73638,73148,74068,71543,71827,70343,63616,62975,62034,61776,62788,64147,63134,61963,61125,62294,63418,64051,64875,63043,61895,60394,60847,57872,53422,58448,55245,50109,48566,46999,44135,35535,33565,26803,22989,16440,16256,17250,15518,14552,13273,11929,9961,8289,7225,5998,5294,4172,3480,3011,2496,2102,1578,1238,874,633,474,962,-
"113年 9月/ 新北市/ 男",1965701,9129,11259,12270,13314,14254,14839,15897,17030,18329,18636,17589,18196,18926,16378,15275,17089,17816,17827,18072,18096,19293,20011,21349,23752,25557,23907,24543,27722,27919,27775,28289,28913,28575,29073,29670,28598,28773,26910,27592,30702,31932,33697,35141,36078,35745,36168,34752,34697,34218,30386,30295,29832,29446,30117,30398,29692,29029,28469,28622,29220,29526,29594,29024,28296,27566,27521,26171,24150,26438,25044,22604,21793,21050,20035,15962,14919,11997,10229,7251,7110,7465,6639,5977,5461,4657,3746,3058,2624,2149,1876,1496,1344,1253,1054,935,704,559,369,277,227,473,-
"113年 9月/ 新北市/ 女",2080321,8622,10640,11413,12676,13185,14251,14925,16199,17111,17290,16578,16784,17841,15376,13933,15842,16296,16332,16399,16769,17139,18165,19431,21989,23347,22470,22896,25899,26128,26071,26532,26760,26680,26552,27933,27343,27673,26649,27577,30947,32296,34739,36795,37560,37403,37900,36791,37130,36125,33230,32680,32202,32330,32671,33749,33442,32934,32656,33672,34198,34525,35281,34019,33599,32828,33326,31701,29272,32010,30201,27505,26773,25949,24100,19573,18646,14806,12760,9189,9146,9785,8879,8575,7812,7272,6215,5231,4601,3849,3418,2676,2136,1758,1442,1167,874,679,505,356,247,489,-
"113年 9月/ 臺北市/ 性別總計",2498210,14780,14480,15179,16882,18083,19428,19960,21779,23871,24647,23979,24981,25380,21625,19912,20482,20731,20004,18962,18931,19130,20156,20988,23615,25555,24300,25342,28099,28905,29018,29302,29665,29535,30348,32080,31816,32408,31685,32654,36516,38029,40539,42627,43436,42338,42949,40376,40963,40902,36440,36456,35601,35882,37192,37648,37793,36885,35882,36868,37615,37866,38114,37393,36826,37570,37939,37423,35414,38296,36842,34355,34151,33475,32369,27916,26486,21906,19577,14083,13552,14607,13571,12842,11830,10834,9653,8308,7295,6123,5572,4649,4043,3594,2930,2399,1872,1467,1090,758,490,1116,-
"113年 9月/ 臺北市/ 男",1178485,7599,7426,7787,8639,9431,9921,10352,11192,12388,12692,12364,12881,13061,11184,10267,10679,10767,10319,9885,9866,9967,10412,10811,12099,13212,12516,12984,14106,14432,14429,14636,14525,14373,14868,15542,15152,15134,14939,15089,16935,17748,19083,19924,20182,19697,19874,18933,19103,18802,16687,17017,16705,16472,17038,17334,17264,16917,16452,16818,17318,17407,17382,16919,16932,16980,17076,16965,15808,17368,16798,15732,15472,14911,14496,12224,11828,9708,8629,6235,5791,6165,5679,5327,4774,4119,3743,3031,2693,2162,1983,1712,1561,1398,1223,1072,792,619,477,336,216,513,-
"113年 9月/ 臺北市/ 女",1319725,7181,7054,7392,8243,8652,9507,9608,10587,11483,11955,11615,12100,12319,10441,9645,9803,9964,9685,9077,9065,9163,9744,10177,11516,12343,11784,12358,13993,14473,14589,14666,15140,15162,15480,16538,16664,17274,16746,17565,19581,20281,21456,22703,23254,22641,23075,21443,21860,22100,19753,19439,18896,19410,20154,20314,20529,19968,19430,20050,20297,20459,20732,20474,19894,20590,20863,20458,19606,20928,20044,18623,18679,18564,17873,15692,14658,12198,10948,7848,7761,8442,7892,7515,7056,6715,5910,5277,4602,3961,3589,2937,2482,2196,1707,1327,1080,848,613,422,274,603,-
"113年 9月/ 桃園市/ 性別總計",2332998,16084,17272,17701,19163,19861,21273,21354,23034,23921,24165,23275,23336,24799,21296,19110,21438,22244,22148,22286,22882,23400,24507,26452,29074,30930,29287,29827,33778,34028,33892,34409,34574,34332,34460,35619,34869,34589,32636,33146,36723,38714,40971,43078,43272,42247,41821,40113,39934,39149,34856,34505,33951,34035,34704,34890,34375,33198,32623,32831,33474,33157,32855,31667,30360,30027,29880,28418,26123,28208,26382,23994,22868,22345,20335,16459,15561,12227,10487,8172,7779,8185,7553,7091,6371,5867,5024,4238,3724,3119,2719,2202,1957,1731,1501,1248,992,742,501,352,269,393,-
"113年 9月/ 桃園市/ 男",1149325,8331,8817,9142,9961,10239,11107,11043,11866,12438,12568,12144,12155,12767,11016,10008,11133,11688,11594,11739,11924,12394,12722,13791,15131,16010,15232,15392,17274,17461,17324,17643,17476,17568,17639,18091,17681,17543,16378,16487,18063,18978,20149,20954,21144,20593,20503,19703,19572,19261,16891,16659,16456,16407,16786,16902,16698,15884,15646,15770,15949,15816,15662,15051,14353,14216,14136,13371,12159,13102,12264,10961,10456,10311,9169,7501,6977,5401,4645,3573,3328,3454,3124,2911,2601,2278,1934,1583,1345,1132,969,866,858,821,757,671,522,407,255,175,128,197,-
"113年 9月/ 桃園市/ 女",1183673,7753,8455,8559,9202,9622,10166,10311,11168,11483,11597,11131,11181,12032,10280,9102,10305,10556,10554,10547,10958,11006,11785,12661,13943,14920,14055,14435,16504,16567,16568,16766,17098,16764,16821,17528,17188,17046,16258,16659,18660,19736,20822,22124,22128,21654,21318,20410,20362,19888,17965,17846,17495,17628,17918,17988,17677,17314,16977,17061,17525,17341,17193,16616,16007,15811,15744,15047,13964,15106,14118,13033,12412,12034,11166,8958,8584,6826,5842,4599,4451,4731,4429,4180,3770,3589,3090,2655,2379,1987,1750,1336,1099,910,744,577,470,335,246,177,141,196,-
"113年 9月/ 臺中市/ 性別總計",2854821,16465,18875,20018,22096,22688,24985,26160,27998,29442,29502,28082,28664,30324,25493,23553,25813,26710,27013,26657,27130,28008,29566,31663,35237,37677,36130,36755,42174,42088,41500,41361,41879,41279,41511,42603,41253,41819,40142,40476,45380,46401,48813,50553,51466,50634,50367,48494,48054,46841,41447,41238,40928,41227,42003,42799,42256,42392,41301,41519,41673,41957,41334,40504,39190,38504,37902,35412,33080,34830,33405,30801,28642,27758,26260,21605,19573,16027,13642,10445,10130,10676,9929,9597,8674,8116,7137,5846,5421,4231,3699,2956,2570,2121,1635,1323,1006,733,564,373,221,417,-
"113年 9月/ 臺中市/ 男",1394511,8506,9874,10449,11390,11794,12931,13449,14637,15256,15363,14528,14793,15632,13199,12326,13483,13811,13870,13907,14059,14460,15410,16240,18153,19448,18733,18839,21776,21555,21081,21216,21192,21104,21268,21567,20890,21211,20004,20053,22365,22797,23761,24601,25232,24568,24580,23371,23104,22344,19690,19584,19244,19209,19658,20070,19956,19967,19361,19594,19516,19659,19201,19098,18541,18034,17626,16637,15490,16253,15530,14178,13260,12755,12020,9951,8924,7332,6055,4503,4339,4519,4192,3991,3565,3281,2820,2186,2053,1596,1326,1080,969,778,685,566,430,317,254,179,113,196,-
"113年 9月/ 臺中市/ 女",1460310,7959,9001,9569,10706,10894,12054,12711,13361,14186,14139,13554,13871,14692,12294,11227,12330,12899,13143,12750,13071,13548,14156,15423,17084,18229,17397,17916,20398,20533,20419,20145,20687,20175,20243,21036,20363,20608,20138,20423,23015,23604,25052,25952,26234,26066,25787,25123,24950,24497,21757,21654,21684,22018,22345,22729,22300,22425,21940,21925,22157,22298,22133,21406,20649,20470,20276,18775,17590,18577,17875,16623,15382,15003,14240,11654,10649,8695,7587,5942,5791,6157,5737,5606,5109,4835,4317,3660,3368,2635,2373,1876,1601,1343,950,757,576,416,310,194,108,221,-
"113年 9月/ 臺南市/ 性別總計",1859013,8962,9885,10701,11937,12810,13793,14687,15436,16431,16919,15966,16690,17716,14344,13285,15387,15535,15552,15516,15984,16300,17235,18220,20868,22383,20876,21867,24718,24624,24851,25188,25332,24626,25102,25577,25823,26122,24995,25346,28672,29848,31628,32838,33382,32777,33001,31783,31703,31196,27630,26996,26705,26744,27516,28580,28496,28533,28083,29155,29016,29377,29962,29748,29708,28436,27986,26351,24663,25959,24383,21731,21106,20286,20301,15526,15432,13238,10130,7580,7831,8961,8295,7753,7651,6911,6141,5311,4878,4117,3964,3120,2379,2070,1711,1341,926,661,425,303,190,300,-
"113年 9月/ 臺南市/ 男",922007,4652,5096,5624,6256,6663,7149,7553,7939,8703,8695,8181,8521,9207,7504,6965,7877,8088,8110,8099,8316,8433,8987,9529,10829,11685,10864,11477,13019,12738,12927,13074,13100,12874,13023,13354,13457,13456,12806,12866,14343,14909,15731,16036,16596,16279,16564,16021,15668,15429,13354,13363,12819,12955,13430,13926,13839,13956,13692,14276,14147,14380,14652,14522,14498,13779,13668,12842,12184,12585,11696,10418,10083,9645,9606,7277,7137,6080,4509,3386,3438,3774,3577,3213,3152,2803,2370,2064,1844,1561,1468,1106,849,721,639,492,336,231,143,106,67,77,-
"113年 9月/ 臺南市/ 女",937006,4310,4789,5077,5681,6147,6644,7134,7497,7728,8224,7785,8169,8509,6840,6320,7510,7447,7442,7417,7668,7867,8248,8691,10039,10698,10012,10390,11699,11886,11924,12114,12232,11752,12079,12223,12366,12666,12189,12480,14329,14939,15897,16802,16786,16498,16437,15762,16035,15767,14276,13633,13886,13789,14086,14654,14657,14577,14391,14879,14869,14997,15310,15226,15210,14657,14318,13509,12479,13374,12687,11313,11023,10641,10695,8249,8295,7158,5621,4194,4393,5187,4718,4540,4499,4108,3771,3247,3034,2556,2496,2014,1530,1349,1072,849,590,430,282,197,123,223,-
"113年 9月/ 高雄市/ 性別總計",2732805,14926,15780,16650,17979,18453,19721,20456,21867,23049,23576,22342,23239,24323,20437,18878,22008,22594,22687,23236,23835,24364,25936,27423,30854,34088,31532,32471,37083,37103,36863,37254,36788,36565,36584,37899,36139,37204,34777,35456,39762,41762,44106,46285,47411,47834,48420,46694,47918,47470,42925,42683,42028,42189,42764,43825,42921,42600,41500,42183,41719,42095,41977,42092,41109,40000,39455,38957,36435,39193,37560,34417,33439,32752,32249,25619,24244,20542,16464,12275,12311,13405,12291,11379,10442,9541,8233,6879,5902,4687,4323,3366,2711,2262,1897,1498,1052,764,541,388,227,414,-
"113年 9月/ 高雄市/ 男",1338565,7679,8231,8661,9202,9519,10140,10611,11336,11945,12330,11592,11860,12631,10609,9765,11321,11799,11828,12083,12337,12740,13435,14208,16025,17729,16224,16691,19088,19125,18930,19328,18951,18863,18974,19531,18465,18911,17652,17861,19915,20758,21813,22877,23218,23559,23532,22840,23319,23193,20829,20623,20284,20478,20749,21340,20790,20939,20311,20256,20294,20250,20046,20021,19398,18660,18593,18003,16914,18030,17149,15763,15164,14889,14476,11559,10807,9171,7323,5355,5298,5801,5212,4759,4362,3717,3246,2586,2204,1713,1610,1283,1061,954,790,677,486,363,271,168,119,187,-
"113年 9月/ 高雄市/ 女",1394240,7247,7549,7989,8777,8934,9581,9845,10531,11104,11246,10750,11379,11692,9828,9113,10687,10795,10859,11153,11498,11624,12501,13215,14829,16359,15308,15780,17995,17978,17933,17926,17837,17702,17610,18368,17674,18293,17125,17595,19847,21004,22293,23408,24193,24275,24888,23854,24599,24277,22096,22060,21744,21711,22015,22485,22131,21661,21189,21927,21425,21845,21931,22071,21711,21340,20862,20954,19521,21163,20411,18654,18275,17863,17773,14060,13437,11371,9141,6920,7013,7604,7079,6620,6080,5824,4987,4293,3698,2974,2713,2083,1650,1308,1107,821,566,401,270,220,108,227,-
"113年 9月/ 宜蘭縣/ 性別總計",449142,2325,2489,2633,3109,3130,3296,3458,3714,3923,3688,3709,3897,4031,3523,3364,3769,3679,3732,3977,4144,4372,4590,4819,5396,5804,5524,5888,6653,6614,6494,6499,6493,6302,6103,6150,6042,5857,5464,5624,6100,6458,6669,6990,7174,7002,7039,6818,7051,6921,6504,6548,6587,6661,6873,7356,7254,7156,7042,6997,7211,7367,7341,7261,6996,6852,6520,6109,5648,6136,5748,5150,4942,4701,4560,3622,3468,2792,2504,1959,2210,2397,2404,2328,2266,2175,1809,1705,1475,1210,1048,866,684,563,450,366,261,183,142,90,56,89,-
"113年 9月/ 宜蘭縣/ 男",225191,1192,1297,1342,1642,1585,1667,1770,1943,1995,1935,1911,2055,2117,1835,1711,1961,1901,1910,2056,2151,2285,2390,2491,2791,3053,2915,3067,3473,3537,3386,3375,3405,3353,3225,3318,3164,3137,2817,2932,3132,3211,3401,3503,3576,3494,3489,3440,3521,3423,3172,3194,3278,3369,3457,3673,3761,3594,3599,3503,3646,3642,3725,3585,3502,3355,3224,2966,2805,3040,2812,2454,2358,2201,2185,1690,1599,1296,1154,948,948,1089,1054,981,980,900,744,688,542,481,399,319,237,203,150,129,87,65,54,29,20,25,-
"113年 9月/ 宜蘭縣/ 女",223951,1133,1192,1291,1467,1545,1629,1688,1771,1928,1753,1798,1842,1914,1688,1653,1808,1778,1822,1921,1993,2087,2200,2328,2605,2751,2609,2821,3180,3077,3108,3124,3088,2949,2878,2832,2878,2720,2647,2692,2968,3247,3268,3487,3598,3508,3550,3378,3530,3498,3332,3354,3309,3292,3416,3683,3493,3562,3443,3494,3565,3725,3616,3676,3494,3497,3296,3143,2843,3096,2936,2696,2584,2500,2375,1932,1869,1496,1350,1011,1262,1308,1350,1347,1286,1275,1065,1017,933,729,649,547,447,360,300,237,174,118,88,61,36,64,-
"113年 9月/ 新竹縣/ 性別總計",593100,3947,4711,5046,5573,5732,5967,6251,6687,6958,7076,6820,6713,7293,6012,5603,6167,6220,6215,6090,6109,6245,6420,6679,7288,7477,7059,7204,8117,8198,8234,8362,8365,8415,8557,8921,8571,8586,8222,8507,9400,9959,10518,11231,11274,11080,11116,10558,10587,10453,9031,9330,9039,8811,8806,8797,8506,8040,7824,8001,7901,7805,7681,7630,7290,6829,6511,6112,5575,5891,5382,4972,4571,4610,4296,3573,3457,2705,2426,1967,2062,2238,2185,2159,2124,1929,1762,1464,1345,1086,1012,768,663,528,419,336,258,205,151,84,69,91,-
"113年 9月/ 新竹縣/ 男",301820,2015,2437,2612,2834,2974,3109,3316,3419,3691,3661,3487,3419,3695,3181,2943,3211,3293,3224,3156,3252,3253,3377,3613,3809,3905,3759,3795,4296,4346,4274,4438,4496,4571,4560,4812,4506,4507,4288,4348,4721,5032,5226,5628,5606,5392,5474,5096,5203,5192,4533,4643,4572,4465,4446,4486,4345,4120,3969,4181,4050,3994,3908,3910,3746,3526,3395,3104,2847,2969,2657,2455,2226,2185,2052,1729,1622,1288,1111,910,957,1011,963,939,971,854,762,616,583,428,395,299,257,234,178,139,110,72,58,39,26,33,-
"113年 9月/ 新竹縣/ 女",291280,1932,2274,2434,2739,2758,2858,2935,3268,3267,3415,3333,3294,3598,2831,2660,2956,2927,2991,2934,2857,2992,3043,3066,3479,3572,3300,3409,3821,3852,3960,3924,3869,3844,3997,4109,4065,4079,3934,4159,4679,4927,5292,5603,5668,5688,5642,5462,5384,5261,4498,4687,4467,4346,4360,4311,4161,3920,3855,3820,3851,3811,3773,3720,3544,3303,3116,3008,2728,2922,2725,2517,2345,2425,2244,1844,1835,1417,1315,1057,1105,1227,1222,1220,1153,1075,1000,848,762,658,617,469,406,294,241,197,148,133,93,45,43,58,-
"113年 9月/ 苗栗縣/ 性別總計",533219,2293,2519,2726,3192,3507,3892,4349,4606,4936,5178,4811,4953,5231,4467,4017,4572,4759,4947,4973,5243,5405,5741,6170,6580,6851,6532,6491,7509,7492,7439,7405,7400,7304,7129,7345,7122,7213,6987,7120,7774,8341,8944,9227,9100,9086,9023,8569,8381,8191,7565,7535,7569,7672,7985,8047,8104,7932,7688,7959,7987,8372,8454,8235,8219,7847,7821,6915,6625,6769,6493,5940,5602,5571,5131,4387,4090,3422,3136,2437,2648,2727,2667,2753,2468,2428,2075,1880,1735,1347,1293,1036,790,757,575,417,340,252,187,125,61,107,-
"113年 9月/ 苗栗縣/ 男",274030,1173,1326,1394,1656,1818,2022,2235,2421,2564,2652,2468,2525,2720,2292,2116,2389,2484,2631,2574,2750,2911,3128,3332,3457,3607,3430,3533,3955,3949,4062,4063,4062,4029,3902,4035,3889,3885,3710,3810,4048,4295,4632,4730,4692,4574,4561,4314,4307,4137,3880,3924,3928,3905,4173,4201,4249,4156,4042,4113,4172,4320,4328,4230,4236,4035,4032,3506,3442,3424,3300,2984,2704,2702,2385,2097,1934,1588,1453,1127,1223,1232,1150,1212,1132,1035,902,793,704,562,526,394,309,281,239,158,119,90,52,52,16,30,-
"113年 9月/ 苗栗縣/ 女",259189,1120,1193,1332,1536,1689,1870,2114,2185,2372,2526,2343,2428,2511,2175,1901,2183,2275,2316,2399,2493,2494,2613,2838,3123,3244,3102,2958,3554,3543,3377,3342,3338,3275,3227,3310,3233,3328,3277,3310,3726,4046,4312,4497,4408,4512,4462,4255,4074,4054,3685,3611,3641,3767,3812,3846,3855,3776,3646,3846,3815,4052,4126,4005,3983,3812,3789,3409,3183,3345,3193,2956,2898,2869,2746,2290,2156,1834,1683,1310,1425,1495,1517,1541,1336,1393,1173,1087,1031,785,767,642,481,476,336,259,221,162,135,73,45,77,-
"113年 9月/ 彰化縣/ 性別總計",1228612,7919,8254,8184,8870,9066,9229,9293,10164,10742,10712,10430,10692,11240,9900,9203,10539,10755,11044,11694,12169,13003,13570,14495,15661,16629,15889,16186,17816,17438,17033,17031,17395,17012,16700,17078,16656,16944,16468,16613,18454,19226,20061,20606,20934,20575,20792,20139,19895,19173,17750,17167,16742,16767,17232,17427,17358,17463,17687,17733,18168,18410,18599,18245,18439,17255,17105,16675,14163,16592,15148,13798,13272,13023,12638,10457,9873,8340,7359,5160,5470,6187,6052,5930,5424,5326,4804,4018,3831,3242,2744,2336,1928,1595,1198,905,651,437,318,233,136,231,-
"113年 9月/ 彰化縣/ 男",622804,4089,4293,4246,4579,4753,4825,4847,5339,5559,5548,5433,5628,5838,5189,4801,5537,5626,5917,6202,6263,6857,7164,7556,8202,8731,8280,8364,9307,9146,8860,8763,9015,8955,8751,9085,8765,8952,8660,8603,9518,9915,10129,10469,10721,10501,10528,10307,10200,9837,9164,8702,8591,8522,8885,8945,9024,8999,9032,9114,9394,9294,9515,9366,9348,8606,8592,8432,7041,8233,7490,6676,6403,6348,6038,5011,4560,3848,3428,2304,2427,2759,2668,2543,2352,2179,1938,1573,1472,1200,964,752,681,516,375,283,186,136,84,63,35,60,-
"113年 9月/ 彰化縣/ 女",605808,3830,3961,3938,4291,4313,4404,4446,4825,5183,5164,4997,5064,5402,4711,4402,5002,5129,5127,5492,5906,6146,6406,6939,7459,7898,7609,7822,8509,8292,8173,8268,8380,8057,7949,7993,7891,7992,7808,8010,8936,9311,9932,10137,10213,10074,10264,9832,9695,9336,8586,8465,8151,8245,8347,8482,8334,8464,8655,8619,8774,9116,9084,8879,9091,8649,8513,8243,7122,8359,7658,7122,6869,6675,6600,5446,5313,4492,3931,2856,3043,3428,3384,3387,3072,3147,2866,2445,2359,2042,1780,1584,1247,1079,823,622,465,301,234,170,101,171,-
"113年 9月/ 南投縣/ 性別總計",473365,2219,2439,2490,2774,2941,3057,3336,3502,3683,3771,3458,3722,3944,3490,3314,3598,3762,3992,4162,4394,4690,4931,5359,5874,6151,5882,6107,6782,6681,6540,6735,6570,6322,6107,6247,5983,5946,5796,5744,6380,6634,6949,7132,7462,7340,7316,6954,7101,7134,6405,6402,6433,6846,7082,7382,7616,7495,7603,7748,7770,8003,8307,8070,7871,7704,7570,6862,6437,6750,6614,5971,5648,5625,5244,4506,4204,3578,2926,2441,2430,2542,2487,2660,2482,2358,2087,1768,1598,1369,1216,954,854,696,510,450,276,187,151,109,62,109,-
"113年 9月/ 南投縣/ 男",240772,1163,1246,1311,1473,1539,1605,1713,1815,1934,1927,1807,1943,2064,1796,1728,1857,1940,2069,2177,2246,2429,2560,2832,3063,3262,3077,3229,3545,3473,3443,3543,3567,3463,3332,3359,3332,3225,3137,3098,3321,3520,3660,3690,3857,3725,3778,3558,3552,3672,3256,3143,3202,3464,3614,3745,3894,3887,3885,4024,3932,4101,4207,4068,3954,3978,3820,3400,3270,3335,3297,3020,2792,2765,2470,2220,1958,1662,1349,1080,1062,1144,1085,1182,1021,978,855,761,615,527,466,363,300,282,201,152,100,64,61,42,21,43,-
"113年 9月/ 南投縣/ 女",232593,1056,1193,1179,1301,1402,1452,1623,1687,1749,1844,1651,1779,1880,1694,1586,1741,1822,1923,1985,2148,2261,2371,2527,2811,2889,2805,2878,3237,3208,3097,3192,3003,2859,2775,2888,2651,2721,2659,2646,3059,3114,3289,3442,3605,3615,3538,3396,3549,3462,3149,3259,3231,3382,3468,3637,3722,3608,3718,3724,3838,3902,4100,4002,3917,3726,3750,3462,3167,3415,3317,2951,2856,2860,2774,2286,2246,1916,1577,1361,1368,1398,1402,1478,1461,1380,1232,1007,983,842,750,591,554,414,309,298,176,123,90,67,41,66,-
"113年 9月/ 雲林縣/ 性別總計",659085,5023,3406,3559,3971,4214,4365,4481,4809,5024,5069,5039,5223,5705,5023,4706,5317,5583,5786,6056,6382,6826,7280,7665,8507,9051,8456,8543,9472,9236,9026,8551,8334,8074,7921,8137,7929,8150,7984,8256,9113,9474,10254,10472,10730,10861,11120,10885,10985,10919,9863,9586,9588,9572,9761,10194,10076,10072,10279,10344,10214,10319,10510,10292,9882,9402,9440,8699,7619,8948,8175,7475,7196,7236,7389,5537,5954,4934,4459,3631,3653,3959,4099,3767,3711,3569,3212,2831,2384,2060,1893,1486,1251,1003,774,570,422,297,208,140,75,123,-
"113年 9月/ 雲林縣/ 男",338960,2648,1795,1874,2026,2148,2307,2326,2466,2592,2572,2595,2740,2914,2520,2479,2836,2918,3047,3198,3289,3652,3842,3948,4486,4785,4437,4463,4974,4814,4814,4432,4369,4276,4225,4461,4223,4311,4289,4307,4709,4899,5237,5395,5390,5566,5669,5511,5663,5625,5134,4969,5025,4943,5280,5561,5554,5568,5763,5696,5594,5801,5721,5625,5324,5064,4978,4583,3973,4575,4140,3717,3603,3582,3591,2734,2776,2304,1979,1605,1581,1693,1741,1554,1565,1447,1270,1080,899,722,648,477,411,323,227,171,110,85,58,30,17,27,-
"113年 9月/ 雲林縣/ 女",320125,2375,1611,1685,1945,2066,2058,2155,2343,2432,2497,2444,2483,2791,2503,2227,2481,2665,2739,2858,3093,3174,3438,3717,4021,4266,4019,4080,4498,4422,4212,4119,3965,3798,3696,3676,3706,3839,3695,3949,4404,4575,5017,5077,5340,5295,5451,5374,5322,5294,4729,4617,4563,4629,4481,4633,4522,4504,4516,4648,4620,4518,4789,4667,4558,4338,4462,4116,3646,4373,4035,3758,3593,3654,3798,2803,3178,2630,2480,2026,2072,2266,2358,2213,2146,2122,1942,1751,1485,1338,1245,1009,840,680,547,399,312,212,150,110,58,96,-
"113年 9月/ 嘉義縣/ 性別總計",480190,2161,2231,2240,2501,2593,2565,2581,2873,2980,2948,2829,3059,3055,2922,2897,3277,3553,3716,4164,4402,4766,5207,5634,6180,6561,5974,6454,6910,6761,6487,6489,6399,5890,6048,5995,5583,5701,5583,5557,6273,6586,6883,7114,7447,7303,7403,7335,7472,7381,6809,6881,7182,7138,7546,7827,7717,7937,7929,8417,8108,8462,8286,8494,8318,7939,7703,7241,6432,7022,6636,6100,5898,5803,5742,4529,4653,3970,3212,2441,2793,3032,2924,2919,2855,2802,2586,2212,1977,1691,1521,1287,1040,884,690,559,381,257,181,125,62,117,-
"113年 9月/ 嘉義縣/ 男",248460,1133,1154,1168,1291,1318,1310,1331,1456,1534,1544,1488,1596,1601,1523,1549,1751,1849,1992,2156,2308,2498,2725,2955,3221,3544,3148,3386,3682,3608,3483,3514,3488,3180,3310,3278,3108,3148,3059,3063,3394,3493,3642,3692,3763,3744,3818,3712,3800,3779,3437,3492,3710,3780,3914,4273,4089,4268,4402,4556,4417,4673,4523,4639,4546,4324,4088,3871,3444,3641,3455,3119,2944,2946,2820,2257,2180,1816,1494,1081,1189,1314,1249,1229,1158,1107,1035,904,756,629,583,407,342,298,236,176,130,74,60,37,23,38,-
"113年 9月/ 嘉義縣/ 女",231730,1028,1077,1072,1210,1275,1255,1250,1417,1446,1404,1341,1463,1454,1399,1348,1526,1704,1724,2008,2094,2268,2482,2679,2959,3017,2826,3068,3228,3153,3004,2975,2911,2710,2738,2717,2475,2553,2524,2494,2879,3093,3241,3422,3684,3559,3585,3623,3672,3602,3372,3389,3472,3358,3632,3554,3628,3669,3527,3861,3691,3789,3763,3855,3772,3615,3615,3370,2988,3381,3181,2981,2954,2857,2922,2272,2473,2154,1718,1360,1604,1718,1675,1690,1697,1695,1551,1308,1221,1062,938,880,698,586,454,383,251,183,121,88,39,79,-
"113年 9月/ 屏東縣/ 性別總計",790315,4171,4163,4078,4683,4865,5266,5553,5803,6009,6133,5841,5923,6447,5401,5171,5571,5928,6242,6783,7170,7548,8099,8799,9605,10427,9580,10349,11710,11732,11516,11069,10937,10495,10278,10250,10018,10250,9432,9777,10564,11365,11774,12191,12586,12792,12972,12645,12710,12818,11461,11463,11409,11822,12362,12577,12714,13083,12811,13132,13036,13326,13005,13372,12815,12693,12271,11272,10830,11211,10739,10017,9485,9108,9155,7222,6954,6229,4851,3918,3763,4340,4018,4051,3870,3390,2968,2683,2336,1939,1656,1317,1084,815,661,524,380,216,188,96,78,110,-
"113年 9月/ 屏東縣/ 男",399930,2140,2109,2111,2450,2576,2682,2835,3055,3136,3228,3016,3042,3366,2828,2740,2910,3130,3214,3605,3641,4037,4208,4497,4944,5485,5031,5406,6202,6239,6127,5848,5786,5571,5534,5430,5300,5552,5033,5245,5430,6004,6025,6280,6436,6622,6675,6455,6452,6528,5830,5704,5756,5905,6299,6345,6441,6899,6687,6753,6651,6801,6578,6702,6422,6354,6161,5472,5186,5354,5175,4811,4499,4336,4382,3363,3192,2880,2141,1744,1656,1898,1762,1761,1655,1454,1227,1109,973,745,621,499,403,291,246,190,151,89,76,33,28,44,-
"113年 9月/ 屏東縣/ 女",390385,2031,2054,1967,2233,2289,2584,2718,2748,2873,2905,2825,2881,3081,2573,2431,2661,2798,3028,3178,3529,3511,3891,4302,4661,4942,4549,4943,5508,5493,5389,5221,5151,4924,4744,4820,4718,4698,4399,4532,5134,5361,5749,5911,6150,6170,6297,6190,6258,6290,5631,5759,5653,5917,6063,6232,6273,6184,6124,6379,6385,6525,6427,6670,6393,6339,6110,5800,5644,5857,5564,5206,4986,4772,4773,3859,3762,3349,2710,2174,2107,2442,2256,2290,2215,1936,1741,1574,1363,1194,1035,818,681,524,415,334,229,127,112,63,50,66,-
"113年 9月/ 臺東縣/ 性別總計",210400,1362,1307,1311,1375,1398,1453,1571,1589,1725,1632,1710,1681,1770,1637,1506,1621,1751,1833,1985,1960,2078,2238,2432,2580,2837,2674,2753,3049,2941,2933,2882,2841,2879,2757,2658,2585,2579,2445,2606,2659,2886,3184,3177,3206,3231,3209,3197,3256,3377,3068,3130,3307,3409,3570,3533,3466,3388,3566,3404,3516,3517,3468,3458,3124,3315,3042,2963,2756,2848,2770,2411,2435,2297,2250,1864,1741,1471,1425,990,1025,1104,1073,1007,902,857,758,643,610,524,450,338,266,227,212,158,133,93,65,49,36,62,-
"113年 9月/ 臺東縣/ 男",107180,674,690,666,732,722,767,837,835,905,820,899,908,946,833,751,880,930,938,1052,1045,1096,1170,1252,1333,1491,1346,1419,1596,1485,1557,1551,1485,1537,1512,1435,1375,1384,1301,1382,1413,1496,1676,1659,1659,1680,1656,1641,1693,1702,1591,1671,1695,1784,1826,1921,1864,1740,1918,1805,1878,1803,1794,1767,1665,1645,1515,1484,1396,1402,1317,1131,1141,1037,1012,832,756,683,601,416,426,466,453,401,359,357,282,253,227,192,181,130,102,86,82,60,66,47,33,19,19,37,-
"113年 9月/ 臺東縣/ 女",103220,688,617,645,643,676,686,734,754,820,812,811,773,824,804,755,741,821,895,933,915,982,1068,1180,1247,1346,1328,1334,1453,1456,1376,1331,1356,1342,1245,1223,1210,1195,1144,1224,1246,1390,1508,1518,1547,1551,1553,1556,1563,1675,1477,1459,1612,1625,1744,1612,1602,1648,1648,1599,1638,1714,1674,1691,1459,1670,1527,1479,1360,1446,1453,1280,1294,1260,1238,1032,985,788,824,574,599,638,620,606,543,500,476,390,383,332,269,208,164,141,130,98,67,46,32,30,17,25,-
"113年 9月/ 花蓮縣/ 性別總計",315750,1695,1834,2020,1996,2156,2381,2353,2463,2673,2639,2579,2652,2650,2441,2299,2579,2647,2629,2763,2955,3065,3219,3441,3766,4036,3878,4064,4531,4562,4546,4444,4403,4250,4204,4066,3911,3918,3716,3805,4211,4454,4721,4885,5013,4886,4874,4887,5000,5055,4593,4722,4663,5000,5020,5108,5126,5002,4971,4887,5025,5015,5074,5027,5001,4976,4656,4596,4392,4558,4302,4003,3731,3513,3419,2955,2678,2133,2056,1603,1516,1615,1539,1589,1345,1264,1128,978,855,756,666,513,485,316,296,280,157,124,109,90,32,77,-
"113年 9月/ 花蓮縣/ 男",158475,868,948,1079,1032,1136,1254,1250,1272,1374,1366,1343,1368,1425,1309,1222,1351,1386,1364,1463,1513,1620,1721,1770,1938,2113,2038,2178,2335,2412,2324,2315,2306,2241,2254,2131,2038,2041,1993,1995,2173,2268,2436,2489,2570,2485,2486,2488,2517,2493,2263,2356,2309,2465,2474,2587,2599,2580,2601,2530,2554,2530,2548,2474,2462,2433,2240,2224,2114,2252,2083,1961,1751,1640,1580,1344,1172,943,911,709,628,644,666,626,549,490,444,383,326,303,256,168,188,114,122,105,69,57,50,43,16,48,-
"113年 9月/ 花蓮縣/ 女",157275,827,886,941,964,1020,1127,1103,1191,1299,1273,1236,1284,1225,1132,1077,1228,1261,1265,1300,1442,1445,1498,1671,1828,1923,1840,1886,2196,2150,2222,2129,2097,2009,1950,1935,1873,1877,1723,1810,2038,2186,2285,2396,2443,2401,2388,2399,2483,2562,2330,2366,2354,2535,2546,2521,2527,2422,2370,2357,2471,2485,2526,2553,2539,2543,2416,2372,2278,2306,2219,2042,1980,1873,1839,1611,1506,1190,1145,894,888,971,873,963,796,774,684,595,529,453,410,345,297,202,174,175,88,67,59,47,16,29,-
"113年 9月/ 澎湖縣/ 性別總計",107829,683,757,739,783,806,732,587,671,695,675,658,673,705,587,605,656,712,754,1128,1269,1320,1457,1359,1496,1658,1496,1529,1739,1601,1621,1585,1650,1618,1489,1527,1459,1603,1423,1415,1491,1629,1629,1642,1680,1678,1677,1604,1690,1619,1609,1600,1515,1616,1609,1625,1610,1685,1707,1685,1671,1701,1715,1719,1766,1631,1573,1580,1385,1449,1312,1222,1206,1171,1064,973,876,684,632,558,493,517,449,427,423,428,416,320,333,318,267,225,185,159,127,102,70,56,40,26,15,25,-
"113年 9月/ 澎湖縣/ 男",55169,342,378,357,421,409,387,304,380,349,357,362,353,372,301,319,325,372,390,620,688,740,815,736,829,903,828,813,953,848,848,826,908,867,801,820,753,827,746,743,771,840,853,784,816,808,826,822,849,756,815,788,801,838,830,852,825,869,924,858,896,884,891,891,897,837,808,818,715,754,672,602,578,543,511,465,414,324,290,254,224,233,205,172,194,165,163,132,141,115,100,81,67,51,50,35,25,22,15,8,6,6,-
"113年 9月/ 澎湖縣/ 女",52660,341,379,382,362,397,345,283,291,346,318,296,320,333,286,286,331,340,364,508,581,580,642,623,667,755,668,716,786,753,773,759,742,751,688,707,706,776,677,672,720,789,776,858,864,870,851,782,841,863,794,812,714,778,779,773,785,816,783,827,775,817,824,828,869,794,765,762,670,695,640,620,628,628,553,508,462,360,342,304,269,284,244,255,229,263,253,188,192,203,167,144,118,108,77,67,45,34,25,18,9,19,-
"113年 9月/ 基隆市/ 性別總計",361519,1302,1478,1716,1886,2143,2245,2500,2477,2836,2803,2537,2805,2865,2420,2386,2691,2695,2881,2877,2985,3100,3360,3638,4143,4771,4383,4543,5031,5357,5083,5028,5079,4933,5060,4915,4661,4763,4328,4334,4717,5009,5269,5744,5822,5658,5807,5681,5885,5828,5440,5465,5494,5742,5809,5936,6080,6027,5979,6117,6216,6183,6310,6257,6195,5929,6190,5708,5258,5629,5330,4787,4688,4694,4113,3534,3279,2642,2240,1318,1472,1806,1627,1564,1555,1472,1257,1023,896,725,625,521,437,365,262,213,177,132,110,68,51,114,-
"113年 9月/ 基隆市/ 男",179412,675,766,926,1005,1079,1188,1292,1270,1429,1478,1289,1451,1458,1245,1251,1366,1437,1521,1452,1562,1671,1786,1898,2190,2475,2271,2325,2666,2827,2657,2624,2645,2693,2678,2617,2492,2524,2279,2219,2407,2647,2636,2882,2960,2825,2857,2738,2920,2880,2694,2703,2716,2881,2864,2871,3011,2998,2940,3017,3013,3064,3141,3041,3074,2805,3070,2697,2498,2639,2507,2222,2165,2157,1863,1617,1459,1250,1003,579,610,766,689,641,653,573,434,362,290,244,235,178,149,135,97,74,82,49,40,35,27,61,-
"113年 9月/ 基隆市/ 女",182107,627,712,790,881,1064,1057,1208,1207,1407,1325,1248,1354,1407,1175,1135,1325,1258,1360,1425,1423,1429,1574,1740,1953,2296,2112,2218,2365,2530,2426,2404,2434,2240,2382,2298,2169,2239,2049,2115,2310,2362,2633,2862,2862,2833,2950,2943,2965,2948,2746,2762,2778,2861,2945,3065,3069,3029,3039,3100,3203,3119,3169,3216,3121,3124,3120,3011,2760,2990,2823,2565,2523,2537,2250,1917,1820,1392,1237,739,862,1040,938,923,902,899,823,661,606,481,390,343,288,230,165,139,95,83,70,33,24,53,-
"113年 9月/ 新竹市/ 性別總計",457441,3108,3272,3645,3954,4208,4546,4877,5101,5554,5928,5676,5766,6106,4917,4581,4934,4993,4713,4694,4536,4546,4797,4974,5364,5457,5085,5109,5900,5995,5849,5765,6063,6004,6185,6435,6218,6360,6185,6333,7189,7674,8266,8772,9067,8989,8800,8445,8402,8159,7275,6848,6754,6780,6779,6614,6758,6282,5934,6052,6050,5819,5873,5826,5405,5340,5289,5016,4593,4733,4733,4390,4111,4045,3807,3113,2945,2401,2250,1665,1619,1741,1691,1607,1380,1329,1156,1014,884,722,659,516,440,378,304,257,213,171,118,93,57,116,-
"113年 9月/ 新竹市/ 男",225781,1639,1703,1891,2014,2221,2382,2546,2597,2828,3094,2939,2989,3171,2538,2374,2591,2716,2429,2470,2321,2379,2478,2656,2821,2825,2630,2625,3073,3111,3064,2987,3113,3086,3236,3317,3165,3205,3113,3151,3454,3686,3974,4313,4338,4394,4189,4090,4121,4001,3643,3402,3310,3339,3272,3278,3242,3087,2956,2956,2951,2815,2882,2855,2616,2501,2494,2391,2066,2146,2175,2066,1903,1804,1700,1362,1321,1058,1013,699,664,708,697,633,523,498,435,360,315,266,243,197,170,156,116,94,82,80,62,48,29,54,-
"113年 9月/ 新竹市/ 女",231660,1469,1569,1754,1940,1987,2164,2331,2504,2726,2834,2737,2777,2935,2379,2207,2343,2277,2284,2224,2215,2167,2319,2318,2543,2632,2455,2484,2827,2884,2785,2778,2950,2918,2949,3118,3053,3155,3072,3182,3735,3988,4292,4459,4729,4595,4611,4355,4281,4158,3632,3446,3444,3441,3507,3336,3516,3195,2978,3096,3099,3004,2991,2971,2789,2839,2795,2625,2527,2587,2558,2324,2208,2241,2107,1751,1624,1343,1237,966,955,1033,994,974,857,831,721,654,569,456,416,319,270,222,188,163,131,91,56,45,28,62,-
"113年 9月/ 嘉義市/ 性別總計",262553,1229,1315,1584,1723,1782,2150,2294,2289,2625,2631,2452,2677,2897,2465,2285,2398,2567,2513,2499,2605,2698,2850,3052,3392,3733,3392,3413,3797,3793,3619,3526,3501,3366,3240,3428,3250,3235,3193,3305,3635,3800,3983,4165,4337,4231,4297,4267,4296,4247,3862,3820,3695,3879,3990,4135,4024,4055,3955,4153,3881,3996,4003,3960,3812,3678,3558,3375,3204,3439,3258,2949,2819,2919,2725,2143,2207,1840,1601,1175,1152,1375,1199,1196,1097,1026,866,786,714,601,553,445,348,261,215,164,143,99,54,60,21,47,-
"113年 9月/ 嘉義市/ 男",125894,630,672,767,909,928,1106,1192,1199,1304,1333,1269,1403,1512,1282,1209,1235,1378,1308,1228,1366,1415,1472,1593,1782,1955,1765,1764,1896,1888,1857,1827,1798,1727,1653,1754,1588,1604,1570,1534,1737,1844,1899,1943,1972,2020,2056,1958,1975,1932,1742,1738,1669,1768,1811,1908,1877,1856,1864,2004,1826,1925,1890,1857,1755,1735,1669,1585,1497,1581,1536,1336,1327,1308,1177,929,957,799,680,505,450,574,477,460,453,402,330,301,249,212,196,164,115,100,95,57,46,30,18,23,4,19,-
"113年 9月/ 嘉義市/ 女",136659,599,643,817,814,854,1044,1102,1090,1321,1298,1183,1274,1385,1183,1076,1163,1189,1205,1271,1239,1283,1378,1459,1610,1778,1627,1649,1901,1905,1762,1699,1703,1639,1587,1674,1662,1631,1623,1771,1898,1956,2084,2222,2365,2211,2241,2309,2321,2315,2120,2082,2026,2111,2179,2227,2147,2199,2091,2149,2055,2071,2113,2103,2057,1943,1889,1790,1707,1858,1722,1613,1492,1611,1548,1214,1250,1041,921,670,702,801,722,736,644,624,536,485,465,389,357,281,233,161,120,107,97,69,36,37,17,28,-
"113年 9月/ 金門縣/ 性別總計",143774,628,645,700,768,760,795,724,782,816,820,772,785,820,805,762,869,910,962,1399,1625,1685,1885,1786,2075,2159,1990,2052,2435,2537,2453,2462,2323,2222,2094,2193,2109,2096,1953,1889,2052,2084,2039,2032,2052,1882,2085,2033,2042,2092,1992,2094,2143,2227,2469,2511,2580,2501,2794,2691,2742,2902,2771,2619,2420,2656,2177,2405,1999,2257,1716,1798,1448,1390,1189,850,887,738,605,558,530,602,543,506,439,413,380,383,368,262,233,232,195,140,114,91,80,47,37,40,22,50,-
"113年 9月/ 金門縣/ 男",71318,336,341,360,408,386,415,359,401,417,432,402,412,427,435,396,434,481,508,733,819,845,1000,894,1087,1065,1020,1026,1253,1275,1216,1236,1186,1137,1030,1135,1064,1065,1030,926,992,1037,1019,1005,991,925,990,902,961,991,911,1042,1057,1090,1251,1285,1270,1207,1309,1327,1340,1404,1323,1324,1234,1348,1143,1209,998,1116,850,901,710,680,577,405,446,359,299,269,257,292,256,242,208,176,168,158,173,92,97,90,71,45,33,17,14,11,9,5,5,10,-
"113年 9月/ 金門縣/ 女",72456,292,304,340,360,374,380,365,381,399,388,370,373,393,370,366,435,429,454,666,806,840,885,892,988,1094,970,1026,1182,1262,1237,1226,1137,1085,1064,1058,1045,1031,923,963,1060,1047,1020,1027,1061,957,1095,1131,1081,1101,1081,1052,1086,1137,1218,1226,1310,1294,1485,1364,1402,1498,1448,1295,1186,1308,1034,1196,1001,1141,866,897,738,710,612,445,441,379,306,289,273,310,287,264,231,237,212,225,195,170,136,142,124,95,81,74,66,36,28,35,17,40,-
"113年 9月/ 連江縣/ 性別總計",13975,94,97,80,95,98,114,79,88,97,94,93,84,97,99,87,103,95,105,115,149,111,184,168,185,241,232,202,264,283,219,251,285,249,280,216,235,201,174,193,206,187,199,210,207,234,229,186,203,201,219,216,218,224,235,228,203,194,250,241,244,220,250,219,201,223,208,193,174,174,173,139,141,105,91,94,80,83,74,49,40,38,31,40,23,30,27,30,25,20,17,18,14,12,9,5,11,4,3,4,3,10,-
"113年 9月/ 連江縣/ 男",8057,60,60,41,58,46,60,47,46,58,45,46,42,55,51,48,60,50,58,65,85,63,92,106,101,160,147,122,160,167,130,130,175,156,179,115,134,123,101,112,120,112,115,118,112,138,131,107,93,114,122,128,124,130,140,143,123,119,154,143,149,127,148,132,115,140,133,107,101,84,109,78,87,58,52,55,40,32,42,25,26,28,14,16,13,18,13,13,12,11,7,5,4,4,4,1,4,2,1,2,2,3,-
"113年 9月/ 連江縣/ 女",5918,34,37,39,37,52,54,32,42,39,49,47,42,42,48,39,43,45,47,50,64,48,92,62,84,81,85,80,104,116,89,121,110,93,101,101,101,78,73,81,86,75,84,92,95,96,98,79,110,87,97,88,94,94,95,85,80,75,96,98,95,93,102,87,86,83,75,86,73,90,64,61,54,47,39,39,40,51,32,24,14,10,17,24,10,12,14,17,13,9,10,13,10,8,5,4,7,2,2,2,1,7,-
"113年 10月/ 區域別總計/ 性別總計",23402804,128868,138950,144865,160767,167631,180326,185668,200752,212232,215478,210143,207133,229324,194717,172870,196708,202123,203185,207138,209620,219090,229902,245405,267354,298043,277593,277534,322276,321252,319445,319912,322428,317877,315621,329303,314636,325825,307465,310249,344015,366425,381583,402367,412200,402449,410762,397096,387692,398643,348766,349296,344915,343464,354176,361211,357481,357064,345673,354096,358517,356793,363009,355719,344968,341503,337502,318929,302207,313328,304707,277835,266092,259044,252057,205030,193211,159786,136545,106299,96631,108944,103490,96808,91504,84378,73662,63307,55576,47127,41367,33551,27995,23396,19285,15437,11408,8419,6132,4330,2748,5146,-
"113年 10月/ 區域別總計/ 男",11529787,66533,71810,75104,82925,86982,93283,96000,103778,110069,111857,108596,107030,118684,100929,90303,102186,105652,105866,108198,108951,114872,120110,127851,138757,155444,144357,143605,167075,166063,164597,165561,166002,164792,163716,170210,161478,166483,156055,156164,171076,182460,188860,197847,202814,197348,201732,194605,189391,194947,169323,169813,167876,166278,172130,175814,174180,174264,168349,171874,173724,172802,174748,171291,165951,163110,160819,151280,142753,147557,143194,129855,123420,119713,115740,93975,87591,72182,61081,46869,41985,46862,44086,40444,38071,33698,28912,24292,20919,17411,15144,12120,10475,8994,7660,6312,4666,3485,2492,1784,1210,2201,-
"113年 10月/ 區域別總計/ 女",11873017,62335,67140,69761,77842,80649,87043,89668,96974,102163,103621,101547,100103,110640,93788,82567,94522,96471,97319,98940,100669,104218,109792,117554,128597,142599,133236,133929,155201,155189,154848,154351,156426,153085,151905,159093,153158,159342,151410,154085,172939,183965,192723,204520,209386,205101,209030,202491,198301,203696,179443,179483,177039,177186,182046,185397,183301,182800,177324,182222,184793,183991,188261,184428,179017,178393,176683,167649,159454,165771,161513,147980,142672,139331,136317,111055,105620,87604,75464,59430,54646,62082,59404,56364,53433,50680,44750,39015,34657,29716,26223,21431,17520,14402,11625,9125,6742,4934,3640,2546,1538,2945,-
"113年 10月/ 新北市/ 性別總計",4046986,17662,21607,23543,25863,27164,29192,30422,33173,35201,35737,34783,33861,37727,32394,28615,33006,33961,34069,34764,34522,36433,38097,40483,44755,49799,46477,46320,53770,53761,54126,54523,55646,55443,55238,58069,55258,57192,53839,54396,60883,64553,67661,71843,73887,72459,74587,72225,70507,72213,63296,63336,62384,61332,62855,64148,63075,62583,60711,62124,63730,63380,65320,63275,61502,60877,60892,57773,54543,57427,55629,50277,48668,47093,44569,36271,33713,27114,23304,17316,15630,17211,15923,14368,13422,12002,10061,8412,7273,6061,5292,4195,3491,3013,2508,2094,1591,1238,876,652,489,958,-
"113年 10月/ 新北市/ 男",1965775,9048,11106,12189,13257,14031,15025,15640,16991,18217,18551,17901,17563,19479,16695,14952,17132,17752,17751,18245,17911,19232,20031,21060,23351,25996,24038,23906,27851,27754,27867,28200,28799,28756,28780,29967,28314,29143,27043,27237,30333,32142,33310,35120,36229,35391,36431,35070,33975,35154,30301,30411,30015,29281,30092,30360,29676,29342,28313,28523,29300,29220,29859,29035,28214,27737,27561,26120,24600,26025,25250,22612,21865,21088,20161,16309,14995,12129,10359,7627,6840,7446,6815,5894,5520,4692,3790,3114,2646,2162,1868,1505,1344,1238,1046,930,716,554,368,283,237,471,-
"113年 10月/ 新北市/ 女",2081211,8614,10501,11354,12606,13133,14167,14782,16182,16984,17186,16882,16298,18248,15699,13663,15874,16209,16318,16519,16611,17201,18066,19423,21404,23803,22439,22414,25919,26007,26259,26323,26847,26687,26458,28102,26944,28049,26796,27159,30550,32411,34351,36723,37658,37068,38156,37155,36532,37059,32995,32925,32369,32051,32763,33788,33399,33241,32398,33601,34430,34160,35461,34240,33288,33140,33331,31653,29943,31402,30379,27665,26803,26005,24408,19962,18718,14985,12945,9689,8790,9765,9108,8474,7902,7310,6271,5298,4627,3899,3424,2690,2147,1775,1462,1164,875,684,508,369,252,487,-
"113年 10月/ 臺北市/ 性別總計",2495096,14795,14556,14908,16829,17873,19394,19811,21720,23727,24445,24385,24179,25881,21991,19503,20633,20509,20073,19049,18690,19263,19904,21110,22940,25824,24422,24600,28307,28580,29022,29286,29610,29544,30112,32163,31346,32803,31535,32325,35959,38216,39980,42443,43479,41906,42996,40947,39791,41930,36170,36708,35564,35638,37100,37687,37487,37115,35653,36755,37631,37486,38392,37359,36557,37757,37931,37275,35908,37671,37076,34497,33933,33594,32744,28112,26683,22057,19723,14846,13012,14614,13727,12825,11847,10954,9646,8417,7274,6257,5602,4639,4035,3578,2992,2420,1901,1454,1095,778,497,1129,-
"113年 10月/ 臺北市/ 男",1176891,7626,7451,7649,8605,9351,9869,10306,11133,12351,12605,12502,12490,13315,11373,10133,10678,10685,10352,9845,9806,10032,10269,10889,11768,13349,12581,12539,14290,14249,14437,14651,14476,14399,14770,15557,14958,15357,14875,14941,16631,17888,18809,19794,20224,19500,19917,19153,18523,19353,16561,17075,16747,16391,16971,17300,17155,17015,16325,16832,17297,17242,17486,16919,16746,17156,17049,16853,16062,17035,16858,15848,15343,14972,14658,12321,11918,9774,8696,6542,5616,6156,5736,5348,4767,4210,3706,3083,2685,2218,1975,1708,1552,1374,1261,1070,801,622,473,340,229,510,-
"113年 10月/ 臺北市/ 女",1318205,7169,7105,7259,8224,8522,9525,9505,10587,11376,11840,11883,11689,12566,10618,9370,9955,9824,9721,9204,8884,9231,9635,10221,11172,12475,11841,12061,14017,14331,14585,14635,15134,15145,15342,16606,16388,17446,16660,17384,19328,20328,21171,22649,23255,22406,23079,21794,21268,22577,19609,19633,18817,19247,20129,20387,20332,20100,19328,19923,20334,20244,20906,20440,19811,20601,20882,20422,19846,20636,20218,18649,18590,18622,18086,15791,14765,12283,11027,8304,7396,8458,7991,7477,7080,6744,5940,5334,4589,4039,3627,2931,2483,2204,1731,1350,1100,832,622,438,268,619,-
"113年 10月/ 桃園市/ 性別總計",2334948,15923,17327,17492,19123,19763,21304,21155,23000,23841,24064,23540,22749,25340,21728,18613,21466,22246,22177,22324,22646,23428,24392,26383,28371,31601,29273,29223,33984,33854,33931,34367,34655,34495,34224,35911,34421,35152,32727,32870,36151,38914,40476,43045,43606,41938,42161,40622,39073,40245,34711,34843,33994,33919,34669,34938,34332,33562,32421,32853,33700,32761,33291,31756,30263,30295,30122,28339,26702,27715,26654,24189,22923,22298,20818,16734,15599,12363,10560,8686,7437,8121,7727,7023,6431,5976,5025,4298,3668,3238,2699,2227,1956,1720,1528,1270,987,760,495,366,268,404,-
"113年 10月/ 桃園市/ 男",1150177,8288,8841,8991,9951,10165,11131,10980,11854,12385,12522,12257,11846,13084,11224,9756,11134,11674,11632,11753,11826,12379,12729,13723,14686,16446,15166,15090,17399,17418,17287,17693,17479,17651,17519,18247,17471,17816,16404,16401,17771,19063,19968,20941,21358,20354,20599,20056,19066,19875,16764,16825,16552,16256,16834,16870,16654,16156,15499,15704,16119,15649,15789,15181,14203,14378,14273,13288,12429,12878,12422,11056,10481,10315,9374,7622,7007,5450,4677,3838,3156,3421,3195,2877,2649,2329,1916,1619,1319,1174,961,859,853,810,774,672,518,417,249,185,131,201,-
"113年 10月/ 桃園市/ 女",1184771,7635,8486,8501,9172,9598,10173,10175,11146,11456,11542,11283,10903,12256,10504,8857,10332,10572,10545,10571,10820,11049,11663,12660,13685,15155,14107,14133,16585,16436,16644,16674,17176,16844,16705,17664,16950,17336,16323,16469,18380,19851,20508,22104,22248,21584,21562,20566,20007,20370,17947,18018,17442,17663,17835,18068,17678,17406,16922,17149,17581,17112,17502,16575,16060,15917,15849,15051,14273,14837,14232,13133,12442,11983,11444,9112,8592,6913,5883,4848,4281,4700,4532,4146,3782,3647,3109,2679,2349,2064,1738,1368,1103,910,754,598,469,343,246,181,137,203,-
"113年 10月/ 臺中市/ 性別總計",2856855,16428,18755,19819,22033,22611,24851,25897,27937,29302,29446,28434,27899,31040,25992,23014,25845,26686,26985,26823,26828,28056,29265,31732,34511,38192,36441,35792,42357,42076,41591,41336,42059,41477,41181,43072,40869,42308,40140,40132,44781,46785,48384,50516,51726,50236,50864,48893,47161,47967,41527,41265,41172,41039,41983,42813,42209,42931,40823,41540,41828,41689,41617,40704,39059,38677,38235,35333,33735,34316,33630,30960,28728,27590,26757,21932,19853,16105,13851,10938,9822,10647,10004,9533,8848,8111,7114,5945,5349,4369,3747,2962,2588,2123,1640,1352,1000,738,575,369,233,422,-
"113年 10月/ 臺中市/ 男",1395310,8430,9868,10333,11338,11748,12910,13298,14583,15156,15375,14664,14431,16027,13436,12046,13487,13834,13868,13949,13930,14465,15228,16318,17777,19699,18925,18287,21915,21533,21095,21228,21247,21224,21113,21727,20748,21446,20070,19902,22043,23028,23556,24595,25371,24285,24866,23544,22757,22857,19671,19641,19416,19122,19551,20065,19911,20275,19059,19646,19635,19519,19313,19201,18422,18162,17790,16558,15797,15974,15720,14214,13257,12734,12217,10080,9099,7340,6174,4720,4242,4499,4214,3962,3631,3267,2822,2249,2015,1642,1345,1081,960,782,685,570,439,312,251,181,120,198,-
"113年 10月/ 臺中市/ 女",1461545,7998,8887,9486,10695,10863,11941,12599,13354,14146,14071,13770,13468,15013,12556,10968,12358,12852,13117,12874,12898,13591,14037,15414,16734,18493,17516,17505,20442,20543,20496,20108,20812,20253,20068,21345,20121,20862,20070,20230,22738,23757,24828,25921,26355,25951,25998,25349,24404,25110,21856,21624,21756,21917,22432,22748,22298,22656,21764,21894,22193,22170,22304,21503,20637,20515,20445,18775,17938,18342,17910,16746,15471,14856,14540,11852,10754,8765,7677,6218,5580,6148,5790,5571,5217,4844,4292,3696,3334,2727,2402,1881,1628,1341,955,782,561,426,324,188,113,224,-
"113年 10月/ 臺南市/ 性別總計",1858882,8945,9910,10540,11885,12708,13774,14503,15525,16205,16964,16170,16187,18140,14684,12970,15329,15550,15503,15583,15816,16281,17193,18149,20367,22701,20998,21225,24764,24663,24880,25104,25375,24599,24995,25844,25452,26381,24969,25157,28216,30029,31254,32920,33561,32532,33155,32052,31148,31909,27530,27143,26876,26510,27473,28513,28471,28758,27935,29128,29167,29292,29852,29757,29587,28567,28237,26312,25101,25503,24457,21984,21080,20239,20613,15839,15463,13196,10348,8001,7474,8912,8404,7685,7635,6987,6182,5391,4863,4168,3886,3223,2393,2023,1755,1363,914,671,450,303,190,314,-
"113年 10月/ 臺南市/ 男",921875,4628,5119,5532,6235,6625,7112,7474,8005,8533,8783,8280,8246,9412,7692,6810,7840,8107,8071,8118,8227,8426,8958,9536,10488,11849,10948,11191,13000,12814,12974,13034,13106,12816,13016,13479,13235,13680,12763,12757,14074,15013,15601,16044,16719,16156,16632,16143,15390,15751,13402,13367,12947,12797,13462,13820,13877,14056,13564,14287,14207,14328,14624,14499,14425,13828,13840,12790,12372,12409,11685,10572,10016,9651,9751,7427,7162,6057,4611,3570,3302,3760,3608,3190,3164,2828,2410,2084,1838,1585,1437,1141,843,730,644,495,331,235,147,101,75,82,-
"113年 10月/ 臺南市/ 女",937007,4317,4791,5008,5650,6083,6662,7029,7520,7672,8181,7890,7941,8728,6992,6160,7489,7443,7432,7465,7589,7855,8235,8613,9879,10852,10050,10034,11764,11849,11906,12070,12269,11783,11979,12365,12217,12701,12206,12400,14142,15016,15653,16876,16842,16376,16523,15909,15758,16158,14128,13776,13929,13713,14011,14693,14594,14702,14371,14841,14960,14964,15228,15258,15162,14739,14397,13522,12729,13094,12772,11412,11064,10588,10862,8412,8301,7139,5737,4431,4172,5152,4796,4495,4471,4159,3772,3307,3025,2583,2449,2082,1550,1293,1111,868,583,436,303,202,115,232,-
"113年 10月/ 高雄市/ 性別總計",2732139,14778,15875,16374,17937,18385,19617,20287,21852,22932,23446,22679,22543,24863,20940,18380,21892,22573,22655,23214,23706,24305,25808,27428,29919,34714,31708,31584,37134,37096,36894,37159,36955,36665,36255,38195,35721,37664,34820,35071,39251,41836,43752,46133,47534,47416,48570,47186,46961,48489,42773,42752,42263,41923,42772,43776,42727,43098,41174,42194,41884,41907,42045,42171,40887,40268,39631,38744,37038,38443,37830,34535,33522,32526,32681,26194,24361,20740,16625,12871,11882,13387,12454,11275,10613,9543,8348,6884,5936,4772,4312,3366,2770,2245,1920,1497,1058,787,528,403,232,421,-
"113年 10月/ 高雄市/ 男",1338054,7626,8252,8520,9179,9487,10091,10522,11302,11893,12237,11813,11465,12919,10904,9491,11309,11686,11845,12076,12275,12711,13323,14294,15514,18034,16326,16222,19121,19139,18965,19211,19098,18862,18769,19766,18192,19191,17649,17716,19684,20810,21622,22775,23304,23301,23693,23066,22866,23646,20769,20645,20440,20294,20686,21421,20698,21091,20172,20294,20330,20237,20084,20017,19290,18796,18610,17968,17147,17666,17255,15898,15259,14672,14694,11819,10888,9187,7475,5573,5108,5785,5302,4733,4440,3733,3274,2597,2186,1754,1629,1263,1077,934,806,697,476,370,268,175,120,190,-
"113年 10月/ 高雄市/ 女",1394085,7152,7623,7854,8758,8898,9526,9765,10550,11039,11209,10866,11078,11944,10036,8889,10583,10887,10810,11138,11431,11594,12485,13134,14405,16680,15382,15362,18013,17957,17929,17948,17857,17803,17486,18429,17529,18473,17171,17355,19567,21026,22130,23358,24230,24115,24877,24120,24095,24843,22004,22107,21823,21629,22086,22355,22029,22007,21002,21900,21554,21670,21961,22154,21597,21472,21021,20776,19891,20777,20575,18637,18263,17854,17987,14375,13473,11553,9150,7298,6774,7602,7152,6542,6173,5810,5074,4287,3750,3018,2683,2103,1693,1311,1114,800,582,417,260,228,112,231,-
"113年 10月/ 宜蘭縣/ 性別總計",449223,2339,2487,2609,3050,3140,3289,3427,3704,3906,3713,3709,3841,4100,3565,3269,3822,3681,3732,3934,4114,4373,4565,4798,5293,5877,5511,5754,6667,6625,6539,6424,6522,6336,6083,6190,5986,5918,5545,5551,6029,6495,6614,6949,7232,6942,7092,6875,6891,7088,6430,6587,6650,6581,6833,7315,7293,7268,6951,7024,7283,7240,7381,7310,7008,6928,6627,6048,5744,6031,5856,5092,5014,4719,4556,3653,3454,2861,2497,2079,2070,2391,2408,2329,2286,2176,1801,1719,1467,1248,1041,883,682,559,458,378,255,180,147,87,59,91,-
"113年 10月/ 宜蘭縣/ 男",225204,1203,1294,1330,1603,1590,1682,1747,1928,1984,1947,1921,2032,2134,1872,1662,1990,1915,1892,2049,2115,2305,2347,2484,2724,3094,2930,2954,3513,3532,3414,3353,3395,3405,3191,3327,3159,3140,2877,2918,3076,3231,3382,3508,3572,3479,3527,3432,3429,3538,3132,3216,3312,3308,3451,3625,3818,3635,3533,3529,3673,3598,3745,3609,3510,3385,3277,2924,2870,2981,2861,2423,2394,2205,2186,1716,1590,1329,1158,995,888,1073,1068,984,980,890,744,685,555,482,394,340,235,197,156,138,89,61,55,29,20,27,-
"113年 10月/ 宜蘭縣/ 女",224019,1136,1193,1279,1447,1550,1607,1680,1776,1922,1766,1788,1809,1966,1693,1607,1832,1766,1840,1885,1999,2068,2218,2314,2569,2783,2581,2800,3154,3093,3125,3071,3127,2931,2892,2863,2827,2778,2668,2633,2953,3264,3232,3441,3660,3463,3565,3443,3462,3550,3298,3371,3338,3273,3382,3690,3475,3633,3418,3495,3610,3642,3636,3701,3498,3543,3350,3124,2874,3050,2995,2669,2620,2514,2370,1937,1864,1532,1339,1084,1182,1318,1340,1345,1306,1286,1057,1034,912,766,647,543,447,362,302,240,166,119,92,58,39,64,-
"113年 10月/ 新竹縣/ 性別總計",593603,3915,4701,4968,5562,5703,5989,6164,6671,6960,7015,6897,6627,7373,6190,5443,6206,6230,6223,6127,6036,6248,6408,6701,7164,7563,7082,7075,8093,8254,8186,8444,8387,8396,8537,9007,8459,8695,8279,8428,9285,9997,10407,11205,11316,10977,11212,10690,10352,10797,9017,9354,9096,8699,8862,8859,8490,8105,7804,7993,8020,7719,7798,7592,7250,6933,6558,6094,5684,5837,5452,4961,4623,4590,4361,3628,3419,2749,2431,2079,1927,2264,2224,2108,2121,1971,1709,1517,1342,1119,1011,772,651,525,426,345,249,215,152,93,65,96,-
"113年 10月/ 新竹縣/ 男",302110,2009,2432,2585,2832,2939,3128,3265,3440,3667,3646,3547,3353,3723,3278,2836,3255,3293,3246,3166,3211,3275,3356,3613,3760,3948,3760,3740,4265,4401,4254,4455,4507,4579,4550,4871,4438,4546,4319,4351,4673,5056,5165,5610,5632,5375,5491,5186,5050,5369,4508,4669,4603,4401,4477,4490,4365,4135,3976,4154,4129,3941,3964,3882,3740,3576,3402,3126,2881,2953,2713,2424,2250,2189,2090,1729,1616,1310,1113,967,898,1013,984,922,954,883,726,651,573,447,393,299,254,224,181,151,106,71,58,43,22,38,-
"113年 10月/ 新竹縣/ 女",291493,1906,2269,2383,2730,2764,2861,2899,3231,3293,3369,3350,3274,3650,2912,2607,2951,2937,2977,2961,2825,2973,3052,3088,3404,3615,3322,3335,3828,3853,3932,3989,3880,3817,3987,4136,4021,4149,3960,4077,4612,4941,5242,5595,5684,5602,5721,5504,5302,5428,4509,4685,4493,4298,4385,4369,4125,3970,3828,3839,3891,3778,3834,3710,3510,3357,3156,2968,2803,2884,2739,2537,2373,2401,2271,1899,1803,1439,1318,1112,1029,1251,1240,1186,1167,1088,983,866,769,672,618,473,397,301,245,194,143,144,94,50,43,58,-
"113年 10月/ 苗栗縣/ 性別總計",533067,2307,2516,2719,3159,3488,3924,4256,4602,4901,5122,4883,4821,5338,4568,3932,4552,4774,4920,5002,5135,5445,5690,6101,6508,6918,6599,6283,7549,7553,7383,7359,7410,7361,7101,7343,7107,7290,6948,7081,7690,8340,8793,9258,9173,8938,9146,8652,8273,8370,7526,7556,7593,7597,7990,8068,8029,8011,7635,7984,8024,8211,8580,8205,8212,7892,7875,6869,6768,6659,6518,5986,5566,5618,5224,4416,4136,3413,3146,2577,2499,2736,2698,2689,2525,2406,2081,1884,1753,1370,1259,1051,811,762,582,425,327,260,188,124,57,115,-
"113年 10月/ 苗栗縣/ 男",273959,1176,1316,1403,1622,1814,2049,2179,2408,2547,2642,2485,2478,2747,2364,2070,2381,2492,2598,2590,2715,2910,3096,3322,3414,3637,3481,3387,4020,3963,4040,4031,4080,4047,3888,4023,3902,3897,3720,3773,4022,4291,4560,4740,4747,4514,4612,4351,4247,4243,3849,3940,3932,3885,4163,4197,4208,4209,3999,4127,4191,4244,4390,4226,4227,4053,4057,3475,3510,3386,3341,2963,2713,2726,2428,2123,1944,1584,1456,1195,1143,1268,1144,1207,1136,1030,902,787,713,570,521,399,325,277,235,168,114,90,58,49,15,33,-
"113年 10月/ 苗栗縣/ 女",259108,1131,1200,1316,1537,1674,1875,2077,2194,2354,2480,2398,2343,2591,2204,1862,2171,2282,2322,2412,2420,2535,2594,2779,3094,3281,3118,2896,3529,3590,3343,3328,3330,3314,3213,3320,3205,3393,3228,3308,3668,4049,4233,4518,4426,4424,4534,4301,4026,4127,3677,3616,3661,3712,3827,3871,3821,3802,3636,3857,3833,3967,4190,3979,3985,3839,3818,3394,3258,3273,3177,3023,2853,2892,2796,2293,2192,1829,1690,1382,1356,1468,1554,1482,1389,1376,1179,1097,1040,800,738,652,486,485,347,257,213,170,130,75,42,82,-
"113年 10月/ 彰化縣/ 性別總計",1227436,7876,8233,8074,8818,9074,9215,9230,10076,10717,10625,10611,10322,11551,10049,9026,10453,10754,10997,11718,11986,13007,13470,14377,15393,16918,15919,15854,17790,17504,17014,16944,17406,17034,16495,17149,16535,17081,16450,16409,18187,19315,19781,20554,21060,20420,20889,20211,19698,19515,17655,17267,16826,16636,17242,17333,17516,17469,17517,17771,18146,18397,18571,18320,18223,17360,17204,16617,14646,16119,15282,13858,13246,12848,12870,10550,10024,8313,7456,5488,5199,6156,6117,5797,5569,5292,4784,4075,3771,3324,2753,2353,1945,1592,1224,915,648,431,330,238,139,230,-
"113年 10月/ 彰化縣/ 男",622113,4069,4246,4187,4572,4764,4811,4811,5282,5538,5500,5535,5410,6022,5240,4731,5517,5608,5857,6261,6137,6900,7085,7516,8017,8907,8311,8174,9264,9212,8834,8742,9019,8971,8621,9147,8715,8982,8646,8564,9335,9995,9987,10458,10776,10404,10576,10347,10102,9998,9121,8769,8607,8484,8843,8938,9049,9047,8912,9172,9343,9272,9526,9389,9307,8627,8634,8440,7241,7981,7573,6718,6367,6255,6182,5039,4620,3869,3442,2451,2295,2760,2690,2494,2430,2161,1928,1595,1450,1219,985,758,678,521,376,282,186,137,88,64,37,58,-
"113年 10月/ 彰化縣/ 女",605323,3807,3987,3887,4246,4310,4404,4419,4794,5179,5125,5076,4912,5529,4809,4295,4936,5146,5140,5457,5849,6107,6385,6861,7376,8011,7608,7680,8526,8292,8180,8202,8387,8063,7874,8002,7820,8099,7804,7845,8852,9320,9794,10096,10284,10016,10313,9864,9596,9517,8534,8498,8219,8152,8399,8395,8467,8422,8605,8599,8803,9125,9045,8931,8916,8733,8570,8177,7405,8138,7709,7140,6879,6593,6688,5511,5404,4444,4014,3037,2904,3396,3427,3303,3139,3131,2856,2480,2321,2105,1768,1595,1267,1071,848,633,462,294,242,174,102,172,-
"113年 10月/ 南投縣/ 性別總計",472978,2184,2423,2491,2761,2921,3054,3293,3477,3693,3728,3543,3579,4073,3527,3258,3593,3756,3928,4179,4365,4667,4862,5330,5764,6211,5901,5976,6823,6642,6510,6736,6560,6325,6135,6252,5932,5975,5792,5644,6336,6661,6914,7119,7423,7317,7403,6975,6978,7269,6390,6398,6455,6762,7103,7403,7569,7575,7532,7738,7870,7858,8319,8118,7830,7752,7618,6877,6498,6670,6609,6067,5578,5636,5313,4548,4199,3632,2947,2557,2333,2548,2465,2630,2518,2331,2134,1779,1568,1391,1203,960,872,702,513,437,291,192,157,103,65,107,-
"113年 10月/ 南投縣/ 男",240572,1160,1238,1310,1445,1536,1601,1695,1797,1952,1892,1869,1854,2137,1821,1707,1836,1954,2029,2176,2233,2424,2531,2806,3006,3294,3110,3163,3554,3461,3421,3558,3542,3468,3355,3364,3286,3250,3150,3048,3304,3535,3643,3673,3841,3718,3824,3576,3491,3744,3253,3158,3173,3427,3631,3740,3866,3940,3832,4012,3979,4035,4209,4086,3952,3964,3858,3435,3276,3313,3264,3100,2740,2777,2497,2234,1963,1686,1362,1146,1028,1121,1077,1175,1032,969,878,754,610,536,464,364,310,280,203,145,105,66,63,37,24,41,-
"113年 10月/ 南投縣/ 女",232406,1024,1185,1181,1316,1385,1453,1598,1680,1741,1836,1674,1725,1936,1706,1551,1757,1802,1899,2003,2132,2243,2331,2524,2758,2917,2791,2813,3269,3181,3089,3178,3018,2857,2780,2888,2646,2725,2642,2596,3032,3126,3271,3446,3582,3599,3579,3399,3487,3525,3137,3240,3282,3335,3472,3663,3703,3635,3700,3726,3891,3823,4110,4032,3878,3788,3760,3442,3222,3357,3345,2967,2838,2859,2816,2314,2236,1946,1585,1411,1305,1427,1388,1455,1486,1362,1256,1025,958,855,739,596,562,422,310,292,186,126,94,66,41,66,-
"113年 10月/ 雲林縣/ 性別總計",658979,5318,3427,3500,3983,4146,4424,4414,4800,4995,5036,5110,5076,5818,5103,4616,5254,5593,5737,6037,6379,6755,7255,7643,8308,9197,8504,8360,9587,9118,9056,8630,8300,8096,7857,8219,7842,8227,7967,8194,8977,9496,10160,10459,10729,10844,11167,10900,10813,11119,9854,9634,9555,9472,9845,10129,10108,10138,10178,10256,10381,10131,10653,10272,9861,9451,9490,8711,7861,8614,8273,7526,7131,7203,7538,5585,5944,4886,4526,3872,3430,3919,4159,3752,3717,3540,3217,2850,2397,2081,1902,1505,1251,984,806,576,419,297,210,148,76,120,-
"113年 10月/ 雲林縣/ 男",338882,2785,1793,1855,2021,2134,2332,2304,2449,2577,2545,2637,2636,3004,2554,2427,2792,2921,3047,3176,3302,3599,3827,3940,4388,4857,4465,4382,5046,4758,4788,4523,4319,4291,4175,4524,4198,4321,4285,4283,4641,4910,5194,5404,5386,5544,5719,5504,5567,5716,5134,4988,5007,4898,5306,5509,5576,5589,5712,5673,5669,5674,5835,5600,5305,5087,5029,4623,4072,4389,4212,3730,3566,3570,3688,2742,2773,2282,2029,1690,1504,1664,1759,1556,1560,1437,1294,1071,897,737,649,481,414,323,230,173,111,90,55,31,20,24,-
"113年 10月/ 雲林縣/ 女",320097,2533,1634,1645,1962,2012,2092,2110,2351,2418,2491,2473,2440,2814,2549,2189,2462,2672,2690,2861,3077,3156,3428,3703,3920,4340,4039,3978,4541,4360,4268,4107,3981,3805,3682,3695,3644,3906,3682,3911,4336,4586,4966,5055,5343,5300,5448,5396,5246,5403,4720,4646,4548,4574,4539,4620,4532,4549,4466,4583,4712,4457,4818,4672,4556,4364,4461,4088,3789,4225,4061,3796,3565,3633,3850,2843,3171,2604,2497,2182,1926,2255,2400,2196,2157,2103,1923,1779,1500,1344,1253,1024,837,661,576,403,308,207,155,117,56,96,-
"113年 10月/ 嘉義縣/ 性別總計",479630,2164,2255,2221,2456,2606,2569,2554,2885,2958,2930,2858,2917,3183,2944,2827,3286,3526,3696,4114,4399,4703,5141,5599,6098,6673,5977,6234,6948,6785,6461,6493,6368,5973,5981,6046,5549,5720,5573,5527,6144,6611,6814,7126,7472,7264,7358,7416,7378,7460,6752,6876,7231,7054,7533,7820,7719,7990,7876,8335,8225,8262,8376,8503,8221,8020,7802,7210,6597,6830,6683,6088,5933,5761,5827,4621,4642,3944,3260,2597,2653,3018,2918,2906,2891,2758,2623,2212,1935,1761,1521,1259,1074,853,708,577,388,262,186,122,63,114,-
"113年 10月/ 嘉義縣/ 男",248164,1131,1172,1151,1260,1329,1319,1313,1447,1528,1545,1504,1509,1688,1517,1511,1746,1845,1964,2166,2290,2447,2708,2931,3199,3576,3166,3265,3718,3613,3459,3525,3466,3229,3259,3340,3055,3171,3054,3046,3316,3523,3603,3727,3759,3715,3787,3747,3778,3818,3427,3470,3727,3718,3905,4272,4079,4320,4373,4498,4475,4566,4579,4645,4467,4399,4128,3845,3535,3575,3469,3112,2951,2944,2855,2291,2203,1805,1491,1140,1160,1298,1241,1216,1191,1087,1045,919,729,659,593,390,360,291,238,178,140,74,58,38,22,38,-
"113年 10月/ 嘉義縣/ 女",231466,1033,1083,1070,1196,1277,1250,1241,1438,1430,1385,1354,1408,1495,1427,1316,1540,1681,1732,1948,2109,2256,2433,2668,2899,3097,2811,2969,3230,3172,3002,2968,2902,2744,2722,2706,2494,2549,2519,2481,2828,3088,3211,3399,3713,3549,3571,3669,3600,3642,3325,3406,3504,3336,3628,3548,3640,3670,3503,3837,3750,3696,3797,3858,3754,3621,3674,3365,3062,3255,3214,2976,2982,2817,2972,2330,2439,2139,1769,1457,1493,1720,1677,1690,1700,1671,1578,1293,1206,1102,928,869,714,562,470,399,248,188,128,84,41,76,-
"113年 10月/ 屏東縣/ 性別總計",790021,4165,4164,4019,4695,4833,5320,5443,5845,5979,6088,5914,5764,6632,5434,5123,5570,5935,6176,6776,7098,7538,7991,8763,9470,10548,9606,10086,11665,11753,11508,11170,10945,10538,10200,10333,9952,10360,9452,9661,10422,11377,11680,12170,12611,12669,13013,12751,12557,13014,11369,11482,11484,11634,12382,12637,12702,13090,12653,13149,13082,13313,13084,13361,12762,12734,12328,11167,11073,10981,10853,10021,9579,9099,9244,7326,6877,6334,4943,4060,3655,4299,4026,4029,3874,3433,2954,2694,2316,1975,1660,1335,1101,816,669,512,387,221,193,102,74,117,-
"113年 10月/ 屏東縣/ 男",399701,2149,2121,2060,2457,2561,2705,2760,3096,3130,3208,3033,2958,3487,2828,2729,2889,3145,3201,3574,3631,3996,4148,4504,4863,5541,5067,5247,6188,6249,6106,5899,5794,5621,5446,5470,5303,5602,5049,5162,5400,5995,5991,6253,6460,6490,6747,6482,6406,6608,5805,5745,5749,5833,6274,6366,6467,6845,6630,6801,6634,6793,6618,6700,6403,6399,6132,5481,5283,5274,5199,4824,4530,4330,4406,3442,3147,2919,2202,1806,1591,1874,1791,1736,1659,1462,1223,1094,981,757,625,507,406,302,239,179,151,96,74,35,28,45,-
"113年 10月/ 屏東縣/ 女",390320,2016,2043,1959,2238,2272,2615,2683,2749,2849,2880,2881,2806,3145,2606,2394,2681,2790,2975,3202,3467,3542,3843,4259,4607,5007,4539,4839,5477,5504,5402,5271,5151,4917,4754,4863,4649,4758,4403,4499,5022,5382,5689,5917,6151,6179,6266,6269,6151,6406,5564,5737,5735,5801,6108,6271,6235,6245,6023,6348,6448,6520,6466,6661,6359,6335,6196,5686,5790,5707,5654,5197,5049,4769,4838,3884,3730,3415,2741,2254,2064,2425,2235,2293,2215,1971,1731,1600,1335,1218,1035,828,695,514,430,333,236,125,119,67,46,72,-
"113年 10月/ 臺東縣/ 性別總計",210281,1357,1321,1288,1387,1386,1448,1569,1578,1716,1639,1729,1631,1820,1617,1514,1595,1759,1802,1990,1942,2066,2232,2416,2546,2860,2657,2710,3027,2984,2895,2931,2833,2861,2777,2677,2573,2608,2421,2604,2624,2882,3115,3204,3218,3220,3224,3245,3179,3406,3080,3112,3302,3404,3532,3528,3472,3388,3553,3437,3520,3474,3511,3455,3142,3280,3085,2927,2826,2764,2828,2399,2401,2345,2273,1875,1768,1477,1429,1043,987,1083,1098,992,900,855,761,655,602,522,444,354,273,223,211,166,135,90,61,57,36,63,-
"113年 10月/ 臺東縣/ 男",107109,686,693,652,736,713,772,830,831,906,811,916,893,957,827,765,857,932,929,1053,1026,1100,1169,1228,1316,1513,1355,1382,1588,1505,1517,1595,1486,1519,1494,1468,1371,1395,1302,1367,1410,1489,1659,1669,1655,1681,1662,1652,1672,1713,1608,1633,1695,1794,1777,1913,1892,1755,1879,1821,1891,1800,1802,1766,1677,1622,1537,1465,1429,1356,1346,1128,1142,1055,1001,837,777,688,600,438,401,472,459,393,355,360,285,254,228,194,175,136,105,80,83,68,64,46,30,25,17,38,-
"113年 10月/ 臺東縣/ 女",103172,671,628,636,651,673,676,739,747,810,828,813,738,863,790,749,738,827,873,937,916,966,1063,1188,1230,1347,1302,1328,1439,1479,1378,1336,1347,1342,1283,1209,1202,1213,1119,1237,1214,1393,1456,1535,1563,1539,1562,1593,1507,1693,1472,1479,1607,1610,1755,1615,1580,1633,1674,1616,1629,1674,1709,1689,1465,1658,1548,1462,1397,1408,1482,1271,1259,1290,1272,1038,991,789,829,605,586,611,639,599,545,495,476,401,374,328,269,218,168,143,128,98,71,44,31,32,19,25,-
"113年 10月/ 花蓮縣/ 性別總計",315699,1680,1840,1983,2023,2103,2391,2357,2464,2638,2662,2576,2602,2690,2455,2300,2566,2611,2685,2738,2915,3040,3212,3426,3698,4083,3879,3998,4523,4586,4512,4441,4446,4294,4178,4087,3870,3934,3749,3793,4149,4468,4653,4866,5032,4844,4926,4920,4902,5107,4596,4743,4670,4942,5009,5116,5149,4995,4921,4882,5108,4986,5087,4996,5031,4965,4703,4574,4432,4471,4382,4015,3725,3500,3500,2954,2736,2136,2074,1663,1482,1596,1563,1574,1363,1268,1125,1000,857,753,662,509,487,326,294,281,168,117,113,93,30,82,-
"113年 10月/ 花蓮縣/ 男",158390,852,953,1066,1038,1115,1256,1230,1291,1348,1385,1359,1333,1435,1322,1216,1354,1368,1394,1449,1494,1599,1700,1786,1893,2140,2044,2155,2318,2422,2299,2304,2328,2286,2220,2154,2003,2061,2003,2000,2128,2286,2395,2484,2583,2470,2496,2523,2448,2536,2269,2362,2320,2427,2468,2577,2609,2570,2564,2510,2622,2513,2544,2489,2463,2428,2245,2219,2141,2214,2102,1977,1757,1626,1617,1351,1210,936,916,720,627,658,651,627,543,496,439,400,325,292,252,178,180,124,111,110,73,55,48,46,18,49,-
"113年 10月/ 花蓮縣/ 女",157309,828,887,917,985,988,1135,1127,1173,1290,1277,1217,1269,1255,1133,1084,1212,1243,1291,1289,1421,1441,1512,1640,1805,1943,1835,1843,2205,2164,2213,2137,2118,2008,1958,1933,1867,1873,1746,1793,2021,2182,2258,2382,2449,2374,2430,2397,2454,2571,2327,2381,2350,2515,2541,2539,2540,2425,2357,2372,2486,2473,2543,2507,2568,2537,2458,2355,2291,2257,2280,2038,1968,1874,1883,1603,1526,1200,1158,943,855,938,912,947,820,772,686,600,532,461,410,331,307,202,183,171,95,62,65,47,12,33,-
"113年 10月/ 澎湖縣/ 性別總計",107886,699,746,726,781,827,726,591,667,692,675,668,648,714,599,597,666,721,736,1109,1268,1312,1434,1359,1503,1672,1486,1503,1754,1593,1625,1559,1645,1629,1496,1519,1450,1620,1439,1416,1474,1639,1566,1647,1682,1690,1669,1623,1663,1670,1553,1639,1497,1615,1641,1596,1616,1730,1657,1682,1678,1705,1713,1735,1725,1659,1634,1545,1430,1417,1339,1208,1199,1187,1085,973,898,683,608,608,489,526,447,420,432,433,401,324,319,338,275,221,179,162,135,100,70,57,45,26,14,25,-
"113年 10月/ 澎湖縣/ 男",55177,344,371,356,412,430,375,302,382,351,362,351,355,378,302,304,341,379,380,602,685,730,816,739,831,916,818,802,959,840,850,810,914,864,801,821,744,844,745,749,751,857,815,793,809,818,818,826,825,801,775,808,800,830,852,830,834,893,890,865,896,880,906,899,877,851,836,799,742,744,683,590,569,561,525,458,425,326,271,274,229,232,208,174,193,168,153,136,131,127,103,81,65,52,51,35,25,22,16,7,5,7,-
"113年 10月/ 澎湖縣/ 女",52709,355,375,370,369,397,351,289,285,341,313,317,293,336,297,293,325,342,356,507,583,582,618,620,672,756,668,701,795,753,775,749,731,765,695,698,706,776,694,667,723,782,751,854,873,872,851,797,838,869,778,831,697,785,789,766,782,837,767,817,782,825,807,836,848,808,798,746,688,673,656,618,630,626,560,515,473,357,337,334,260,294,239,246,239,265,248,188,188,211,172,140,114,110,84,65,45,35,29,19,9,18,-
"113年 10月/ 基隆市/ 性別總計",361513,1322,1458,1678,1890,2130,2232,2465,2473,2837,2777,2564,2747,2950,2437,2371,2667,2705,2827,2918,2969,3076,3357,3599,4020,4862,4378,4438,5054,5313,5145,5016,5070,4950,5043,4940,4620,4832,4316,4357,4640,5015,5229,5734,5851,5596,5804,5772,5787,5973,5314,5511,5499,5702,5863,5927,6024,6117,5883,6140,6202,6151,6356,6226,6147,6031,6237,5686,5327,5507,5418,4801,4683,4725,4144,3627,3258,2672,2252,1431,1404,1778,1644,1575,1534,1490,1261,1041,878,755,612,530,456,342,280,212,176,131,106,74,53,116,-
"113年 10月/ 基隆市/ 男",179374,677,755,908,997,1092,1167,1263,1283,1420,1481,1291,1410,1517,1246,1236,1354,1442,1499,1479,1552,1638,1785,1894,2145,2512,2247,2293,2651,2825,2706,2595,2656,2668,2682,2629,2474,2544,2298,2235,2327,2665,2630,2909,2952,2790,2876,2777,2857,2980,2623,2727,2718,2821,2922,2861,2966,3048,2914,3035,2995,3049,3166,3003,3064,2843,3101,2675,2534,2589,2536,2250,2163,2178,1861,1673,1454,1243,1015,621,591,771,694,636,638,595,425,361,294,248,226,182,160,129,98,72,83,48,38,38,28,62,-
"113年 10月/ 基隆市/ 女",182139,645,703,770,893,1038,1065,1202,1190,1417,1296,1273,1337,1433,1191,1135,1313,1263,1328,1439,1417,1438,1572,1705,1875,2350,2131,2145,2403,2488,2439,2421,2414,2282,2361,2311,2146,2288,2018,2122,2313,2350,2599,2825,2899,2806,2928,2995,2930,2993,2691,2784,2781,2881,2941,3066,3058,3069,2969,3105,3207,3102,3190,3223,3083,3188,3136,3011,2793,2918,2882,2551,2520,2547,2283,1954,1804,1429,1237,810,813,1007,950,939,896,895,836,680,584,507,386,348,296,213,182,140,93,83,68,36,25,54,-
"113年 10月/ 新竹市/ 性別總計",457404,3079,3279,3581,3985,4154,4566,4768,5137,5492,5897,5741,5653,6148,5108,4461,4923,4990,4727,4726,4465,4556,4777,4975,5232,5593,5106,4991,5955,5935,5843,5777,6060,6039,6122,6405,6171,6462,6209,6263,7025,7728,8142,8780,9021,8932,8902,8541,8188,8414,7263,6863,6744,6768,6790,6672,6730,6325,5914,6004,6104,5808,5915,5868,5352,5402,5311,4969,4697,4645,4730,4414,4177,4044,3861,3105,2969,2454,2260,1739,1546,1751,1690,1581,1409,1366,1158,1019,885,732,664,518,436,409,300,249,210,171,122,95,57,115,-
"113年 10月/ 新竹市/ 男",225774,1626,1697,1868,2033,2192,2392,2494,2612,2800,3077,2973,2941,3171,2649,2317,2561,2712,2458,2463,2313,2354,2490,2637,2759,2890,2649,2582,3111,3072,3055,2983,3089,3134,3199,3319,3143,3262,3128,3116,3387,3700,3923,4295,4361,4314,4244,4154,3994,4143,3594,3452,3292,3345,3276,3293,3227,3111,2956,2910,2998,2821,2879,2881,2592,2539,2502,2356,2132,2103,2177,2084,1927,1815,1718,1359,1339,1072,1015,729,634,719,695,620,545,509,430,365,310,283,237,200,168,164,118,94,77,79,63,49,28,57,-
"113年 10月/ 新竹市/ 女",231630,1453,1582,1713,1952,1962,2174,2274,2525,2692,2820,2768,2712,2977,2459,2144,2362,2278,2269,2263,2152,2202,2287,2338,2473,2703,2457,2409,2844,2863,2788,2794,2971,2905,2923,3086,3028,3200,3081,3147,3638,4028,4219,4485,4660,4618,4658,4387,4194,4271,3669,3411,3452,3423,3514,3379,3503,3214,2958,3094,3106,2987,3036,2987,2760,2863,2809,2613,2565,2542,2553,2330,2250,2229,2143,1746,1630,1382,1245,1010,912,1032,995,961,864,857,728,654,575,449,427,318,268,245,182,155,133,92,59,46,29,58,-
"113年 10月/ 嘉義市/ 性別總計",262501,1194,1343,1549,1696,1781,2140,2256,2295,2630,2581,2466,2629,2981,2494,2219,2387,2580,2479,2567,2560,2699,2831,3039,3305,3777,3454,3330,3801,3820,3633,3524,3534,3330,3267,3442,3211,3275,3206,3230,3613,3783,3957,4160,4333,4225,4299,4336,4210,4346,3788,3889,3694,3808,4043,4123,4022,4080,3916,4163,3926,3934,4095,3887,3830,3724,3538,3385,3242,3356,3309,2957,2813,2906,2792,2134,2234,1830,1618,1248,1134,1338,1221,1178,1107,1029,879,777,715,612,560,445,337,278,216,168,142,94,64,54,24,48,-
"113年 10月/ 嘉義市/ 男",125847,616,697,755,879,941,1086,1183,1213,1309,1280,1299,1381,1544,1300,1172,1227,1395,1288,1256,1348,1417,1449,1608,1719,1968,1814,1726,1890,1901,1852,1826,1824,1701,1670,1744,1581,1623,1575,1521,1702,1837,1897,1934,1985,2000,2082,1984,1933,1966,1730,1755,1647,1750,1829,1902,1883,1875,1829,2017,1838,1894,1930,1817,1769,1769,1661,1584,1507,1540,1564,1334,1338,1290,1217,929,972,791,687,535,450,555,487,440,462,396,342,296,251,217,204,155,112,107,90,64,44,28,20,20,7,19,-
"113年 10月/ 嘉義市/ 女",136654,578,646,794,817,840,1054,1073,1082,1321,1301,1167,1248,1437,1194,1047,1160,1185,1191,1311,1212,1282,1382,1431,1586,1809,1640,1604,1911,1919,1781,1698,1710,1629,1597,1698,1630,1652,1631,1709,1911,1946,2060,2226,2348,2225,2217,2352,2277,2380,2058,2134,2047,2058,2214,2221,2139,2205,2087,2146,2088,2040,2165,2070,2061,1955,1877,1801,1735,1816,1745,1623,1475,1616,1575,1205,1262,1039,931,713,684,783,734,738,645,633,537,481,464,395,356,290,225,171,126,104,98,66,44,34,17,29,-
"113年 10月/ 金門縣/ 性別總計",143711,645,631,698,760,740,803,725,781,811,798,792,777,861,794,736,890,886,950,1342,1631,1718,1836,1820,1998,2230,1980,2003,2462,2482,2471,2440,2352,2243,2070,2210,2081,2116,1921,1952,1982,2085,2066,2014,2057,1855,2089,2075,1993,2137,1944,2128,2143,2218,2418,2569,2552,2537,2725,2695,2763,2873,2793,2634,2317,2714,2236,2278,2176,2180,1721,1866,1431,1410,1198,863,899,739,616,549,526,609,543,504,433,432,369,385,379,261,247,224,192,150,111,94,82,49,36,38,24,49,-
"113年 10月/ 金門縣/ 男",71280,345,333,359,399,379,416,359,403,416,421,418,399,452,429,385,446,463,505,692,837,866,968,918,1032,1124,1006,1001,1258,1238,1245,1212,1205,1145,1020,1145,1055,1085,1004,967,954,1027,1040,998,981,921,997,919,931,1024,898,1036,1049,1090,1223,1312,1259,1233,1273,1312,1354,1400,1347,1318,1186,1375,1167,1145,1089,1086,855,920,708,699,562,422,448,369,294,263,259,287,254,248,204,183,163,165,171,97,100,88,70,51,31,20,14,9,11,6,5,10,-
"113年 10月/ 金門縣/ 女",72431,300,298,339,361,361,387,366,378,395,377,374,378,409,365,351,444,423,445,650,794,852,868,902,966,1106,974,1002,1204,1244,1226,1228,1147,1098,1050,1065,1026,1031,917,985,1028,1058,1026,1016,1076,934,1092,1156,1062,1113,1046,1092,1094,1128,1195,1257,1293,1304,1452,1383,1409,1473,1446,1316,1131,1339,1069,1133,1087,1094,866,946,723,711,636,441,451,370,322,286,267,322,289,256,229,249,206,220,208,164,147,136,122,99,80,74,68,40,25,32,19,39,-
"113年 10月/ 連江縣/ 性別總計",13966,93,96,85,91,95,104,81,90,99,90,91,81,101,104,83,107,97,108,104,150,121,182,174,191,230,235,195,262,275,220,249,290,249,274,230,231,212,168,188,197,200,185,222,197,229,236,189,189,205,228,210,223,211,238,241,189,199,241,249,245,216,260,215,202,217,208,196,179,172,178,134,139,113,89,90,82,88,71,51,40,40,30,35,29,25,29,29,29,20,15,20,15,11,9,6,10,4,3,5,3,10,-
"113年 10月/ 連江縣/ 男",8049,59,62,45,54,46,54,45,48,61,42,41,47,52,56,47,60,50,60,60,87,67,97,105,107,154,150,117,156,164,132,133,173,156,178,121,133,127,96,110,114,119,110,123,110,128,136,113,84,114,129,121,128,126,137,153,111,124,145,152,149,127,153,129,112,136,130,111,104,86,109,78,84,61,52,52,41,36,38,29,23,30,14,12,18,13,17,13,12,11,8,5,4,4,4,1,3,3,1,2,2,3,-
"113年 10月/ 連江縣/ 女",5917,34,34,40,37,49,50,36,42,38,48,50,34,49,48,36,47,47,48,44,63,54,85,69,84,76,85,78,106,111,88,116,117,93,96,109,98,85,72,78,83,81,75,99,87,101,100,76,105,91,99,89,95,85,101,88,78,75,96,97,96,89,107,86,90,81,78,85,75,86,69,56,55,52,37,38,41,52,33,22,17,10,16,23,11,12,12,16,17,9,7,15,11,7,5,5,7,1,2,3,1,7,-
"113年 11月/ 區域別總計/ 性別總計",23402795,130060,138230,142941,161274,166164,179532,185018,199441,210871,216326,211971,201865,233367,197671,170906,195793,200212,205054,207312,208457,218527,227978,245801,261103,301525,280302,270567,321690,320523,320734,319957,323000,316783,316033,330308,310148,332566,307676,305359,341707,365675,380535,400336,410863,403393,411113,398363,383248,404590,352404,347633,344623,343688,352207,360817,358943,357502,342748,356200,356888,358575,362418,355161,345618,341386,337912,320767,304167,312495,303545,280246,266669,258803,254744,208575,192360,162984,137816,109985,94719,108107,103634,96943,91668,85191,74228,63604,55831,47531,41409,34055,28010,23473,19521,15449,11537,8559,6189,4428,2784,5178,-
"113年 11月/ 區域別總計/ 男",11528561,67286,71521,73928,83177,86176,93000,95573,103212,109251,112352,109532,104451,120591,102511,89186,101766,104565,106938,108236,108406,114384,119264,128155,135453,157186,145695,140230,166611,165743,165324,165529,166238,164257,163721,171085,159099,169969,156420,153543,170199,182076,188381,196915,202151,197521,202252,195291,186974,198064,171062,168786,167974,166102,171264,175723,174764,174365,167018,172872,172852,173588,174463,170923,166183,163385,160866,152148,143626,147140,142778,130725,123807,119664,116883,95507,87384,73518,61762,48391,41178,46537,44193,40546,38070,34075,29192,24390,20986,17624,15106,12347,10338,9033,7691,6362,4681,3518,2525,1823,1232,2203,-
"113年 11月/ 區域別總計/ 女",11874234,62774,66709,69013,78097,79988,86532,89445,96229,101620,103974,102439,97414,112776,95160,81720,94027,95647,98116,99076,100051,104143,108714,117646,125650,144339,134607,130337,155079,154780,155410,154428,156762,152526,152312,159223,151049,162597,151256,151816,171508,183599,192154,203421,208712,205872,208861,203072,196274,206526,181342,178847,176649,177586,180943,185094,184179,183137,175730,183328,184036,184987,187955,184238,179435,178001,177046,168619,160541,165355,160767,149521,142862,139139,137861,113068,104976,89466,76054,61594,53541,61570,59441,56397,53598,51116,45036,39214,34845,29907,26303,21708,17672,14440,11830,9087,6856,5041,3664,2605,1552,2975,-
"113年 11月/ 新北市/ 性別總計",4047112,17723,21334,23268,25904,26805,29120,30361,32947,35044,35688,35080,33067,38421,32790,28311,32932,33632,34427,34874,34356,36290,37733,40620,43588,50404,47033,45059,53792,53466,54321,54556,55577,55250,55323,58275,54402,58335,53845,53505,60439,64608,67297,71544,73620,72503,74606,72637,69583,73595,63780,63137,62334,61536,62564,63947,63432,62818,60135,62271,63564,63805,65052,63170,61495,61018,60949,58229,54720,57180,55543,50706,48622,47196,45126,36912,33669,27566,23515,18083,15309,17078,16082,14375,13480,12107,10196,8472,7341,6137,5309,4259,3485,3020,2524,2088,1631,1243,896,669,492,955,-
"113年 11月/ 新北市/ 男",1965683,9148,10950,12035,13298,13810,15047,15592,16898,18108,18532,18062,17146,19805,16899,14824,17069,17605,17944,18276,17803,19144,19888,21133,22771,26255,24306,23322,27822,27655,28026,28179,28759,28695,28726,30190,27856,29668,27136,26762,30159,32143,33214,34969,36112,35372,36488,35253,33476,35914,30480,30364,29983,29372,29914,30334,29866,29328,28127,28666,29167,29380,29724,28921,28176,27841,27605,26380,24559,25964,25258,22741,21870,21078,20395,16542,15075,12251,10465,7956,6714,7418,6863,5918,5543,4748,3848,3144,2650,2204,1886,1508,1326,1238,1044,945,727,554,384,285,241,469,-
"113年 11月/ 新北市/ 女",2081429,8575,10384,11233,12606,12995,14073,14769,16049,16936,17156,17018,15921,18616,15891,13487,15863,16027,16483,16598,16553,17146,17845,19487,20817,24149,22727,21737,25970,25811,26295,26377,26818,26555,26597,28085,26546,28667,26709,26743,30280,32465,34083,36575,37508,37131,38118,37384,36107,37681,33300,32773,32351,32164,32650,33613,33566,33490,32008,33605,34397,34425,35328,34249,33319,33177,33344,31849,30161,31216,30285,27965,26752,26118,24731,20370,18594,15315,13050,10127,8595,9660,9219,8457,7937,7359,6348,5328,4691,3933,3423,2751,2159,1782,1480,1143,904,689,512,384,251,486,-
"113年 11月/ 臺北市/ 性別總計",2493210,15039,14605,14590,16878,17676,19265,19758,21526,23502,24537,24577,23652,26133,22426,19435,20497,20211,20341,19183,18595,19182,19630,21209,22296,26051,24704,23966,28176,28348,29304,29278,29559,29477,30004,32222,30851,33413,31470,31712,35620,38146,39780,42048,43442,42071,42917,41119,38849,42953,36422,36374,35553,35633,36775,37623,37595,37022,35568,36743,37299,37663,38301,37298,36530,37600,37955,37340,36054,37561,36863,34834,33942,33548,32945,28454,26778,22496,19807,15360,12847,14554,13674,12881,11902,11066,9720,8416,7338,6328,5603,4676,4052,3605,3028,2404,1949,1480,1104,788,497,1139,-
"113年 11月/ 臺北市/ 男",1175842,7722,7526,7437,8626,9190,9876,10229,11071,12212,12711,12536,12231,13469,11601,10094,10557,10567,10519,9906,9753,9994,10058,11014,11430,13437,12718,12283,14186,14154,14540,14623,14475,14389,14688,15618,14689,15737,14834,14623,16455,17911,18675,19648,20150,19596,19918,19177,18054,19908,16654,16858,16798,16419,16855,17257,17202,16917,16283,16848,17133,17337,17398,16894,16736,17146,17055,16876,16129,16936,16808,15938,15341,15026,14728,12467,11936,9999,8694,6785,5504,6162,5747,5393,4744,4293,3732,3115,2659,2265,1986,1722,1520,1391,1272,1062,817,623,478,349,224,516,-
"113年 11月/ 臺北市/ 女",1317368,7317,7079,7153,8252,8486,9389,9529,10455,11290,11826,12041,11421,12664,10825,9341,9940,9644,9822,9277,8842,9188,9572,10195,10866,12614,11986,11683,13990,14194,14764,14655,15084,15088,15316,16604,16162,17676,16636,17089,19165,20235,21105,22400,23292,22475,22999,21942,20795,23045,19768,19516,18755,19214,19920,20366,20393,20105,19285,19895,20166,20326,20903,20404,19794,20454,20900,20464,19925,20625,20055,18896,18601,18522,18217,15987,14842,12497,11113,8575,7343,8392,7927,7488,7158,6773,5988,5301,4679,4063,3617,2954,2532,2214,1756,1342,1132,857,626,439,273,623,-
"113年 11月/ 桃園市/ 性別總計",2336764,16003,17249,17217,19314,19587,21146,21199,22845,23720,24182,23708,22244,25736,22125,18429,21352,22018,22439,22301,22513,23383,24338,26346,27741,32012,29593,28602,33806,33829,34116,34360,34724,34403,34309,35975,34059,35911,32816,32350,36034,38607,40624,42824,43401,42114,42377,40772,38593,40901,35205,34612,34006,33996,34497,35070,34445,33737,32228,33049,33535,32880,33398,31773,30328,30352,30115,28626,26910,27598,26616,24507,22906,22456,21062,16863,15631,12730,10666,8901,7253,8207,7736,7031,6430,6098,5049,4339,3687,3228,2767,2252,1876,1748,1526,1293,975,775,498,376,268,407,-
"113年 11月/ 桃園市/ 男",1150938,8331,8853,8803,10045,10094,11014,11050,11754,12289,12606,12321,11590,13312,11397,9643,11103,11499,11802,11720,11803,12300,12742,13723,14326,16676,15336,14773,17305,17355,17396,17672,17545,17614,17546,18320,17269,18205,16466,16170,17737,18892,20040,20833,21293,20393,20748,20096,18762,20241,17054,16650,16583,16317,16741,16982,16656,16290,15414,15748,16049,15673,15858,15207,14252,14404,14189,13436,12532,12820,12394,11223,10447,10394,9529,7613,7065,5621,4747,3900,3104,3469,3186,2886,2629,2401,1926,1624,1338,1154,995,855,811,804,771,687,511,423,245,190,135,203,-
"113年 11月/ 桃園市/ 女",1185826,7672,8396,8414,9269,9493,10132,10149,11091,11431,11576,11387,10654,12424,10728,8786,10249,10519,10637,10581,10710,11083,11596,12623,13415,15336,14257,13829,16501,16474,16720,16688,17179,16789,16763,17655,16790,17706,16350,16180,18297,19715,20584,21991,22108,21721,21629,20676,19831,20660,18151,17962,17423,17679,17756,18088,17789,17447,16814,17301,17486,17207,17540,16566,16076,15948,15926,15190,14378,14778,14222,13284,12459,12062,11533,9250,8566,7109,5919,5001,4149,4738,4550,4145,3801,3697,3123,2715,2349,2074,1772,1397,1065,944,755,606,464,352,253,186,133,204,-
"113年 11月/ 臺中市/ 性別總計",2858958,16636,18579,19663,22089,22444,24653,25807,27798,29035,29668,28694,27087,31687,26405,22729,25777,26368,27333,26822,26688,28072,29043,31732,33850,38550,36914,34852,42313,42136,41699,41470,42122,41485,41215,43222,40383,43210,40265,39485,44487,46853,48359,50338,51545,50448,50871,49133,46846,48466,42232,41081,41082,41156,41691,42881,42421,42877,40659,41786,41621,41985,41604,40661,39236,38615,38255,35725,33816,34390,33515,31090,29026,27607,27026,22395,19715,16542,13867,11330,9722,10548,10043,9549,8899,8169,7173,5977,5348,4463,3696,3054,2542,2140,1692,1352,998,748,572,390,242,428,-
"113年 11月/ 臺中市/ 男",1396004,8549,9756,10225,11346,11652,12826,13234,14486,15067,15482,14804,14061,16306,13653,11881,13494,13645,14074,13962,13818,14477,15070,16410,17401,19857,19118,17891,21856,21515,21251,21204,21344,21164,21143,21797,20466,21947,20199,19524,21870,23111,23588,24466,25265,24431,24864,23697,22576,23041,20043,19521,19408,19128,19482,20032,20014,20238,19070,19687,19524,19609,19333,19149,18472,18196,17755,16713,15891,15983,15647,14282,13407,12744,12337,10276,9048,7550,6184,4878,4199,4441,4249,3977,3665,3261,2844,2259,2023,1694,1297,1127,927,803,685,584,432,311,256,187,121,197,-
"113年 11月/ 臺中市/ 女",1462954,8087,8823,9438,10743,10792,11827,12573,13312,13968,14186,13890,13026,15381,12752,10848,12283,12723,13259,12860,12870,13595,13973,15322,16449,18693,17796,16961,20457,20621,20448,20266,20778,20321,20072,21425,19917,21263,20066,19961,22617,23742,24771,25872,26280,26017,26007,25436,24270,25425,22189,21560,21674,22028,22209,22849,22407,22639,21589,22099,22097,22376,22271,21512,20764,20419,20500,19012,17925,18407,17868,16808,15619,14863,14689,12119,10667,8992,7683,6452,5523,6107,5794,5572,5234,4908,4329,3718,3325,2769,2399,1927,1615,1337,1007,768,566,437,316,203,121,231,-
"113年 11月/ 臺南市/ 性別總計",1858873,8930,9934,10374,11896,12600,13763,14431,15396,16112,17029,16292,15804,18473,14949,12780,15253,15509,15567,15631,15770,16176,17029,18231,19729,23164,21133,20513,24892,24609,25012,24913,25514,24561,24916,25951,24931,27071,25003,24690,28003,30057,31211,32742,33507,32558,33209,32167,30917,32339,27839,26995,26951,26514,27363,28355,28525,28824,27547,29369,29041,29496,29711,29709,29513,28778,28169,26402,25448,25400,24271,22327,21138,20152,20660,16358,15268,13400,10694,8212,7261,8887,8408,7629,7670,7073,6168,5454,4854,4209,3869,3285,2413,2009,1770,1353,931,694,452,308,189,317,-
"113年 11月/ 臺南市/ 男",921802,4645,5111,5455,6247,6589,7074,7459,7972,8435,8839,8387,8056,9562,7838,6693,7847,8028,8110,8116,8269,8322,8933,9545,10141,12110,11044,10787,13059,12818,13002,12937,13133,12828,13020,13533,12946,14053,12775,12532,13993,15060,15555,16024,16660,16070,16652,16244,15325,15945,13556,13241,13073,12714,13396,13749,13872,14137,13368,14385,14173,14371,14577,14493,14327,13969,13825,12776,12540,12351,11650,10713,10047,9617,9770,7674,7081,6097,4827,3649,3205,3756,3613,3151,3201,2831,2424,2098,1840,1594,1443,1164,841,747,629,485,333,245,150,102,75,79,-
"113年 11月/ 臺南市/ 女",937071,4285,4823,4919,5649,6011,6689,6972,7424,7677,8190,7905,7748,8911,7111,6087,7406,7481,7457,7515,7501,7854,8096,8686,9588,11054,10089,9726,11833,11791,12010,11976,12381,11733,11896,12418,11985,13018,12228,12158,14010,14997,15656,16718,16847,16488,16557,15923,15592,16394,14283,13754,13878,13800,13967,14606,14653,14687,14179,14984,14868,15125,15134,15216,15186,14809,14344,13626,12908,13049,12621,11614,11091,10535,10890,8684,8187,7303,5867,4563,4056,5131,4795,4478,4469,4242,3744,3356,3014,2615,2426,2121,1572,1262,1141,868,598,449,302,206,114,238,-
"113年 11月/ 高雄市/ 性別總計",2731891,14820,15807,16080,18069,18292,19526,20213,21732,22831,23522,22855,21964,25407,21227,18102,21775,22379,22827,23229,23617,24180,25659,27502,29118,35062,32099,30842,36897,37078,37040,37127,37223,36243,36468,38159,35280,38522,34890,34454,38965,41734,43536,46007,47293,47482,48658,47240,46331,49196,43080,42657,42250,41873,42606,43801,42771,43111,40980,42403,41749,41934,41997,42107,40856,40399,39719,38751,37262,38266,37722,34729,33770,32354,33009,26804,24116,21178,17000,13240,11663,13251,12554,11317,10671,9581,8395,6969,5893,4875,4279,3417,2793,2253,1937,1526,1056,809,523,412,238,426,-
"113年 11月/ 高雄市/ 男",1337699,7666,8255,8353,9225,9458,10056,10466,11260,11809,12244,11962,11186,13132,11106,9332,11217,11561,11992,12033,12218,12648,13284,14312,15094,18225,16536,15838,18967,19114,19017,19244,19183,18722,18846,19774,17944,19613,17737,17366,19558,20719,21536,22702,23227,23274,23865,23013,22567,24046,20857,20610,20455,20222,20621,21430,20771,21053,20040,20431,20204,20298,20083,20019,19247,18869,18672,17944,17243,17543,17255,15922,15400,14625,14838,12057,10801,9357,7645,5728,5019,5732,5364,4774,4418,3768,3268,2655,2141,1818,1580,1293,1059,944,816,692,479,379,261,181,122,194,-
"113年 11月/ 高雄市/ 女",1394192,7154,7552,7727,8844,8834,9470,9747,10472,11022,11278,10893,10778,12275,10121,8770,10558,10818,10835,11196,11399,11532,12375,13190,14024,16837,15563,15004,17930,17964,18023,17883,18040,17521,17622,18385,17336,18909,17153,17088,19407,21015,22000,23305,24066,24208,24793,24227,23764,25150,22223,22047,21795,21651,21985,22371,22000,22058,20940,21972,21545,21636,21914,22088,21609,21530,21047,20807,20019,20723,20467,18807,18370,17729,18171,14747,13315,11821,9355,7512,6644,7519,7190,6543,6253,5813,5127,4314,3752,3057,2699,2124,1734,1309,1121,834,577,430,262,231,116,232,-
"113年 11月/ 宜蘭縣/ 性別總計",449254,2343,2486,2590,3043,3101,3304,3411,3644,3893,3768,3725,3770,4153,3622,3210,3788,3667,3746,3938,4085,4376,4503,4840,5168,5950,5519,5613,6714,6613,6516,6431,6549,6251,6148,6232,5876,6063,5546,5493,6009,6443,6628,6944,7143,6999,7144,6847,6814,7106,6541,6578,6602,6589,6760,7281,7319,7301,6944,7123,7132,7327,7385,7253,7046,6975,6649,6076,5766,6072,5858,5122,5052,4665,4624,3739,3454,2881,2436,2243,1996,2319,2407,2389,2238,2206,1825,1700,1481,1237,1069,894,701,552,462,388,253,186,148,96,54,95,-
"113年 11月/ 宜蘭縣/ 男",225195,1216,1284,1325,1598,1566,1697,1732,1897,1989,1958,1925,2003,2158,1901,1608,1990,1922,1894,2039,2104,2291,2333,2502,2659,3122,2954,2883,3517,3545,3406,3341,3414,3349,3225,3364,3101,3204,2883,2885,3084,3199,3353,3529,3535,3487,3577,3380,3425,3563,3146,3230,3309,3282,3387,3649,3803,3670,3512,3585,3581,3647,3755,3564,3536,3433,3273,2949,2879,3014,2868,2419,2399,2196,2208,1764,1589,1347,1132,1068,862,1031,1053,1030,960,889,770,676,564,470,407,342,251,191,157,147,87,65,53,31,21,28,-
"113年 11月/ 宜蘭縣/ 女",224059,1127,1202,1265,1445,1535,1607,1679,1747,1904,1810,1800,1767,1995,1721,1602,1798,1745,1852,1899,1981,2085,2170,2338,2509,2828,2565,2730,3197,3068,3110,3090,3135,2902,2923,2868,2775,2859,2663,2608,2925,3244,3275,3415,3608,3512,3567,3467,3389,3543,3395,3348,3293,3307,3373,3632,3516,3631,3432,3538,3551,3680,3630,3689,3510,3542,3376,3127,2887,3058,2990,2703,2653,2469,2416,1975,1865,1534,1304,1175,1134,1288,1354,1359,1278,1317,1055,1024,917,767,662,552,450,361,305,241,166,121,95,65,33,67,-
"113年 11月/ 新竹縣/ 性別總計",594181,3901,4660,4920,5560,5722,5949,6140,6611,6952,7022,6975,6421,7504,6332,5378,6204,6199,6257,6145,6066,6196,6398,6695,7033,7736,7098,6904,8107,8242,8165,8502,8471,8358,8548,9039,8464,8870,8255,8316,9228,9920,10415,11088,11355,11045,11223,10721,10237,11017,9119,9346,9070,8685,8855,8875,8551,8191,7693,8041,8002,7777,7824,7580,7267,7001,6588,6160,5690,5830,5432,5051,4637,4556,4448,3624,3440,2800,2456,2137,1886,2252,2178,2117,2123,1974,1731,1508,1350,1124,1017,785,655,537,419,348,251,220,159,95,64,98,-
"113年 11月/ 新竹縣/ 男",302413,2000,2417,2561,2830,2957,3092,3246,3434,3634,3669,3593,3240,3801,3322,2792,3274,3291,3235,3192,3232,3255,3361,3572,3690,4065,3758,3635,4294,4392,4265,4473,4551,4552,4575,4881,4493,4598,4326,4273,4666,4988,5167,5567,5644,5422,5483,5220,5012,5463,4558,4654,4597,4366,4483,4493,4410,4155,3956,4114,4144,3967,4009,3863,3736,3630,3407,3149,2915,2927,2700,2484,2261,2168,2111,1737,1633,1337,1117,995,876,1018,949,945,939,887,731,652,577,459,386,312,253,222,184,150,104,73,63,43,23,38,-
"113年 11月/ 新竹縣/ 女",291768,1901,2243,2359,2730,2765,2857,2894,3177,3318,3353,3382,3181,3703,3010,2586,2930,2908,3022,2953,2834,2941,3037,3123,3343,3671,3340,3269,3813,3850,3900,4029,3920,3806,3973,4158,3971,4272,3929,4043,4562,4932,5248,5521,5711,5623,5740,5501,5225,5554,4561,4692,4473,4319,4372,4382,4141,4036,3737,3927,3858,3810,3815,3717,3531,3371,3181,3011,2775,2903,2732,2567,2376,2388,2337,1887,1807,1463,1339,1142,1010,1234,1229,1172,1184,1087,1000,856,773,665,631,473,402,315,235,198,147,147,96,52,41,60,-
"113年 11月/ 苗栗縣/ 性別總計",533063,2324,2544,2652,3190,3475,3905,4205,4551,4920,5118,4927,4687,5475,4616,3885,4530,4753,4919,4988,5067,5507,5594,6163,6328,7013,6663,6140,7450,7594,7399,7375,7401,7366,7138,7335,7078,7399,6974,6926,7657,8337,8770,9201,9186,8941,9166,8610,8286,8446,7643,7488,7549,7695,7884,8062,8053,8027,7610,8061,7930,8204,8604,8247,8189,7791,7951,6972,6729,6749,6422,6096,5564,5555,5334,4452,4171,3434,3233,2595,2422,2713,2678,2688,2504,2457,2116,1834,1793,1366,1272,1085,806,758,597,412,338,269,181,132,61,113,-
"113年 11月/ 苗栗縣/ 男",273953,1173,1339,1360,1645,1795,2047,2150,2370,2556,2646,2522,2403,2813,2394,2033,2368,2488,2603,2598,2661,2947,3037,3345,3326,3688,3515,3296,4022,3952,4034,4060,4043,4044,3924,4028,3879,3977,3756,3687,3994,4302,4538,4714,4748,4518,4645,4321,4249,4285,3925,3886,3918,3922,4121,4187,4225,4200,3967,4205,4120,4247,4403,4259,4199,4024,4073,3560,3456,3430,3323,3004,2703,2710,2480,2149,1968,1583,1508,1194,1108,1243,1164,1180,1125,1066,923,750,738,569,529,415,314,281,224,172,117,93,55,51,17,32,-
"113年 11月/ 苗栗縣/ 女",259110,1151,1205,1292,1545,1680,1858,2055,2181,2364,2472,2405,2284,2662,2222,1852,2162,2265,2316,2390,2406,2560,2557,2818,3002,3325,3148,2844,3428,3642,3365,3315,3358,3322,3214,3307,3199,3422,3218,3239,3663,4035,4232,4487,4438,4423,4521,4289,4037,4161,3718,3602,3631,3773,3763,3875,3828,3827,3643,3856,3810,3957,4201,3988,3990,3767,3878,3412,3273,3319,3099,3092,2861,2845,2854,2303,2203,1851,1725,1401,1314,1470,1514,1508,1379,1391,1193,1084,1055,797,743,670,492,477,373,240,221,176,126,81,44,81,-
"113年 11月/ 彰化縣/ 性別總計",1226560,7934,8161,7988,8834,8937,9214,9166,10038,10603,10710,10701,10063,11764,10177,8850,10352,10746,11081,11653,11881,12972,13422,14351,15152,17027,15987,15445,17771,17602,17012,16942,17343,16957,16520,17160,16274,17331,16465,16208,18040,19247,19678,20506,20954,20480,20923,20240,19529,19706,17903,17164,16868,16674,17144,17196,17574,17592,17140,18041,17992,18521,18607,18289,18242,17364,17162,16746,14810,16051,15140,14012,13164,12878,12885,10778,9924,8469,7364,5884,5122,6042,6069,5757,5602,5324,4859,4090,3788,3306,2776,2403,1969,1584,1235,930,643,436,337,235,140,238,-
"113年 11月/ 彰化縣/ 男",621707,4095,4216,4147,4580,4690,4824,4752,5265,5504,5545,5551,5308,6112,5316,4611,5509,5572,5897,6219,6111,6861,7062,7533,7882,8972,8365,7943,9242,9268,8795,8827,8943,8927,8636,9133,8594,9122,8642,8429,9334,9936,9937,10423,10768,10361,10632,10412,9973,10081,9257,8700,8644,8505,8793,8880,9050,9119,8725,9296,9248,9373,9515,9330,9351,8669,8610,8491,7327,7993,7467,6775,6352,6287,6138,5217,4546,3938,3436,2605,2282,2707,2681,2457,2437,2188,1955,1601,1465,1211,993,790,696,507,383,288,182,137,91,64,40,58,-
"113年 11月/ 彰化縣/ 女",604853,3839,3945,3841,4254,4247,4390,4414,4773,5099,5165,5150,4755,5652,4861,4239,4843,5174,5184,5434,5770,6111,6360,6818,7270,8055,7622,7502,8529,8334,8217,8115,8400,8030,7884,8027,7680,8209,7823,7779,8706,9311,9741,10083,10186,10119,10291,9828,9556,9625,8646,8464,8224,8169,8351,8316,8524,8473,8415,8745,8744,9148,9092,8959,8891,8695,8552,8255,7483,8058,7673,7237,6812,6591,6747,5561,5378,4531,3928,3279,2840,3335,3388,3300,3165,3136,2904,2489,2323,2095,1783,1613,1273,1077,852,642,461,299,246,171,100,180,-
"113年 11月/ 南投縣/ 性別總計",472727,2260,2390,2473,2746,2915,3049,3258,3475,3660,3717,3610,3469,4122,3601,3206,3582,3669,3987,4210,4322,4652,4765,5325,5682,6271,5939,5836,6769,6643,6515,6751,6590,6300,6122,6295,5814,6109,5797,5587,6272,6635,6917,7088,7394,7297,7409,7025,6932,7300,6476,6337,6428,6747,7053,7400,7598,7607,7343,7865,7818,7914,8289,8110,7856,7724,7610,6929,6594,6648,6594,6028,5649,5624,5376,4549,4215,3694,2934,2646,2315,2517,2434,2636,2467,2387,2141,1793,1610,1381,1187,985,891,677,539,430,306,195,152,107,66,104,-
"113年 11月/ 南投縣/ 男",240440,1207,1233,1275,1453,1523,1597,1699,1795,1936,1880,1904,1796,2158,1868,1667,1846,1896,2063,2191,2228,2403,2485,2797,2998,3307,3116,3098,3546,3436,3435,3560,3552,3454,3360,3409,3193,3326,3146,3002,3304,3500,3661,3689,3785,3731,3812,3619,3483,3736,3297,3123,3179,3398,3617,3734,3852,3973,3752,4065,3983,4025,4223,4053,3975,3944,3861,3465,3306,3306,3276,3042,2810,2747,2523,2230,1973,1728,1358,1188,1018,1094,1061,1183,1015,990,876,759,641,518,466,373,315,264,220,142,109,68,63,39,23,39,-
"113年 11月/ 南投縣/ 女",232287,1053,1157,1198,1293,1392,1452,1559,1680,1724,1837,1706,1673,1964,1733,1539,1736,1773,1924,2019,2094,2249,2280,2528,2684,2964,2823,2738,3223,3207,3080,3191,3038,2846,2762,2886,2621,2783,2651,2585,2968,3135,3256,3399,3609,3566,3597,3406,3449,3564,3179,3214,3249,3349,3436,3666,3746,3634,3591,3800,3835,3889,4066,4057,3881,3780,3749,3464,3288,3342,3318,2986,2839,2877,2853,2319,2242,1966,1576,1458,1297,1423,1373,1453,1452,1397,1265,1034,969,863,721,612,576,413,319,288,197,127,89,68,43,65,-
"113年 11月/ 雲林縣/ 性別總計",658831,5622,3365,3486,3968,4096,4431,4423,4804,4916,5099,5111,4900,5932,5168,4557,5225,5528,5772,6052,6322,6731,7180,7677,8076,9331,8577,8204,9554,9100,9069,8704,8308,8071,7882,8248,7749,8297,8038,8028,8963,9489,10131,10409,10632,10882,11158,10873,10752,11198,9935,9589,9586,9469,9837,10050,10172,10213,9936,10483,10377,10166,10608,10232,9897,9407,9544,8659,8010,8511,8271,7549,7096,7165,7710,5658,5772,5029,4497,4057,3298,3876,4107,3771,3741,3517,3241,2875,2407,2090,1899,1520,1245,1006,819,571,409,297,223,149,77,120,-
"113年 11月/ 雲林縣/ 男",338827,2961,1761,1821,2041,2107,2331,2307,2481,2507,2590,2646,2510,3081,2580,2404,2773,2911,3044,3179,3281,3565,3829,3939,4264,4934,4472,4316,5001,4802,4764,4592,4301,4278,4146,4574,4137,4351,4310,4226,4645,4935,5151,5375,5337,5545,5716,5514,5500,5771,5200,4979,4989,4893,5292,5452,5618,5641,5567,5814,5671,5691,5814,5571,5326,5060,5072,4587,4177,4301,4222,3722,3579,3554,3762,2761,2722,2333,2015,1781,1451,1643,1747,1556,1580,1410,1326,1082,909,744,644,487,404,334,230,172,112,90,58,33,18,25,-
"113年 11月/ 雲林縣/ 女",320004,2661,1604,1665,1927,1989,2100,2116,2323,2409,2509,2465,2390,2851,2588,2153,2452,2617,2728,2873,3041,3166,3351,3738,3812,4397,4105,3888,4553,4298,4305,4112,4007,3793,3736,3674,3612,3946,3728,3802,4318,4554,4980,5034,5295,5337,5442,5359,5252,5427,4735,4610,4597,4576,4545,4598,4554,4572,4369,4669,4706,4475,4794,4661,4571,4347,4472,4072,3833,4210,4049,3827,3517,3611,3948,2897,3050,2696,2482,2276,1847,2233,2360,2215,2161,2107,1915,1793,1498,1346,1255,1033,841,672,589,399,297,207,165,116,59,95,-
"113年 11月/ 嘉義縣/ 性別總計",479129,2173,2263,2180,2446,2595,2559,2549,2858,2927,2960,2887,2813,3293,2912,2806,3249,3494,3719,4049,4389,4681,5073,5594,5964,6764,5999,6101,6979,6740,6536,6427,6377,5986,5994,6107,5413,5879,5540,5464,6074,6593,6787,7111,7340,7352,7319,7419,7343,7489,6814,6836,7210,7069,7470,7770,7750,7969,7800,8391,8261,8241,8415,8415,8236,8023,7860,7236,6659,6793,6666,6120,5901,5739,5905,4699,4549,4052,3307,2616,2564,2982,2939,2885,2927,2779,2597,2241,1928,1800,1497,1277,1077,833,734,579,386,263,200,124,58,121,-
"113年 11月/ 嘉義縣/ 男",247897,1129,1166,1139,1262,1320,1329,1282,1443,1530,1551,1492,1481,1743,1501,1501,1725,1818,1971,2155,2270,2441,2665,2934,3127,3621,3173,3205,3719,3615,3488,3487,3470,3235,3257,3374,2998,3253,3044,2994,3279,3539,3577,3728,3709,3746,3785,3763,3721,3833,3488,3436,3677,3768,3860,4259,4070,4313,4298,4536,4507,4576,4583,4597,4497,4369,4165,3841,3599,3544,3467,3140,2940,2918,2901,2308,2175,1875,1492,1170,1116,1280,1251,1197,1207,1104,1046,911,728,681,569,415,360,272,245,183,141,75,61,38,22,38,-
"113年 11月/ 嘉義縣/ 女",231232,1044,1097,1041,1184,1275,1230,1267,1415,1397,1409,1395,1332,1550,1411,1305,1524,1676,1748,1894,2119,2240,2408,2660,2837,3143,2826,2896,3260,3125,3048,2940,2907,2751,2737,2733,2415,2626,2496,2470,2795,3054,3210,3383,3631,3606,3534,3656,3622,3656,3326,3400,3533,3301,3610,3511,3680,3656,3502,3855,3754,3665,3832,3818,3739,3654,3695,3395,3060,3249,3199,2980,2961,2821,3004,2391,2374,2177,1815,1446,1448,1702,1688,1688,1720,1675,1551,1330,1200,1119,928,862,717,561,489,396,245,188,139,86,36,83,-
"113年 11月/ 屏東縣/ 性別總計",789706,4222,4202,4006,4662,4830,5306,5389,5824,5969,6063,6012,5606,6693,5543,5056,5542,5865,6217,6740,7051,7442,8021,8702,9277,10675,9679,9874,11622,11728,11493,11235,10933,10465,10288,10358,9779,10588,9416,9602,10364,11296,11694,12086,12562,12661,12982,12752,12514,13187,11426,11461,11414,11592,12301,12665,12728,12969,12577,13161,13090,13348,13050,13290,12905,12587,12354,11214,11196,10979,10815,10086,9616,9058,9383,7476,6860,6393,5065,4102,3609,4237,4041,4048,3838,3450,3007,2682,2321,2018,1667,1331,1096,833,658,519,402,227,186,107,79,116,-
"113年 11月/ 屏東縣/ 男",399493,2186,2127,2048,2430,2566,2709,2746,3062,3125,3194,3101,2882,3518,2860,2709,2869,3099,3228,3543,3619,3946,4150,4481,4768,5588,5125,5129,6162,6232,6119,5927,5795,5573,5484,5510,5198,5732,5019,5118,5390,5966,6007,6174,6454,6485,6741,6484,6369,6748,5807,5701,5744,5793,6216,6417,6444,6779,6587,6837,6628,6802,6575,6696,6473,6330,6146,5510,5325,5314,5164,4835,4558,4284,4486,3523,3131,2943,2258,1830,1568,1856,1775,1760,1651,1465,1255,1082,972,785,624,505,403,318,231,190,145,97,68,40,29,43,-
"113年 11月/ 屏東縣/ 女",390213,2036,2075,1958,2232,2264,2597,2643,2762,2844,2869,2911,2724,3175,2683,2347,2673,2766,2989,3197,3432,3496,3871,4221,4509,5087,4554,4745,5460,5496,5374,5308,5138,4892,4804,4848,4581,4856,4397,4484,4974,5330,5687,5912,6108,6176,6241,6268,6145,6439,5619,5760,5670,5799,6085,6248,6284,6190,5990,6324,6462,6546,6475,6594,6432,6257,6208,5704,5871,5665,5651,5251,5058,4774,4897,3953,3729,3450,2807,2272,2041,2381,2266,2288,2187,1985,1752,1600,1349,1233,1043,826,693,515,427,329,257,130,118,67,50,73,-
"113年 11月/ 臺東縣/ 性別總計",210272,1380,1328,1299,1370,1377,1454,1547,1592,1694,1665,1748,1596,1813,1637,1507,1585,1753,1793,1989,1958,2041,2197,2405,2553,2819,2696,2680,3010,2971,2915,2922,2850,2827,2811,2713,2533,2675,2385,2575,2638,2858,3112,3199,3218,3189,3208,3278,3131,3435,3109,3086,3291,3400,3516,3544,3498,3355,3549,3426,3513,3455,3588,3401,3208,3221,3115,2942,2835,2758,2818,2430,2415,2340,2296,1862,1793,1496,1441,1055,974,1065,1114,994,907,854,763,672,592,516,444,370,279,219,214,157,147,86,62,61,33,64,-
"113年 11月/ 臺東縣/ 男",107089,695,703,660,732,701,782,805,836,901,828,918,873,963,835,767,837,937,922,1060,1029,1075,1165,1212,1339,1473,1391,1364,1560,1507,1535,1576,1501,1504,1486,1496,1367,1417,1287,1366,1403,1476,1664,1657,1654,1663,1658,1697,1633,1716,1627,1627,1676,1782,1781,1912,1915,1725,1877,1825,1896,1788,1834,1744,1718,1603,1548,1464,1420,1374,1332,1140,1154,1059,1010,829,791,693,615,431,393,469,461,395,360,356,287,262,223,191,174,140,110,80,86,62,66,47,30,28,15,38,-
"113年 11月/ 臺東縣/ 女",103183,685,625,639,638,676,672,742,756,793,837,830,723,850,802,740,748,816,871,929,929,966,1032,1193,1214,1346,1305,1316,1450,1464,1380,1346,1349,1323,1325,1217,1166,1258,1098,1209,1235,1382,1448,1542,1564,1526,1550,1581,1498,1719,1482,1459,1615,1618,1735,1632,1583,1630,1672,1601,1617,1667,1754,1657,1490,1618,1567,1478,1415,1384,1486,1290,1261,1281,1286,1033,1002,803,826,624,581,596,653,599,547,498,476,410,369,325,270,230,169,139,128,95,81,39,32,33,18,26,-
"113年 11月/ 花蓮縣/ 性別總計",315581,1697,1831,1953,2032,2071,2364,2389,2420,2622,2680,2578,2551,2722,2477,2300,2548,2595,2664,2767,2855,3086,3161,3438,3640,4116,3913,3888,4513,4578,4515,4406,4482,4286,4169,4150,3808,4016,3710,3760,4102,4511,4601,4838,4996,4885,4932,4948,4799,5209,4585,4728,4673,4900,5001,5135,5151,5011,4929,4857,5108,5019,5031,5029,5080,4882,4791,4552,4505,4413,4372,4033,3713,3538,3548,2957,2737,2214,2041,1726,1441,1607,1546,1577,1373,1295,1118,990,873,747,665,511,481,344,290,274,177,118,112,98,34,79,-
"113年 11月/ 花蓮縣/ 男",158297,876,940,1052,1033,1098,1248,1254,1267,1330,1401,1351,1318,1435,1346,1217,1336,1367,1385,1472,1460,1608,1686,1784,1858,2147,2044,2127,2312,2417,2319,2270,2363,2287,2183,2200,1967,2106,1999,1973,2123,2301,2355,2461,2579,2484,2497,2551,2399,2579,2277,2344,2319,2405,2464,2576,2597,2606,2550,2500,2602,2535,2539,2486,2491,2404,2283,2218,2171,2179,2066,2003,1785,1620,1642,1352,1208,967,908,738,604,666,656,615,552,515,431,390,338,278,255,183,167,132,110,104,83,52,51,48,19,48,-
"113年 11月/ 花蓮縣/ 女",157284,821,891,901,999,973,1116,1135,1153,1292,1279,1227,1233,1287,1131,1083,1212,1228,1279,1295,1395,1478,1475,1654,1782,1969,1869,1761,2201,2161,2196,2136,2119,1999,1986,1950,1841,1910,1711,1787,1979,2210,2246,2377,2417,2401,2435,2397,2400,2630,2308,2384,2354,2495,2537,2559,2554,2405,2379,2357,2506,2484,2492,2543,2589,2478,2508,2334,2334,2234,2306,2030,1928,1918,1906,1605,1529,1247,1133,988,837,941,890,962,821,780,687,600,535,469,410,328,314,212,180,170,94,66,61,50,15,31,-
"113年 11月/ 澎湖縣/ 性別總計",107908,707,725,726,788,829,728,578,667,675,692,673,628,728,612,590,666,694,745,1093,1270,1306,1427,1381,1476,1709,1486,1447,1768,1593,1657,1548,1648,1624,1493,1535,1410,1656,1430,1391,1475,1639,1547,1617,1700,1675,1655,1669,1631,1708,1554,1635,1512,1574,1622,1611,1648,1688,1672,1682,1690,1711,1674,1742,1780,1631,1665,1537,1443,1425,1342,1195,1212,1172,1111,991,903,706,602,628,471,529,450,415,428,451,400,319,321,336,269,221,193,156,142,97,70,58,46,26,14,23,-
"113年 11月/ 澎湖縣/ 男",55196,349,360,348,419,436,364,304,379,353,361,361,331,397,306,304,334,369,389,590,692,729,807,759,803,945,813,781,971,838,874,809,913,855,785,839,725,864,742,734,759,849,808,777,812,818,807,855,810,809,773,812,805,801,845,836,859,878,882,870,892,893,892,898,903,837,849,790,747,750,697,590,560,561,538,456,438,339,262,280,222,239,206,171,194,178,154,134,131,126,102,80,65,55,51,38,22,24,17,7,5,6,-
"113年 11月/ 澎湖縣/ 女",52712,358,365,378,369,393,364,274,288,322,331,312,297,331,306,286,332,325,356,503,578,577,620,622,673,764,673,666,797,755,783,739,735,769,708,696,685,792,688,657,716,790,739,840,888,857,848,814,821,899,781,823,707,773,777,775,789,810,790,812,798,818,782,844,877,794,816,747,696,675,645,605,652,611,573,535,465,367,340,348,249,290,244,244,234,273,246,185,190,210,167,141,128,101,91,59,48,34,29,19,9,17,-
"113年 11月/ 基隆市/ 性別總計",361497,1319,1433,1658,1906,2110,2235,2434,2469,2822,2815,2592,2640,3044,2455,2348,2649,2646,2895,2914,2928,3103,3317,3585,3911,4883,4405,4334,5083,5278,5174,5018,5072,4963,4981,5030,4538,4934,4319,4292,4628,4970,5233,5698,5869,5640,5764,5802,5703,6030,5363,5509,5500,5630,5830,5945,6097,6055,5889,6088,6202,6217,6305,6173,6215,6035,6209,5755,5352,5538,5371,4883,4644,4755,4170,3697,3276,2693,2287,1496,1354,1746,1680,1575,1498,1532,1271,1039,891,743,622,534,461,346,284,216,171,132,110,71,58,115,-
"113年 11月/ 基隆市/ 男",179355,677,741,889,1007,1087,1181,1236,1282,1409,1496,1308,1381,1544,1266,1222,1334,1413,1525,1498,1518,1654,1776,1869,2101,2524,2276,2220,2673,2824,2697,2598,2681,2639,2647,2657,2471,2603,2294,2201,2330,2626,2656,2869,2957,2813,2876,2800,2779,3044,2624,2743,2703,2750,2946,2864,3009,3000,2936,2986,3029,3076,3112,2993,3103,2857,3049,2746,2529,2614,2515,2281,2137,2191,1880,1703,1479,1245,1035,641,575,745,715,636,624,608,431,361,292,256,216,186,163,126,105,75,75,50,41,35,32,63,-
"113年 11月/ 基隆市/ 女",182142,642,692,769,899,1023,1054,1198,1187,1413,1319,1284,1259,1500,1189,1126,1315,1233,1370,1416,1410,1449,1541,1716,1810,2359,2129,2114,2410,2454,2477,2420,2391,2324,2334,2373,2067,2331,2025,2091,2298,2344,2577,2829,2912,2827,2888,3002,2924,2986,2739,2766,2797,2880,2884,3081,3088,3055,2953,3102,3173,3141,3193,3180,3112,3178,3160,3009,2823,2924,2856,2602,2507,2564,2290,1994,1797,1448,1252,855,779,1001,965,939,874,924,840,678,599,487,406,348,298,220,179,141,96,82,69,36,26,52,-
"113年 11月/ 新竹市/ 性別總計",457328,3117,3254,3540,4011,4089,4560,4717,5083,5458,5905,5816,5527,6248,5199,4391,4944,4906,4780,4759,4427,4589,4707,4956,5178,5628,5171,4920,5912,5894,5891,5782,6092,6057,6128,6349,6141,6564,6187,6209,6950,7649,8097,8643,9095,8899,8948,8529,8138,8507,7316,6906,6648,6789,6790,6716,6735,6349,5890,6080,6013,5832,5886,5910,5371,5383,5305,4989,4713,4672,4687,4483,4179,4019,3966,3115,2945,2518,2257,1795,1536,1736,1683,1587,1421,1367,1165,1037,878,744,665,532,436,405,307,245,221,167,126,90,64,118,-
"113年 11月/ 新竹市/ 男",225690,1634,1702,1845,2038,2160,2389,2443,2612,2764,3084,3014,2882,3202,2702,2292,2563,2663,2500,2480,2298,2366,2445,2645,2715,2914,2676,2573,3055,3056,3081,2994,3087,3135,3195,3323,3118,3320,3115,3117,3343,3642,3921,4249,4367,4284,4281,4151,3956,4178,3637,3484,3232,3345,3280,3339,3213,3118,2936,2975,2927,2852,2846,2915,2585,2555,2477,2379,2147,2097,2163,2111,1921,1818,1748,1384,1327,1096,999,768,622,712,684,629,542,513,440,359,316,281,240,210,163,162,121,98,78,72,68,44,35,58,-
"113年 11月/ 新竹市/ 女",231638,1483,1552,1695,1973,1929,2171,2274,2471,2694,2821,2802,2645,3046,2497,2099,2381,2243,2280,2279,2129,2223,2262,2311,2463,2714,2495,2347,2857,2838,2810,2788,3005,2922,2933,3026,3023,3244,3072,3092,3607,4007,4176,4394,4728,4615,4667,4378,4182,4329,3679,3422,3416,3444,3510,3377,3522,3231,2954,3105,3086,2980,3040,2995,2786,2828,2828,2610,2566,2575,2524,2372,2258,2201,2218,1731,1618,1422,1258,1027,914,1024,999,958,879,854,725,678,562,463,425,322,273,243,186,147,143,95,58,46,29,60,-
"113年 11月/ 嘉義市/ 性別總計",262365,1179,1361,1509,1718,1769,2104,2254,2289,2610,2591,2517,2547,3024,2499,2207,2389,2560,2476,2584,2519,2717,2814,3024,3231,3837,3480,3241,3819,3766,3687,3523,3527,3328,3240,3484,3120,3339,3233,3184,3583,3780,3917,4136,4361,4197,4310,4326,4139,4444,3858,3819,3740,3767,3996,4082,4109,4086,3852,4206,3915,3953,4108,3883,3833,3714,3511,3447,3227,3333,3335,2929,2849,2890,2837,2204,2158,1879,1644,1282,1115,1310,1232,1192,1088,1037,899,776,735,601,567,431,348,283,221,172,129,97,66,53,26,48,-
"113年 11月/ 嘉義市/ 男",125755,615,699,754,873,940,1063,1185,1201,1318,1268,1313,1335,1565,1328,1161,1224,1397,1269,1280,1312,1423,1447,1606,1670,2013,1808,1691,1923,1856,1890,1818,1815,1699,1655,1776,1542,1641,1608,1484,1709,1817,1866,1925,2002,1981,2075,1997,1898,2023,1748,1709,1695,1724,1816,1878,1919,1883,1798,2020,1842,1897,1932,1812,1782,1759,1652,1602,1506,1530,1566,1335,1333,1306,1230,970,913,817,716,529,457,535,488,441,458,411,348,291,261,213,206,150,116,105,90,66,44,29,21,21,7,20,-
"113年 11月/ 嘉義市/ 女",136610,564,662,755,845,829,1041,1069,1088,1292,1323,1204,1212,1459,1171,1046,1165,1163,1207,1304,1207,1294,1367,1418,1561,1824,1672,1550,1896,1910,1797,1705,1712,1629,1585,1708,1578,1698,1625,1700,1874,1963,2051,2211,2359,2216,2235,2329,2241,2421,2110,2110,2045,2043,2180,2204,2190,2203,2054,2186,2073,2056,2176,2071,2051,1955,1859,1845,1721,1803,1769,1594,1516,1584,1607,1234,1245,1062,928,753,658,775,744,751,630,626,551,485,474,388,361,281,232,178,131,106,85,68,45,32,19,28,-
"113年 11月/ 金門縣/ 性別總計",143658,639,627,684,756,755,792,706,786,810,799,802,748,894,796,746,852,922,956,1290,1632,1720,1799,1845,1923,2298,1980,1920,2481,2443,2466,2446,2350,2272,2079,2224,2026,2157,1928,1935,1992,2087,2028,2041,2059,1848,2104,2059,2000,2148,1978,2082,2134,2200,2407,2565,2566,2523,2563,2835,2784,2904,2726,2673,2330,2675,2226,2290,2244,2151,1726,1890,1439,1414,1237,894,906,725,631,544,523,611,547,493,435,439,368,392,373,266,252,216,193,155,113,89,85,55,33,36,27,45,-
"113年 11月/ 金門縣/ 男",71269,355,324,350,394,395,401,354,399,417,423,420,390,462,439,384,440,465,510,667,843,865,952,936,983,1163,1003,961,1269,1228,1246,1206,1203,1157,1028,1158,1019,1098,1005,968,956,1037,1007,1013,983,920,1001,929,926,1024,930,988,1055,1085,1206,1311,1279,1226,1226,1332,1383,1423,1305,1329,1187,1350,1171,1167,1122,1078,841,938,721,694,581,440,444,366,311,248,258,290,264,239,209,179,162,170,169,104,100,86,69,53,33,19,14,9,10,5,6,8,-
"113年 11月/ 金門縣/ 女",72389,284,303,334,362,360,391,352,387,393,376,382,358,432,357,362,412,457,446,623,789,855,847,909,940,1135,977,959,1212,1215,1220,1240,1147,1115,1051,1066,1007,1059,923,967,1036,1050,1021,1028,1076,928,1103,1130,1074,1124,1048,1094,1079,1115,1201,1254,1287,1297,1337,1503,1401,1481,1421,1344,1143,1325,1055,1123,1122,1073,885,952,718,720,656,454,462,359,320,296,265,321,283,254,226,260,206,222,204,162,152,130,124,102,80,70,71,46,23,31,21,37,-
"113年 11月/ 連江縣/ 性別總計",13927,92,92,85,94,89,105,83,86,96,96,91,81,101,103,83,102,98,113,101,146,125,168,180,189,225,234,186,262,272,232,241,288,253,257,245,219,227,164,193,184,216,173,228,191,227,230,197,181,210,226,213,222,200,245,243,205,177,244,239,252,223,255,216,205,211,210,190,184,177,166,146,135,122,86,94,80,89,72,53,38,40,32,37,26,28,26,29,29,16,18,17,18,10,10,6,9,4,3,5,3,9,-
"113年 11月/ 連江縣/ 男",8017,57,58,46,55,42,53,48,48,58,44,41,48,53,53,47,57,52,62,60,84,70,89,104,107,150,148,114,150,164,144,132,167,157,166,131,127,134,97,109,108,127,105,123,110,127,131,118,81,116,124,126,132,111,148,152,120,116,147,147,149,128,153,130,111,136,129,105,106,92,99,87,82,67,48,55,41,36,38,29,21,31,16,13,17,14,15,15,11,9,8,4,5,4,4,1,3,2,1,2,2,3,-
"113年 11月/ 連江縣/ 女",5910,35,34,39,39,47,52,35,38,38,52,50,33,48,50,36,45,46,51,41,62,55,79,76,82,75,86,72,112,108,88,109,121,96,91,114,92,93,67,84,76,89,68,105,81,100,99,79,100,94,102,87,90,89,97,91,85,61,97,92,103,95,102,86,94,75,81,85,78,85,67,59,53,55,38,39,39,53,34,24,17,9,16,24,9,14,11,14,18,7,10,13,13,6,6,5,6,2,2,3,1,6,-
"113年 12月/ 區域別總計/ 性別總計",23400220,131488,137611,141418,160868,165142,179107,183996,197810,210396,216031,214247,197586,237163,200592,168931,195109,199038,205852,206711,208047,217961,226634,245310,255885,304530,281311,265783,321047,319985,321837,319565,323315,316897,315263,331477,307578,338049,307384,300854,339172,365887,378160,399821,409347,403748,411873,399641,378934,410430,354025,347059,344790,343160,351795,359909,359410,357114,338213,360673,355047,359071,362888,354999,347000,341539,336110,323535,305086,312102,302031,281698,268123,258021,256778,212459,192431,164884,141460,110159,95354,106984,104234,96928,91781,85070,75048,63645,56162,47514,41373,34234,28148,23362,19600,15423,11692,8584,6194,4472,2863,5165,-
"113年 12月/ 區域別總計/ 男",11526193,68038,71245,73121,83003,85660,92803,95008,102393,108962,112171,110547,102410,122604,104024,87963,101448,103903,107488,107907,108184,114113,118474,127920,132827,158513,146431,137660,166378,165603,165798,165216,166373,164306,163528,171580,157819,172885,156437,151177,169189,182214,187021,196725,201604,197707,202538,196036,184786,201039,171849,168608,167869,165999,171036,175231,174964,174134,165060,174953,171969,173826,174623,170878,166784,163581,159883,153539,143872,147002,142204,131034,124612,119299,117634,97350,87228,74415,63385,48388,41488,46026,44424,40488,38160,34146,29449,24493,21015,17626,15062,12373,10385,8906,7714,6340,4746,3534,2531,1832,1260,2207,-
"113年 12月/ 區域別總計/ 女",11874027,63450,66366,68297,77865,79482,86304,88988,95417,101434,103860,103700,95176,114559,96568,80968,93661,95135,98364,98804,99863,103848,108160,117390,123058,146017,134880,128123,154669,154382,156039,154349,156942,152591,151735,159897,149759,165164,150947,149677,169983,183673,191139,203096,207743,206041,209335,203605,194148,209391,182176,178451,176921,177161,180759,184678,184446,182980,173153,185720,183078,185245,188265,184121,180216,177958,176227,169996,161214,165100,159827,150664,143511,138722,139144,115109,105203,90469,78075,61771,53866,60958,59810,56440,53621,50924,45599,39152,35147,29888,26311,21861,17763,14456,11886,9083,6946,5050,3663,2640,1603,2958,-
"113年 12月/ 新北市/ 性別總計",4047001,17922,21093,22983,25917,26504,29073,30238,32603,34880,35703,35433,32368,39067,33243,28067,32729,33475,34467,34972,34218,36253,37594,40504,42520,51087,47077,44398,53578,53418,54566,54294,55705,55323,55086,58368,53972,59312,53943,52484,59946,64741,66864,71469,73387,72597,74679,72848,68632,74888,64021,63164,62360,61403,62655,63705,63586,62697,59322,63041,63196,63738,65242,63234,61623,61034,60556,58834,54838,57056,55294,51060,48860,46873,45849,37550,33851,27959,24116,18160,15423,16901,16228,14468,13443,12183,10351,8484,7409,6121,5318,4233,3549,3001,2506,2079,1657,1240,903,670,500,969,-
"113年 12月/ 新北市/ 男",1965488,9232,10824,11871,13305,13688,15030,15525,16708,18034,18549,18215,16764,20172,17118,14653,17008,17492,17942,18315,17762,19152,19785,21127,22191,26561,24417,22948,27731,27717,28096,27960,28864,28723,28653,30274,27655,30207,27199,26176,29972,32159,33035,34966,35936,35490,36474,35459,33070,36449,30638,30393,29929,29355,29912,30265,29931,29318,27822,28955,28978,29369,29777,28960,28311,27857,27387,26634,24617,25838,25233,22822,21970,20959,20639,16847,15145,12445,10735,7962,6754,7380,6886,5961,5540,4800,3904,3162,2681,2181,1892,1482,1336,1216,1033,933,739,564,381,286,242,479,-
"113年 12月/ 新北市/ 女",2081513,8690,10269,11112,12612,12816,14043,14713,15895,16846,17154,17218,15604,18895,16125,13414,15721,15983,16525,16657,16456,17101,17809,19377,20329,24526,22660,21450,25847,25701,26470,26334,26841,26600,26433,28094,26317,29105,26744,26308,29974,32582,33829,36503,37451,37107,38205,37389,35562,38439,33383,32771,32431,32048,32743,33440,33655,33379,31500,34086,34218,34369,35465,34274,33312,33177,33169,32200,30221,31218,30061,28238,26890,25914,25210,20703,18706,15514,13381,10198,8669,9521,9342,8507,7903,7383,6447,5322,4728,3940,3426,2751,2213,1785,1473,1146,918,676,522,384,258,490,-
"113年 12月/ 臺北市/ 性別總計",2490869,15182,14646,14388,16819,17488,19229,19595,21258,23487,24419,24880,23200,26593,22765,19076,20618,19952,20540,19201,18593,19100,19551,21182,21749,26316,24716,23493,28142,28157,29413,29244,29519,29628,29744,32235,30467,34035,31349,31179,35231,38075,39631,41763,43299,42043,43024,41355,37946,43767,36436,36302,35671,35432,36551,37581,37643,36948,35390,36939,36860,37834,38154,37276,36639,37473,37659,37624,36009,37441,36782,34791,34061,33435,33004,28954,26829,22784,20190,15558,12959,14373,13761,12855,11894,11162,9800,8445,7398,6331,5661,4618,4088,3552,3049,2421,1943,1497,1099,804,502,1125,-
"113年 12月/ 臺北市/ 男",1174537,7838,7532,7323,8591,9108,9855,10108,10924,12189,12662,12718,12013,13684,11817,9898,10584,10473,10630,9885,9760,9977,10004,10996,11142,13549,12764,12021,14177,14014,14667,14547,14486,14514,14557,15594,14540,16059,14719,14374,16336,17875,18485,19568,20147,19617,19889,19232,17641,20379,16629,16808,16850,16333,16762,17285,17211,16867,16230,16893,16990,17316,17354,16940,16747,17113,16857,17074,16028,16855,16793,15901,15394,15031,14752,12678,11894,10104,8833,6908,5557,6082,5771,5419,4714,4386,3724,3145,2672,2247,2003,1694,1526,1352,1282,1053,818,640,476,346,233,505,-
"113年 12月/ 臺北市/ 女",1316332,7344,7114,7065,8228,8380,9374,9487,10334,11298,11757,12162,11187,12909,10948,9178,10034,9479,9910,9316,8833,9123,9547,10186,10607,12767,11952,11472,13965,14143,14746,14697,15033,15114,15187,16641,15927,17976,16630,16805,18895,20200,21146,22195,23152,22426,23135,22123,20305,23388,19807,19494,18821,19099,19789,20296,20432,20081,19160,20046,19870,20518,20800,20336,19892,20360,20802,20550,19981,20586,19989,18890,18667,18404,18252,16276,14935,12680,11357,8650,7402,8291,7990,7436,7180,6776,6076,5300,4726,4084,3658,2924,2562,2200,1767,1368,1125,857,623,458,269,620,-
"113年 12月/ 桃園市/ 性別總計",2338648,16187,17120,17062,19220,19540,21102,21130,22673,23750,24149,23968,21714,26217,22425,18260,21220,22007,22598,22274,22429,23349,24244,26276,27274,32383,29600,28087,33888,33679,34271,34426,34748,34419,34224,36219,33726,36572,32924,31823,35806,38691,40473,42735,43187,42250,42611,40804,38477,41445,35374,34502,33984,34051,34477,35057,34504,33827,31783,33446,33454,33001,33442,32018,30407,30190,30207,28934,27050,27563,26475,24730,23003,22438,21281,17188,15723,12954,10997,8802,7382,8140,7805,7079,6462,6052,5105,4339,3758,3208,2751,2289,1880,1722,1547,1294,970,783,502,381,264,417,-
"113年 12月/ 桃園市/ 男",1151696,8408,8805,8735,9966,10078,10970,11018,11721,12256,12525,12484,11336,13543,11595,9480,11107,11460,11890,11711,11746,12253,12699,13666,14120,16853,15348,14519,17337,17305,17433,17735,17546,17617,17488,18453,17096,18561,16555,15910,17632,19001,19902,20823,21182,20420,20855,20065,18712,20534,17175,16632,16563,16360,16738,16896,16713,16290,15282,15892,16041,15740,15889,15329,14243,14300,14250,13557,12645,12812,12328,11308,10518,10307,9663,7738,7120,5728,4919,3827,3159,3429,3230,2881,2640,2418,1943,1619,1365,1138,991,854,807,785,780,689,517,410,250,194,134,206,-
"113年 12月/ 桃園市/ 女",1186952,7779,8315,8327,9254,9462,10132,10112,10952,11494,11624,11484,10378,12674,10830,8780,10113,10547,10708,10563,10683,11096,11545,12610,13154,15530,14252,13568,16551,16374,16838,16691,17202,16802,16736,17766,16630,18011,16369,15913,18174,19690,20571,21912,22005,21830,21756,20739,19765,20911,18199,17870,17421,17691,17739,18161,17791,17537,16501,17554,17413,17261,17553,16689,16164,15890,15957,15377,14405,14751,14147,13422,12485,12131,11618,9450,8603,7226,6078,4975,4223,4711,4575,4198,3822,3634,3162,2720,2393,2070,1760,1435,1073,937,767,605,453,373,252,187,130,211,-
"113年 12月/ 臺中市/ 性別總計",2860601,16650,18594,19454,22038,22397,24506,25639,27512,29149,29527,29079,26562,32140,26810,22514,25791,26112,27503,26686,26676,28161,28811,31548,33213,39090,36998,34205,42167,42317,41880,41569,42054,41531,41219,43401,40124,43991,40175,38970,44177,47047,48019,50368,51401,50601,51042,49297,46392,49252,42543,40884,41162,41196,41502,42703,42764,42669,40286,42245,41354,42044,41852,40623,39419,38748,38106,36097,33854,34420,33351,31229,29320,27569,27332,22822,19672,16845,14272,11356,9807,10482,10027,9604,8877,8152,7309,5961,5378,4484,3685,3110,2547,2112,1710,1360,1007,742,583,383,246,437,-
"113年 12月/ 臺中市/ 男",1396597,8549,9795,10096,11365,11597,12753,13155,14321,15109,15482,14969,13768,16545,13891,11746,13476,13527,14158,13938,13785,14511,14938,16355,17037,20081,19163,17645,21755,21578,21365,21218,21304,21203,21136,21875,20399,22317,20145,19304,21710,23178,23421,24458,25228,24502,24973,23781,22301,23458,20230,19437,19425,19163,19385,19967,20231,20071,18934,19820,19476,19569,19445,19135,18452,18340,17703,16868,15864,16041,15609,14276,13532,12786,12382,10487,9020,7660,6412,4866,4236,4387,4256,4003,3671,3273,2895,2265,2017,1679,1318,1132,940,786,684,595,431,317,255,180,121,206,-
"113年 12月/ 臺中市/ 女",1464004,8101,8799,9358,10673,10800,11753,12484,13191,14040,14045,14110,12794,15595,12919,10768,12315,12585,13345,12748,12891,13650,13873,15193,16176,19009,17835,16560,20412,20739,20515,20351,20750,20328,20083,21526,19725,21674,20030,19666,22467,23869,24598,25910,26173,26099,26069,25516,24091,25794,22313,21447,21737,22033,22117,22736,22533,22598,21352,22425,21878,22475,22407,21488,20967,20408,20403,19229,17990,18379,17742,16953,15788,14783,14950,12335,10652,9185,7860,6490,5571,6095,5771,5601,5206,4879,4414,3696,3361,2805,2367,1978,1607,1326,1026,765,576,425,328,203,125,231,-
"113年 12月/ 臺南市/ 性別總計",1858651,9102,9808,10332,11882,12467,13754,14334,15310,16060,17069,16447,15339,18856,15217,12652,15121,15421,15674,15573,15812,16114,16887,18236,19288,23343,21279,20118,24897,24611,25061,24779,25595,24482,24830,26096,24627,27606,24966,24330,27744,30144,30951,32683,33428,32611,33298,32233,30711,32775,27968,26992,26905,26452,27402,28141,28637,28697,27266,29775,28965,29551,29684,29593,29717,28838,27980,26648,25482,25532,23967,22604,21231,20152,20712,16682,15135,13506,11038,8283,7239,8724,8570,7559,7662,7128,6170,5465,4843,4169,3849,3313,2449,1982,1760,1361,946,689,471,309,192,313,-
"113年 12月/ 臺南市/ 男",921613,4735,5075,5424,6230,6530,7079,7433,7925,8422,8819,8443,7849,9746,7963,6662,7776,7938,8213,8124,8233,8335,8838,9551,9931,12161,11120,10583,13095,12812,13054,12850,13149,12774,13031,13555,12828,14317,12772,12355,13890,15071,15391,16066,16618,16054,16708,16254,15225,16213,13629,13182,13108,12656,13390,13707,13912,14074,13249,14577,14116,14392,14546,14369,14537,13955,13706,12898,12565,12366,11525,10842,10092,9612,9724,7881,7024,6146,4940,3680,3222,3691,3633,3150,3194,2869,2409,2094,1824,1606,1435,1181,845,723,621,498,341,239,160,106,73,79,-
"113年 12月/ 臺南市/ 女",937038,4367,4733,4908,5652,5937,6675,6901,7385,7638,8250,8004,7490,9110,7254,5990,7345,7483,7461,7449,7579,7779,8049,8685,9357,11182,10159,9535,11802,11799,12007,11929,12446,11708,11799,12541,11799,13289,12194,11975,13854,15073,15560,16617,16810,16557,16590,15979,15486,16562,14339,13810,13797,13796,14012,14434,14725,14623,14017,15198,14849,15159,15138,15224,15180,14883,14274,13750,12917,13166,12442,11762,11139,10540,10988,8801,8111,7360,6098,4603,4017,5033,4937,4409,4468,4259,3761,3371,3019,2563,2414,2132,1604,1259,1139,863,605,450,311,203,119,234,-
"113年 12月/ 高雄市/ 性別總計",2731412,15038,15763,15896,18012,18239,19442,20071,21638,22687,23558,23106,21491,25782,21593,17921,21655,22198,22936,23167,23546,24060,25590,27472,28534,35411,32229,30331,36808,36993,37083,37010,37364,36043,36581,38268,34925,39165,34840,33984,38701,41777,43253,45929,47061,47369,48654,47558,45555,49865,43360,42573,42361,41776,42587,43868,42762,43101,40710,42740,41566,42084,42041,41849,41139,40476,39530,38726,37451,38205,37600,34874,33875,32332,33071,27441,24029,21369,17461,13241,11737,13175,12604,11256,10750,9530,8477,7005,5978,4869,4256,3442,2784,2288,1917,1501,1082,794,521,430,243,423,-
"113年 12月/ 高雄市/ 男",1337224,7789,8221,8252,9235,9421,10018,10354,11222,11751,12245,12026,11033,13327,11276,9216,11143,11450,12095,11971,12204,12584,13217,14299,14788,18412,16609,15534,18978,19062,19059,19165,19223,18598,18959,19787,17687,20011,17764,17114,19455,20719,21381,22621,23218,23183,23939,23192,22140,24382,20922,20614,20528,20147,20603,21453,20739,21049,20005,20587,20066,20388,20086,19878,19411,18919,18560,17956,17268,17597,17173,15937,15448,14584,14893,12367,10691,9464,7852,5708,5075,5686,5417,4686,4477,3748,3284,2685,2167,1821,1560,1292,1045,954,813,677,482,369,257,190,123,194,-
"113年 12月/ 高雄市/ 女",1394188,7249,7542,7644,8777,8818,9424,9717,10416,10936,11313,11080,10458,12455,10317,8705,10512,10748,10841,11196,11342,11476,12373,13173,13746,16999,15620,14797,17830,17931,18024,17845,18141,17445,17622,18481,17238,19154,17076,16870,19246,21058,21872,23308,23843,24186,24715,24366,23415,25483,22438,21959,21833,21629,21984,22415,22023,22052,20705,22153,21500,21696,21955,21971,21728,21557,20970,20770,20183,20608,20427,18937,18427,17748,18178,15074,13338,11905,9609,7533,6662,7489,7187,6570,6273,5782,5193,4320,3811,3048,2696,2150,1739,1334,1104,824,600,425,264,240,120,229,-
"113年 12月/ 宜蘭縣/ 性別總計",449212,2386,2500,2520,3069,3061,3319,3393,3617,3901,3777,3719,3732,4195,3663,3207,3731,3678,3727,3923,4082,4364,4498,4796,5118,5984,5537,5445,6729,6587,6573,6430,6518,6283,6134,6289,5850,6134,5587,5387,6002,6405,6623,6943,7118,6986,7140,6926,6709,7200,6510,6606,6628,6534,6762,7233,7370,7216,6874,7236,7097,7332,7449,7208,7084,6960,6580,6215,5787,6007,5779,5196,5097,4621,4702,3888,3421,2909,2511,2171,2022,2299,2392,2396,2233,2199,1875,1687,1477,1236,1079,894,712,542,470,372,270,186,137,104,59,93,-
"113年 12月/ 宜蘭縣/ 男",225131,1245,1302,1274,1617,1550,1703,1717,1870,2014,1947,1936,1979,2190,1911,1614,1954,1929,1915,2006,2107,2270,2313,2490,2657,3130,2951,2792,3505,3558,3419,3365,3346,3373,3226,3406,3056,3260,2911,2830,3092,3196,3336,3540,3509,3494,3566,3409,3371,3612,3115,3251,3324,3241,3419,3606,3817,3644,3473,3666,3523,3671,3788,3564,3525,3443,3217,3008,2881,2997,2845,2443,2410,2196,2227,1843,1561,1378,1158,1032,863,1027,1046,1037,961,884,795,663,571,471,407,341,258,187,155,144,92,64,52,32,24,28,-
"113年 12月/ 宜蘭縣/ 女",224081,1141,1198,1246,1452,1511,1616,1676,1747,1887,1830,1783,1753,2005,1752,1593,1777,1749,1812,1917,1975,2094,2185,2306,2461,2854,2586,2653,3224,3029,3154,3065,3172,2910,2908,2883,2794,2874,2676,2557,2910,3209,3287,3403,3609,3492,3574,3517,3338,3588,3395,3355,3304,3293,3343,3627,3553,3572,3401,3570,3574,3661,3661,3644,3559,3517,3363,3207,2906,3010,2934,2753,2687,2425,2475,2045,1860,1531,1353,1139,1159,1272,1346,1359,1272,1315,1080,1024,906,765,672,553,454,355,315,228,178,122,85,72,35,65,-
"113年 12月/ 新竹縣/ 性別總計",594641,3925,4655,4852,5538,5707,5985,6130,6555,6918,6995,7049,6313,7608,6451,5287,6188,6184,6329,6115,6048,6228,6325,6683,6952,7795,7165,6751,8122,8225,8168,8572,8506,8407,8441,9123,8419,9033,8268,8218,9170,9917,10304,11107,11323,11041,11253,10834,10128,11137,9167,9335,9088,8698,8846,8876,8559,8244,7633,8091,8013,7762,7853,7609,7231,7101,6563,6254,5702,5790,5470,5029,4704,4559,4465,3698,3466,2852,2508,2099,1873,2209,2225,2081,2163,1954,1756,1504,1371,1122,1014,796,656,529,434,347,250,231,146,103,68,97,-
"113年 12月/ 新竹縣/ 男",302644,2010,2395,2554,2809,2941,3112,3248,3411,3608,3663,3617,3214,3853,3356,2764,3266,3278,3271,3180,3223,3274,3300,3543,3703,4086,3773,3552,4307,4408,4264,4501,4591,4569,4533,4917,4462,4702,4333,4213,4659,4985,5121,5560,5630,5443,5480,5293,4939,5516,4582,4653,4590,4395,4441,4524,4392,4197,3920,4142,4122,4009,3979,3888,3689,3693,3399,3221,2915,2900,2738,2454,2285,2196,2100,1788,1641,1361,1132,975,863,996,965,949,950,874,743,648,592,457,388,322,247,211,192,151,105,74,57,46,26,37,-
"113年 12月/ 新竹縣/ 女",291997,1915,2260,2298,2729,2766,2873,2882,3144,3310,3332,3432,3099,3755,3095,2523,2922,2906,3058,2935,2825,2954,3025,3140,3249,3709,3392,3199,3815,3817,3904,4071,3915,3838,3908,4206,3957,4331,3935,4005,4511,4932,5183,5547,5693,5598,5773,5541,5189,5621,4585,4682,4498,4303,4405,4352,4167,4047,3713,3949,3891,3753,3874,3721,3542,3408,3164,3033,2787,2890,2732,2575,2419,2363,2365,1910,1825,1491,1376,1124,1010,1213,1260,1132,1213,1080,1013,856,779,665,626,474,409,318,242,196,145,157,89,57,42,60,-
"113年 12月/ 苗栗縣/ 性別總計",532854,2353,2526,2653,3182,3421,3892,4206,4539,4845,5117,4981,4616,5537,4659,3858,4545,4684,4956,4980,5018,5504,5523,6170,6211,7096,6689,6016,7408,7660,7368,7334,7470,7344,7145,7349,7046,7477,6965,6821,7630,8358,8646,9259,9203,8899,9189,8656,8237,8496,7693,7470,7522,7685,7889,8010,8094,8026,7450,8157,7888,8211,8590,8261,8210,7793,7897,7042,6764,6794,6342,6131,5628,5586,5282,4561,4167,3494,3273,2587,2432,2671,2697,2663,2523,2450,2143,1832,1789,1362,1267,1127,794,746,609,411,347,265,180,137,65,110,-
"113年 12月/ 苗栗縣/ 男",273824,1163,1338,1375,1632,1766,2046,2127,2375,2507,2636,2552,2391,2838,2415,2012,2369,2465,2614,2598,2647,2961,2971,3347,3268,3720,3544,3212,4009,4002,3986,4062,4090,4009,3913,4057,3851,4026,3768,3620,3984,4330,4467,4715,4763,4548,4645,4365,4202,4310,3959,3859,3905,3903,4146,4156,4219,4232,3882,4242,4107,4249,4419,4267,4185,4041,4021,3627,3454,3466,3263,3008,2752,2727,2484,2168,1985,1610,1508,1199,1119,1216,1165,1173,1136,1045,957,743,737,555,532,438,305,278,230,168,123,96,53,48,22,31,-
"113年 12月/ 苗栗縣/ 女",259030,1190,1188,1278,1550,1655,1846,2079,2164,2338,2481,2429,2225,2699,2244,1846,2176,2219,2342,2382,2371,2543,2552,2823,2943,3376,3145,2804,3399,3658,3382,3272,3380,3335,3232,3292,3195,3451,3197,3201,3646,4028,4179,4544,4440,4351,4544,4291,4035,4186,3734,3611,3617,3782,3743,3854,3875,3794,3568,3915,3781,3962,4171,3994,4025,3752,3876,3415,3310,3328,3079,3123,2876,2859,2798,2393,2182,1884,1765,1388,1313,1455,1532,1490,1387,1405,1186,1089,1052,807,735,689,489,468,379,243,224,169,127,89,43,79,-
"113年 12月/ 彰化縣/ 性別總計",1225675,7989,8099,7883,8846,8862,9266,9073,9916,10593,10682,10838,9726,12041,10282,8708,10338,10743,11041,11572,11844,12866,13402,14338,14864,17095,16127,15215,17664,17554,17110,16936,17240,16981,16474,17173,16133,17596,16320,16077,17854,19192,19556,20481,20829,20559,20933,20266,19391,19953,17943,17244,16855,16712,17076,17232,17513,17481,16671,18500,17822,18473,18706,18326,18219,17457,17118,16844,14931,15919,15082,14124,13258,12748,13057,10914,9861,8583,7594,5889,5226,5961,6064,5806,5593,5240,4916,4105,3748,3350,2803,2359,2002,1593,1234,954,661,444,331,228,153,231,-
"113年 12月/ 彰化縣/ 男",621327,4152,4213,4070,4586,4666,4836,4713,5208,5490,5532,5620,5125,6321,5313,4540,5505,5544,5892,6178,6110,6766,7095,7523,7706,9031,8435,7827,9186,9239,8843,8828,8914,8899,8635,9140,8540,9258,8578,8314,9228,10006,9848,10368,10717,10340,10720,10423,9898,10184,9255,8802,8567,8582,8783,8849,9047,9044,8516,9537,9144,9392,9536,9360,9355,8718,8579,8540,7401,7921,7439,6777,6440,6192,6240,5294,4510,3980,3550,2616,2329,2671,2671,2476,2437,2141,1991,1613,1437,1235,998,782,698,513,400,288,190,135,85,70,42,56,-
"113年 12月/ 彰化縣/ 女",604348,3837,3886,3813,4260,4196,4430,4360,4708,5103,5150,5218,4601,5720,4969,4168,4833,5199,5149,5394,5734,6100,6307,6815,7158,8064,7692,7388,8478,8315,8267,8108,8326,8082,7839,8033,7593,8338,7742,7763,8626,9186,9708,10113,10112,10219,10213,9843,9493,9769,8688,8442,8288,8130,8293,8383,8466,8437,8155,8963,8678,9081,9170,8966,8864,8739,8539,8304,7530,7998,7643,7347,6818,6556,6817,5620,5351,4603,4044,3273,2897,3290,3393,3330,3156,3099,2925,2492,2311,2115,1805,1577,1304,1080,834,666,471,309,246,158,111,175,-
"113年 12月/ 南投縣/ 性別總計",472299,2319,2363,2425,2745,2896,3064,3238,3442,3689,3698,3661,3373,4188,3635,3171,3542,3686,3985,4173,4347,4582,4722,5308,5616,6262,5968,5746,6752,6646,6503,6701,6573,6318,6109,6319,5770,6221,5749,5548,6260,6559,6924,7100,7324,7261,7532,6961,6880,7434,6456,6318,6431,6724,7005,7355,7546,7674,7122,8030,7779,7865,8311,8085,7925,7705,7525,7019,6642,6648,6576,6022,5717,5550,5452,4604,4204,3731,3049,2597,2365,2480,2433,2609,2493,2339,2177,1816,1617,1346,1195,1008,875,661,556,432,311,205,144,111,66,105,-
"113年 12月/ 南投縣/ 男",240207,1236,1205,1265,1447,1513,1610,1695,1770,1943,1867,1932,1753,2200,1882,1634,1833,1915,2054,2168,2232,2371,2468,2765,2989,3274,3173,3017,3554,3428,3436,3539,3542,3439,3384,3415,3145,3389,3137,2974,3307,3434,3719,3680,3721,3730,3872,3570,3453,3846,3279,3108,3173,3385,3610,3706,3829,3990,3619,4149,3994,3991,4241,4055,3989,3947,3828,3520,3331,3302,3234,3035,2847,2713,2585,2232,1976,1764,1401,1157,1044,1079,1070,1154,1035,960,884,783,631,520,459,382,321,252,221,153,111,72,63,38,20,40,-
"113年 12月/ 南投縣/ 女",232092,1083,1158,1160,1298,1383,1454,1543,1672,1746,1831,1729,1620,1988,1753,1537,1709,1771,1931,2005,2115,2211,2254,2543,2627,2988,2795,2729,3198,3218,3067,3162,3031,2879,2725,2904,2625,2832,2612,2574,2953,3125,3205,3420,3603,3531,3660,3391,3427,3588,3177,3210,3258,3339,3395,3649,3717,3684,3503,3881,3785,3874,4070,4030,3936,3758,3697,3499,3311,3346,3342,2987,2870,2837,2867,2372,2228,1967,1648,1440,1321,1401,1363,1455,1458,1379,1293,1033,986,826,736,626,554,409,335,279,200,133,81,73,46,65,-
"113年 12月/ 雲林縣/ 性別總計",658427,5789,3363,3453,3918,4106,4423,4387,4760,4929,5074,5148,4790,6049,5207,4487,5230,5506,5772,5942,6361,6636,7175,7635,7979,9354,8648,8065,9478,9114,9103,8690,8382,8093,7853,8226,7753,8356,7985,7967,8879,9491,10046,10410,10611,10803,11164,10913,10687,11317,10021,9556,9551,9453,9871,9965,10186,10204,9398,11044,10337,10192,10533,10275,9991,9414,9413,8750,8101,8434,8152,7606,7165,7103,7766,5741,5767,5070,4548,4076,3331,3811,4106,3765,3706,3557,3244,2872,2402,2106,1850,1556,1242,1023,811,566,416,300,229,141,86,117,-
"113年 12月/ 雲林縣/ 男",338587,3039,1768,1794,2037,2111,2317,2292,2437,2523,2608,2635,2437,3162,2608,2349,2766,2917,3044,3119,3309,3497,3847,3927,4181,4955,4516,4229,4976,4818,4776,4570,4361,4288,4104,4554,4158,4365,4288,4212,4612,4907,5146,5335,5379,5508,5664,5542,5502,5813,5260,4945,4949,4915,5306,5389,5632,5621,5277,6101,5680,5736,5747,5596,5399,5031,5015,4632,4202,4307,4126,3775,3609,3523,3769,2798,2726,2355,2054,1772,1468,1613,1745,1547,1556,1435,1319,1089,891,768,609,515,410,332,231,169,113,90,59,34,21,24,-
"113年 12月/ 雲林縣/ 女",319840,2750,1595,1659,1881,1995,2106,2095,2323,2406,2466,2513,2353,2887,2599,2138,2464,2589,2728,2823,3052,3139,3328,3708,3798,4399,4132,3836,4502,4296,4327,4120,4021,3805,3749,3672,3595,3991,3697,3755,4267,4584,4900,5075,5232,5295,5500,5371,5185,5504,4761,4611,4602,4538,4565,4576,4554,4583,4121,4943,4657,4456,4786,4679,4592,4383,4398,4118,3899,4127,4026,3831,3556,3580,3997,2943,3041,2715,2494,2304,1863,2198,2361,2218,2150,2122,1925,1783,1511,1338,1241,1041,832,691,580,397,303,210,170,107,65,93,-
"113年 12月/ 嘉義縣/ 性別總計",478786,2171,2269,2174,2440,2591,2570,2507,2894,2879,2997,2909,2717,3372,2980,2729,3240,3444,3733,3983,4404,4593,5088,5584,5758,6933,5971,6035,6986,6697,6593,6397,6387,6002,5993,6085,5430,5934,5514,5388,6056,6587,6770,7043,7274,7464,7276,7396,7340,7535,6827,6830,7158,7088,7475,7736,7669,8008,7651,8502,8267,8235,8437,8352,8279,8096,7786,7253,6694,6846,6515,6214,5925,5751,5920,4768,4522,4081,3430,2599,2542,3003,2931,2887,2922,2741,2592,2270,1928,1802,1468,1286,1077,838,745,561,400,255,202,129,63,118,-
"113年 12月/ 嘉義縣/ 男",247718,1124,1166,1141,1269,1318,1325,1269,1462,1489,1576,1492,1449,1770,1545,1440,1731,1804,1976,2113,2268,2395,2675,2940,3029,3692,3160,3178,3713,3601,3522,3445,3470,3255,3285,3337,2992,3294,3035,2947,3276,3540,3558,3740,3652,3805,3754,3778,3706,3833,3518,3434,3628,3755,3882,4208,4041,4358,4198,4619,4519,4561,4593,4548,4540,4408,4134,3840,3595,3600,3386,3181,2971,2915,2919,2326,2155,1906,1545,1155,1112,1296,1248,1195,1208,1088,1054,918,735,676,554,424,355,277,251,175,145,76,61,38,23,37,-
"113年 12月/ 嘉義縣/ 女",231068,1047,1103,1033,1171,1273,1245,1238,1432,1390,1421,1417,1268,1602,1435,1289,1509,1640,1757,1870,2136,2198,2413,2644,2729,3241,2811,2857,3273,3096,3071,2952,2917,2747,2708,2748,2438,2640,2479,2441,2780,3047,3212,3303,3622,3659,3522,3618,3634,3702,3309,3396,3530,3333,3593,3528,3628,3650,3453,3883,3748,3674,3844,3804,3739,3688,3652,3413,3099,3246,3129,3033,2954,2836,3001,2442,2367,2175,1885,1444,1430,1707,1683,1692,1714,1653,1538,1352,1193,1126,914,862,722,561,494,386,255,179,141,91,40,81,-
"113年 12月/ 屏東縣/ 性別總計",789239,4239,4222,4014,4559,4854,5271,5401,5744,5950,6120,6068,5526,6739,5601,5042,5504,5848,6123,6734,6967,7479,7892,8716,9151,10744,9705,9670,11597,11692,11538,11286,10872,10498,10284,10375,9753,10698,9380,9481,10361,11250,11599,12102,12505,12637,12969,12762,12400,13342,11567,11361,11465,11520,12313,12637,12650,13019,12446,13265,13019,13383,13052,13254,12924,12568,12297,11357,11188,11040,10755,10083,9629,9064,9384,7674,6831,6375,5289,4060,3617,4223,4053,3997,3863,3421,3043,2672,2312,2037,1689,1321,1117,832,661,513,407,233,181,116,80,118,-
"113年 12月/ 屏東縣/ 男",399227,2193,2130,2070,2367,2550,2735,2730,3042,3099,3232,3117,2840,3545,2899,2685,2851,3092,3183,3535,3593,3963,4075,4471,4724,5627,5144,5025,6130,6210,6122,5989,5746,5597,5503,5511,5168,5759,5034,5046,5400,5935,6002,6161,6450,6448,6735,6489,6322,6819,5889,5667,5760,5786,6192,6416,6392,6780,6502,6926,6585,6809,6619,6663,6466,6316,6157,5585,5317,5298,5176,4809,4588,4266,4485,3614,3099,2939,2372,1805,1570,1843,1787,1723,1672,1455,1252,1090,959,797,631,497,425,310,224,185,149,101,71,43,28,44,-
"113年 12月/ 屏東縣/ 女",390012,2046,2092,1944,2192,2304,2536,2671,2702,2851,2888,2951,2686,3194,2702,2357,2653,2756,2940,3199,3374,3516,3817,4245,4427,5117,4561,4645,5467,5482,5416,5297,5126,4901,4781,4864,4585,4939,4346,4435,4961,5315,5597,5941,6055,6189,6234,6273,6078,6523,5678,5694,5705,5734,6121,6221,6258,6239,5944,6339,6434,6574,6433,6591,6458,6252,6140,5772,5871,5742,5579,5274,5041,4798,4899,4060,3732,3436,2917,2255,2047,2380,2266,2274,2191,1966,1791,1582,1353,1240,1058,824,692,522,437,328,258,132,110,73,52,74,-
"113年 12月/ 臺東縣/ 性別總計",210219,1407,1339,1292,1381,1360,1428,1566,1574,1668,1676,1739,1608,1825,1656,1496,1585,1743,1789,1972,1969,2029,2187,2392,2485,2830,2722,2642,3010,2991,2925,2919,2816,2850,2806,2741,2533,2682,2401,2537,2655,2816,3116,3178,3227,3229,3177,3269,3114,3464,3108,3097,3243,3434,3503,3521,3495,3390,3478,3473,3475,3471,3596,3413,3229,3193,3117,2953,2850,2750,2814,2453,2399,2354,2304,1871,1829,1464,1479,1066,975,1028,1138,994,922,842,782,663,589,512,437,384,272,224,210,161,152,76,67,59,34,60,-
"113年 12月/ 臺東縣/ 男",107085,713,707,653,742,684,769,823,829,897,820,917,869,977,851,761,831,940,913,1051,1043,1057,1168,1211,1291,1488,1415,1347,1543,1542,1519,1569,1481,1512,1501,1488,1390,1412,1304,1347,1389,1490,1641,1639,1697,1672,1650,1669,1632,1745,1618,1643,1654,1797,1768,1903,1892,1786,1796,1884,1853,1804,1840,1747,1730,1600,1543,1469,1415,1395,1334,1155,1141,1056,1010,836,802,686,626,438,392,455,475,391,372,338,299,256,221,189,172,141,110,87,77,67,69,42,33,28,16,35,-
"113年 12月/ 臺東縣/ 女",103134,694,632,639,639,676,659,743,745,771,856,822,739,848,805,735,754,803,876,921,926,972,1019,1181,1194,1342,1307,1295,1467,1449,1406,1350,1335,1338,1305,1253,1143,1270,1097,1190,1266,1326,1475,1539,1530,1557,1527,1600,1482,1719,1490,1454,1589,1637,1735,1618,1603,1604,1682,1589,1622,1667,1756,1666,1499,1593,1574,1484,1435,1355,1480,1298,1258,1298,1294,1035,1027,778,853,628,583,573,663,603,550,504,483,407,368,323,265,243,162,137,133,94,83,34,34,31,18,25,-
"113年 12月/ 花蓮縣/ 性別總計",315374,1730,1791,1946,2053,2056,2319,2363,2427,2620,2666,2585,2541,2734,2503,2291,2522,2566,2683,2769,2838,3038,3152,3434,3569,4151,3927,3773,4544,4569,4510,4406,4500,4274,4185,4184,3806,4053,3699,3732,4056,4514,4559,4809,5000,4904,4952,4933,4782,5223,4616,4692,4711,4830,4994,5152,5135,5010,4906,4881,5095,5027,5032,4984,5130,4826,4810,4598,4478,4440,4411,4016,3717,3539,3557,3015,2777,2229,2064,1710,1443,1601,1551,1570,1365,1297,1142,965,897,735,666,524,453,365,285,268,184,119,106,96,41,78,-
"113年 12月/ 花蓮縣/ 男",158193,901,915,1044,1048,1084,1234,1239,1276,1332,1383,1370,1320,1432,1345,1218,1329,1344,1409,1467,1444,1593,1674,1783,1828,2153,2054,2055,2354,2400,2314,2282,2371,2289,2179,2217,1977,2126,1988,1953,2097,2328,2317,2451,2577,2512,2489,2549,2391,2581,2291,2350,2314,2385,2462,2557,2606,2578,2543,2558,2580,2519,2535,2481,2515,2370,2304,2223,2163,2182,2092,1994,1790,1618,1630,1398,1221,972,920,723,604,667,655,617,551,517,437,383,343,273,259,186,158,140,115,97,83,53,48,47,23,47,-
"113年 12月/ 花蓮縣/ 女",157181,829,876,902,1005,972,1085,1124,1151,1288,1283,1215,1221,1302,1158,1073,1193,1222,1274,1302,1394,1445,1478,1651,1741,1998,1873,1718,2190,2169,2196,2124,2129,1985,2006,1967,1829,1927,1711,1779,1959,2186,2242,2358,2423,2392,2463,2384,2391,2642,2325,2342,2397,2445,2532,2595,2529,2432,2363,2323,2515,2508,2497,2503,2615,2456,2506,2375,2315,2258,2319,2022,1927,1921,1927,1617,1556,1257,1144,987,839,934,896,953,814,780,705,582,554,462,407,338,295,225,170,171,101,66,58,49,18,31,-
"113年 12月/ 澎湖縣/ 性別總計",107901,722,707,730,800,814,734,579,677,675,701,652,636,734,618,575,678,681,744,1066,1265,1309,1424,1380,1430,1716,1516,1420,1746,1585,1668,1556,1654,1615,1493,1558,1386,1666,1447,1353,1476,1630,1562,1624,1683,1665,1646,1677,1611,1731,1544,1627,1518,1580,1623,1622,1625,1703,1633,1704,1667,1728,1643,1753,1802,1639,1658,1570,1458,1434,1318,1210,1205,1164,1146,1012,888,729,583,649,491,522,446,421,430,442,395,320,323,346,259,232,192,151,142,99,73,59,46,25,15,22,-
"113年 12月/ 澎湖縣/ 男",55167,355,349,359,411,439,361,304,379,349,367,352,344,391,311,298,335,363,386,577,694,732,808,750,782,955,831,759,947,851,864,826,907,853,787,851,713,873,750,726,753,842,813,781,803,808,790,873,790,832,765,800,812,804,847,843,843,884,860,885,870,908,876,907,921,827,843,800,763,758,683,590,569,560,545,478,425,350,252,297,223,235,212,169,200,172,151,130,135,132,92,83,67,56,51,36,25,23,18,6,5,7,-
"113年 12月/ 澎湖縣/ 女",52734,367,358,371,389,375,373,275,298,326,334,300,292,343,307,277,343,318,358,489,571,577,616,630,648,761,685,661,799,734,804,730,747,762,706,707,673,793,697,627,723,788,749,843,880,857,856,804,821,899,779,827,706,776,776,779,782,819,773,819,797,820,767,846,881,812,815,770,695,676,635,620,636,604,601,534,463,379,331,352,268,287,234,252,230,270,244,190,188,214,167,149,125,95,91,63,48,36,28,19,10,15,-
"113年 12月/ 基隆市/ 性別總計",361441,1354,1404,1648,1907,2076,2239,2425,2461,2818,2797,2649,2569,3096,2501,2280,2615,2695,2872,2953,2917,3079,3264,3606,3852,4854,4444,4278,5079,5203,5237,4989,5124,4916,4953,5114,4499,5026,4325,4244,4573,4967,5177,5721,5863,5629,5789,5763,5667,6077,5415,5482,5486,5623,5857,5934,6044,6054,5862,6066,6180,6262,6240,6271,6181,6052,6120,5843,5342,5500,5400,4874,4715,4705,4268,3703,3348,2708,2359,1520,1332,1723,1671,1592,1487,1516,1288,1026,924,744,617,537,459,349,288,222,174,135,111,72,58,114,-
"113年 12月/ 基隆市/ 男",179315,689,722,880,1009,1068,1171,1250,1263,1421,1474,1340,1349,1572,1284,1186,1320,1440,1508,1519,1521,1629,1759,1887,2068,2496,2309,2196,2666,2779,2744,2571,2703,2623,2622,2744,2421,2663,2289,2185,2291,2632,2624,2884,2955,2799,2909,2771,2763,3070,2644,2726,2676,2777,2944,2848,2989,2998,2923,2959,3035,3097,3077,3058,3062,2888,3000,2789,2535,2596,2512,2291,2166,2155,1935,1702,1500,1247,1079,664,561,715,727,642,612,607,451,362,296,266,206,189,160,127,104,79,76,52,42,35,32,64,-
"113年 12月/ 基隆市/ 女",182126,665,682,768,898,1008,1068,1175,1198,1397,1323,1309,1220,1524,1217,1094,1295,1255,1364,1434,1396,1450,1505,1719,1784,2358,2135,2082,2413,2424,2493,2418,2421,2293,2331,2370,2078,2363,2036,2059,2282,2335,2553,2837,2908,2830,2880,2992,2904,3007,2771,2756,2810,2846,2913,3086,3055,3056,2939,3107,3145,3165,3163,3213,3119,3164,3120,3054,2807,2904,2888,2583,2549,2550,2333,2001,1848,1461,1280,856,771,1008,944,950,875,909,837,664,628,478,411,348,299,222,184,143,98,83,69,37,26,50,-
"113年 12月/ 新竹市/ 性別總計",457242,3123,3275,3487,3979,4082,4535,4667,5071,5430,5820,5892,5432,6342,5325,4313,4939,4894,4819,4743,4430,4638,4582,4996,5120,5672,5195,4831,5915,5879,5890,5762,6131,5994,6141,6366,6073,6683,6208,6110,6869,7637,8009,8638,9064,8960,8911,8567,8038,8644,7349,6962,6611,6780,6789,6725,6713,6407,5859,6077,6027,5817,5891,5867,5439,5425,5206,5071,4733,4661,4674,4464,4222,4018,4009,3150,2969,2545,2289,1821,1487,1733,1691,1615,1435,1367,1187,1009,902,735,663,548,430,404,311,242,217,172,134,85,67,117,-
"113年 12月/ 新竹市/ 男",225641,1638,1709,1808,2025,2158,2375,2427,2606,2765,3028,3051,2828,3245,2787,2238,2550,2655,2529,2469,2285,2413,2391,2647,2702,2938,2693,2496,3081,3044,3060,3002,3093,3134,3185,3347,3066,3384,3135,3056,3357,3604,3865,4261,4352,4313,4245,4208,3889,4255,3619,3502,3241,3333,3297,3335,3207,3134,2932,2968,2925,2855,2862,2873,2609,2590,2440,2409,2166,2093,2151,2092,1948,1819,1768,1410,1320,1109,1007,793,599,716,685,630,549,524,439,348,322,276,238,210,171,157,119,100,74,74,78,40,35,58,-
"113年 12月/ 新竹市/ 女",231601,1485,1566,1679,1954,1924,2160,2240,2465,2665,2792,2841,2604,3097,2538,2075,2389,2239,2290,2274,2145,2225,2191,2349,2418,2734,2502,2335,2834,2835,2830,2760,3038,2860,2956,3019,3007,3299,3073,3054,3512,4033,4144,4377,4712,4647,4666,4359,4149,4389,3730,3460,3370,3447,3492,3390,3506,3273,2927,3109,3102,2962,3029,2994,2830,2835,2766,2662,2567,2568,2523,2372,2274,2199,2241,1740,1649,1436,1282,1028,888,1017,1006,985,886,843,748,661,580,459,425,338,259,247,192,142,143,98,56,45,32,59,-
"113年 12月/ 嘉義市/ 性別總計",262177,1160,1373,1480,1716,1776,2067,2263,2276,2582,2579,2545,2504,3059,2536,2184,2372,2516,2478,2573,2512,2729,2775,3013,3144,3862,3560,3183,3808,3716,3689,3558,3525,3323,3270,3493,3072,3389,3225,3113,3567,3782,3891,4178,4307,4176,4300,4375,4051,4514,3909,3777,3734,3777,3993,4073,4121,4050,3813,4238,3941,3953,4135,3838,3858,3727,3503,3474,3244,3331,3307,2945,2862,2891,2849,2231,2156,1887,1684,1316,1102,1287,1262,1178,1091,1033,894,786,722,615,564,434,354,285,230,163,131,96,66,53,29,46,-
"113年 12月/ 嘉義市/ 男",125664,612,704,748,868,945,1053,1179,1207,1292,1279,1300,1318,1580,1365,1129,1234,1367,1278,1281,1295,1446,1418,1592,1629,2014,1859,1663,1915,1853,1857,1851,1804,1701,1671,1768,1537,1655,1610,1457,1680,1831,1842,1958,1968,1991,2045,2040,1859,2044,1786,1692,1690,1735,1812,1872,1907,1875,1773,2051,1832,1911,1938,1804,1790,1755,1644,1648,1483,1529,1564,1331,1356,1305,1231,971,929,809,732,535,458,518,503,441,456,413,337,309,244,220,212,141,126,104,93,64,44,32,21,19,8,19,-
"113年 12月/ 嘉義市/ 女",136513,548,669,732,848,831,1014,1084,1069,1290,1300,1245,1186,1479,1171,1055,1138,1149,1200,1292,1217,1283,1357,1421,1515,1848,1701,1520,1893,1863,1832,1707,1721,1622,1599,1725,1535,1734,1615,1656,1887,1951,2049,2220,2339,2185,2255,2335,2192,2470,2123,2085,2044,2042,2181,2201,2214,2175,2040,2187,2109,2042,2197,2034,2068,1972,1859,1826,1761,1802,1743,1614,1506,1586,1618,1260,1227,1078,952,781,644,769,759,737,635,620,557,477,478,395,352,293,228,181,137,99,87,64,45,34,21,27,-
"113年 12月/ 金門縣/ 性別總計",143601,645,612,659,755,756,791,702,777,796,808,802,751,896,807,731,847,908,966,1239,1629,1718,1792,1859,1869,2324,2002,1888,2472,2429,2444,2478,2349,2314,2036,2247,2001,2189,1949,1912,1979,2088,2008,2057,2064,1842,2101,2052,2003,2164,1973,2069,2126,2209,2388,2532,2590,2506,2427,2974,2795,2892,2747,2679,2350,2631,2256,2237,2305,2113,1800,1898,1394,1447,1274,905,903,724,649,541,531,602,543,497,441,437,374,390,368,267,265,207,197,155,113,91,86,58,32,32,28,46,-
"113年 12月/ 金門縣/ 男",71254,357,316,337,389,403,402,352,390,416,429,419,386,462,432,394,425,457,521,646,840,861,943,952,950,1187,1006,942,1269,1219,1245,1214,1221,1170,1010,1156,1016,1110,1024,951,966,1020,998,1032,987,910,1001,956,900,1050,918,979,1054,1081,1194,1289,1296,1223,1184,1384,1391,1413,1319,1320,1199,1340,1162,1134,1160,1051,903,929,703,711,601,441,441,367,317,245,260,293,259,232,213,185,165,172,164,110,99,83,70,55,34,18,16,9,10,5,6,8,-
"113年 12月/ 金門縣/ 女",72347,288,296,322,366,353,389,350,387,380,379,383,365,434,375,337,422,451,445,593,789,857,849,907,919,1137,996,946,1203,1210,1199,1264,1128,1144,1026,1091,985,1079,925,961,1013,1068,1010,1025,1077,932,1100,1096,1103,1114,1055,1090,1072,1128,1194,1243,1294,1283,1243,1590,1404,1479,1428,1359,1151,1291,1094,1103,1145,1062,897,969,691,736,673,464,462,357,332,296,271,309,284,265,228,252,209,218,204,157,166,124,127,100,79,73,70,49,22,27,22,38,-
"113年 12月/ 連江縣/ 性別總計",13950,95,89,87,92,89,98,89,86,90,99,97,78,93,115,82,99,97,117,101,142,132,156,182,189,228,236,193,257,263,244,229,283,259,262,248,213,231,165,196,180,219,179,224,189,222,233,196,183,207,225,216,220,203,237,251,204,183,233,249,250,216,258,231,204,193,223,192,183,178,167,145,136,122,94,87,83,86,77,58,38,36,36,36,26,28,28,29,29,17,17,16,19,8,12,5,8,5,3,4,4,9,-
"113年 12月/ 連江縣/ 男",8054,60,54,48,55,42,49,50,47,56,48,42,45,49,60,46,55,53,67,56,83,73,88,98,111,150,147,120,150,163,153,127,161,166,166,134,122,137,99,113,103,131,109,118,115,120,135,118,80,114,128,131,129,111,143,157,118,121,140,158,142,127,157,136,109,130,134,107,104,98,97,84,83,68,52,53,43,35,41,31,20,31,18,12,16,14,16,16,11,9,7,4,5,4,4,1,3,2,1,1,3,3,-
"113年 12月/ 連江縣/ 女",5896,35,35,39,37,47,49,39,39,34,51,55,33,44,55,36,44,44,50,45,59,59,68,84,78,78,89,73,107,100,91,102,122,93,96,114,91,94,66,83,77,88,70,106,74,102,98,78,103,93,97,85,91,92,94,94,86,62,93,91,108,89,101,95,95,63,89,85,79,80,70,61,53,54,42,34,40,51,36,27,18,5,18,24,10,14,12,13,18,8,10,12,14,4,8,4,5,3,2,3,1,6,-

