field1,percent2,percent3,percent4,percent5,percent6,percent7,percent8,percent9,percent10,percent11,percent12,percent13,percent14,percent15,percent16,percent17,percent18,percent19,percent20,percent21,percent22,percent23,percent24,percent25,percent26,percent27,percent28,percent29,percent30,percent31,percent32,percent33
"2000年 新北市0 計",3567896,218969,269313,267495,316863,335945,292197,311059,333132,318745,282496,176831,118975,98688,76642,68621,45466,22691,10099,2825,665,179,755777,21.18,2584931,72.45,227188,6.37,8.79,29.24,38.03,30.06
"2000年 新北市0 男",1801773,113666,140251,138201,163400,172462,148509,153265,161325,155039,138714,87638,59004,46970,39360,39759,25760,12067,4837,1197,267,82,392118,21.76,1286326,71.39,123329,6.84,9.59,30.48,40.07,31.45
"2000年 新北市0 女",1766123,105303,129062,129294,153463,163483,143688,157794,171807,163706,143782,89193,59971,51718,37282,28862,19706,10624,5262,1628,398,97,363659,20.59,1298605,73.53,103859,5.88,8,28,36,28.56
"2000年 板橋區0 計",529059,28797,36862,41469,51865,55497,44629,40746,43602,47047,45340,29241,18772,14403,10617,9387,6132,2936,1262,356,81,18,107128,20.25,391142,73.93,30789,5.82,7.87,27.39,35.26,28.74
"2000年 板橋區0 男",266724,14922,19236,21458,26852,28884,22969,20241,20259,22000,21784,14434,9567,6881,5450,5562,3661,1659,675,183,38,9,55616,20.85,193871,72.69,17237,6.46,8.89,28.69,37.58,30.99
"2000年 板橋區0 女",262335,13875,17626,20011,25013,26613,21660,20505,23343,25047,23556,14807,9205,7522,5167,3825,2471,1277,587,173,43,9,51512,19.64,197271,75.2,13552,5.17,6.87,26.11,32.98,26.31
"2000年 三重區0 計",382266,21984,27082,28292,35775,39700,32972,31616,33090,33156,30112,19404,13778,12370,9233,6369,4112,1959,915,257,59,31,77358,20.24,281973,73.76,22935,6,8.13,27.43,35.57,29.65
"2000年 三重區0 男",192934,11454,14107,14533,18466,20271,17039,15889,16006,16114,14837,9688,7042,6013,4610,3329,2071,930,400,98,23,14,40094,20.78,141365,73.27,11475,5.95,8.12,28.36,36.48,28.62
"2000年 三重區0 女",189332,10530,12975,13759,17309,19429,15933,15727,17084,17042,15275,9716,6736,6357,4623,3040,2041,1029,515,159,36,17,37264,19.68,140608,74.27,11460,6.05,8.15,26.5,34.65,30.75
"2000年 中和區0 計",398123,22126,25693,24874,34872,38967,33814,34161,35469,36666,35339,22944,14327,10693,8764,8876,6061,2892,1219,281,64,21,72693,18.26,297252,74.66,28178,7.08,9.48,24.46,33.93,38.76
"2000年 中和區0 男",200218,11342,13327,12868,18204,19974,17130,17080,17124,17449,16943,11100,6803,4779,4476,5486,3694,1683,600,117,28,11,37537,18.75,146586,73.21,16095,8.04,10.98,25.61,36.59,42.88
"2000年 中和區0 女",197905,10784,12366,12006,16668,18993,16684,17081,18345,19217,18396,11844,7524,5914,4288,3390,2367,1209,619,164,36,10,35156,17.76,150666,76.13,12083,6.11,8.02,23.33,31.35,34.37
"2000年 永和區0 計",228099,10552,14771,17648,18609,19410,17425,17954,20166,21056,20319,14075,9041,7298,5799,5856,4383,2299,1028,274,93,43,42971,18.84,165353,72.49,19775,8.67,11.96,25.99,37.95,46.02
"2000年 永和區0 男",111652,5481,7727,9094,9425,9804,8683,8606,9225,9584,9378,6682,4227,3108,2753,3269,2547,1286,557,141,53,22,22302,19.97,78722,70.51,10628,9.52,13.5,28.33,41.83,47.65
"2000年 永和區0 女",116447,5071,7044,8554,9184,9606,8742,9348,10941,11472,10941,7393,4814,4190,3046,2587,1836,1013,471,133,40,21,20669,17.75,86631,74.4,9147,7.86,10.56,23.86,34.42,44.25
"2000年 新莊區0 計",372175,23741,31732,33303,37705,38264,29685,30408,34710,33754,29274,17618,10600,7615,5210,4184,2546,1186,486,121,30,3,88776,23.85,269633,72.45,13766,3.7,5.11,32.92,38.03,15.51
"2000年 新莊區0 男",186192,12361,16551,17273,19459,19545,14938,14273,15686,15945,14291,9070,5698,3852,2665,2413,1343,565,214,39,9,2,46185,24.81,132757,71.3,7250,3.89,5.46,34.79,40.25,15.7
"2000年 新莊區0 女",185983,11380,15181,16030,18246,18719,14747,16135,19024,17809,14983,8548,4902,3763,2545,1771,1203,621,272,82,21,1,42591,22.9,136876,73.6,6516,3.5,4.76,31.12,35.88,15.3
"2000年 新店區0 計",268290,14414,18149,16729,20191,21329,21097,24550,25869,24801,23124,15190,10188,8269,6882,7376,5465,2904,1307,343,87,26,49292,18.37,194608,72.54,24390,9.09,12.53,25.33,37.86,49.48
"2000年 新店區0 男",134324,7432,9274,8608,10286,10820,10586,12165,12695,12106,11127,7003,4641,3620,3580,4513,3274,1678,707,162,34,13,25314,18.85,95049,70.76,13961,10.39,14.69,26.63,41.32,55.15
"2000年 新店區0 女",133966,6982,8875,8121,9905,10509,10511,12385,13174,12695,11997,8187,5547,4649,3302,2863,2191,1226,600,181,53,13,23978,17.9,99559,74.32,10429,7.78,10.48,24.08,34.56,43.49
"2000年 樹林區0 計",154158,11170,13552,13207,14809,14867,12212,13165,14463,13564,11235,6477,4466,3576,2740,2151,1428,651,317,88,14,6,37929,24.6,108834,70.6,7395,4.8,6.79,34.85,41.65,19.5
"2000年 樹林區0 男",78636,5803,7010,6875,7615,7722,6189,6325,7081,6797,5744,3448,2362,1828,1425,1191,755,313,121,28,4,0,19688,25.04,55111,70.08,3837,4.88,6.96,35.72,42.69,19.49
"2000年 樹林區0 女",75522,5367,6542,6332,7194,7145,6023,6840,7382,6767,5491,3029,2104,1748,1315,960,673,338,196,60,10,6,18241,24.15,53723,71.14,3558,4.71,6.62,33.95,40.58,19.51
"2000年 鶯歌區0 計",80397,5883,6513,6708,8116,8072,6453,6717,7094,6883,5601,3327,2381,2115,1651,1338,860,417,187,65,14,2,19104,23.76,56759,70.6,4534,5.64,7.99,33.66,41.65,23.73
"2000年 鶯歌區0 男",41185,3088,3428,3431,4199,4208,3316,3392,3541,3352,2942,1756,1180,1004,864,771,422,190,74,19,6,2,9947,24.15,28890,70.15,2348,5.7,8.13,34.43,42.56,23.61
"2000年 鶯歌區0 女",39212,2795,3085,3277,3917,3864,3137,3325,3553,3531,2659,1571,1201,1111,787,567,438,227,113,46,8,0,9157,23.35,27869,71.07,2186,5.57,7.84,32.86,40.7,23.87
"2000年 三峽區0 計",82880,6778,7643,6703,6548,6542,6507,8020,8361,6677,5062,2865,2398,2442,2137,1932,1253,600,293,92,24,3,21124,25.49,55422,66.87,6334,7.64,11.43,38.11,49.54,29.98
"2000年 三峽區0 男",43429,3580,3934,3485,3297,3337,3316,4100,4421,3608,2708,1493,1193,1222,1205,1240,763,333,143,42,9,0,10999,25.33,28695,66.07,3735,8.6,13.02,38.33,51.35,33.96
"2000年 三峽區0 女",39451,3198,3709,3218,3251,3205,3191,3920,3940,3069,2354,1372,1205,1220,932,692,490,267,150,50,15,3,10125,25.66,26727,67.75,2599,6.59,9.72,37.88,47.61,25.67
"2000年 淡水區0 計",116107,7425,8871,7758,8928,9719,9797,11788,11784,10361,8686,5404,3901,3458,2749,2550,1574,845,368,120,19,2,24054,20.72,83826,72.2,8227,7.09,9.81,28.7,38.51,34.2
"2000年 淡水區0 男",58232,3842,4734,3947,4563,5035,4769,5665,5782,5082,4293,2587,1861,1699,1453,1399,890,405,172,49,5,0,12523,21.51,41336,70.99,4373,7.51,10.58,30.3,40.87,34.92
"2000年 淡水區0 女",57875,3583,4137,3811,4365,4684,5028,6123,6002,5279,4393,2817,2040,1759,1296,1151,684,440,196,71,14,2,11531,19.92,42490,73.42,3854,6.66,9.07,27.14,36.21,33.42
"2000年 汐止區0 計",161550,10379,12116,9251,10669,12794,13826,18921,19371,14951,12060,7428,5287,4586,3354,2906,1953,1054,473,138,29,4,31746,19.65,119893,74.21,9911,6.13,8.27,26.48,34.75,31.22
"2000年 汐止區0 男",80991,5384,6249,4777,5593,6532,6789,9130,9842,7574,5857,3513,2487,2148,1672,1601,1046,533,205,47,10,2,16410,20.26,59465,73.42,5116,6.32,8.6,27.6,36.2,31.18
"2000年 汐止區0 女",80559,4995,5867,4474,5076,6262,7037,9791,9529,7377,6203,3915,2800,2438,1682,1305,907,521,268,91,19,2,15336,19.04,60428,75.01,4795,5.95,7.94,25.38,33.31,31.27
"2000年 瑞芳區0 計",47078,2917,3129,2590,3456,4047,3990,4211,3977,3593,3017,1936,1876,2535,2162,1747,1034,527,229,79,22,4,8636,18.34,32638,69.33,5804,12.33,17.78,26.46,44.24,67.21
"2000年 瑞芳區0 男",24551,1466,1628,1345,1744,2094,2171,2396,2324,1971,1540,951,877,1188,1086,943,503,218,77,21,6,2,4439,18.08,17256,70.29,2856,11.63,16.55,25.72,42.28,64.34
"2000年 瑞芳區0 女",22527,1451,1501,1245,1712,1953,1819,1815,1653,1622,1477,985,999,1347,1076,804,531,309,152,58,16,2,4197,18.63,15382,68.28,2948,13.09,19.17,27.29,46.45,70.24
"2000年 土城區0 計",230208,16456,20219,19898,21765,20472,17490,20947,24361,22138,17538,9386,5609,4242,3331,3067,1917,891,369,92,20,0,56573,24.57,163948,71.22,9687,4.21,5.91,34.51,40.42,17.12
"2000年 土城區0 男",116573,8623,10585,10373,11209,10599,8831,9872,11469,10785,8848,4925,2861,2086,1773,1874,1117,508,190,40,5,0,29581,25.38,81485,69.9,5507,4.72,6.76,36.3,43.06,18.62
"2000年 土城區0 女",113635,7833,9634,9525,10556,9873,8659,11075,12892,11353,8690,4461,2748,2156,1558,1193,800,383,179,52,15,0,26992,23.75,82463,72.57,4180,3.68,5.07,32.73,37.8,15.49
"2000年 蘆洲區0 計",165595,11257,15131,15404,15829,15081,12862,15379,17378,15451,11732,6295,4209,3455,2337,1805,1137,534,242,64,10,3,41792,25.24,117671,71.06,6132,3.7,5.21,35.52,40.73,14.67
"2000年 蘆洲區0 男",82979,5900,7927,7900,8117,7813,6429,7235,8120,7588,5934,3154,2111,1728,1168,934,573,232,91,19,5,1,21727,26.18,58229,70.17,3023,3.64,5.19,37.31,42.5,13.91
"2000年 蘆洲區0 女",82616,5357,7204,7504,7712,7268,6433,8144,9258,7863,5798,3141,2098,1727,1169,871,564,302,151,45,5,2,20065,24.29,59442,71.95,3109,3.76,5.23,33.76,38.99,15.49
"2000年 五股區0 計",69784,5434,6398,5108,5987,6175,5828,6932,7098,5784,4616,2783,2043,1572,1351,1363,746,368,151,39,6,2,16940,24.27,48818,69.96,4026,5.77,8.25,34.7,42.95,23.77
"2000年 五股區0 男",35839,2781,3346,2679,3141,3137,2948,3358,3611,2942,2380,1399,942,721,769,922,464,215,60,20,4,0,8806,24.57,24579,68.58,2454,6.85,9.98,35.83,45.81,27.87
"2000年 五股區0 女",33945,2653,3052,2429,2846,3038,2880,3574,3487,2842,2236,1384,1101,851,582,441,282,153,91,19,2,2,8134,23.96,24239,71.41,1572,4.63,6.49,33.56,40.04,19.33
"2000年 泰山區0 計",62305,4073,5204,5178,6078,6600,5043,4860,5575,5376,4983,3065,1897,1378,1011,1003,569,273,96,37,6,0,14455,23.2,44855,71.99,2995,4.81,6.68,32.23,38.9,20.72
"2000年 泰山區0 男",31562,2119,2759,2668,3081,3421,2572,2363,2645,2539,2473,1576,948,673,554,646,328,132,46,19,0,0,7546,23.91,22291,70.63,1725,5.47,7.74,33.85,41.59,22.86
"2000年 泰山區0 女",30743,1954,2445,2510,2997,3179,2471,2497,2930,2837,2510,1489,949,705,457,357,241,141,50,18,6,0,6909,22.47,22564,73.4,1270,4.13,5.63,30.62,36.25,18.38
"2000年 林口區0 計",51214,3824,5092,4274,4043,3967,3991,4886,5291,4483,3393,1981,1531,1327,1022,963,617,313,149,56,11,0,13190,25.75,34893,68.13,3131,6.11,8.97,37.8,46.77,23.74
"2000年 林口區0 男",26086,1957,2667,2171,2086,1986,2058,2332,2624,2356,1744,985,787,659,521,552,356,154,68,22,1,0,6795,26.05,17617,67.53,1674,6.42,9.5,38.57,48.07,24.64
"2000年 林口區0 女",25128,1867,2425,2103,1957,1981,1933,2554,2667,2127,1649,996,744,668,501,411,261,159,81,34,10,0,6395,25.45,17276,68.75,1457,5.8,8.43,37.02,45.45,22.78
"2000年 深坑區0 計",20079,1293,1542,1162,1430,1678,1673,2139,2288,1795,1446,927,648,654,423,443,289,151,74,19,5,0,3997,19.91,14678,73.1,1404,6.99,9.57,27.23,36.8,35.13
"2000年 深坑區0 男",10381,673,804,598,749,843,864,1100,1227,939,734,465,325,302,224,255,154,82,33,8,2,0,2075,19.99,7548,72.71,758,7.3,10.04,27.49,37.53,36.53
"2000年 深坑區0 女",9698,620,738,564,681,835,809,1039,1061,856,712,462,323,352,199,188,135,69,41,11,3,0,1922,19.82,7130,73.52,646,6.66,9.06,26.96,36.02,33.61
"2000年 石碇區0 計",7319,427,304,348,423,520,591,608,674,603,529,335,377,453,378,317,210,127,67,22,5,1,1079,14.74,5113,69.86,1127,15.4,22.04,21.1,43.14,104.45
"2000年 石碇區0 男",4182,230,163,175,221,253,353,413,437,410,326,193,212,236,210,156,97,60,25,10,2,0,568,13.58,3054,73.03,560,13.39,18.34,18.6,36.94,98.59
"2000年 石碇區0 女",3137,197,141,173,202,267,238,195,237,193,203,142,165,217,168,161,113,67,42,12,3,1,511,16.29,2059,65.64,567,18.07,27.54,24.82,52.36,110.96
"2000年 坪林區0 計",5916,374,226,220,282,417,494,533,507,446,379,299,295,381,310,322,206,127,68,26,4,0,820,13.86,4033,68.17,1063,17.97,26.36,20.33,46.69,129.63
"2000年 坪林區0 男",3407,205,109,126,143,219,266,338,347,288,229,169,173,213,176,173,122,65,27,16,3,0,440,12.91,2385,70,582,17.08,24.4,18.45,42.85,132.27
"2000年 坪林區0 女",2509,169,117,94,139,198,228,195,160,158,150,130,122,168,134,149,84,62,41,10,1,0,380,15.15,1648,65.68,481,19.17,29.19,23.06,52.25,126.58
"2000年 三芝區0 計",22644,1632,1821,1401,1638,1897,1929,2152,2084,1783,1508,951,814,854,689,690,424,224,105,43,5,0,4854,21.44,15610,68.94,2180,9.63,13.97,31.1,45.06,44.91
"2000年 三芝區0 男",11924,841,950,721,854,975,979,1129,1131,965,829,514,398,462,352,386,238,119,57,22,2,0,2512,21.07,8236,69.07,1176,9.86,14.28,30.5,44.78,46.82
"2000年 三芝區0 女",10720,791,871,680,784,922,950,1023,953,818,679,437,416,392,337,304,186,105,48,21,3,0,2342,21.85,7374,68.79,1004,9.37,13.62,31.76,45.38,42.87
"2000年 石門區0 計",10859,832,635,542,824,1077,991,905,896,754,690,500,435,447,412,421,270,142,63,14,8,1,2009,18.5,7519,69.24,1331,12.26,17.7,26.72,44.42,66.25
"2000年 石門區0 男",5923,430,337,268,419,516,549,557,555,433,395,281,251,237,212,230,146,66,34,4,2,1,1035,17.47,4193,70.79,695,11.73,16.58,24.68,41.26,67.15
"2000年 石門區0 女",4936,402,298,274,405,561,442,348,341,321,295,219,184,210,200,191,124,76,29,10,6,0,974,19.73,3326,67.38,636,12.88,19.12,29.28,48.41,65.3
"2000年 八里區0 計",28519,2255,2467,1862,2149,2442,2475,2959,2994,2417,1876,1141,844,781,657,522,343,200,92,33,9,1,6584,23.09,20078,70.4,1857,6.51,9.25,32.79,42.04,28.2
"2000年 八里區0 男",14645,1149,1263,947,1130,1224,1231,1476,1623,1274,925,590,422,398,350,299,185,104,38,14,2,1,3359,22.94,10293,70.28,993,6.78,9.65,32.63,42.28,29.56
"2000年 八里區0 女",13874,1106,1204,915,1019,1218,1244,1483,1371,1143,951,551,422,383,307,223,158,96,54,19,7,0,3225,23.24,9785,70.53,864,6.23,8.83,32.96,41.79,26.79
"2000年 平溪區0 計",5793,292,213,209,290,422,438,538,454,371,349,259,324,511,358,344,216,122,63,14,6,0,714,12.33,3956,68.29,1123,19.39,28.39,18.05,46.44,157.28
"2000年 平溪區0 男",3250,142,119,112,161,223,275,356,318,241,201,145,167,249,188,164,100,60,21,6,2,0,373,11.48,2336,71.88,541,16.65,23.16,15.97,39.13,145.04
"2000年 平溪區0 女",2543,150,94,97,129,199,163,182,136,130,148,114,157,262,170,180,116,62,42,8,4,0,341,13.41,1620,63.7,582,22.89,35.93,21.05,56.98,170.67
"2000年 雙溪區0 計",9976,510,380,333,623,871,813,812,738,666,619,457,516,706,723,561,306,189,100,41,7,5,1223,12.26,6821,68.37,1932,19.37,28.32,17.93,46.25,157.97
"2000年 雙溪區0 男",5467,279,187,176,312,448,498,536,488,426,360,237,255,336,366,286,140,88,36,12,1,0,642,11.74,3896,71.26,929,16.99,23.84,16.48,40.32,144.7
"2000年 雙溪區0 女",4509,231,193,157,311,423,315,276,250,240,259,220,261,370,357,275,166,101,64,29,6,5,581,12.89,2925,64.87,1003,22.24,34.29,19.86,54.15,172.63
"2000年 貢寮區0 計",13550,957,611,560,746,1118,1389,1245,1098,855,825,602,637,784,753,608,405,207,102,35,11,2,2128,15.7,9299,68.63,2123,15.67,22.83,22.88,45.71,99.77
"2000年 貢寮區0 男",7286,494,334,280,400,558,756,754,676,507,434,296,304,413,407,313,206,106,35,9,3,1,1108,15.21,5098,69.97,1080,14.82,21.18,21.73,42.92,97.47
"2000年 貢寮區0 女",6264,463,277,280,346,560,633,491,422,348,391,306,333,371,346,295,199,101,67,26,8,1,1020,16.28,4201,67.07,1043,16.65,24.83,24.28,49.11,102.25
"2000年 金山區0 計",21293,1672,1569,1320,1644,2042,1878,1946,1770,1510,1260,902,831,810,701,643,407,238,110,31,8,1,4561,21.42,14593,68.53,2139,10.05,14.66,31.25,45.91,46.9
"2000年 金山區0 男",10991,878,770,677,827,1014,971,1059,971,769,661,455,438,411,377,344,200,110,47,8,3,1,2325,21.15,7576,68.93,1090,9.92,14.39,30.69,45.08,46.88
"2000年 金山區0 女",10302,794,799,643,817,1028,907,887,799,741,599,447,393,399,324,299,207,128,63,23,5,0,2236,21.7,7017,68.11,1049,10.18,14.95,31.87,46.81,46.91
"2000年 萬里區0 計",18574,1224,1109,899,1247,1588,1555,1648,1608,1446,1243,830,783,828,768,761,550,283,156,40,8,0,3232,17.4,12776,68.78,2566,13.82,20.08,25.3,45.38,79.39
"2000年 萬里區0 男",10036,646,575,495,680,825,872,958,890,793,625,420,376,430,410,451,328,155,83,19,5,0,1716,17.1,6869,68.44,1451,14.46,21.12,24.98,46.11,84.56
"2000年 萬里區0 女",8538,578,534,404,567,763,683,690,718,653,618,410,407,398,358,310,222,128,73,21,3,0,1516,17.76,5907,69.18,1115,13.06,18.88,25.66,44.54,73.55
"2000年 烏來區0 計",4086,291,279,245,322,370,350,313,362,358,341,209,167,145,120,116,53,32,8,5,0,0,815,19.95,2937,71.88,334,8.17,11.37,27.75,39.12,40.98
"2000年 烏來區0 男",2174,164,151,141,167,182,162,167,207,202,172,109,96,74,64,57,37,18,1,3,0,0,456,20.98,1538,70.75,180,8.28,11.7,29.65,41.35,39.47
"2000年 烏來區0 女",1912,127,128,104,155,188,188,146,155,156,169,100,71,71,56,59,16,14,7,2,0,0,359,18.78,1399,73.17,154,8.05,11.01,25.66,36.67,42.9
"2001年 新北市0 計",3610252,212613,267337,271027,298241,337769,305353,310135,333288,321813,291676,205387,119286,103729,76854,68765,47622,24838,10547,3037,723,212,750977,20.8,2626677,72.76,232598,6.44,8.86,28.59,37.45,30.97
"2001年 新北市0 男",1820848,110443,138944,140832,153562,173142,155099,153921,161194,156237,142640,101427,59162,49551,38085,39377,27056,13342,5173,1269,292,100,390219,21.43,1305935,71.72,124694,6.85,9.55,29.88,39.43,31.95
"2001年 新北市0 女",1789404,102170,128393,130195,144679,164627,150254,156214,172094,165576,149036,103960,60124,54178,38769,29388,20566,11496,5374,1768,431,112,360758,20.16,1320742,73.81,107904,6.03,8.17,27.31,35.48,29.91
"2001年 板橋區0 計",532694,28231,36323,41226,48038,55346,47518,41472,43071,46138,45894,33578,19149,15313,10629,9334,6429,3204,1308,385,85,23,105780,19.86,395517,74.25,31397,5.89,7.94,26.74,34.68,29.68
"2001年 板橋區0 男",268357,14680,18899,21433,24860,28715,24452,20919,20151,21346,21989,16438,9708,7427,5256,5460,3852,1815,714,191,41,11,55012,20.5,196005,73.04,17340,6.46,8.85,28.07,36.91,31.52
"2001年 板橋區0 女",264337,13551,17424,19793,23178,26631,23066,20553,22920,24792,23905,17140,9441,7886,5373,3874,2577,1389,594,194,44,12,50768,19.21,199512,75.48,14057,5.32,7.05,25.45,32.49,27.69
"2001年 三重區0 計",384051,21334,26558,28182,33398,39272,34731,31596,32684,33154,30741,22342,13642,12661,9491,6543,4288,2128,905,298,65,38,76074,19.81,284221,74.01,23756,6.19,8.36,26.77,35.12,31.23
"2001年 三重區0 男",193712,11148,13828,14608,17183,19979,17930,16038,15792,16056,15073,11118,6947,6190,4668,3437,2126,1033,412,107,21,18,39584,20.43,142306,73.46,11822,6.1,8.31,27.82,36.12,29.87
"2001年 三重區0 女",190339,10186,12730,13574,16215,19293,16801,15558,16892,17098,15668,11224,6695,6471,4823,3106,2162,1095,493,191,44,20,36490,19.17,141915,74.56,11934,6.27,8.41,25.71,34.12,32.7
"2001年 中和區0 計",401619,21487,25581,24375,32433,39015,35535,34759,35215,36149,36013,26449,14608,11426,8466,8864,6377,3163,1303,303,76,22,71443,17.79,301602,75.1,28574,7.11,9.47,23.69,33.16,40
"2001年 中和區0 男",201717,11041,13226,12644,16874,20022,17961,17467,17057,17291,17123,12809,6951,5139,4108,5388,3916,1858,659,140,33,10,36911,18.3,148694,73.71,16112,7.99,10.84,24.82,35.66,43.65
"2001年 中和區0 女",199902,10446,12355,11731,15559,18993,17574,17292,18158,18858,18890,13640,7657,6287,4358,3476,2461,1305,644,163,43,12,34532,17.27,152908,76.49,12462,6.23,8.15,22.58,30.73,36.09
"2001年 永和區0 計",229383,10140,14642,18012,17401,19173,17971,17931,19917,20975,20286,16135,9095,7644,5781,5723,4482,2545,1102,271,102,55,42794,18.66,166528,72.6,20061,8.75,12.05,25.7,37.74,46.88
"2001年 永和區0 男",112147,5310,7660,9352,8849,9640,8929,8645,9108,9555,9358,7606,4269,3233,2620,3141,2586,1442,619,137,55,33,22322,19.9,79192,70.61,10633,9.48,13.43,28.19,41.61,47.63
"2001年 永和區0 女",117236,4830,6982,8660,8552,9533,9042,9286,10809,11420,10928,8529,4826,4411,3161,2582,1896,1103,483,134,47,22,20472,17.46,87336,74.5,9428,8.04,10.8,23.44,34.24,46.05
"2001年 新莊區0 計",376584,22939,31480,33678,35483,38810,31738,30244,34173,33921,30230,20445,10923,8195,5368,4267,2698,1312,508,136,31,5,88097,23.39,274162,72.8,14325,3.8,5.23,32.13,37.36,16.26
"2001年 新莊區0 男",188068,11964,16355,17499,18225,19832,16075,14398,15357,15941,14510,10395,5881,4135,2700,2420,1481,623,219,46,8,4,45818,24.36,134749,71.65,7501,3.99,5.57,34,39.57,16.37
"2001年 新莊區0 女",188516,10975,15125,16179,17258,18978,15663,15846,18816,17980,15720,10050,5042,4060,2668,1847,1217,689,289,90,23,1,42279,22.43,139413,73.95,6824,3.62,4.89,30.33,35.22,16.14
"2001年 新店區0 計",272500,14297,18076,16986,19272,21480,21566,24742,26149,25015,23665,17427,10394,8725,6813,7273,5522,3212,1406,365,86,29,49359,18.11,198435,72.82,24706,9.07,12.45,24.87,37.32,50.05
"2001年 新店區0 男",136227,7320,9296,8691,9839,10927,10763,12250,12937,12157,11407,8149,4700,3842,3337,4383,3353,1865,785,174,38,14,25307,18.58,96971,71.18,13949,10.24,14.38,26.1,40.48,55.12
"2001年 新店區0 女",136273,6977,8780,8295,9433,10553,10803,12492,13212,12858,12258,9278,5694,4883,3476,2890,2169,1347,621,191,48,15,24052,17.65,101464,74.46,10757,7.89,10.6,23.7,34.31,44.72
"2001年 樹林區0 計",156159,10658,13269,13592,14066,15170,12932,12996,14400,13687,11927,7560,4456,3772,2790,2204,1504,748,321,90,12,5,37519,24.03,110966,71.06,7674,4.91,6.92,33.81,40.73,20.45
"2001年 樹林區0 男",79647,5556,6881,7121,7254,7869,6567,6379,6976,6801,6045,3964,2382,1888,1439,1208,788,369,124,32,4,0,19558,24.56,56125,70.47,3964,4.98,7.06,34.85,41.91,20.27
"2001年 樹林區0 女",76512,5102,6388,6471,6812,7301,6365,6617,7424,6886,5882,3596,2074,1884,1351,996,716,379,197,58,8,5,17961,23.47,54841,71.68,3710,4.85,6.77,32.75,39.52,20.66
"2001年 鶯歌區0 計",81643,5753,6624,6729,7635,8292,6802,6705,7101,6976,5939,3840,2306,2234,1675,1380,893,475,186,81,15,2,19106,23.4,57830,70.83,4707,5.77,8.14,33.04,41.18,24.64
"2001年 鶯歌區0 男",41814,3001,3495,3445,3929,4367,3482,3422,3520,3436,3044,2047,1149,1079,836,777,465,216,75,21,7,1,9941,23.77,29475,70.49,2398,5.73,8.14,33.73,41.86,24.12
"2001年 鶯歌區0 女",39829,2752,3129,3284,3706,3925,3320,3283,3581,3540,2895,1793,1157,1155,839,603,428,259,111,60,8,1,9165,23.01,28355,71.19,2309,5.8,8.14,32.32,40.47,25.19
"2001年 三峽區0 計",84189,6552,7781,6980,6396,6595,6497,7774,8494,7056,5424,3400,2282,2510,2031,1960,1331,678,321,104,19,4,21313,25.32,56428,67.03,6448,7.66,11.43,37.77,49.2,30.25
"2001年 三峽區0 男",44071,3476,4055,3628,3224,3341,3355,3953,4442,3776,2949,1759,1118,1256,1075,1247,817,381,166,47,6,0,11159,25.32,29173,66.2,3739,8.48,12.82,38.25,51.07,33.51
"2001年 三峽區0 女",40118,3076,3726,3352,3172,3254,3142,3821,4052,3280,2475,1641,1164,1254,956,713,514,297,155,57,13,4,10154,25.31,27255,67.94,2709,6.75,9.94,37.26,47.2,26.68
"2001年 淡水區0 計",119533,7470,8936,8132,8475,9930,10177,11966,12106,10864,9145,6390,3844,3647,2742,2562,1698,904,394,121,27,3,24538,20.53,86544,72.4,8451,7.07,9.76,28.35,38.12,34.44
"2001年 淡水區0 男",59662,3868,4713,4217,4328,5088,4958,5721,5836,5318,4517,3080,1783,1801,1392,1417,955,441,174,43,11,1,12798,21.45,42430,71.12,4434,7.43,10.45,30.16,40.61,34.65
"2001年 淡水區0 女",59871,3602,4223,3915,4147,4842,5219,6245,6270,5546,4628,3310,2061,1846,1350,1145,743,463,220,78,16,2,11740,19.61,44114,73.68,4017,6.71,9.11,26.61,35.72,34.22
"2001年 汐止區0 計",165143,10178,12071,9620,10094,12772,14119,18587,20018,15881,12747,8760,5257,4863,3443,2883,2066,1102,496,148,31,7,31869,19.3,123098,74.54,10176,6.16,8.27,25.89,34.16,31.93
"2001年 汐止區0 男",82773,5287,6236,4984,5286,6497,7029,8890,10125,8070,6232,4114,2511,2296,1657,1577,1114,575,228,49,13,3,16507,19.94,61050,73.76,5216,6.3,8.54,27.04,35.58,31.6
"2001年 汐止區0 女",82370,4891,5835,4636,4808,6275,7090,9697,9893,7811,6515,4646,2746,2567,1786,1306,952,527,268,99,18,4,15362,18.65,62048,75.33,4960,6.02,7.99,24.76,32.75,32.29
"2001年 瑞芳區0 計",46515,2765,3009,2641,3204,3927,3929,4021,4045,3635,3090,2300,1628,2447,2133,1762,1094,553,225,86,19,2,8415,18.09,32226,69.28,5874,12.63,18.23,26.11,44.34,69.8
"2001年 瑞芳區0 男",24251,1377,1568,1400,1641,1979,2161,2276,2341,2016,1608,1132,754,1166,1051,901,542,239,73,20,6,0,4345,17.92,17074,70.41,2832,11.68,16.59,25.45,42.03,65.18
"2001年 瑞芳區0 女",22264,1388,1441,1241,1563,1948,1768,1745,1704,1619,1482,1168,874,1281,1082,861,552,314,152,66,13,2,4070,18.28,15152,68.06,3042,13.66,20.08,26.86,46.94,74.74
"2001年 土城區0 計",231938,15463,19941,20212,20817,20946,17937,20137,24135,22478,18552,11159,5719,4504,3289,3100,2019,1012,392,98,28,0,55616,23.98,166384,71.74,9938,4.28,5.97,33.43,39.4,17.87
"2001年 土城區0 男",117351,8061,10414,10616,10677,10862,9051,9647,11345,10823,9337,5792,2960,2227,1655,1883,1159,591,192,50,9,0,29091,24.79,82721,70.49,5539,4.72,6.7,35.17,41.86,19.04
"2001年 土城區0 女",114587,7402,9527,9596,10140,10084,8886,10490,12790,11655,9215,5367,2759,2277,1634,1217,860,421,200,48,19,0,26525,23.15,83663,73.01,4399,3.84,5.26,31.7,36.96,16.58
"2001年 蘆洲區0 計",169316,10915,15005,15940,15159,15679,13568,15158,17477,15947,12551,7629,4220,3669,2421,1854,1192,602,245,69,11,5,41860,24.72,121057,71.5,6399,3.78,5.29,34.58,39.86,15.29
"2001年 蘆洲區0 男",84675,5663,7821,8284,7726,8080,6841,7229,8079,7783,6296,3795,2116,1859,1186,963,580,263,85,21,3,2,21768,25.71,59804,70.63,3103,3.66,5.19,36.4,41.59,14.25
"2001年 蘆洲區0 女",84641,5252,7184,7656,7433,7599,6727,7929,9398,8164,6255,3834,2104,1810,1235,891,612,339,160,48,8,3,20092,23.74,61253,72.37,3296,3.89,5.38,32.8,38.18,16.4
"2001年 五股區0 計",70649,5205,6393,5235,5771,6216,5892,6730,7179,6066,4882,3237,2039,1681,1333,1357,807,405,174,39,7,1,16833,23.83,49693,70.34,4123,5.84,8.3,33.87,42.17,24.49
"2001年 五股區0 男",36230,2634,3304,2751,3016,3188,2968,3314,3650,3083,2477,1663,955,769,707,896,524,232,78,17,4,0,8689,23.98,25083,69.23,2458,6.78,9.8,34.64,44.44,28.29
"2001年 五股區0 女",34419,2571,3089,2484,2755,3028,2924,3416,3529,2983,2405,1574,1084,912,626,461,283,173,96,22,3,1,8144,23.66,24610,71.5,1665,4.84,6.77,33.09,39.86,20.44
"2001年 泰山區0 計",62783,3896,5108,5207,5699,6572,5435,4785,5417,5409,5111,3621,1957,1478,1010,1004,618,300,110,37,9,0,14211,22.64,45484,72.45,3088,4.92,6.79,31.24,38.03,21.73
"2001年 泰山區0 男",31777,2031,2661,2709,2893,3419,2739,2373,2577,2573,2463,1864,1006,712,526,640,373,154,44,18,2,0,7401,23.29,22619,71.18,1757,5.53,7.77,32.72,40.49,23.74
"2001年 泰山區0 女",31006,1865,2447,2498,2806,3153,2696,2412,2840,2836,2648,1757,951,766,484,364,245,146,66,19,7,0,6810,21.96,22865,73.74,1331,4.29,5.82,29.78,35.6,19.54
"2001年 林口區0 計",52651,3703,5264,4683,3964,3981,4078,4787,5406,4724,3622,2348,1540,1369,1011,967,660,322,157,51,14,0,13650,25.93,35819,68.03,3182,6.04,8.88,38.11,46.99,23.31
"2001年 林口區0 男",26823,1914,2729,2441,2050,2008,2059,2328,2605,2513,1878,1168,784,677,500,546,370,158,74,19,2,0,7084,26.41,18070,67.37,1669,6.22,9.24,39.2,48.44,23.56
"2001年 林口區0 女",25828,1789,2535,2242,1914,1973,2019,2459,2801,2211,1744,1180,756,692,511,421,290,164,83,32,12,0,6566,25.42,17749,68.72,1513,5.86,8.52,36.99,45.52,23.04
"2001年 深坑區0 計",20264,1265,1560,1136,1344,1665,1634,2099,2370,1862,1510,1068,645,676,431,434,303,161,72,22,7,0,3961,19.55,14873,73.4,1430,7.06,9.61,26.63,36.25,36.1
"2001年 深坑區0 男",10473,670,813,610,678,851,818,1086,1259,991,767,525,331,309,220,251,164,86,33,10,1,0,2093,19.98,7615,72.71,765,7.3,10.05,27.49,37.53,36.55
"2001年 深坑區0 女",9791,595,747,526,666,814,816,1013,1111,871,743,543,314,367,211,183,139,75,39,12,6,0,1868,19.08,7258,74.13,665,6.79,9.16,25.74,34.9,35.6
"2001年 石碇區0 計",7612,413,306,461,411,529,592,608,715,638,558,412,340,468,380,321,223,144,64,22,7,0,1180,15.5,5271,69.25,1161,15.25,22.03,22.39,44.41,98.39
"2001年 石碇區0 男",4326,218,165,260,215,254,334,403,456,421,360,230,189,243,206,163,105,65,28,9,2,0,643,14.86,3105,71.78,578,13.36,18.62,20.71,39.32,89.89
"2001年 石碇區0 女",3286,195,141,201,196,275,258,205,259,217,198,182,151,225,174,158,118,79,36,13,5,0,537,16.34,2166,65.92,583,17.74,26.92,24.79,51.71,108.57
"2001年 坪林區0 計",6071,385,235,219,268,419,485,537,548,448,421,330,301,377,325,331,218,129,61,24,10,0,839,13.82,4134,68.09,1098,18.09,26.56,20.3,46.86,130.87
"2001年 坪林區0 男",3460,216,119,128,140,205,251,328,374,285,248,196,170,208,186,181,115,64,28,10,8,0,463,13.38,2405,69.51,592,17.11,24.62,19.25,43.87,127.86
"2001年 坪林區0 女",2611,169,116,91,128,214,234,209,174,163,173,134,131,169,139,150,103,65,33,14,2,0,376,14.4,1729,66.22,506,19.38,29.27,21.75,51.01,134.57
"2001年 三芝區0 計",23027,1593,1827,1525,1520,1925,1911,2099,2166,1850,1563,1157,761,875,704,708,426,257,107,47,6,0,4945,21.47,15827,68.73,2255,9.79,14.25,31.24,45.49,45.6
"2001年 三芝區0 男",12097,839,945,765,802,969,986,1086,1163,1012,872,597,384,469,358,394,229,136,63,26,2,0,2549,21.07,8340,68.94,1208,9.99,14.48,30.56,45.05,47.39
"2001年 三芝區0 女",10930,754,882,760,718,956,925,1013,1003,838,691,560,377,406,346,314,197,121,44,21,4,0,2396,21.92,7487,68.5,1047,9.58,13.98,32,45.99,43.7
"2001年 石門區0 計",11158,818,669,564,744,1106,1058,912,945,799,733,553,410,490,386,437,292,149,66,16,10,1,2051,18.38,7750,69.46,1357,12.16,17.51,26.46,43.97,66.16
"2001年 石門區0 男",6062,433,368,287,376,535,563,534,583,464,408,313,231,268,202,227,153,73,40,1,2,1,1088,17.95,4275,70.52,699,11.53,16.35,25.45,41.8,64.25
"2001年 石門區0 女",5096,385,301,277,368,571,495,378,362,335,325,240,179,222,184,210,139,76,26,15,8,0,963,18.9,3475,68.19,658,12.91,18.94,27.71,46.65,68.33
"2001年 八里區0 計",29624,2285,2496,1972,2092,2482,2588,2930,3165,2532,2092,1368,830,813,696,564,356,218,99,31,13,2,6753,22.8,20892,70.52,1979,6.68,9.47,32.32,41.8,29.31
"2001年 八里區0 男",15204,1161,1281,1006,1118,1258,1274,1448,1712,1324,1040,699,417,420,362,318,190,119,41,11,4,1,3448,22.68,10710,70.44,1046,6.88,9.77,32.19,41.96,30.34
"2001年 八里區0 女",14420,1124,1215,966,974,1224,1314,1482,1453,1208,1052,669,413,393,334,246,166,99,58,20,9,1,3305,22.92,10182,70.61,933,6.47,9.16,32.46,41.62,28.23
"2001年 平溪區0 計",6257,309,204,211,276,464,491,580,567,436,412,331,294,492,413,327,236,126,65,18,5,0,724,11.57,4343,69.41,1190,19.02,27.4,16.67,44.07,164.36
"2001年 平溪區0 男",3443,152,108,113,151,234,289,361,384,288,237,180,147,232,221,153,109,53,23,7,1,0,373,10.83,2503,72.7,567,16.47,22.65,14.9,37.55,152.01
"2001年 平溪區0 女",2814,157,96,98,125,230,202,219,183,148,175,151,147,260,192,174,127,73,42,11,4,0,351,12.47,1840,65.39,623,22.14,33.86,19.08,52.93,177.49
"2001年 雙溪區0 計",10483,585,387,376,568,905,883,839,816,748,685,556,460,698,758,548,330,187,95,46,8,5,1348,12.86,7158,68.28,1977,18.86,27.62,18.83,46.45,146.66
"2001年 雙溪區0 男",5675,319,187,198,285,452,501,543,521,475,382,306,237,327,376,272,152,93,33,14,2,0,704,12.41,4029,71,942,16.6,23.38,17.47,40.85,133.81
"2001年 雙溪區0 女",4808,266,200,178,283,453,382,296,295,273,303,250,223,371,382,276,178,94,62,32,6,5,644,13.39,3129,65.08,1035,21.53,33.08,20.58,53.66,160.71
"2001年 貢寮區0 計",13784,918,638,559,740,1075,1384,1269,1168,908,878,696,576,780,778,589,452,222,105,41,7,1,2115,15.34,9474,68.73,2195,15.92,23.17,22.32,45.49,103.78
"2001年 貢寮區0 男",7393,477,332,287,395,548,737,742,724,561,468,341,267,394,423,309,230,109,36,12,1,0,1096,14.82,5177,70.03,1120,15.15,21.63,21.17,42.8,102.19
"2001年 貢寮區0 女",6391,441,306,272,345,527,647,527,444,347,410,355,309,386,355,280,222,113,69,29,6,1,1019,15.94,4297,67.24,1075,16.82,25.02,23.71,48.73,105.5
"2001年 金山區0 計",21611,1620,1584,1392,1496,2043,1946,1911,1843,1599,1307,1058,746,880,682,636,453,256,112,39,7,1,4596,21.27,14829,68.62,2186,10.12,14.74,30.99,45.73,47.56
"2001年 金山區0 男",11107,837,782,712,753,1006,996,1024,1003,843,673,521,396,462,349,340,226,116,50,14,3,1,2331,20.99,7677,69.12,1099,9.89,14.32,30.36,44.68,47.15
"2001年 金山區0 女",10504,783,802,680,743,1037,950,887,840,756,634,537,350,418,333,296,227,140,62,25,4,0,2265,21.56,7152,68.09,1087,10.35,15.2,31.67,46.87,47.99
"2001年 萬里區0 計",18480,1132,1069,916,1155,1561,1560,1606,1602,1510,1311,947,696,892,738,722,579,297,138,42,6,1,3117,16.87,12840,69.48,2523,13.65,19.65,24.28,43.93,80.94
"2001年 萬里區0 男",9921,613,548,494,614,816,846,936,899,811,681,480,321,446,400,426,336,157,75,19,3,0,1655,16.68,6850,69.05,1416,14.27,20.67,24.16,44.83,85.56
"2001年 萬里區0 女",8559,519,521,422,541,745,714,670,703,699,630,467,375,446,338,296,243,140,63,23,3,1,1462,17.08,5990,69.98,1107,12.93,18.48,24.41,42.89,75.72
"2001年 烏來區0 計",4531,304,301,266,322,419,396,355,396,408,387,291,168,150,137,111,76,27,10,7,0,0,871,19.22,3292,72.66,368,8.12,11.18,26.46,37.64,42.25
"2001年 烏來區0 男",2385,177,155,149,181,201,184,181,218,224,198,146,98,77,69,59,46,16,2,4,0,0,481,20.17,1708,71.61,196,8.22,11.48,28.16,39.64,40.75
"2001年 烏來區0 女",2146,127,146,117,141,218,212,174,178,184,189,145,70,73,68,52,30,11,8,3,0,0,390,18.17,1584,73.81,172,8.01,10.86,24.62,35.48,44.1
"2002年 新北市0 計",3641446,202507,265523,272631,283473,342562,313345,311133,326810,328230,296790,227340,125339,107405,78062,68321,49590,26803,11009,3556,776,241,740661,20.34,2662427,73.11,238358,6.55,8.95,27.82,36.77,32.18
"2002年 新北市0 男",1834806,105356,137821,142111,145867,176005,159069,155098,158576,159260,144305,111885,62065,51479,37579,38337,28055,14488,5397,1592,335,126,385288,21,1323609,72.14,125909,6.86,9.51,29.11,38.62,32.68
"2002年 新北市0 女",1806640,97151,127702,130520,137606,166557,154276,156035,168234,168970,152485,115455,63274,55926,40483,29984,21535,12315,5612,1964,441,115,355373,19.67,1338818,74.11,112449,6.22,8.4,26.54,34.94,31.64
"2002年 板橋區0 計",535476,27101,35883,40710,44982,55754,49299,42869,41854,45843,45969,36641,20293,16049,10834,9246,6694,3501,1386,433,105,30,103694,19.36,399553,74.62,32229,6.02,8.07,25.95,34.02,31.08
"2002年 板橋區0 男",269381,14100,18695,21314,23182,28966,25389,21698,19718,21180,21805,17812,10215,7846,5223,5239,3971,1987,733,237,53,18,54109,20.09,197811,73.43,17461,6.48,8.83,27.35,36.18,32.27
"2002年 板橋區0 女",266095,13001,17188,19396,21800,26788,23910,21171,22136,24663,24164,18829,10078,8203,5611,4007,2723,1514,653,196,52,12,49585,18.63,201742,75.82,14768,5.55,7.32,24.58,31.9,29.78
"2002年 三重區0 計",384217,20282,25987,27890,31349,39429,35468,31736,31752,33273,30980,24481,14116,12805,9689,6883,4389,2339,932,322,77,38,74159,19.3,285389,74.28,24669,6.42,8.64,25.99,34.63,33.27
"2002年 三重區0 男",193721,10652,13452,14542,16119,20115,18282,16148,15501,16082,15130,12056,7166,6298,4687,3548,2205,1124,429,134,32,19,38646,19.95,142897,73.76,12178,6.29,8.52,27.04,35.57,31.51
"2002年 三重區0 女",190496,9630,12535,13348,15230,19314,17186,15588,16251,17191,15850,12425,6950,6507,5002,3335,2184,1215,503,188,45,19,35513,18.64,142492,74.8,12491,6.56,8.77,24.92,33.69,35.17
"2002年 中和區0 計",403510,20596,25015,23992,30501,39293,36751,35189,34369,36114,35976,29012,15761,12013,8450,8608,6594,3431,1328,408,85,24,69603,17.25,304979,75.58,28928,7.17,9.49,22.82,32.31,41.56
"2002年 中和區0 男",202535,10618,12892,12528,15824,20189,18670,17666,16860,17268,16992,14040,7509,5445,3881,5156,4026,2026,697,198,37,13,36038,17.79,150463,74.29,16034,7.92,10.66,23.95,34.61,44.49
"2002年 中和區0 女",200975,9978,12123,11464,14677,19104,18081,17523,17509,18846,18984,14972,8252,6568,4569,3452,2568,1405,631,210,48,11,33565,16.7,154516,76.88,12894,6.42,8.34,21.72,30.07,38.42
"2002年 永和區0 計",230660,9727,14755,18302,16365,19135,18408,17964,19660,21082,20164,17252,9775,7830,5791,5539,4516,2754,1132,349,95,65,42784,18.55,167635,72.68,20241,8.78,12.07,25.52,37.6,47.31
"2002年 永和區0 男",112516,5049,7760,9492,8364,9628,9129,8613,9035,9601,9296,8096,4603,3346,2496,2955,2560,1592,626,179,58,38,22301,19.82,79711,70.84,10504,9.34,13.18,27.98,41.15,47.1
"2002年 永和區0 女",118144,4678,6995,8810,8001,9507,9279,9351,10625,11481,10868,9156,5172,4484,3295,2584,1956,1162,506,170,37,27,20483,17.34,87924,74.42,9737,8.24,11.07,23.3,34.37,47.54
"2002年 新莊區0 計",380334,21645,31132,33653,33832,39598,33364,30493,33127,34500,30942,22775,11710,8730,5559,4286,2830,1421,541,157,34,5,86430,22.72,279071,73.38,14833,3.9,5.32,30.97,36.29,17.16
"2002年 新莊區0 男",189816,11286,16145,17463,17456,20303,16824,14780,14899,16112,14762,11401,6246,4452,2744,2376,1582,680,234,59,8,4,44894,23.65,137235,72.3,7687,4.05,5.6,32.71,38.31,17.12
"2002年 新莊區0 女",190518,10359,14987,16190,16376,19295,16540,15713,18228,18388,16180,11374,5464,4278,2815,1910,1248,741,307,98,26,1,41536,21.8,141836,74.45,7146,3.75,5.04,29.28,34.32,17.2
"2002年 新店區0 計",275467,13736,18121,17267,18459,22029,21607,24851,25836,25506,24006,19035,11163,9079,6676,6934,5708,3407,1438,475,103,31,49124,17.83,201571,73.17,24772,8.99,12.29,24.37,36.66,50.43
"2002年 新店區0 男",137480,7051,9276,8891,9412,11212,10711,12341,12768,12486,11528,8961,5057,4020,3125,4082,3422,2017,809,245,49,17,25218,18.34,98496,71.64,13766,10.01,13.98,25.6,39.58,54.59
"2002年 新店區0 女",137987,6685,8845,8376,9047,10817,10896,12510,13068,13020,12478,10074,6106,5059,3551,2852,2286,1390,629,230,54,14,23906,17.32,103075,74.7,11006,7.98,10.68,23.19,33.87,46.04
"2002年 樹林區0 計",157913,10140,13014,13701,13614,15604,13383,12921,13948,14114,12324,8669,4501,3946,2871,2306,1605,810,334,90,14,4,36855,23.34,113024,71.57,8034,5.09,7.11,32.61,39.72,21.8
"2002年 樹林區0 男",80482,5230,6784,7159,7068,8076,6787,6464,6729,6989,6155,4528,2394,1954,1462,1295,825,412,133,34,4,0,19173,23.82,57144,71,4165,5.18,7.29,33.55,40.84,21.72
"2002年 樹林區0 女",77431,4910,6230,6542,6546,7528,6596,6457,7219,7125,6169,4141,2107,1992,1409,1011,780,398,201,56,10,4,17682,22.84,55880,72.17,3869,5,6.92,31.64,38.57,21.88
"2002年 鶯歌區0 計",82498,5513,6643,6710,7272,8462,7077,6726,6986,7172,6101,4369,2308,2283,1730,1401,940,524,187,77,15,2,18866,22.87,58756,71.22,4876,5.91,8.3,32.11,40.41,25.85
"2002年 鶯歌區0 男",42240,2906,3509,3427,3736,4456,3672,3398,3479,3535,3096,2304,1158,1106,845,766,494,242,78,24,8,1,9842,23.3,29940,70.88,2458,5.82,8.21,32.87,41.08,24.97
"2002年 鶯歌區0 女",40258,2607,3134,3283,3536,4006,3405,3328,3507,3637,3005,2065,1150,1177,885,635,446,282,109,53,7,1,9024,22.42,28816,71.58,2418,6.01,8.39,31.32,39.71,26.8
"2002年 三峽區0 計",85185,6089,7906,7225,6325,6650,6456,7524,8479,7478,5656,3917,2258,2534,2065,2000,1435,716,335,110,23,4,21220,24.91,57277,67.24,6688,7.85,11.68,37.05,48.72,31.52
"2002年 三峽區0 男",44567,3268,4119,3760,3156,3368,3294,3824,4441,4016,3063,2050,1109,1242,1068,1246,910,397,173,53,9,1,11147,25.01,29563,66.33,3857,8.65,13.05,37.71,50.75,34.6
"2002年 三峽區0 女",40618,2821,3787,3465,3169,3282,3162,3700,4038,3462,2593,1867,1149,1292,997,754,525,319,162,57,14,3,10073,24.8,27714,68.23,2831,6.97,10.22,36.35,46.56,28.1
"2002年 淡水區0 計",121405,7259,8923,8291,8097,9958,10400,11980,12260,11082,9530,7254,4014,3761,2737,2517,1792,970,411,140,26,3,24473,20.16,88336,72.76,8596,7.08,9.73,27.7,37.44,35.12
"2002年 淡水區0 男",60451,3782,4670,4323,4087,5136,5095,5729,5905,5393,4661,3515,1876,1828,1361,1388,981,474,181,54,11,1,12775,21.13,43225,71.5,4451,7.36,10.3,29.55,39.85,34.84
"2002年 淡水區0 女",60954,3477,4253,3968,4010,4822,5305,6251,6355,5689,4869,3739,2138,1933,1376,1129,811,496,230,86,15,2,11698,19.19,45111,74.01,4145,6.8,9.19,25.93,35.12,35.43
"2002年 汐止區0 計",167224,9598,12147,10063,9597,12936,13892,18054,20072,16847,13062,9884,5361,5044,3670,2904,2182,1142,548,176,37,8,31808,19.02,124749,74.6,10667,6.38,8.55,25.5,34.05,33.54
"2002年 汐止區0 男",83879,4979,6293,5216,4969,6715,6960,8679,10140,8567,6381,4637,2599,2373,1695,1570,1175,593,256,64,14,4,16488,19.66,62020,73.94,5371,6.4,8.66,26.58,35.25,32.58
"2002年 汐止區0 女",83345,4619,5854,4847,4628,6221,6932,9375,9932,8280,6681,5247,2762,2671,1975,1334,1007,549,292,112,23,4,15320,18.38,62729,75.26,5296,6.35,8.44,24.42,32.87,34.57
"2002年 瑞芳區0 計",46314,2651,2868,2692,2976,3875,3800,3918,4057,3801,3230,2577,1542,2331,2127,1755,1179,581,232,104,15,3,8211,17.73,32107,69.32,5996,12.95,18.68,25.57,44.25,73.02
"2002年 瑞芳區0 男",23991,1335,1458,1453,1519,1940,2057,2182,2338,2093,1693,1254,713,1104,1027,892,579,252,72,24,5,1,4246,17.7,16893,70.41,2852,11.89,16.88,25.13,42.02,67.17
"2002年 瑞芳區0 女",22323,1316,1410,1239,1457,1935,1743,1736,1719,1708,1537,1323,829,1227,1100,863,600,329,160,80,10,2,3965,17.76,15214,68.15,3144,14.08,20.67,26.06,46.73,79.29
"2002年 土城區0 計",234125,14302,19790,20157,20184,21784,18276,19904,23221,23227,19335,12707,6217,4784,3352,3043,2132,1160,420,104,25,1,54249,23.17,169639,72.46,10237,4.37,6.03,31.98,38.01,18.87
"2002年 土城區0 男",118338,7441,10357,10550,10412,11293,9220,9672,10855,11160,9634,6552,3222,2365,1623,1808,1245,673,197,50,9,0,28348,23.96,84385,71.31,5605,4.74,6.64,33.59,40.24,19.77
"2002年 土城區0 女",115787,6861,9433,9607,9772,10491,9056,10232,12366,12067,9701,6155,2995,2419,1729,1235,887,487,223,54,16,1,25901,22.37,85254,73.63,4632,4,5.43,30.38,35.81,17.88
"2002年 蘆洲區0 計",173209,10499,15041,16310,14720,16345,14244,15049,17269,16749,13204,8746,4454,3812,2633,1887,1230,666,256,79,10,6,41850,24.16,124592,71.93,6767,3.91,5.43,33.59,39.02,16.17
"2002年 蘆洲區0 男",86678,5464,7836,8533,7502,8424,7230,7228,8061,8059,6562,4367,2225,1939,1265,976,587,305,84,27,1,3,21833,25.19,61597,71.06,3248,3.75,5.27,35.44,40.72,14.88
"2002年 蘆洲區0 女",86531,5035,7205,7777,7218,7921,7014,7821,9208,8690,6642,4379,2229,1873,1368,911,643,361,172,52,9,3,20017,23.13,62995,72.8,3519,4.07,5.59,31.78,37.36,17.58
"2002年 五股區0 計",71606,4892,6409,5396,5530,6495,6079,6623,7125,6362,5083,3628,2110,1806,1255,1327,818,433,184,44,7,0,16697,23.32,50841,71,4068,5.68,8,32.84,40.84,24.36
"2002年 五股區0 男",36573,2446,3262,2849,2880,3357,3064,3283,3600,3229,2589,1849,983,835,638,838,522,240,90,16,3,0,8557,23.4,25669,70.19,2347,6.42,9.14,33.34,42.48,27.43
"2002年 五股區0 女",35033,2446,3147,2547,2650,3138,3015,3340,3525,3133,2494,1779,1127,971,617,489,296,193,94,28,4,0,8140,23.24,25172,71.85,1721,4.91,6.84,32.34,39.17,21.14
"2002年 泰山區0 計",63499,3646,5102,5206,5354,6649,5831,4867,5284,5434,5185,4065,2090,1587,1031,991,685,325,120,39,8,0,13954,21.98,46346,72.99,3199,5.04,6.9,30.11,37.01,22.93
"2002年 泰山區0 男",32251,1905,2664,2758,2715,3462,2938,2460,2541,2626,2459,2077,1089,769,495,621,436,170,46,17,3,0,7327,22.72,23136,71.74,1788,5.54,7.73,31.67,39.4,24.4
"2002年 泰山區0 女",31248,1741,2438,2448,2639,3187,2893,2407,2743,2808,2726,1988,1001,818,536,370,249,155,74,22,5,0,6627,21.21,23210,74.28,1411,4.52,6.08,28.55,34.63,21.29
"2002年 林口區0 計",53889,3484,5429,5016,3889,4098,4078,4778,5404,5006,3831,2600,1525,1460,1028,946,736,339,167,63,11,1,13929,25.85,36669,68.05,3291,6.11,8.97,37.99,46.96,23.63
"2002年 林口區0 男",27440,1835,2813,2629,2022,2069,2039,2339,2593,2600,1971,1342,765,716,517,508,414,168,74,25,1,0,7277,26.52,18456,67.26,1707,6.22,9.25,39.43,48.68,23.46
"2002年 林口區0 女",26449,1649,2616,2387,1867,2029,2039,2439,2811,2406,1860,1258,760,744,511,438,322,171,93,38,10,1,6652,25.15,18213,68.86,1584,5.99,8.7,36.52,45.22,23.81
"2002年 深坑區0 計",20433,1197,1531,1141,1319,1685,1699,2005,2284,2010,1588,1184,645,682,471,400,315,170,76,24,5,2,3869,18.94,15101,73.9,1463,7.16,9.69,25.62,35.31,37.81
"2002年 深坑區0 男",10497,625,794,608,666,863,843,1037,1203,1065,800,581,314,331,234,228,174,82,37,11,1,0,2027,19.31,7703,73.38,767,7.31,9.96,26.31,36.27,37.84
"2002年 深坑區0 女",9936,572,737,533,653,822,856,968,1081,945,788,603,331,351,237,172,141,88,39,13,4,2,1842,18.54,7398,74.46,696,7,9.41,24.9,34.31,37.79
"2002年 石碇區0 計",7668,407,326,528,400,515,556,599,662,668,583,470,313,465,388,312,224,152,66,26,8,0,1261,16.44,5231,68.22,1176,15.34,22.48,24.11,46.59,93.26
"2002年 石碇區0 男",4345,223,176,289,207,248,303,388,429,429,379,266,178,253,195,167,106,66,28,14,1,0,688,15.83,3080,70.89,577,13.28,18.73,22.34,41.07,83.87
"2002年 石碇區0 女",3323,184,150,239,193,267,253,211,233,239,204,204,135,212,193,145,118,86,38,12,7,0,573,17.24,2151,64.73,599,18.03,27.85,26.64,54.49,104.54
"2002年 坪林區0 計",6207,356,250,203,266,440,463,566,553,475,433,383,305,365,337,332,235,142,69,25,9,0,809,13.03,4249,68.45,1149,18.51,27.04,19.04,46.08,142.03
"2002年 坪林區0 男",3531,212,132,111,140,214,250,325,384,305,258,227,165,193,200,181,114,72,31,10,7,0,455,12.89,2461,69.7,615,17.42,24.99,18.49,43.48,135.16
"2002年 坪林區0 女",2676,144,118,92,126,226,213,241,169,170,175,156,140,172,137,151,121,70,38,15,2,0,354,13.23,1788,66.82,534,19.96,29.87,19.8,49.66,150.85
"2002年 三芝區0 計",23024,1466,1798,1612,1426,1913,1899,2081,2103,1903,1596,1295,763,866,723,677,464,269,115,46,8,1,4876,21.18,15845,68.82,2303,10,14.53,30.77,45.31,47.23
"2002年 三芝區0 男",12132,780,925,839,751,962,1000,1073,1127,1055,878,685,395,448,372,369,238,140,63,28,4,0,2544,20.97,8374,69.02,1214,10.01,14.5,30.38,44.88,47.72
"2002年 三芝區0 女",10892,686,873,773,675,951,899,1008,976,848,718,610,368,418,351,308,226,129,52,18,4,1,2332,21.41,7471,68.59,1089,10,14.58,31.21,45.79,46.7
"2002年 石門區0 計",11381,837,690,619,714,1070,1096,960,914,857,734,622,385,500,402,418,302,162,69,20,8,2,2146,18.86,7852,68.99,1383,12.15,17.61,27.33,44.94,64.45
"2002年 石門區0 男",6160,456,368,314,351,544,543,570,558,501,394,355,213,274,219,212,167,72,41,5,2,1,1138,18.47,4303,69.85,719,11.67,16.71,26.45,43.16,63.18
"2002年 石門區0 女",5221,381,322,305,363,526,553,390,356,356,340,267,172,226,183,206,135,90,28,15,6,1,1008,19.31,3549,67.98,664,12.72,18.71,28.4,47.11,65.87
"2002年 八里區0 計",30366,2274,2493,2054,2039,2528,2594,2933,3173,2805,2169,1549,860,828,727,576,382,217,106,47,10,2,6821,22.46,21478,70.73,2067,6.81,9.62,31.76,41.38,30.3
"2002年 八里區0 男",15590,1199,1256,1040,1070,1304,1278,1447,1682,1500,1099,785,436,424,360,324,203,115,48,16,3,1,3495,22.42,11025,70.72,1070,6.86,9.71,31.7,41.41,30.62
"2002年 八里區0 女",14776,1075,1237,1014,969,1224,1316,1486,1491,1305,1070,764,424,404,367,252,179,102,58,31,7,1,3326,22.51,10453,70.74,997,6.75,9.54,31.82,41.36,29.98
"2002年 平溪區0 計",6029,314,197,197,242,413,446,511,539,448,402,334,274,479,429,323,253,137,67,18,6,0,708,11.74,4088,67.81,1233,20.45,30.16,17.32,47.48,174.15
"2002年 平溪區0 男",3348,161,100,112,139,203,272,321,352,300,250,179,144,231,228,157,107,58,25,7,2,0,373,11.14,2391,71.42,584,17.44,24.42,15.6,40.03,156.57
"2002年 平溪區0 女",2681,153,97,85,103,210,174,190,187,148,152,155,130,248,201,166,146,79,42,11,4,0,335,12.5,1697,63.3,649,24.21,38.24,19.74,57.98,193.73
"2002年 雙溪區0 計",10237,585,391,360,500,859,853,812,760,737,664,593,404,680,729,596,358,201,95,49,8,3,1336,13.05,6862,67.03,2039,19.92,29.71,19.47,49.18,152.62
"2002年 雙溪區0 男",5586,310,201,186,263,427,466,539,494,487,375,324,212,335,355,295,170,96,35,12,4,0,697,12.48,3922,70.21,967,17.31,24.66,17.77,42.43,138.74
"2002年 雙溪區0 女",4651,275,190,174,237,432,387,273,266,250,289,269,192,345,374,301,188,105,60,37,4,3,639,13.74,2940,63.21,1072,23.05,36.46,21.73,58.2,167.76
"2002年 貢寮區0 計",14439,957,686,624,715,1113,1400,1380,1243,1027,914,806,555,774,768,617,463,237,110,41,7,2,2267,15.7,9927,68.75,2245,15.55,22.62,22.84,45.45,99.03
"2002年 貢寮區0 男",7650,479,375,317,375,544,743,773,765,615,498,395,254,379,418,323,219,121,42,14,0,1,1171,15.31,5341,69.82,1138,14.88,21.31,21.92,43.23,97.18
"2002年 貢寮區0 女",6789,478,311,307,340,569,657,607,478,412,416,411,301,395,350,294,244,116,68,27,7,1,1096,16.14,4586,67.55,1107,16.31,24.14,23.9,48.04,101
"2002年 金山區0 計",21802,1565,1615,1470,1387,1971,1972,1879,1873,1691,1380,1088,769,879,707,651,471,256,130,37,9,2,4650,21.33,14889,68.29,2263,10.38,15.2,31.23,46.43,48.67
"2002年 金山區0 男",11212,822,793,734,710,971,1006,1013,1013,898,697,544,406,465,366,343,239,121,54,13,2,2,2349,20.95,7723,68.88,1140,10.17,14.76,30.42,45.18,48.53
"2002年 金山區0 女",10590,743,822,736,677,1000,966,866,860,793,683,544,363,414,341,308,232,135,76,24,7,0,2301,21.73,7166,67.67,1123,10.6,15.67,32.11,47.78,48.8
"2002年 萬里區0 計",18698,1086,1093,960,1101,1530,1549,1600,1615,1607,1344,1081,686,873,743,740,577,315,141,47,8,2,3139,16.79,12986,69.45,2573,13.76,19.81,24.17,43.99,81.97
"2002年 萬里區0 男",10002,574,569,518,590,807,820,927,891,885,692,543,318,431,407,418,338,174,76,19,4,1,1661,16.61,6904,69.03,1437,14.37,20.81,24.06,44.87,86.51
"2002年 萬里區0 女",8696,512,524,442,511,723,729,673,724,722,652,538,368,442,336,322,239,141,65,28,4,1,1478,17,6082,69.94,1136,13.06,18.68,24.3,42.98,76.86
"2002年 烏來區0 計",4631,303,288,282,318,431,405,361,388,412,405,323,182,160,140,106,81,26,14,6,0,0,873,18.85,3385,73.09,373,8.05,11.02,25.79,36.81,42.73
"2002年 烏來區0 男",2414,168,147,156,182,209,184,181,215,224,208,160,101,77,73,56,46,19,5,3,0,0,471,19.51,1741,72.12,202,8.37,11.6,27.05,38.66,42.89
"2002年 烏來區0 女",2217,135,141,126,136,222,221,180,173,188,197,163,81,83,67,50,35,7,9,3,0,0,402,18.13,1644,74.15,171,7.71,10.4,24.45,34.85,42.54
"2003年 新北市0 計",3676533,197642,253942,268865,278603,340752,325596,310234,322313,332719,305160,247908,135005,112436,80482,67464,52164,28490,11655,3997,830,276,720449,19.6,2710726,73.73,245358,6.67,9.05,26.58,35.63,34.06
"2003年 新北市0 男",1850508,103168,131421,140503,143432,174991,165378,155508,156880,161247,147771,121314,66700,54201,38081,36712,29609,15515,5757,1815,358,147,375092,20.27,1347422,72.81,127994,6.92,9.5,27.84,37.34,34.12
"2003年 新北市0 女",1826025,94474,122521,128362,135171,165761,160218,154726,165433,171472,157389,126594,68305,58235,42401,30752,22555,12975,5898,2182,472,129,345357,18.91,1363304,74.66,117364,6.43,8.61,25.33,33.94,33.98
"2003年 板橋區0 計",539356,26880,34515,39295,43481,55071,51625,43870,41450,45421,46229,39586,21750,17030,11158,9155,7028,3727,1437,505,106,37,100690,18.67,405513,75.18,33153,6.15,8.18,24.83,33.01,32.93
"2003年 板橋區0 男",270856,14045,17918,20554,22406,28578,26569,22215,19822,20954,21775,19036,10885,8395,5289,5019,4167,2141,751,258,56,23,52517,19.39,200635,74.07,17704,6.54,8.82,26.18,35,33.71
"2003年 板橋區0 女",268500,12835,16597,18741,21075,26493,25056,21655,21628,24467,24454,20550,10865,8635,5869,4136,2861,1586,686,247,50,14,48173,17.94,204878,76.3,15449,5.75,7.54,23.51,31.05,32.07
"2003年 三重區0 計",384618,19647,24589,26961,30297,38720,36713,31650,30864,33361,31733,26359,14862,13205,9983,7119,4612,2490,968,370,76,39,71197,18.51,287764,74.82,25657,6.67,8.92,24.74,33.66,36.04
"2003年 三重區0 男",193886,10337,12751,14095,15617,19707,18834,16245,15179,16034,15546,12959,7414,6608,4758,3596,2343,1203,445,157,38,20,37183,19.18,144143,74.34,12560,6.48,8.71,25.8,34.51,33.78
"2003年 三重區0 女",190732,9310,11838,12866,14680,19013,17879,15405,15685,17327,16187,13400,7448,6597,5225,3523,2269,1287,523,213,38,19,34014,17.83,143621,75.3,13097,6.87,9.12,23.68,32.8,38.5
"2003年 中和區0 計",406325,20043,23868,23351,29576,38600,38204,35498,33988,35775,36449,31439,17207,12789,8583,8347,6907,3688,1419,471,97,26,67262,16.55,309525,76.18,29538,7.27,9.54,21.73,31.27,43.91
"2003年 中和區0 男",203814,10479,12206,12308,15282,19952,19328,17982,16842,17189,17046,15032,8238,5888,3774,4794,4236,2179,770,226,48,15,34993,17.17,152779,74.96,16042,7.87,10.5,22.9,33.4,45.84
"2003年 中和區0 女",202511,9564,11662,11043,14294,18648,18876,17516,17146,18586,19403,16407,8969,6901,4809,3553,2671,1509,649,245,49,11,32269,15.93,156746,77.4,13496,6.66,8.61,20.59,29.2,41.82
"2003年 永和區0 計",231816,9556,14149,18049,15860,18935,18802,18089,19489,21065,20195,18247,10630,8141,5988,5290,4657,2866,1213,425,95,75,41754,18.01,169453,73.1,20609,8.89,12.16,24.64,36.8,49.36
"2003年 永和區0 男",112897,4947,7435,9363,8080,9501,9375,8839,8848,9607,9333,8485,4979,3574,2520,2747,2599,1658,670,233,59,45,21745,19.26,80621,71.41,10531,9.33,13.06,26.97,40.03,48.43
"2003年 永和區0 女",118919,4609,6714,8686,7780,9434,9427,9250,10641,11458,10862,9762,5651,4567,3468,2543,2058,1208,543,192,36,30,20009,16.83,88832,74.7,10078,8.47,11.35,22.52,33.87,50.37
"2003年 新莊區0 計",383745,21234,29521,32901,33371,39153,35571,30539,32160,34927,31704,24854,12942,9293,5831,4301,3120,1500,593,189,35,6,83656,21.8,284514,74.14,15575,4.06,5.47,29.4,34.88,18.62
"2003年 新莊區0 男",191423,11087,15293,17086,17253,20076,18034,14868,14650,16098,15098,12249,6835,4785,2889,2281,1750,744,261,70,13,3,43466,22.71,139946,73.11,8011,4.18,5.72,31.06,36.78,18.43
"2003年 新莊區0 女",192322,10147,14228,15815,16118,19077,17537,15671,17510,18829,16606,12605,6107,4508,2942,2020,1370,756,332,119,22,3,40190,20.9,144568,75.17,7564,3.93,5.23,27.8,33.03,18.82
"2003年 新店區0 計",280661,13592,17446,17309,18362,22209,22163,24972,26055,26034,24677,20899,12072,9722,6768,6691,5872,3592,1539,535,113,39,48347,17.23,207165,73.81,25149,8.96,12.14,23.34,35.48,52.02
"2003年 新店區0 男",139868,6992,8970,8926,9327,11298,11010,12402,12970,12640,11893,9901,5492,4276,3081,3822,3547,2129,857,269,44,22,24888,17.79,101209,72.36,13771,9.85,13.61,24.59,38.2,55.33
"2003年 新店區0 女",140793,6600,8476,8383,9035,10911,11153,12570,13085,13394,12784,10998,6580,5446,3687,2869,2325,1463,682,266,69,17,23459,16.66,105956,75.26,11378,8.08,10.74,22.14,32.88,48.5
"2003年 樹林區0 計",159101,9742,12399,13567,13370,15649,14003,12817,13594,14316,12810,9529,4859,4116,2961,2342,1653,907,343,104,17,3,35708,22.44,115063,72.32,8330,5.24,7.24,31.03,38.27,23.33
"2003年 樹林區0 男",81022,5033,6415,7131,6938,8147,7118,6412,6556,7097,6311,4937,2594,2059,1478,1269,884,461,131,47,4,0,18579,22.93,58169,71.79,4274,5.28,7.35,31.94,39.29,23
"2003年 樹林區0 女",78079,4709,5984,6436,6432,7502,6885,6405,7038,7219,6499,4592,2265,2057,1483,1073,769,446,212,57,13,3,17129,21.94,56894,72.87,4056,5.19,7.13,30.11,37.24,23.68
"2003年 鶯歌區0 計",82604,5228,6390,6569,7063,8442,7350,6566,6846,7234,6392,4733,2538,2301,1768,1370,972,533,213,76,18,2,18187,22.02,59465,71.99,4952,5.99,8.33,30.58,38.91,27.23
"2003年 鶯歌區0 男",42294,2756,3374,3399,3654,4404,3846,3288,3437,3562,3210,2471,1303,1121,851,731,511,250,96,23,7,0,9529,22.53,30296,71.63,2469,5.84,8.15,31.45,39.6,25.91
"2003年 鶯歌區0 女",40310,2472,3016,3170,3409,4038,3504,3278,3409,3672,3182,2262,1235,1180,917,639,461,283,117,53,11,2,8658,21.48,29169,72.36,2483,6.16,8.51,29.68,38.19,28.68
"2003年 三峽區0 計",85964,5831,7529,7480,6398,6678,6511,7339,8371,7823,5985,4274,2319,2520,2148,1937,1536,793,338,120,30,4,20840,24.24,58218,67.72,6906,8.03,11.86,35.8,47.66,33.14
"2003年 三峽區0 男",44885,3150,3906,3902,3239,3395,3285,3714,4377,4160,3202,2252,1161,1237,1077,1155,973,457,173,59,10,1,10958,24.41,30022,66.89,3905,8.7,13.01,36.5,49.51,35.64
"2003年 三峽區0 女",41079,2681,3623,3578,3159,3283,3226,3625,3994,3663,2783,2022,1158,1283,1071,782,563,336,165,61,20,3,9882,24.06,28196,68.64,3001,7.31,10.64,35.05,45.69,30.37
"2003年 淡水區0 計",123646,7131,8585,8379,8002,10128,10543,11814,12384,11433,9980,8016,4329,3954,2908,2475,1963,1016,442,136,23,5,24095,19.49,90583,73.26,8968,7.25,9.9,26.6,36.5,37.22
"2003年 淡水區0 男",61455,3733,4441,4399,4052,5168,5228,5673,5945,5538,4817,3928,2010,1873,1456,1356,1062,517,190,59,8,2,12573,20.46,44232,71.97,4650,7.57,10.51,28.43,38.94,36.98
"2003年 淡水區0 女",62191,3398,4144,3980,3950,4960,5315,6141,6439,5895,5163,4088,2319,2081,1452,1119,901,499,252,77,15,3,11522,18.53,46351,74.53,4318,6.94,9.32,24.86,34.17,37.48
"2003年 汐止區0 計",170765,9304,11589,10326,9721,13074,14241,17432,20127,17779,13982,10997,5932,5304,3788,2914,2249,1222,552,187,35,10,31219,18.28,128589,75.3,10957,6.42,8.52,24.28,32.8,35.1
"2003年 汐止區0 男",85609,4792,5942,5359,5031,6790,7198,8504,10028,9091,6868,5162,2862,2487,1755,1555,1214,611,268,74,13,5,16093,18.8,64021,74.78,5495,6.42,8.58,25.14,33.72,34.15
"2003年 汐止區0 女",85156,4512,5647,4967,4690,6284,7043,8928,10099,8688,7114,5835,3070,2817,2033,1359,1035,611,284,113,22,5,15126,17.76,64568,75.82,5462,6.41,8.46,23.43,31.89,36.11
"2003年 瑞芳區0 計",45804,2514,2742,2574,2926,3770,3707,3742,3970,3871,3353,2770,1565,2202,2126,1749,1237,600,268,100,15,3,7830,17.09,31876,69.59,6098,13.31,19.13,24.56,43.69,77.88
"2003年 瑞芳區0 男",23658,1278,1376,1373,1485,1918,1946,2102,2246,2167,1779,1371,742,1031,1003,866,607,260,85,20,2,1,4027,17.02,16787,70.96,2844,12.02,16.94,23.99,40.93,70.62
"2003年 瑞芳區0 女",22146,1236,1366,1201,1441,1852,1761,1640,1724,1704,1574,1399,823,1171,1123,883,630,340,183,80,13,2,3803,17.17,15089,68.13,3254,14.69,21.57,25.2,46.77,85.56
"2003年 土城區0 計",235729,13632,18705,19779,19957,22384,19130,19362,22338,23524,20202,14285,6865,5089,3449,3017,2192,1231,453,110,24,1,52116,22.11,173136,73.45,10477,4.44,6.05,30.1,36.15,20.1
"2003年 土城區0 男",118975,7145,9719,10368,10326,11516,9729,9444,10495,11253,9924,7277,3570,2544,1680,1680,1303,723,221,48,10,0,27232,22.89,86078,72.35,5665,4.76,6.58,31.64,38.22,20.8
"2003年 土城區0 女",116754,6487,8986,9411,9631,10868,9401,9918,11843,12271,10278,7008,3295,2545,1769,1337,889,508,232,62,14,1,24884,21.31,87058,74.57,4812,4.12,5.53,28.58,34.11,19.34
"2003年 蘆洲區0 計",177232,10447,14476,16178,15017,16559,15196,14953,17042,17333,14143,9885,4770,4051,2865,1941,1306,698,277,78,13,4,41101,23.19,128949,72.76,7182,4.05,5.57,31.87,37.44,17.47
"2003年 蘆洲區0 男",88726,5482,7574,8478,7711,8472,7763,7286,7878,8333,6981,4913,2367,2030,1392,984,633,322,98,25,2,2,21534,24.27,63734,71.83,3458,3.9,5.43,33.79,39.21,16.06
"2003年 蘆洲區0 女",88506,4965,6902,7700,7306,8087,7433,7667,9164,9000,7162,4972,2403,2021,1473,957,673,376,179,53,11,2,19567,22.11,65215,73.68,3724,4.21,5.71,30,35.71,19.03
"2003年 五股區0 計",72911,4730,6226,5490,5507,6469,6324,6491,7059,6647,5365,4009,2256,1936,1342,1335,985,485,190,54,11,0,16446,22.56,52063,71.41,4402,6.04,8.46,31.59,40.04,26.77
"2003年 五股區0 男",37257,2389,3177,2901,2834,3355,3208,3226,3547,3426,2652,2066,1091,866,639,844,637,275,97,23,4,0,8467,22.73,26271,70.51,2519,6.76,9.59,32.23,41.82,29.75
"2003年 五股區0 女",35654,2341,3049,2589,2673,3114,3116,3265,3512,3221,2713,1943,1165,1070,703,491,348,210,93,31,7,0,7979,22.38,25792,72.34,1883,5.28,7.3,30.94,38.24,23.6
"2003年 泰山區0 計",65649,3750,4971,5174,5306,6718,6520,5254,5240,5651,5340,4445,2330,1702,1076,909,723,345,139,45,8,3,13895,21.17,48506,73.89,3248,4.95,6.7,28.65,35.34,23.38
"2003年 泰山區0 男",33369,1948,2591,2748,2718,3465,3316,2713,2550,2748,2504,2249,1197,849,505,552,443,188,60,21,4,0,7287,21.84,24309,72.85,1773,5.31,7.29,29.98,37.27,24.33
"2003年 泰山區0 女",32280,1802,2380,2426,2588,3253,3204,2541,2690,2903,2836,2196,1133,853,571,357,280,157,79,24,4,3,6608,20.47,24197,74.96,1475,4.57,6.1,27.31,33.4,22.32
"2003年 林口區0 計",54848,3397,5334,5219,4060,4120,4022,4666,5369,5268,4015,2904,1573,1514,1105,907,748,378,161,70,17,1,13950,25.43,37511,68.39,3387,6.18,9.03,37.19,46.22,24.28
"2003年 林口區0 男",27800,1804,2725,2770,2077,2106,1970,2267,2558,2684,2089,1492,789,735,530,480,424,197,73,28,2,0,7299,26.26,18767,67.51,1734,6.24,9.24,38.89,48.13,23.76
"2003年 林口區0 女",27048,1593,2609,2449,1983,2014,2052,2399,2811,2584,1926,1412,784,779,575,427,324,181,88,42,15,1,6651,24.59,18744,69.3,1653,6.11,8.82,35.48,44.3,24.85
"2003年 深坑區0 計",20745,1171,1473,1161,1301,1710,1712,1910,2287,2161,1663,1317,666,708,500,399,326,177,73,24,4,2,3805,18.34,15435,74.4,1505,7.25,9.75,24.65,34.4,39.55
"2003年 深坑區0 男",10643,619,766,617,654,899,850,994,1174,1144,830,648,317,344,247,215,189,86,38,10,2,0,2002,18.81,7854,73.79,787,7.39,10.02,25.49,35.51,39.31
"2003年 深坑區0 女",10102,552,707,544,647,811,862,916,1113,1017,833,669,349,364,253,184,137,91,35,14,2,2,1803,17.85,7581,75.04,718,7.11,9.47,23.78,33.25,39.82
"2003年 石碇區0 計",7700,417,326,570,399,509,562,561,619,663,596,505,318,439,412,303,240,155,66,32,8,0,1313,17.05,5171,67.16,1216,15.79,23.52,25.39,48.91,92.61
"2003年 石碇區0 男",4348,222,179,305,221,227,309,355,409,435,390,288,168,249,202,162,113,64,33,14,3,0,706,16.24,3051,70.17,591,13.59,19.37,23.14,42.51,83.71
"2003年 石碇區0 女",3352,195,147,265,178,282,253,206,210,228,206,217,150,190,210,141,127,91,33,18,5,0,607,18.11,2120,63.25,625,18.65,29.48,28.63,58.11,102.97
"2003年 坪林區0 計",6194,350,236,216,272,422,456,541,527,499,445,405,302,355,361,302,256,140,72,31,6,0,802,12.95,4224,68.2,1168,18.86,27.65,18.99,46.64,145.64
"2003年 坪林區0 男",3512,204,117,123,139,207,238,308,367,323,273,237,169,186,210,159,134,67,35,12,4,0,444,12.64,2447,69.68,621,17.68,25.38,18.14,43.52,139.86
"2003年 坪林區0 女",2682,146,119,93,133,215,218,233,160,176,172,168,133,169,151,143,122,73,37,19,2,0,358,13.35,1777,66.26,547,20.4,30.78,20.15,50.93,152.79
"2003年 三芝區0 計",23224,1368,1733,1676,1414,1878,1907,2019,2116,1990,1697,1367,801,888,733,659,508,285,127,47,11,0,4777,20.57,16077,69.23,2370,10.2,14.74,29.71,44.45,49.61
"2003年 三芝區0 男",12172,708,889,871,765,924,992,1040,1135,1089,926,718,419,447,384,355,255,155,64,32,4,0,2468,20.28,8455,69.46,1249,10.26,14.77,29.19,43.96,50.61
"2003年 三芝區0 女",11052,660,844,805,649,954,915,979,981,901,771,649,382,441,349,304,253,130,63,15,7,0,2309,20.89,7622,68.96,1121,10.14,14.71,30.29,45,48.55
"2003年 石門區0 計",11306,820,668,592,689,1017,1079,956,898,881,737,673,397,487,404,395,314,186,77,28,5,3,2080,18.4,7814,69.11,1412,12.49,18.07,26.62,44.69,67.88
"2003年 石門區0 男",6139,442,362,310,346,515,537,553,545,535,398,381,218,269,215,205,164,93,39,10,0,2,1114,18.15,4297,70,728,11.86,16.94,25.93,42.87,65.35
"2003年 石門區0 女",5167,378,306,282,343,502,542,403,353,346,339,292,179,218,189,190,150,93,38,18,5,1,966,18.7,3517,68.07,684,13.24,19.45,27.47,46.91,70.81
"2003年 八里區0 計",30955,2158,2391,2118,2114,2540,2682,2787,3165,3012,2293,1748,909,907,727,585,415,233,109,51,8,3,6667,21.54,22157,71.58,2131,6.88,9.62,30.09,39.71,31.96
"2003年 八里區0 男",15896,1136,1219,1080,1096,1309,1329,1405,1655,1622,1150,882,459,456,360,317,230,120,48,19,2,2,3435,21.61,11363,71.48,1098,6.91,9.66,30.23,39.89,31.97
"2003年 八里區0 女",15059,1022,1172,1038,1018,1231,1353,1382,1510,1390,1143,866,450,451,367,268,185,113,61,32,6,1,3232,21.46,10794,71.68,1033,6.86,9.57,29.94,39.51,31.96
"2003年 平溪區0 計",5845,292,180,182,217,373,432,469,505,463,387,385,251,436,463,296,267,151,67,22,7,0,654,11.19,3918,67.03,1273,21.78,32.49,16.69,49.18,194.65
"2003年 平溪區0 男",3264,147,86,99,129,199,245,306,334,313,237,216,142,219,231,142,118,67,23,8,3,0,332,10.17,2340,71.69,592,18.14,25.3,14.19,39.49,178.31
"2003年 平溪區0 女",2581,145,94,83,88,174,187,163,171,150,150,169,109,217,232,154,149,84,44,14,4,0,322,12.48,1578,61.14,681,26.39,43.16,20.41,63.56,211.49
"2003年 雙溪區0 計",10061,552,362,368,461,788,840,761,760,741,675,637,410,627,708,623,395,201,97,42,11,2,1282,12.74,6700,66.59,2079,20.66,31.03,19.13,50.16,162.17
"2003年 雙溪區0 男",5506,295,192,181,237,405,440,505,502,486,398,362,211,317,341,305,186,88,39,11,5,0,668,12.13,3863,70.16,975,17.71,25.24,17.29,42.53,145.96
"2003年 雙溪區0 女",4555,257,170,187,224,383,400,256,258,255,277,275,199,310,367,318,209,113,58,31,6,2,614,13.48,2837,62.28,1104,24.24,38.91,21.64,60.56,179.8
"2003年 貢寮區0 計",14077,957,644,569,702,985,1312,1347,1200,1043,898,833,539,759,740,651,463,268,112,43,9,3,2170,15.42,9618,68.32,2289,16.26,23.8,22.56,46.36,105.48
"2003年 貢寮區0 男",7421,466,350,279,370,497,680,745,735,627,506,409,248,373,386,341,213,137,42,16,0,1,1095,14.76,5190,69.94,1136,15.31,21.89,21.1,42.99,103.74
"2003年 貢寮區0 女",6656,491,294,290,332,488,632,602,465,416,392,424,291,386,354,310,250,131,70,27,9,2,1075,16.15,4428,66.53,1153,17.32,26.04,24.28,50.32,107.26
"2003年 金山區0 計",21851,1491,1548,1508,1326,1897,1977,1856,1913,1703,1425,1252,735,914,707,618,515,263,140,46,15,2,4547,20.81,14998,68.64,2306,10.55,15.38,30.32,45.69,50.71
"2003年 金山區0 男",11252,793,752,775,686,939,995,1019,1020,923,701,631,378,484,368,314,266,125,60,19,2,2,2320,20.62,7776,69.11,1156,10.27,14.87,29.84,44.7,49.83
"2003年 金山區0 女",10599,698,796,733,640,958,982,837,893,780,724,621,357,430,339,304,249,138,80,27,13,0,2227,21.01,7222,68.14,1150,10.85,15.92,30.84,46.76,51.64
"2003年 萬里區0 計",19061,1110,1057,1012,1117,1523,1608,1580,1592,1661,1415,1187,696,873,728,730,618,333,156,51,11,3,3179,16.68,13252,69.52,2630,13.8,19.85,23.99,43.83,82.73
"2003年 萬里區0 男",10119,575,548,550,589,807,819,905,867,932,742,582,343,412,380,416,359,179,83,23,7,1,1673,16.53,6998,69.16,1448,14.31,20.69,23.91,44.6,86.55
"2003年 萬里區0 女",8942,535,509,462,528,716,789,675,725,729,673,605,353,461,348,314,259,154,73,28,4,2,1506,16.84,6254,69.94,1182,13.22,18.9,24.08,42.98,78.49
"2003年 烏來區0 計",4740,298,290,292,317,431,404,393,385,440,375,368,182,174,152,104,87,27,14,5,2,0,880,18.57,3469,73.19,391,8.25,11.27,25.37,36.64,44.43
"2003年 烏來區0 男",2442,164,148,153,170,215,187,193,209,237,192,180,99,87,80,50,49,19,7,1,2,0,465,19.04,1769,72.44,208,8.52,11.76,26.29,38.04,44.73
"2003年 烏來區0 女",2298,134,142,139,147,216,217,200,176,203,183,188,83,87,72,54,38,8,7,4,0,0,415,18.06,1700,73.98,183,7.96,10.76,24.41,35.18,44.1
"2004年 新北市0 計",3708099,189634,246481,268947,270832,332673,339261,309290,319834,333791,312963,263650,150806,115528,84469,67039,54235,30482,12471,4477,926,310,705062,19.01,2748628,74.12,254409,6.86,9.26,25.65,34.91,36.08
"2004年 新北市0 男",1864229,99187,127622,140553,139512,171053,172294,155472,156422,161490,151136,128192,74145,56209,39633,34967,30824,16584,6297,2055,412,170,367362,19.71,1365925,73.27,130942,7.02,9.59,26.89,36.48,35.64
"2004年 新北市0 女",1843870,90447,118859,128394,131320,161620,166967,153818,163412,172301,161827,135458,76661,59319,44836,32072,23411,13898,6174,2422,514,140,337700,18.31,1382703,74.99,123467,6.7,8.93,24.42,33.35,36.56
"2004年 板橋區0 計",541512,25992,33587,38849,41157,53324,53806,44578,41413,44292,46611,41521,24226,17659,11786,9145,7233,4078,1507,571,135,42,98428,18.18,408587,75.45,34497,6.37,8.44,24.09,32.53,35.05
"2004年 板橋區0 男",271690,13678,17465,20304,21253,27609,27653,22658,20009,20509,21764,19818,11983,8818,5534,4808,4267,2357,806,293,78,26,51447,18.94,202074,74.38,18169,6.69,8.99,25.46,34.45,35.32
"2004年 板橋區0 女",269822,12314,16122,18545,19904,25715,26153,21920,21404,23783,24847,21703,12243,8841,6252,4337,2966,1721,701,278,57,16,46981,17.41,206513,76.54,16328,6.05,7.91,22.75,30.66,34.75
"2004年 三重區0 計",384092,18688,23888,26397,29005,37265,37811,31610,30304,32791,32388,27762,16256,13238,10357,7387,4751,2670,999,395,85,45,68973,17.96,288430,75.09,26689,6.95,9.25,23.91,33.17,38.69
"2004年 三重區0 男",193620,9822,12391,13777,15049,19139,19273,16206,15081,15741,15819,13601,8043,6698,4912,3648,2419,1297,456,184,40,24,35990,18.59,144650,74.71,12980,6.7,8.97,24.88,33.85,36.07
"2004年 三重區0 女",190472,8866,11497,12620,13956,18126,18538,15404,15223,17050,16569,14161,8213,6540,5445,3739,2332,1373,543,211,45,21,32983,17.32,143780,75.49,13709,7.2,9.53,22.94,32.47,41.56
"2004年 中和區0 計",408126,19317,23116,22981,28188,37403,39669,35659,33839,35216,36508,32983,19421,13384,8972,7979,7204,4006,1625,511,114,31,65414,16.03,312270,76.51,30442,7.46,9.75,20.95,30.7,46.54
"2004年 中和區0 男",204193,10041,11818,12167,14527,19380,20106,18029,16921,16897,17000,15599,9256,6158,3946,4296,4435,2398,897,245,60,17,34026,16.66,153873,75.36,16294,7.98,10.59,22.11,32.7,47.89
"2004年 中和區0 女",203933,9276,11298,10814,13661,18023,19563,17630,16918,18319,19508,17384,10165,7226,5026,3683,2769,1608,728,266,54,14,31388,15.39,158397,77.67,14148,6.94,8.93,19.82,28.75,45.07
"2004年 永和區0 計",233384,9127,13915,18074,15391,18299,19303,18266,19421,21059,20331,18840,11807,8428,6224,5176,4721,3008,1307,508,98,81,41116,17.62,171145,73.33,21123,9.05,12.34,24.02,36.37,51.37
"2004年 永和區0 男",113412,4765,7260,9350,7864,9177,9582,9004,8864,9645,9325,8660,5584,3742,2611,2550,2617,1701,729,272,60,50,21375,18.85,81447,71.82,10590,9.34,13,26.24,39.25,49.54
"2004年 永和區0 女",119972,4362,6655,8724,7527,9122,9721,9262,10557,11414,11006,10180,6223,4686,3613,2626,2104,1307,578,236,38,31,19741,16.45,89698,74.77,10533,8.78,11.74,22.01,33.75,53.36
"2004年 新莊區0 計",386941,20605,28400,32859,32110,38243,37566,30886,31759,34684,32375,26645,14553,9844,6243,4397,3272,1614,634,208,38,6,81864,21.16,288665,74.6,16412,4.24,5.69,28.36,34.05,20.05
"2004年 新莊區0 男",192799,10877,14686,17139,16469,19613,19063,15189,14600,15876,15293,12981,7502,5161,3095,2208,1845,817,284,86,13,2,42702,22.15,141747,73.52,8350,4.33,5.89,30.13,36.02,19.55
"2004年 新莊區0 女",194142,9728,13714,15720,15641,18630,18503,15697,17159,18808,17082,13664,7051,4683,3148,2189,1427,797,350,122,25,4,39162,20.17,146918,75.68,8062,4.15,5.49,26.66,32.14,20.59
"2004年 新店區0 計",285186,13109,16960,17242,18130,22011,23170,24672,26308,26415,25146,22467,13595,10089,7212,6411,6013,3782,1690,609,112,43,47311,16.59,212003,74.34,25872,9.07,12.2,22.32,34.52,54.68
"2004年 新店區0 男",141972,6834,8705,8833,9288,11185,11499,12247,13109,12837,12130,10664,6187,4535,3227,3494,3637,2216,960,314,44,27,24372,17.17,103681,73.03,13919,9.8,13.42,23.51,36.93,57.11
"2004年 新店區0 女",143214,6275,8255,8409,8842,10826,11671,12425,13199,13578,13016,11803,7408,5554,3985,2917,2376,1566,730,295,68,16,22939,16.02,108322,75.64,11953,8.35,11.03,21.18,32.21,52.11
"2004年 樹林區0 計",159930,9140,12092,13468,13078,15386,14634,12619,13369,14335,13217,10260,5459,4199,3096,2368,1744,965,349,126,22,4,34700,21.7,116556,72.88,8674,5.42,7.44,29.77,37.21,25
"2004年 樹林區0 男",81394,4720,6251,7048,6798,7970,7502,6358,6438,7109,6516,5276,2860,2155,1551,1219,928,486,151,46,11,1,18019,22.14,58982,72.46,4393,5.4,7.45,30.55,38,24.38
"2004年 樹林區0 女",78536,4420,5841,6420,6280,7416,7132,6261,6931,7226,6701,4984,2599,2044,1545,1149,816,479,198,80,11,3,16681,21.24,57574,73.31,4281,5.45,7.44,28.97,36.41,25.66
"2004年 鶯歌區0 計",83468,4968,6440,6637,6789,8348,7684,6506,6929,7179,6605,5158,2787,2302,1834,1395,1038,539,231,75,23,1,18045,21.62,60287,72.23,5136,6.15,8.52,29.93,38.45,28.46
"2004年 鶯歌區0 男",42694,2579,3423,3460,3490,4332,4055,3310,3475,3517,3286,2650,1467,1118,864,728,572,234,100,28,5,1,9462,22.16,30700,71.91,2532,5.93,8.25,30.82,39.07,26.76
"2004年 鶯歌區0 女",40774,2389,3017,3177,3299,4016,3629,3196,3454,3662,3319,2508,1320,1184,970,667,466,305,131,47,18,0,8583,21.05,29587,72.56,2604,6.39,8.8,29.01,37.81,30.34
"2004年 三峽區0 計",86958,5537,7314,7635,6470,6679,6706,7002,8250,8060,6459,4674,2521,2543,2216,1885,1596,884,347,143,32,5,20486,23.56,59364,68.27,7108,8.17,11.97,34.51,46.48,34.7
"2004年 三峽區0 男",45356,2989,3840,3941,3305,3390,3376,3561,4222,4292,3480,2461,1286,1266,1078,1079,1010,519,178,71,11,1,10770,23.75,30639,67.55,3947,8.7,12.88,35.15,48.03,36.65
"2004年 三峽區0 女",41602,2548,3474,3694,3165,3289,3330,3441,4028,3768,2979,2213,1235,1277,1138,806,586,365,169,72,21,4,9716,23.35,28725,69.05,3161,7.6,11,33.82,44.83,32.53
"2004年 淡水區0 計",126132,6949,8421,8625,7943,9899,10793,11801,12414,11842,10498,8613,4879,4070,3064,2491,2057,1104,482,154,27,6,23995,19.02,92752,73.54,9385,7.44,10.12,25.87,35.99,39.11
"2004年 淡水區0 男",62533,3659,4331,4506,4047,5062,5358,5671,5945,5727,5025,4187,2293,1932,1499,1313,1106,575,214,72,9,2,12496,19.98,45247,72.36,4790,7.66,10.59,27.62,38.2,38.33
"2004年 淡水區0 女",63599,3290,4090,4119,3896,4837,5435,6130,6469,6115,5473,4426,2586,2138,1565,1178,951,529,268,82,18,4,11499,18.08,47505,74.69,4595,7.22,9.67,24.21,33.88,39.96
"2004年 汐止區0 計",173890,8772,11223,10821,9943,12680,14857,16729,19802,18694,14799,11833,6760,5450,4034,2965,2348,1312,606,215,36,11,30816,17.72,131547,75.65,11527,6.63,8.76,23.43,32.19,37.41
"2004年 汐止區0 男",87245,4555,5767,5657,5156,6570,7540,8258,9821,9526,7303,5587,3228,2551,1871,1533,1260,668,295,82,10,7,15979,18.32,65540,75.12,5726,6.56,8.74,24.38,33.12,35.83
"2004年 汐止區0 女",86645,4217,5456,5164,4787,6110,7317,8471,9981,9168,7496,6246,3532,2899,2163,1432,1088,644,311,133,26,4,14837,17.12,66007,76.18,5801,6.7,8.79,22.48,31.27,39.1
"2004年 瑞芳區0 計",45195,2350,2548,2577,2859,3555,3722,3491,3872,3922,3511,2855,1669,2034,2174,1746,1266,634,281,104,22,3,7475,16.54,31490,69.68,6230,13.78,19.78,23.74,43.52,83.34
"2004年 瑞芳區0 男",23356,1201,1304,1335,1473,1796,1958,1934,2196,2227,1889,1431,797,964,997,838,629,266,94,21,5,1,3840,16.44,16665,71.35,2851,12.21,17.11,23.04,40.15,74.24
"2004年 瑞芳區0 女",21839,1149,1244,1242,1386,1759,1764,1557,1676,1695,1622,1424,872,1070,1177,908,637,368,187,83,17,2,3635,16.64,14825,67.88,3379,15.47,22.79,24.52,47.31,92.96
"2004年 土城區0 計",236202,12634,17809,19519,19628,22231,20232,18804,21554,23583,20788,15643,7728,5305,3617,2936,2293,1246,488,137,23,4,49962,21.15,175496,74.3,10744,4.55,6.12,28.47,34.59,21.5
"2004年 土城區0 男",119106,6587,9258,10278,10160,11524,10289,9272,10130,11145,10137,7850,4046,2685,1737,1589,1374,718,257,61,9,0,26123,21.93,87238,73.24,5745,4.82,6.59,29.94,36.53,21.99
"2004年 土城區0 女",117096,6047,8551,9241,9468,10707,9943,9532,11424,12438,10651,7793,3682,2620,1880,1347,919,528,231,76,14,4,23839,20.36,88258,75.37,4999,4.27,5.66,27.01,32.67,20.97
"2004年 蘆洲區0 計",181608,10122,14209,16236,14985,16645,16375,15177,16887,17735,15013,10935,5393,4297,3031,2024,1379,769,278,102,12,4,40567,22.34,133442,73.48,7599,4.18,5.69,30.4,36.1,18.73
"2004年 蘆洲區0 男",90705,5240,7378,8579,7646,8525,8362,7410,7950,8412,7349,5413,2649,2151,1481,992,671,355,108,31,1,2,21197,23.37,65867,72.62,3641,4.01,5.53,32.18,37.71,17.18
"2004年 蘆洲區0 女",90903,4882,6831,7657,7339,8120,8013,7767,8937,9323,7664,5522,2744,2146,1550,1032,708,414,170,71,11,2,19370,21.31,67575,74.34,3958,4.35,5.86,28.66,34.52,20.43
"2004年 五股區0 計",74307,4507,6060,5697,5453,6455,6531,6408,7050,6984,5653,4385,2481,2048,1415,1255,1120,536,188,69,12,0,16264,21.89,53448,71.93,4595,6.18,8.6,30.43,39.03,28.25
"2004年 五股區0 男",37958,2322,3066,3008,2767,3396,3304,3252,3533,3580,2807,2235,1208,915,644,750,726,319,94,26,6,0,8396,22.12,26997,71.12,2565,6.76,9.5,31.1,40.6,30.55
"2004年 五股區0 女",36349,2185,2994,2689,2686,3059,3227,3156,3517,3404,2846,2150,1273,1133,771,505,394,217,94,43,6,0,7868,21.65,26451,72.77,2030,5.58,7.67,29.75,37.42,25.8
"2004年 泰山區0 計",67787,3851,4920,5175,5241,6487,7219,5762,5336,5762,5438,4744,2701,1749,1179,898,732,397,137,44,11,4,13946,20.57,50439,74.41,3402,5.02,6.74,27.65,34.39,24.39
"2004年 泰山區0 男",34482,2002,2627,2725,2709,3342,3651,2987,2656,2800,2531,2352,1411,859,565,513,451,213,62,21,4,1,7354,21.33,25298,73.37,1830,5.31,7.23,29.07,36.3,24.88
"2004年 泰山區0 女",33305,1849,2293,2450,2532,3145,3568,2775,2680,2962,2907,2392,1290,890,614,385,281,184,75,23,7,3,6592,19.79,25141,75.49,1572,4.72,6.25,26.22,32.47,23.85
"2004年 林口區0 計",56423,3377,5166,5636,4164,4143,4129,4615,5450,5493,4280,3157,1725,1536,1170,915,827,386,157,77,17,3,14179,25.13,38692,68.57,3552,6.3,9.18,36.65,45.83,25.05
"2004年 林口區0 男",28530,1822,2647,2958,2147,2133,2016,2200,2592,2751,2250,1613,848,759,560,467,456,201,73,33,4,0,7427,26.03,19309,67.68,1794,6.29,9.29,38.46,47.75,24.16
"2004年 林口區0 女",27893,1555,2519,2678,2017,2010,2113,2415,2858,2742,2030,1544,877,777,610,448,371,185,84,44,13,3,6752,24.21,19383,69.49,1758,6.3,9.07,34.83,43.9,26.04
"2004年 深坑區0 計",21167,1195,1433,1243,1320,1661,1777,1831,2267,2228,1793,1394,783,681,545,370,350,190,73,27,4,2,3871,18.29,15735,74.34,1561,7.37,9.92,24.6,34.52,40.33
"2004年 深坑區0 男",10874,627,747,667,684,883,895,948,1162,1177,882,682,379,339,262,192,199,96,38,12,2,1,2041,18.77,8031,73.86,802,7.38,9.99,25.41,35.4,39.29
"2004年 深坑區0 女",10293,568,686,576,636,778,882,883,1105,1051,911,712,404,342,283,178,151,94,35,15,2,1,1830,17.78,7704,74.85,759,7.37,9.85,23.75,33.61,41.48
"2004年 石碇區0 計",7692,396,328,543,402,491,569,532,596,674,616,524,346,417,439,301,259,147,69,33,9,1,1267,16.47,5167,67.17,1258,16.35,24.35,24.52,48.87,99.29
"2004年 石碇區0 男",4327,196,188,287,213,238,293,339,386,437,404,308,190,241,211,162,119,67,31,12,4,1,671,15.51,3049,70.46,607,14.03,19.91,22.01,41.92,90.46
"2004年 石碇區0 女",3365,200,140,256,189,253,276,193,210,237,212,216,156,176,228,139,140,80,38,21,5,0,596,17.71,2118,62.94,651,19.35,30.74,28.14,58.88,109.23
"2004年 坪林區0 計",6303,332,239,232,295,387,461,525,524,529,482,414,333,343,383,292,257,155,79,30,11,0,803,12.74,4293,68.11,1207,19.15,28.12,18.7,46.82,150.31
"2004年 坪林區0 男",3579,187,124,125,156,192,243,305,343,355,299,242,182,184,217,159,131,82,37,10,6,0,436,12.18,2501,69.88,642,17.94,25.67,17.43,43.1,147.25
"2004年 坪林區0 女",2724,145,115,107,139,195,218,220,181,174,183,172,151,159,166,133,126,73,42,20,5,0,367,13.47,1792,65.79,565,20.74,31.53,20.48,52.01,153.95
"2004年 三芝區0 計",23342,1267,1599,1799,1381,1856,1847,1940,2144,2081,1784,1443,865,881,759,644,551,305,132,51,13,0,4665,19.99,16222,69.5,2455,10.52,15.13,28.76,43.89,52.63
"2004年 三芝區0 男",12231,653,821,954,714,946,968,1000,1124,1130,983,764,450,443,395,333,288,160,70,29,6,0,2428,19.85,8522,69.68,1281,10.47,15.03,28.49,43.52,52.76
"2004年 三芝區0 女",11111,614,778,845,667,910,879,940,1020,951,801,679,415,438,364,311,263,145,62,22,7,0,2237,20.13,7700,69.3,1174,10.57,15.25,29.05,44.3,52.48
"2004年 石門區0 計",11311,775,644,602,686,951,1076,959,916,882,770,689,434,479,412,392,334,197,72,33,6,2,2021,17.87,7842,69.33,1448,12.8,18.46,25.77,44.24,71.65
"2004年 石門區0 男",6114,406,348,318,346,472,547,527,548,532,431,384,240,267,216,204,181,97,35,14,0,1,1072,17.53,4294,70.23,748,12.23,17.42,24.97,42.38,69.78
"2004年 石門區0 女",5197,369,296,284,340,479,529,432,368,350,339,305,194,212,196,188,153,100,37,19,6,1,949,18.26,3548,68.27,700,13.47,19.73,26.75,46.48,73.76
"2004年 八里區0 計",31453,2078,2277,2165,2134,2567,2748,2711,3114,3123,2446,1905,1051,920,740,611,446,239,120,45,10,3,6520,20.73,22719,72.23,2214,7.04,9.75,28.7,38.44,33.96
"2004年 八里區0 男",16162,1080,1160,1109,1096,1316,1389,1368,1616,1704,1246,939,538,454,370,323,251,125,53,17,6,2,3349,20.72,11666,72.18,1147,7.1,9.83,28.71,38.54,34.25
"2004年 八里區0 女",15291,998,1117,1056,1038,1251,1359,1343,1498,1419,1200,966,513,466,370,288,195,114,67,28,4,1,3171,20.74,11053,72.28,1067,6.98,9.65,28.69,38.34,33.65
"2004年 平溪區0 計",5789,292,169,182,221,340,423,414,498,478,403,387,281,394,466,297,285,156,74,20,9,0,643,11.11,3839,66.32,1307,22.58,34.05,16.75,50.79,203.27
"2004年 平溪區0 男",3222,146,82,107,127,181,236,262,336,326,257,217,157,198,215,151,123,65,28,4,4,0,335,10.4,2297,71.29,590,18.31,25.69,14.58,40.27,176.12
"2004年 平溪區0 女",2567,146,87,75,94,159,187,152,162,152,146,170,124,196,251,146,162,91,46,16,5,0,308,12,1542,60.07,717,27.93,46.5,19.97,66.47,232.79
"2004年 雙溪區0 計",9983,540,348,378,416,739,835,750,742,737,708,643,421,614,685,651,432,189,96,47,10,2,1266,12.68,6605,66.16,2112,21.16,31.98,19.17,51.14,166.82
"2004年 雙溪區0 男",5465,288,188,199,204,371,441,486,499,477,431,374,213,321,323,318,201,76,39,13,3,0,675,12.35,3817,69.84,973,17.8,25.49,17.68,43.18,144.15
"2004年 雙溪區0 女",4518,252,160,179,212,368,394,264,243,260,277,269,208,293,362,333,231,113,57,34,7,2,591,13.08,2788,61.71,1139,25.21,40.85,21.2,62.05,192.72
"2004年 貢寮區0 計",14091,921,610,574,693,921,1250,1336,1202,1139,928,860,575,699,765,660,490,296,116,41,13,2,2105,14.94,9603,68.15,2383,16.91,24.82,21.92,46.74,113.21
"2004年 貢寮區0 男",7390,446,328,301,352,455,639,716,729,665,531,444,267,339,397,338,240,138,48,16,1,0,1075,14.55,5137,69.51,1178,15.94,22.93,20.93,43.86,109.58
"2004年 貢寮區0 女",6701,475,282,273,341,466,611,620,473,474,397,416,308,360,368,322,250,158,68,25,12,2,1030,15.37,4466,66.65,1205,17.98,26.98,23.06,50.04,116.99
"2004年 金山區0 計",21910,1361,1497,1526,1308,1826,2018,1806,1914,1757,1523,1294,802,900,727,633,517,288,146,52,13,2,4384,20.01,15148,69.14,2378,10.85,15.7,28.94,44.64,54.24
"2004年 金山區0 男",11265,715,768,756,679,895,1021,963,1027,941,782,654,407,474,367,327,271,129,67,17,3,2,2239,19.88,7843,69.62,1183,10.5,15.08,28.55,43.63,52.84
"2004年 金山區0 女",10645,646,729,770,629,931,997,843,887,816,741,640,395,426,360,306,246,159,79,35,10,0,2145,20.15,7305,68.62,1195,11.23,16.36,29.36,45.72,55.71
"2004年 萬里區0 計",19038,1121,985,972,1098,1458,1635,1498,1581,1682,1479,1242,761,842,763,721,617,357,169,47,7,3,3078,16.17,13276,69.73,2684,14.1,20.22,23.18,43.4,87.2
"2004年 萬里區0 男",10056,582,507,514,598,749,844,815,911,917,786,614,378,386,403,390,364,186,82,24,5,1,1603,15.94,6998,69.59,1455,14.47,20.79,22.91,43.7,90.77
"2004年 萬里區0 女",8982,539,478,458,500,709,791,683,670,765,693,628,383,456,360,331,253,171,87,23,2,2,1475,16.42,6278,69.9,1229,13.68,19.58,23.49,43.07,83.32
"2004年 烏來區0 計",4879,311,284,303,344,423,415,403,379,435,411,380,193,183,161,94,103,33,19,3,2,0,898,18.41,3566,73.09,415,8.51,11.64,25.18,36.82,46.21
"2004年 烏來區0 男",2499,168,144,151,195,212,191,197,199,238,200,192,96,96,85,45,53,23,11,1,2,0,463,18.53,1816,72.67,220,8.8,12.11,25.5,37.61,47.52
"2004年 烏來區0 女",2380,143,140,152,149,211,224,206,180,197,211,188,97,87,76,49,50,10,8,2,0,0,435,18.28,1750,73.53,195,8.19,11.14,24.86,36,44.83
"2005年 新北市0 計",3736677,175522,242941,265325,271485,322231,349706,309752,318456,332980,317637,280016,173029,113104,89204,66757,55764,32937,13650,4810,1025,346,683788,18.3,2788396,74.62,264493,7.08,9.49,24.52,34.01,38.68
"2005年 新北市0 男",1875730,91886,125911,138184,140513,165596,177850,155550,156437,160878,152994,135828,84545,55097,41563,33397,31490,18123,6965,2266,470,187,355981,18.98,1385288,73.85,134461,7.17,9.71,25.7,35.4,37.77
"2005年 新北市0 女",1860947,83636,117030,127141,130972,156635,171856,154202,162019,172102,164643,144188,88484,58007,47641,33360,24274,14814,6685,2544,555,159,327807,17.62,1403108,75.4,130032,6.99,9.27,23.36,32.63,39.67
"2005年 板橋區0 計",542319,24221,33195,37823,40385,50964,55096,45226,41655,43560,46010,43354,27684,17172,12558,9100,7458,4381,1700,580,147,50,95239,17.56,411106,75.81,35974,6.63,8.75,23.17,31.92,37.77
"2005年 板橋區0 男",271818,12675,17283,19748,20931,26380,28455,22897,20420,20168,21432,20549,13532,8623,5841,4597,4387,2567,926,296,81,30,49706,18.29,203387,74.82,18725,6.89,9.21,24.44,33.65,37.67
"2005年 板橋區0 女",270501,11546,15912,18075,19454,24584,26641,22329,21235,23392,24578,22805,14152,8549,6717,4503,3071,1814,774,284,66,20,45533,16.83,207719,76.79,17249,6.38,8.3,21.92,30.22,37.88
"2005年 三重區0 計",383959,17069,23504,25704,28489,35552,38683,31530,30405,32414,32498,29184,18522,12575,10789,7650,4882,2854,1107,396,102,50,66277,17.26,289852,75.49,27830,7.25,9.6,22.87,32.47,41.99
"2005年 三重區0 男",193420,9009,12223,13429,14775,18302,19738,16158,15294,15554,15706,14271,9178,6330,5130,3692,2473,1400,489,193,50,26,34661,17.92,145306,75.12,13453,6.96,9.26,23.85,33.11,38.81
"2005年 三重區0 女",190539,8060,11281,12275,13714,17250,18945,15372,15111,16860,16792,14913,9344,6245,5659,3958,2409,1454,618,203,52,24,31616,16.59,144546,75.86,14377,7.55,9.95,21.87,31.82,45.47
"2005年 中和區0 計",408989,18060,22738,22145,27724,35991,40634,35768,34046,34273,36087,34712,21993,13467,9556,7602,7257,4414,1783,587,115,37,62943,15.39,314695,76.94,31351,7.67,9.96,20,29.96,49.81
"2005年 中和區0 男",204275,9458,11535,11621,14413,18632,20673,18056,17060,16503,16828,16352,10399,6265,4158,3823,4423,2682,1030,278,66,20,32614,15.97,155181,75.97,16480,8.07,10.62,21.02,31.64,50.53
"2005年 中和區0 女",204714,8602,11203,10524,13311,17359,19961,17712,16986,17770,19259,18360,11594,7202,5398,3779,2834,1732,753,309,49,17,30329,14.82,159514,77.92,14871,7.26,9.32,19.01,28.34,49.03
"2005年 永和區0 計",235059,8560,13739,18176,15214,17677,19676,18356,19327,21048,20457,19409,13319,8342,6513,5102,4743,3230,1402,559,121,89,40475,17.22,172825,73.52,21759,9.26,12.59,23.42,36.01,53.76
"2005年 永和區0 男",114073,4520,7171,9379,7844,8935,9831,8888,8888,9599,9381,8965,6209,3779,2699,2346,2597,1846,760,311,68,57,21070,18.47,82319,72.16,10684,9.37,12.98,25.6,38.57,50.71
"2005年 永和區0 女",120986,4040,6568,8797,7370,8742,9845,9468,10439,11449,11076,10444,7110,4563,3814,2756,2146,1384,642,248,53,32,19405,16.04,90506,74.81,11075,9.15,12.24,21.44,33.68,57.07
"2005年 新莊區0 計",389074,19191,27856,31979,31936,36931,39035,31522,31340,34232,32740,28319,16761,9861,6774,4491,3358,1798,676,224,43,7,79026,20.31,292677,75.22,17371,4.46,5.94,27,32.94,21.98
"2005年 新莊區0 男",193863,10119,14465,16630,16515,19033,19711,15631,14610,15601,15391,13722,8490,5153,3358,2194,1880,920,321,101,15,3,41214,21.26,143857,74.21,8792,4.54,6.11,28.65,34.76,21.33
"2005年 新莊區0 女",195211,9072,13391,15349,15421,17898,19324,15891,16730,18631,17349,14597,8271,4708,3416,2297,1478,878,355,123,28,4,37812,19.37,148820,76.24,8579,4.39,5.76,25.41,31.17,22.69
"2005年 新店區0 計",287472,12091,16512,17090,18251,21545,23618,24237,26212,26468,25416,23809,15507,10081,7591,6113,6163,4081,1826,687,126,48,45693,15.89,215144,74.84,26635,9.27,12.38,21.24,33.62,58.29
"2005年 新店區0 男",142710,6305,8468,8637,9404,10934,11762,11997,13073,12878,12207,11334,7099,4571,3296,3137,3715,2411,1035,365,55,27,23410,16.4,105259,73.76,14041,9.84,13.34,22.24,35.58,59.98
"2005年 新店區0 女",144762,5786,8044,8453,8847,10611,11856,12240,13139,13590,13209,12475,8408,5510,4295,2976,2448,1670,791,322,71,21,22283,15.39,109885,75.91,12594,8.7,11.46,20.28,31.74,56.52
"2005年 樹林區0 計",160762,8359,11910,13195,13142,14935,15233,12540,13023,14273,13502,11156,6275,4124,3311,2415,1804,1015,386,135,25,4,33464,20.82,118203,73.53,9095,5.66,7.69,28.31,36.01,27.18
"2005年 樹林區0 男",81694,4337,6194,6855,6845,7664,7907,6246,6290,7039,6656,5689,3282,2122,1656,1208,966,501,175,49,12,1,17386,21.28,59740,73.13,4568,5.59,7.65,29.1,36.75,26.27
"2005年 樹林區0 女",79068,4022,5716,6340,6297,7271,7326,6294,6733,7234,6846,5467,2993,2002,1655,1207,838,514,211,86,13,3,16078,20.33,58463,73.94,4527,5.73,7.74,27.5,35.24,28.16
"2005年 鶯歌區0 計",84443,4587,6419,6682,6718,8125,8039,6632,6839,7166,6826,5525,3225,2236,1960,1451,1035,610,256,86,21,5,17688,20.95,61331,72.63,5424,6.42,8.84,28.84,37.68,30.66
"2005年 鶯歌區0 男",43149,2398,3352,3515,3448,4230,4217,3398,3422,3541,3327,2846,1700,1102,914,740,574,275,109,35,4,2,9265,21.47,31231,72.38,2653,6.15,8.49,29.67,38.16,28.63
"2005年 鶯歌區0 女",41294,2189,3067,3167,3270,3895,3822,3234,3417,3625,3499,2679,1525,1134,1046,711,461,335,147,51,17,3,8423,20.4,30100,72.89,2771,6.71,9.21,27.98,37.19,32.9
"2005年 三峽區0 計",88764,5094,7367,7745,6745,6702,6996,6878,8211,8372,6835,5144,2915,2400,2281,1902,1653,955,384,146,33,6,20206,22.76,61198,68.94,7360,8.29,12.03,33.02,45.04,36.42
"2005年 三峽區0 男",46141,2712,3868,3980,3503,3384,3500,3492,4196,4425,3659,2714,1473,1182,1107,1044,1027,575,209,76,14,1,10560,22.89,31528,68.33,4053,8.78,12.86,33.49,46.35,38.38
"2005年 三峽區0 女",42623,2382,3499,3765,3242,3318,3496,3386,4015,3947,3176,2430,1442,1218,1174,858,626,380,175,70,19,5,9646,22.63,29670,69.61,3307,7.76,11.15,32.51,43.66,34.28
"2005年 淡水區0 計",128087,6297,8372,8789,8168,9582,11022,11479,12613,12132,10775,9274,5780,3932,3251,2507,2168,1203,530,180,27,6,23458,18.31,94757,73.98,9872,7.71,10.42,24.76,35.17,42.08
"2005年 淡水區0 男",63300,3290,4317,4648,4107,4834,5516,5515,6013,5877,5144,4454,2726,1865,1571,1301,1148,647,228,85,11,3,12255,19.36,46051,72.75,4994,7.89,10.84,26.61,37.46,40.75
"2005年 淡水區0 女",64787,3007,4055,4141,4061,4748,5506,5964,6600,6255,5631,4820,3054,2067,1680,1206,1020,556,302,95,16,3,11203,17.29,48706,75.18,4878,7.53,10.02,23,33.02,43.54
"2005年 汐止區0 計",176130,8126,10939,10759,10579,12347,15171,16185,19409,19170,15551,12749,7846,5296,4277,2954,2399,1432,664,223,47,7,29824,16.93,134303,76.25,12003,6.81,8.94,22.21,31.14,40.25
"2005年 汐止區0 男",88373,4193,5689,5643,5495,6402,7702,8091,9583,9733,7716,6071,3686,2470,1988,1467,1269,741,329,86,14,5,15525,17.57,66949,75.76,5899,6.68,8.81,23.19,32,38
"2005年 汐止區0 女",87757,3933,5250,5116,5084,5945,7469,8094,9826,9437,7835,6678,4160,2826,2289,1487,1130,691,335,137,33,2,14299,16.29,67354,76.75,6104,6.96,9.06,21.23,30.29,42.69
"2005年 瑞芳區0 計",44397,2129,2469,2454,2859,3407,3597,3336,3748,3877,3560,3008,1900,1733,2177,1752,1306,681,267,112,21,4,7052,15.88,31025,69.88,6320,14.24,20.37,22.73,43.1,89.62
"2005年 瑞芳區0 男",22881,1091,1245,1303,1464,1705,1886,1811,2121,2192,1954,1516,912,790,991,825,652,297,94,29,2,1,3639,15.9,16351,71.46,2891,12.63,17.68,22.26,39.94,79.44
"2005年 瑞芳區0 女",21516,1038,1224,1151,1395,1702,1711,1525,1627,1685,1606,1492,988,943,1186,927,654,384,173,83,19,3,3413,15.86,14674,68.2,3429,15.94,23.37,23.26,46.63,100.47
"2005年 土城區0 計",236345,11264,17204,19134,19697,21851,21106,18372,20618,23308,21365,16947,8982,5350,3783,2884,2412,1331,533,177,21,6,47602,20.14,177596,75.14,11147,4.72,6.28,26.8,33.08,23.42
"2005年 土城區0 男",118927,5835,8955,9997,10303,11260,10768,9096,9764,10993,10272,8452,4685,2704,1813,1492,1417,741,288,80,11,1,24787,20.84,88297,74.24,5843,4.91,6.62,28.07,34.69,23.57
"2005年 土城區0 女",117418,5429,8249,9137,9394,10591,10338,9276,10854,12315,11093,8495,4297,2646,1970,1392,995,590,245,97,10,5,22815,19.43,89299,76.05,5304,4.52,5.94,25.55,31.49,23.25
"2005年 蘆洲區0 計",185796,9495,14289,16003,15517,16467,17210,15563,16878,17809,15773,11973,6390,4237,3324,2112,1485,829,315,108,17,2,39787,21.41,137817,74.18,8192,4.41,5.94,28.87,34.81,20.59
"2005年 蘆洲區0 男",92692,4957,7448,8409,7978,8451,8750,7670,7926,8414,7633,5946,3099,2067,1654,1012,730,376,133,35,3,1,20814,22.46,67934,73.29,3944,4.25,5.81,30.64,36.44,18.95
"2005年 蘆洲區0 女",93104,4538,6841,7594,7539,8016,8460,7893,8952,9395,8140,6027,3291,2170,1670,1100,755,453,182,73,14,1,18973,20.38,69883,75.06,4248,4.56,6.08,27.15,33.23,22.39
"2005年 五股區0 計",75609,4207,5855,5826,5639,6376,6836,6423,7058,7144,5883,4772,2831,2030,1472,1187,1210,559,214,74,12,1,15888,21.01,54992,72.73,4729,6.25,8.6,28.89,37.49,29.76
"2005年 五股區0 男",38545,2202,2957,3029,2897,3328,3456,3270,3528,3627,2971,2382,1404,903,655,663,786,345,107,29,5,1,8188,21.24,27766,72.04,2591,6.72,9.33,29.49,38.82,31.64
"2005年 五股區0 女",37064,2005,2898,2797,2742,3048,3380,3153,3530,3517,2912,2390,1427,1127,817,524,424,214,107,45,7,0,7700,20.77,27226,73.46,2138,5.77,7.85,28.28,36.13,27.77
"2005年 泰山區0 計",69741,3775,4962,5232,5253,6249,7679,6291,5510,5798,5488,5067,3074,1827,1271,864,761,419,159,44,15,3,13969,20.03,52236,74.9,3536,5.07,6.77,26.74,33.51,25.31
"2005年 泰山區0 男",35391,1974,2614,2765,2732,3191,3886,3253,2763,2789,2597,2477,1566,913,602,455,476,230,74,26,7,1,7353,20.78,26167,73.94,1871,5.29,7.15,28.1,35.25,25.45
"2005年 泰山區0 女",34350,1801,2348,2467,2521,3058,3793,3038,2747,3009,2891,2590,1508,914,669,409,285,189,85,18,8,2,6616,19.26,26069,75.89,1665,4.85,6.39,25.38,31.77,25.17
"2005年 林口區0 計",58777,3291,5207,5916,4436,4237,4410,4699,5604,5685,4602,3435,2028,1518,1235,929,828,442,183,70,19,3,14414,24.52,40654,69.17,3709,6.31,9.12,35.46,44.58,25.73
"2005年 林口區0 男",29564,1802,2679,3057,2255,2187,2135,2251,2608,2821,2394,1759,993,760,595,454,462,234,83,29,6,0,7538,25.5,20163,68.2,1863,6.3,9.24,37.39,46.63,24.71
"2005年 林口區0 女",29213,1489,2528,2859,2181,2050,2275,2448,2996,2864,2208,1676,1035,758,640,475,366,208,100,41,13,3,6876,23.54,20491,70.14,1846,6.32,9.01,33.56,42.57,26.85
"2005年 深坑區0 計",21412,1055,1425,1317,1387,1600,1891,1745,2149,2258,1865,1501,957,617,589,379,363,204,81,23,5,1,3797,17.73,15970,74.58,1645,7.68,10.3,23.78,34.08,43.32
"2005年 深坑區0 男",10976,557,734,697,753,837,961,895,1097,1187,935,733,463,303,269,196,204,108,34,10,2,1,1988,18.11,8164,74.38,824,7.51,10.09,24.35,34.44,41.45
"2005年 深坑區0 女",10436,498,691,620,634,763,930,850,1052,1071,930,768,494,314,320,183,159,96,47,13,3,0,1809,17.33,7806,74.8,821,7.87,10.52,23.17,33.69,45.38
"2005年 石碇區0 計",7782,365,329,508,408,491,561,565,607,682,629,561,392,395,436,322,262,158,75,29,6,1,1202,15.45,5291,67.99,1289,16.56,24.36,22.72,47.08,107.24
"2005年 石碇區0 男",4371,183,180,284,203,247,274,347,400,440,410,329,224,223,221,163,122,72,34,11,4,0,647,14.8,3097,70.85,627,14.34,20.25,20.89,41.14,96.91
"2005年 石碇區0 女",3411,182,149,224,205,244,287,218,207,242,219,232,168,172,215,159,140,86,41,18,2,1,555,16.27,2194,64.32,662,19.41,30.17,25.3,55.47,119.28
"2005年 坪林區0 計",6735,298,271,259,310,400,504,530,583,573,540,467,387,360,390,301,276,157,87,31,11,0,828,12.29,4654,69.1,1253,18.6,26.92,17.79,44.71,151.33
"2005年 坪林區0 男",3791,173,139,129,172,192,258,307,360,392,339,269,212,196,210,162,144,82,40,8,7,0,441,11.63,2697,71.14,653,17.23,24.21,16.35,40.56,148.07
"2005年 坪林區0 女",2944,125,132,130,138,208,246,223,223,181,201,198,175,164,180,139,132,75,47,23,4,0,387,13.15,1957,66.47,600,20.38,30.66,19.78,50.43,155.04
"2005年 三芝區0 計",23566,1147,1555,1812,1468,1736,1901,1874,2131,2111,1880,1579,1005,824,809,632,567,335,143,40,16,1,4514,19.15,16509,70.05,2543,10.79,15.4,27.34,42.75,56.34
"2005年 三芝區0 男",12354,591,809,963,767,906,997,942,1123,1126,1011,848,543,400,426,313,308,174,74,25,8,0,2363,19.13,8663,70.12,1328,10.75,15.33,27.28,42.61,56.2
"2005年 三芝區0 女",11212,556,746,849,701,830,904,932,1008,985,869,731,462,424,383,319,259,161,69,15,8,1,2151,19.18,7846,69.98,1215,10.84,15.49,27.42,42.9,56.49
"2005年 石門區0 計",11626,702,665,643,699,932,1094,1012,907,945,829,737,530,441,428,373,353,206,87,36,4,3,2010,17.29,8126,69.9,1490,12.82,18.34,24.74,43.07,74.13
"2005年 石門區0 男",6221,364,360,339,347,463,545,540,535,559,467,408,291,245,221,191,191,100,37,17,0,1,1063,17.09,4400,70.73,758,12.18,17.23,24.16,41.39,71.31
"2005年 石門區0 女",5405,338,305,304,352,469,549,472,372,386,362,329,239,196,207,182,162,106,50,19,4,2,947,17.52,3726,68.94,732,13.54,19.65,25.42,45.06,77.3
"2005年 八里區0 計",31989,1850,2245,2176,2236,2502,2870,2654,3038,3209,2640,2120,1235,883,781,620,477,262,131,46,12,2,6271,19.6,23387,73.11,2331,7.29,9.97,26.81,36.78,37.17
"2005年 八里區0 男",16430,935,1162,1106,1153,1286,1450,1366,1583,1736,1350,1043,628,434,390,318,269,135,60,17,7,2,3203,19.49,12029,73.21,1198,7.29,9.96,26.63,36.59,37.4
"2005年 八里區0 女",15559,915,1083,1070,1083,1216,1420,1288,1455,1473,1290,1077,607,449,391,302,208,127,71,29,5,0,3068,19.72,11358,73,1133,7.28,9.98,27.01,36.99,36.93
"2005年 平溪區0 計",6313,262,168,177,234,410,492,458,556,553,482,466,334,357,495,316,284,151,80,29,7,2,607,9.62,4342,68.78,1364,21.61,31.41,13.98,45.39,224.71
"2005年 平溪區0 男",3470,130,88,97,126,214,264,289,362,372,290,266,188,181,228,155,122,57,30,8,3,0,315,9.08,2552,73.54,603,17.38,23.63,12.34,35.97,191.43
"2005年 平溪區0 女",2843,132,80,80,108,196,228,169,194,181,192,200,146,176,267,161,162,94,50,21,4,2,292,10.27,1790,62.96,761,26.77,42.51,16.31,58.83,260.62
"2005年 雙溪區0 計",10371,515,338,385,454,731,904,733,806,800,762,711,511,559,676,657,452,210,106,46,13,2,1238,11.94,6971,67.22,2162,20.85,31.01,17.76,48.77,174.64
"2005年 雙溪區0 男",5581,268,180,194,228,361,481,445,526,511,462,395,253,285,325,318,206,83,44,12,4,0,642,11.5,3947,70.72,992,17.77,25.13,16.27,41.4,154.52
"2005年 雙溪區0 女",4790,247,158,191,226,370,423,288,280,289,300,316,258,274,351,339,246,127,62,34,9,2,596,12.44,3024,63.13,1170,24.43,38.69,19.71,58.4,196.31
"2005年 貢寮區0 計",14255,842,645,548,679,905,1210,1343,1242,1188,983,929,618,660,757,692,527,308,123,39,16,1,2035,14.28,9757,68.45,2463,17.28,25.24,20.86,46.1,121.03
"2005年 貢寮區0 男",7434,417,334,295,334,443,611,693,743,688,566,485,289,318,380,366,255,144,57,12,4,0,1046,14.07,5170,69.55,1218,16.38,23.56,20.23,43.79,116.44
"2005年 貢寮區0 女",6821,425,311,253,345,462,599,650,499,500,417,444,329,342,377,326,272,164,66,27,12,1,989,14.5,4587,67.25,1245,18.25,27.14,21.56,48.7,125.88
"2005年 金山區0 計",21972,1233,1443,1497,1338,1743,2041,1820,1925,1804,1581,1338,916,829,759,635,548,304,152,51,13,2,4173,18.99,15335,69.79,2464,11.21,16.07,27.21,43.28,59.05
"2005年 金山區0 男",11283,643,764,738,685,854,1019,964,1036,971,797,690,462,437,377,332,276,145,72,17,2,2,2145,19.01,7915,70.15,1223,10.84,15.45,27.1,42.55,57.02
"2005年 金山區0 女",10689,590,679,759,653,889,1022,856,889,833,784,648,454,392,382,303,272,159,80,34,11,0,2028,18.97,7420,69.42,1241,11.61,16.73,27.33,44.06,61.19
"2005年 萬里區0 計",19805,1091,1040,1029,1163,1407,1737,1562,1639,1701,1628,1373,879,804,813,704,626,367,182,50,7,3,3160,15.96,13893,70.15,2752,13.9,19.81,22.75,42.55,87.09
"2005年 萬里區0 男",10359,566,542,526,642,719,870,851,916,911,867,664,445,372,417,375,359,205,82,25,4,1,1634,15.77,7257,70.06,1468,14.17,20.23,22.52,42.74,89.84
"2005年 萬里區0 女",9446,525,498,503,521,688,867,711,723,790,761,709,434,432,396,329,267,162,100,25,3,2,1526,16.15,6636,70.25,1284,13.59,19.35,23,42.34,84.14
"2005年 烏來區0 計",5128,346,280,322,357,436,460,419,377,427,450,397,233,194,148,111,107,41,18,2,3,0,948,18.49,3750,73.13,430,8.39,11.47,25.28,36.75,45.36
"2005年 烏來區0 男",2644,182,156,171,194,222,227,191,197,231,232,199,114,104,71,58,52,30,11,1,1,0,509,19.25,1911,72.28,224,8.47,11.72,26.64,38.36,44.01
"2005年 烏來區0 女",2484,164,124,151,163,214,233,228,180,196,218,198,119,90,77,53,55,11,7,1,2,0,439,17.67,1839,74.03,206,8.29,11.2,23.87,35.07,46.92
"2006年 新北市0 計",3767095,169308,232353,263627,275673,304105,350987,322503,316021,332249,320959,289116,201249,113249,94127,67329,56702,35305,15470,5218,1147,398,665288,17.66,2826111,75.02,275696,7.32,9.76,23.54,33.3,41.44
"2006年 新北市0 男",1887030,88739,120533,136973,143304,155971,178023,161877,156250,160033,154216,139533,97846,55173,44046,32326,31582,19398,7982,2483,517,225,346245,18.35,1402226,74.31,138559,7.34,9.88,24.69,34.57,40.02
"2006年 新北市0 女",1880065,80569,111820,126654,132369,148134,172964,160626,159771,172216,166743,149583,103403,58076,50081,35003,25120,15907,7488,2735,630,173,319043,16.97,1423885,75.74,137137,7.29,9.63,22.41,32.04,42.98
"2006年 板橋區0 計",544292,23561,32175,37205,39873,47370,54873,47772,41901,43150,45058,44244,31759,17539,13448,9160,7622,4763,1952,652,153,62,92941,17.08,413539,75.98,37812,6.95,9.14,22.47,31.62,40.68
"2006年 板橋區0 男",271962,12268,16701,19383,20719,24429,28183,24210,20744,20120,20733,20948,15286,8729,6336,4416,4427,2783,1071,349,88,39,48352,17.78,204101,75.05,19509,7.17,9.56,23.69,33.25,40.35
"2006年 板橋區0 女",272330,11293,15474,17822,19154,22941,26690,23562,21157,23030,24325,23296,16473,8810,7112,4744,3195,1980,881,303,65,23,44589,16.37,209438,76.91,18303,6.72,8.74,21.29,30.03,41.05
"2006年 三重區0 計",383636,16289,22569,25198,28458,33252,38335,32991,30284,31605,32543,29721,21187,12492,11005,7813,5081,2945,1274,424,114,56,64056,16.7,290868,75.82,28712,7.48,9.87,22.02,31.89,44.82
"2006年 三重區0 男",192768,8562,11735,13138,14805,17122,19440,16908,15319,15192,15624,14424,10421,6252,5287,3695,2569,1409,582,198,57,29,33435,17.34,145507,75.48,13826,7.17,9.5,22.98,32.48,41.35
"2006年 三重區0 女",190868,7727,10834,12060,13653,16130,18895,16083,14965,16413,16919,15297,10766,6240,5718,4118,2512,1536,692,226,57,27,30621,16.04,145361,76.16,14886,7.8,10.24,21.07,31.31,48.61
"2006年 中和區0 計",411011,17550,21576,22201,27548,33677,40399,37203,34120,34093,35814,35228,25473,13670,10212,7426,7309,4689,1986,658,132,47,61327,14.92,317225,77.18,32459,7.9,10.23,19.33,29.56,52.93
"2006年 中和區0 男",204674,9258,11019,11523,14362,17429,20486,18720,17171,16405,16708,16407,12085,6365,4465,3474,4365,2837,1169,328,69,29,31800,15.54,156138,76.29,16736,8.18,10.72,20.37,31.09,52.63
"2006年 中和區0 女",206337,8292,10557,10678,13186,16248,19913,18483,16949,17688,19106,18821,13388,7305,5747,3952,2944,1852,817,330,63,18,29527,14.31,161087,78.07,15723,7.62,9.76,18.33,28.09,53.25
"2006年 永和區0 計",235697,8423,13034,17932,15285,16513,19389,19123,19298,20861,20320,19445,15307,8389,6789,5022,4724,3398,1629,589,124,103,39389,16.71,173930,73.79,22378,9.49,12.87,22.65,35.51,56.81
"2006年 永和區0 男",114078,4429,6813,9272,7905,8383,9639,9225,8928,9453,9338,8944,7103,3809,2797,2218,2541,1916,907,324,67,67,20514,17.98,82727,72.52,10837,9.5,13.1,24.8,37.9,52.83
"2006年 永和區0 女",121619,3994,6221,8660,7380,8130,9750,9898,10370,11408,10982,10501,8204,4580,3992,2804,2183,1482,722,265,57,36,18875,15.52,91203,74.99,11541,9.49,12.65,20.7,33.35,61.14
"2006年 新莊區0 計",392472,18579,26543,31531,32162,34743,39757,33553,31154,33846,33092,29256,19568,10130,7359,4709,3480,1936,781,235,51,7,76653,19.53,297261,75.74,18558,4.73,6.24,25.79,32.03,24.21
"2006年 新莊區0 男",195329,9871,13840,16305,16699,17806,20078,16715,14794,15356,15551,13903,9790,5324,3625,2294,1887,1012,353,103,19,4,40016,20.49,146016,74.75,9297,4.76,6.37,27.41,33.77,23.23
"2006年 新莊區0 女",197143,8708,12703,15226,15463,16937,19679,16838,16360,18490,17541,15353,9778,4806,3734,2415,1593,924,428,132,32,3,36637,18.58,151245,76.72,9261,4.7,6.12,24.22,30.35,25.28
"2006年 新店區0 計",289366,11594,15519,16781,18718,20646,23316,24545,25986,26465,25707,24403,17868,10274,8061,6055,6128,4288,2075,732,149,56,43894,15.17,217928,75.31,27544,9.52,12.64,20.14,32.78,62.75
"2006年 新店區0 男",143316,6008,7958,8574,9554,10548,11661,12041,12954,13013,12228,11613,8247,4624,3533,2907,3629,2546,1192,390,66,30,22540,15.73,106483,74.3,14293,9.97,13.42,21.17,34.59,63.41
"2006年 新店區0 女",146050,5586,7561,8207,9164,10098,11655,12504,13032,13452,13479,12790,9621,5650,4528,3148,2499,1742,883,342,83,26,21354,14.62,111445,76.31,13251,9.07,11.89,19.16,31.05,62.05
"2006年 樹林區0 計",162476,8018,11231,13014,13529,14138,15735,13208,12830,14189,13659,11813,7407,4146,3529,2455,1842,1098,444,153,32,6,32263,19.86,120654,74.26,9559,5.88,7.92,26.74,34.66,29.63
"2006年 樹林區0 男",82437,4173,5810,6770,7096,7269,8104,6622,6294,6885,6723,5965,3817,2185,1715,1201,976,552,210,53,15,2,16753,20.32,60960,73.95,4724,5.73,7.75,27.48,35.23,28.2
"2006年 樹林區0 女",80039,3845,5421,6244,6433,6869,7631,6586,6536,7304,6936,5848,3590,1961,1814,1254,866,546,234,100,17,4,15510,19.38,59694,74.58,4835,6.04,8.1,25.98,34.08,31.17
"2006年 鶯歌區0 計",85001,4384,6138,6746,6679,7646,8285,6848,6781,7084,6983,5877,3741,2187,2028,1470,1100,638,268,92,23,3,17268,20.32,62111,73.07,5622,6.61,9.05,27.8,36.85,32.56
"2006年 鶯歌區0 男",43353,2266,3192,3570,3441,3948,4358,3529,3398,3458,3454,2965,1972,1083,964,712,590,302,114,33,3,1,9028,20.82,31606,72.9,2719,6.27,8.6,28.56,37.17,30.12
"2006年 鶯歌區0 女",41648,2118,2946,3176,3238,3698,3927,3319,3383,3626,3529,2912,1769,1104,1064,758,510,336,154,59,20,2,8240,19.78,30505,73.24,2903,6.97,9.52,27.01,36.53,35.23
"2006年 三峽區0 計",91395,4857,7156,8115,7056,6578,7218,7263,8160,8756,7212,5573,3524,2316,2395,1866,1665,1063,414,165,37,6,20128,22.02,63656,69.65,7611,8.33,11.96,31.62,43.58,37.81
"2006年 三峽區0 男",47330,2571,3778,4200,3675,3316,3596,3678,4130,4563,3832,2971,1780,1126,1159,969,1020,644,220,85,16,1,10549,22.29,32667,69.02,4114,8.69,12.59,32.29,44.89,39
"2006年 三峽區0 女",44065,2286,3378,3915,3381,3262,3622,3585,4030,4193,3380,2602,1744,1190,1236,897,645,419,194,80,21,5,9579,21.74,30989,70.33,3497,7.94,11.28,30.91,42.2,36.51
"2006年 淡水區0 計",129898,6136,8094,8622,8586,9120,10958,11636,12549,12323,11191,9671,6799,3881,3432,2512,2228,1330,589,199,38,4,22852,17.59,96714,74.45,10332,7.95,10.68,23.63,34.31,45.21
"2006年 淡水區0 男",64079,3210,4207,4486,4433,4566,5470,5608,5975,5920,5327,4652,3226,1815,1679,1247,1179,720,254,86,16,3,11903,18.58,46992,73.33,5184,8.09,11.03,25.33,36.36,43.55
"2006年 淡水區0 女",65819,2926,3887,4136,4153,4554,5488,6028,6574,6403,5864,5019,3573,2066,1753,1265,1049,610,335,113,22,1,10949,16.64,49722,75.54,5148,7.82,10.35,22.02,32.37,47.02
"2006年 汐止區0 計",178846,7816,10455,10887,11181,11937,15173,16372,18871,19436,16346,13361,9213,5217,4517,3089,2427,1541,691,253,55,8,29158,16.3,137107,76.66,12581,7.03,9.18,21.27,30.44,43.15
"2006年 汐止區0 男",89634,4028,5446,5724,5823,6169,7655,8271,9330,9824,8110,6405,4307,2439,2105,1456,1277,795,338,114,14,4,15198,16.96,68333,76.24,6103,6.81,8.93,22.24,31.17,40.16
"2006年 汐止區0 女",89212,3788,5009,5163,5358,5768,7518,8101,9541,9612,8236,6956,4906,2778,2412,1633,1150,746,353,139,41,4,13960,15.65,68774,77.09,6478,7.26,9.42,20.3,29.72,46.4
"2006年 瑞芳區0 計",43831,1929,2361,2357,2920,3203,3520,3290,3530,3884,3615,3082,2216,1529,2096,1780,1344,751,295,103,25,1,6647,15.17,30789,70.24,6395,14.59,20.77,21.59,42.36,96.21
"2006年 瑞芳區0 男",22560,988,1189,1241,1526,1617,1797,1807,1986,2171,1979,1598,1070,690,954,837,632,337,111,27,3,0,3418,15.15,16241,71.99,2901,12.86,17.86,21.05,38.91,84.87
"2006年 瑞芳區0 女",21271,941,1172,1116,1394,1586,1723,1483,1544,1713,1636,1484,1146,839,1142,943,712,414,184,76,22,1,3229,15.18,14548,68.39,3494,16.43,24.02,22.2,46.21,108.21
"2006年 土城區0 計",237000,10547,16008,18880,20166,20786,21528,18861,19788,23012,21699,17861,10746,5403,4092,2896,2452,1425,631,188,21,10,45435,19.17,179850,75.89,11715,4.94,6.51,25.26,31.78,25.78
"2006年 土城區0 男",119117,5476,8324,9848,10586,10680,11044,9406,9473,10724,10331,8819,5547,2783,1987,1404,1437,792,358,82,11,5,23648,19.85,89393,75.05,6076,5.1,6.8,26.45,33.25,25.69
"2006年 土城區0 女",117883,5071,7684,9032,9580,10106,10484,9455,10315,12288,11368,9042,5199,2620,2105,1492,1015,633,273,106,10,5,21787,18.48,90457,76.73,5639,4.78,6.23,24.09,30.32,25.88
"2006年 蘆洲區0 計",189403,9314,13766,15850,16074,15846,17629,16309,16745,17879,16283,12827,7809,4256,3570,2259,1578,903,384,105,16,1,38930,20.55,141657,74.79,8816,4.65,6.22,27.48,33.71,22.65
"2006年 蘆洲區0 男",94382,4874,7151,8287,8386,8076,8963,8037,7973,8346,7881,6308,3798,2082,1786,1061,786,395,157,31,3,1,20312,21.52,69850,74.01,4220,4.47,6.04,29.08,35.12,20.78
"2006年 蘆洲區0 女",95021,4440,6615,7563,7688,7770,8666,8272,8772,9533,8402,6519,4011,2174,1784,1198,792,508,227,74,13,0,18618,19.59,71807,75.57,4596,4.84,6.4,25.93,32.33,24.69
"2006年 五股區0 計",76470,3921,5566,5992,5869,6071,6859,6516,6877,7298,6190,5040,3300,2022,1592,1182,1201,608,264,86,15,1,15479,20.24,56042,73.29,4949,6.47,8.83,27.62,36.45,31.97
"2006年 五股區0 男",38988,2093,2810,3073,3058,3136,3512,3289,3480,3704,3112,2509,1654,919,703,610,755,385,140,40,5,1,7976,20.46,28373,72.77,2639,6.77,9.3,28.11,37.41,33.09
"2006年 五股區0 女",37482,1828,2756,2919,2811,2935,3347,3227,3397,3594,3078,2531,1646,1103,889,572,446,223,124,46,10,0,7503,20.02,27669,73.82,2310,6.16,8.35,27.12,35.47,30.79
"2006年 泰山區0 計",72589,3861,4997,5367,5416,5972,7946,7176,5739,5833,5630,5281,3671,1922,1384,884,783,460,185,64,14,4,14225,19.6,54586,75.2,3778,5.2,6.92,26.06,32.98,26.56
"2006年 泰山區0 男",36762,2032,2650,2820,2841,3034,4017,3657,2935,2780,2679,2500,1850,990,662,438,480,267,90,32,7,1,7502,20.41,27283,74.22,1977,5.38,7.25,27.5,34.74,26.35
"2006年 泰山區0 女",35827,1829,2347,2547,2575,2938,3929,3519,2804,3053,2951,2781,1821,932,722,446,303,193,95,32,7,3,6723,18.77,27303,76.21,1801,5.03,6.6,24.62,31.22,26.79
"2006年 林口區0 計",62126,3488,5149,6134,4824,4177,4713,5199,5805,5963,4956,3733,2475,1538,1345,953,858,511,209,76,16,4,14771,23.78,43383,69.83,3972,6.39,9.16,34.05,43.2,26.89
"2006年 林口區0 男",31149,1907,2663,3128,2472,2140,2281,2463,2759,2890,2578,1905,1207,766,657,453,478,273,90,34,5,0,7698,24.71,21461,68.9,1990,6.39,9.27,35.87,45.14,25.85
"2006年 林口區0 女",30977,1581,2486,3006,2352,2037,2432,2736,3046,3073,2378,1828,1268,772,688,500,380,238,119,42,11,4,7073,22.83,21922,70.77,1982,6.4,9.04,32.26,41.31,28.02
"2006年 深坑區0 計",21722,961,1359,1385,1502,1554,1860,1734,2123,2333,1927,1580,1099,593,615,368,369,228,93,31,6,2,3705,17.06,16305,75.06,1712,7.88,10.5,22.72,33.22,46.21
"2006年 深坑區0 男",11134,509,698,721,838,793,953,881,1095,1211,973,791,522,295,281,184,211,119,43,12,3,1,1928,17.32,8352,75.01,854,7.67,10.23,23.08,33.31,44.29
"2006年 深坑區0 女",10588,452,661,664,664,761,907,853,1028,1122,954,789,577,298,334,184,158,109,50,19,3,1,1777,16.78,7953,75.11,858,8.1,10.79,22.34,33.13,48.28
"2006年 石碇區0 計",7860,358,331,466,454,456,552,529,624,689,657,604,439,366,446,322,268,170,92,30,6,1,1155,14.69,5370,68.32,1335,16.98,24.86,21.51,46.37,115.58
"2006年 石碇區0 男",4386,186,167,254,237,222,265,312,413,432,429,374,242,207,225,163,127,76,38,13,4,0,607,13.84,3133,71.43,646,14.73,20.62,19.37,39.99,106.43
"2006年 石碇區0 女",3474,172,164,212,217,234,287,217,211,257,228,230,197,159,221,159,141,94,54,17,2,1,548,15.77,2237,64.39,689,19.83,30.8,24.5,55.3,125.73
"2006年 坪林區0 計",6650,273,269,277,308,374,473,493,555,606,518,482,398,356,373,301,287,169,91,34,13,0,819,12.32,4563,68.62,1268,19.07,27.79,17.95,45.74,154.82
"2006年 坪林區0 男",3760,155,152,141,176,178,239,273,353,414,324,282,227,192,193,165,155,81,41,12,7,0,448,11.91,2658,70.69,654,17.39,24.6,16.85,41.46,145.98
"2006年 坪林區0 女",2890,118,117,136,132,196,234,220,202,192,194,200,171,164,180,136,132,88,50,22,6,0,371,12.84,1905,65.92,614,21.25,32.23,19.48,51.71,165.5
"2006年 三芝區0 計",23575,1053,1495,1767,1594,1617,1923,1793,2046,2139,1943,1620,1201,754,818,631,604,331,182,44,19,1,4315,18.3,16630,70.54,2630,11.16,15.81,25.95,41.76,60.95
"2006年 三芝區0 男",12292,539,773,937,817,855,989,931,1054,1128,1042,874,628,368,430,306,330,165,91,25,10,0,2249,18.3,8686,70.66,1357,11.04,15.62,25.89,41.52,60.34
"2006年 三芝區0 女",11283,514,722,830,777,762,934,862,992,1011,901,746,573,386,388,325,274,166,91,19,9,1,2066,18.31,7944,70.41,1273,11.28,16.02,26.01,42.03,61.62
"2006年 石門區0 計",11703,642,652,689,727,856,1097,1027,888,968,862,775,576,402,461,347,372,225,97,31,6,3,1983,16.94,8178,69.88,1542,13.18,18.86,24.25,43.1,77.76
"2006年 石門區0 男",6252,333,359,383,365,419,535,529,518,564,499,419,315,224,248,183,191,109,44,14,0,1,1075,17.19,4387,70.17,790,12.64,18.01,24.5,42.51,73.49
"2006年 石門區0 女",5451,309,293,306,362,437,562,498,370,404,363,356,261,178,213,164,181,116,53,17,6,2,908,16.66,3791,69.55,752,13.8,19.84,23.95,43.79,82.82
"2006年 八里區0 計",32470,1691,2155,2200,2362,2443,2867,2736,2961,3258,2778,2288,1435,853,800,648,494,284,153,41,19,4,6046,18.62,23981,73.86,2443,7.52,10.19,25.21,35.4,40.41
"2006年 八里區0 男",16677,861,1100,1152,1209,1262,1448,1401,1521,1753,1438,1149,717,419,406,323,278,141,70,17,8,4,3113,18.67,12317,73.86,1247,7.48,10.12,25.27,35.4,40.06
"2006年 八里區0 女",15793,830,1055,1048,1153,1181,1419,1335,1440,1505,1340,1139,718,434,394,325,216,143,83,24,11,0,2933,18.57,11664,73.86,1196,7.57,10.25,25.15,35.4,40.78
"2006年 平溪區0 計",5855,236,168,157,219,305,412,412,488,531,465,426,354,294,475,361,262,170,79,33,7,1,561,9.58,3906,66.71,1388,23.71,35.54,14.36,49.9,247.42
"2006年 平溪區0 男",3269,122,89,88,121,163,222,257,326,356,312,249,201,149,219,179,109,68,25,11,3,0,299,9.15,2356,72.07,614,18.78,26.06,12.69,38.75,205.35
"2006年 平溪區0 女",2586,114,79,69,98,142,190,155,162,175,153,177,153,145,256,182,153,102,54,22,4,1,262,10.13,1550,59.94,774,29.93,49.94,16.9,66.84,295.42
"2006年 雙溪區0 計",9986,450,325,396,460,609,801,696,767,775,736,708,587,479,657,677,455,243,112,36,14,3,1171,11.73,6618,66.27,2197,22,33.2,17.69,50.89,187.62
"2006年 雙溪區0 男",5395,234,166,194,233,295,437,404,498,505,460,402,313,249,308,327,213,98,45,10,4,0,594,11.01,3796,70.36,1005,18.63,26.48,15.65,42.12,169.19
"2006年 雙溪區0 女",4591,216,159,202,227,314,364,292,269,270,276,306,274,230,349,350,242,145,67,26,10,3,577,12.57,2822,61.47,1192,25.96,42.24,20.45,62.69,206.59
"2006年 貢寮區0 計",14006,764,589,562,666,866,1089,1285,1211,1226,1006,948,699,582,754,705,511,346,136,42,18,1,1915,13.67,9578,68.38,2513,17.94,26.24,19.99,46.23,131.23
"2006年 貢寮區0 男",7314,402,307,297,334,431,542,656,694,710,586,507,334,275,371,376,256,156,61,13,6,0,1006,13.75,5069,69.31,1239,16.94,24.44,19.85,44.29,123.16
"2006年 貢寮區0 女",6692,362,282,265,332,435,547,629,517,516,420,441,365,307,383,329,255,190,75,29,12,1,909,13.58,4509,67.38,1274,19.04,28.25,20.16,48.41,140.15
"2006年 金山區0 計",22191,1171,1366,1541,1433,1595,2087,1844,1888,1853,1633,1388,1087,751,833,610,540,334,163,60,12,2,4078,18.38,15559,70.11,2554,11.51,16.41,26.21,42.62,62.63
"2006年 金山區0 男",11364,628,717,774,736,778,1018,980,1008,985,844,701,533,396,438,294,274,163,70,23,2,2,2119,18.65,7979,70.21,1266,11.14,15.87,26.56,42.42,59.75
"2006年 金山區0 女",10827,543,649,767,697,817,1069,864,880,868,789,687,554,355,395,316,266,171,93,37,10,0,1959,18.09,7580,70.01,1288,11.9,16.99,25.84,42.84,65.75
"2006年 萬里區0 計",20231,1085,1017,1040,1224,1337,1704,1636,1672,1738,1702,1457,1014,733,884,706,626,403,186,57,9,1,3142,15.53,14217,70.27,2872,14.2,20.2,22.1,42.3,91.41
"2006年 萬里區0 男",10525,564,553,524,648,683,858,859,930,931,890,739,509,325,437,376,362,222,88,22,5,0,1641,15.59,7372,70.04,1512,14.37,20.51,22.26,42.77,92.14
"2006年 萬里區0 女",9706,521,464,516,576,654,846,777,742,807,812,718,505,408,447,330,264,181,98,35,4,1,1501,15.46,6845,70.52,1360,14.01,19.87,21.93,41.8,90.61
"2006年 烏來區0 計",5337,357,290,335,380,418,489,453,380,456,434,424,297,175,157,122,92,55,15,5,3,0,982,18.4,3906,73.19,449,8.41,11.5,25.14,36.64,45.72
"2006年 烏來區0 男",2744,192,166,166,209,224,233,208,197,240,231,210,145,93,76,58,48,35,10,2,1,0,524,19.1,1990,72.52,230,8.38,11.56,26.33,37.89,43.89
"2006年 烏來區0 女",2593,165,124,169,171,194,256,245,183,216,203,214,152,82,81,64,44,20,5,3,2,0,458,17.66,1916,73.89,219,8.45,11.43,23.9,35.33,47.82
"2007年 新北市0 計",3798015,165233,219885,261204,277674,289265,357402,331334,317530,325864,327597,295417,223821,120019,98257,69118,57076,37157,17030,5310,1398,424,646322,17.02,2865923,75.46,285770,7.52,9.97,22.55,32.52,44.21
"2007年 新北市0 男",1899122,86541,114268,135512,144870,148347,181258,165874,157389,157361,157204,141740,108286,58400,46050,32185,31148,20350,8912,2491,685,251,336321,17.71,1420729,74.81,142072,7.48,10,23.67,33.67,42.24
"2007年 新北市0 女",1898893,78692,105617,125692,132804,140918,176144,165460,160141,168503,170393,153677,115535,61619,52207,36933,25928,16807,8118,2819,713,173,310001,16.33,1445194,76.11,143698,7.57,9.94,21.45,31.39,46.35
"2007年 板橋區0 計",547625,23177,30720,37189,39354,44290,55598,49507,43339,41954,44805,44664,34858,18738,14259,9443,7652,5014,2143,660,193,68,91086,16.63,417107,76.17,39432,7.2,9.45,21.84,31.29,43.29
"2007年 板橋區0 男",272988,12101,15976,19271,20594,22711,28580,24973,21554,19647,20552,20960,16653,9250,6817,4416,4303,2930,1190,345,118,47,47348,17.34,205474,75.27,20166,7.39,9.81,23.04,32.86,42.59
"2007年 板橋區0 女",274637,11076,14744,17918,18760,21579,27018,24534,21785,22307,24253,23704,18205,9488,7442,5027,3349,2084,953,315,75,21,43738,15.93,211633,77.06,19266,7.02,9.1,20.67,29.77,44.05
"2007年 三重區0 計",383621,15586,21225,24714,28075,31266,38854,33827,30504,30663,32762,30146,23300,12997,11167,8092,5398,3035,1403,414,128,65,61525,16.04,292394,76.22,29702,7.74,10.16,21.04,31.2,48.28
"2007年 三重區0 男",192463,8145,11072,12820,14716,16096,19683,17288,15449,14848,15690,14611,11359,6485,5352,3767,2663,1473,639,199,70,38,32037,16.65,146225,75.98,14201,7.38,9.71,21.91,31.62,44.33
"2007年 三重區0 女",191158,7441,10153,11894,13359,15170,19171,16539,15055,15815,17072,15535,11941,6512,5815,4325,2735,1562,764,215,58,27,29488,15.43,146169,76.47,15501,8.11,10.6,20.17,30.78,52.57
"2007年 中和區0 計",410183,16974,20340,21289,27127,31580,40466,37977,34320,32956,35742,35186,28089,14864,10784,7423,7193,4898,2113,642,167,53,58603,14.29,318307,77.6,33273,8.11,10.45,18.41,28.86,56.78
"2007年 中和區0 男",204057,8984,10451,11022,14195,16310,20516,19154,17293,16044,16742,16253,13309,6941,4724,3262,4211,2969,1228,331,88,30,30457,14.93,156757,76.82,16843,8.25,10.74,19.43,30.17,55.3
"2007年 中和區0 女",206126,7990,9889,10267,12932,15270,19950,18823,17027,16912,19000,18933,14780,7923,6060,4161,2982,1929,885,311,79,23,28146,13.65,161550,78.37,16430,7.97,10.17,17.42,27.59,58.37
"2007年 永和區0 計",236413,8239,12321,18235,15450,15486,19327,19345,19277,20543,20439,19282,16467,9085,6976,5127,4628,3501,1808,596,169,112,38795,16.41,174701,73.9,22917,9.69,13.12,22.21,35.32,59.07
"2007年 永和區0 男",114086,4332,6350,9506,7981,7920,9603,9278,8847,9358,9359,8832,7577,4169,2909,2152,2441,1948,1037,317,95,75,20188,17.7,82924,72.69,10974,9.62,13.23,24.35,37.58,54.36
"2007年 永和區0 女",122327,3907,5971,8729,7469,7566,9724,10067,10430,11185,11080,10450,8890,4916,4067,2975,2187,1553,771,279,74,37,18607,15.21,91777,75.03,11943,9.76,13.01,20.27,33.29,64.19
"2007年 新莊區0 計",396337,18419,25120,31059,32185,33163,40522,35461,31446,32938,33577,29967,21863,10925,7937,4944,3533,2098,866,250,54,10,74598,18.82,302047,76.21,19692,4.97,6.52,24.7,31.22,26.4
"2007年 新莊區0 男",196938,9785,13107,16048,16735,17036,20448,17548,15169,14916,15705,14152,10750,5703,3961,2366,1881,1104,391,105,23,5,38940,19.77,148162,75.23,9836,4.99,6.64,26.28,32.92,25.26
"2007年 新莊區0 女",199399,8634,12013,15011,15450,16127,20074,17913,16277,18022,17872,15815,11113,5222,3976,2578,1652,994,475,145,31,5,35658,17.88,153885,77.17,9856,4.94,6.4,23.17,29.58,27.64
"2007年 新店區0 計",290590,11257,14492,16482,19011,19689,23662,24197,25850,26017,26233,24738,19549,11139,8479,6065,5991,4498,2256,732,194,59,42231,14.53,220085,75.74,28274,9.73,12.85,19.19,32.04,66.95
"2007年 新店區0 男",143543,5808,7423,8357,9806,10065,11832,11827,12904,12808,12480,11722,9075,5006,3718,2761,3477,2629,1334,384,96,31,21588,15.04,107525,74.91,14430,10.05,13.42,20.08,33.5,66.84
"2007年 新店區0 女",147047,5449,7069,8125,9205,9624,11830,12370,12946,13209,13753,13016,10474,6133,4761,3304,2514,1869,922,348,98,28,20643,14.04,112560,76.55,13844,9.41,12.3,18.34,30.64,67.06
"2007年 樹林區0 計",164723,7923,10695,12798,13636,13744,16275,13870,12911,13756,14096,12301,8467,4297,3647,2530,1932,1147,502,160,33,3,31416,19.07,123353,74.89,9954,6.04,8.07,25.47,33.54,31.68
"2007年 樹林區0 男",83505,4150,5517,6658,7145,7102,8357,6997,6394,6655,6902,6124,4342,2246,1764,1242,1034,565,243,56,11,1,16325,19.55,62264,74.56,4916,5.89,7.9,26.22,34.11,30.11
"2007年 樹林區0 女",81218,3773,5178,6140,6491,6642,7918,6873,6517,7101,7194,6177,4125,2051,1883,1288,898,582,259,104,22,2,15091,18.58,61089,75.22,5038,6.2,8.25,24.7,32.95,33.38
"2007年 鶯歌區0 計",85656,4310,5850,6692,6715,7242,8574,7083,6726,6984,7128,6017,4303,2191,2102,1520,1145,648,313,87,24,2,16852,19.67,62963,73.51,5841,6.82,9.28,26.76,36.04,34.66
"2007年 鶯歌區0 男",43679,2210,3090,3547,3474,3737,4492,3657,3379,3439,3518,3003,2231,1080,1008,719,601,321,129,39,4,1,8847,20.25,32010,73.28,2822,6.46,8.82,27.64,36.45,31.9
"2007年 鶯歌區0 女",41977,2100,2760,3145,3241,3505,4082,3426,3347,3545,3610,3014,2072,1111,1094,801,544,327,184,48,20,1,8005,19.07,30953,73.74,3019,7.19,9.75,25.86,35.62,37.71
"2007年 三峽區0 計",95024,4803,6983,8285,7388,6653,7657,7728,8389,8987,7740,6001,4170,2340,2485,1926,1709,1108,457,167,42,6,20071,21.12,67053,70.56,7900,8.31,11.78,29.93,41.71,39.36
"2007年 三峽區0 男",49056,2562,3706,4344,3839,3340,3817,3869,4221,4659,4106,3164,2105,1118,1197,956,1025,675,246,86,20,1,10612,21.63,34238,69.79,4206,8.57,12.28,30.99,43.28,39.63
"2007年 三峽區0 女",45968,2241,3277,3941,3549,3313,3840,3859,4168,4328,3634,2837,2065,1222,1288,970,684,433,211,81,22,5,9459,20.58,32815,71.39,3694,8.04,11.26,28.83,40.08,39.05
"2007年 淡水區0 計",132101,5874,7793,8621,8860,8789,11174,11690,12566,12454,11586,10013,7778,4149,3606,2557,2231,1436,677,196,48,3,22288,16.87,99059,74.99,10754,8.14,10.86,22.5,33.36,48.25
"2007年 淡水區0 男",64991,3057,4052,4473,4622,4400,5603,5648,5965,5972,5483,4765,3699,1932,1738,1236,1178,752,314,76,24,2,11582,17.82,48089,73.99,5320,8.19,11.06,24.08,35.15,45.93
"2007年 淡水區0 女",67110,2817,3741,4148,4238,4389,5571,6042,6601,6482,6103,5248,4079,2217,1868,1321,1053,684,363,120,24,1,10706,15.95,50970,75.95,5434,8.1,10.66,21,31.67,50.76
"2007年 汐止區0 計",180993,7611,9861,10755,11759,11459,15532,16278,18227,19309,17227,13971,10411,5442,4674,3269,2448,1674,735,276,69,6,28227,15.6,139615,77.14,13151,7.27,9.42,20.22,29.64,46.59
"2007年 汐止區0 男",90607,3971,5109,5654,6116,5888,7907,8189,9023,9716,8586,6714,4836,2616,2136,1501,1261,860,375,124,23,2,14734,16.26,69591,76.81,6282,6.93,9.03,21.17,30.2,42.64
"2007年 汐止區0 女",90386,3640,4752,5101,5643,5571,7625,8089,9204,9593,8641,7257,5575,2826,2538,1768,1187,814,360,152,46,4,13493,14.93,70024,77.47,6869,7.6,9.81,19.27,29.08,50.91
"2007年 瑞芳區0 計",43526,1783,2274,2255,2988,2982,3556,3173,3466,3839,3708,3160,2463,1464,2003,1781,1366,803,329,99,33,1,6312,14.5,30799,70.76,6415,14.74,20.83,20.49,41.32,101.63
"2007年 瑞芳區0 男",22330,904,1169,1149,1608,1501,1765,1717,1954,2160,1997,1672,1193,664,907,821,640,352,123,29,5,0,3222,14.43,16231,72.69,2877,12.88,17.73,19.85,37.58,89.29
"2007年 瑞芳區0 女",21196,879,1105,1106,1380,1481,1791,1456,1512,1679,1711,1488,1270,800,1096,960,726,451,206,70,28,1,3090,14.58,14568,68.73,3538,16.69,24.29,21.21,45.5,114.5
"2007年 土城區0 計",237443,10067,14554,18420,20128,19973,22256,19274,19434,22050,22424,18582,12161,5862,4409,2920,2463,1510,722,201,24,9,43041,18.13,182144,76.71,12258,5.16,6.73,23.63,30.36,28.48
"2007年 土城區0 男",119235,5231,7565,9653,10494,10308,11478,9569,9442,10259,10641,9080,6192,3042,2154,1354,1396,854,421,83,15,4,22449,18.83,90505,75.9,6281,5.27,6.94,24.8,31.74,27.98
"2007年 土城區0 女",118208,4836,6989,8767,9634,9665,10778,9705,9992,11791,11783,9502,5969,2820,2255,1566,1067,656,301,118,9,5,20592,17.42,91639,77.52,5977,5.06,6.52,22.47,28.99,29.03
"2007年 蘆洲區0 計",192066,9055,12995,15609,16345,15391,18221,16866,16658,17595,16981,13478,8992,4489,3769,2469,1658,927,436,109,22,1,37659,19.61,145016,75.5,9391,4.89,6.48,25.97,32.44,24.94
"2007年 蘆洲區0 男",95560,4655,6788,8143,8590,7834,9242,8382,7935,8266,8152,6520,4402,2190,1874,1135,839,396,178,33,6,0,19586,20.5,71513,74.84,4461,4.67,6.24,27.39,33.63,22.78
"2007年 蘆洲區0 女",96506,4400,6207,7466,7755,7557,8979,8484,8723,9329,8829,6958,4590,2299,1895,1334,819,531,258,76,16,1,18073,18.73,73503,76.16,4930,5.11,6.71,24.59,31.3,27.28
"2007年 五股區0 計",77329,3794,5139,6035,6125,5788,7088,6631,6774,7282,6513,5253,3717,2063,1728,1155,1165,676,302,79,21,1,14968,19.36,57234,74.01,5127,6.63,8.96,26.15,35.11,34.25
"2007年 五股區0 男",39419,1998,2598,3081,3226,2988,3624,3393,3416,3689,3287,2651,1857,931,764,560,723,422,164,37,9,1,7677,19.48,29062,73.73,2680,6.8,9.22,26.42,35.64,34.91
"2007年 五股區0 女",37910,1796,2541,2954,2899,2800,3464,3238,3358,3593,3226,2602,1860,1132,964,595,442,254,138,42,12,0,7291,19.23,28172,74.31,2447,6.45,8.69,25.88,34.57,33.56
"2007年 泰山區0 計",74422,4027,4743,5419,5532,5710,7913,7863,5982,5898,5721,5411,4136,2077,1485,935,778,500,209,65,16,2,14189,19.07,56243,75.57,3990,5.36,7.09,25.23,32.32,28.12
"2007年 泰山區0 男",37693,2103,2529,2882,2910,2911,4022,3951,3064,2846,2737,2536,2062,1090,706,437,472,300,100,26,9,0,7514,19.93,28129,74.63,2050,5.44,7.29,26.71,34,27.28
"2007年 泰山區0 女",36729,1924,2214,2537,2622,2799,3891,3912,2918,3052,2984,2875,2074,987,779,498,306,200,109,39,7,2,6675,18.17,28114,76.54,1940,5.28,6.9,23.74,30.64,29.06
"2007年 林口區0 計",67127,3792,5130,6557,5202,4258,5300,5840,6240,6316,5494,4170,2886,1644,1481,1000,897,587,233,75,22,3,15479,23.06,47350,70.54,4298,6.4,9.08,32.69,41.77,27.77
"2007年 林口區0 男",33521,2046,2685,3336,2670,2177,2578,2763,2939,3047,2792,2109,1434,795,720,483,486,319,106,25,11,0,8067,24.07,23304,69.52,2150,6.41,9.23,34.62,43.84,26.65
"2007年 林口區0 女",33606,1746,2445,3221,2532,2081,2722,3077,3301,3269,2702,2061,1452,849,761,517,411,268,127,50,11,3,7412,22.06,24046,71.55,2148,6.39,8.93,30.82,39.76,28.98
"2007年 深坑區0 計",22301,949,1316,1477,1585,1529,1895,1830,2032,2321,2090,1669,1226,614,634,409,338,235,110,34,6,2,3742,16.78,16791,75.29,1768,7.93,10.53,22.29,32.82,47.25
"2007年 深坑區0 男",11370,511,668,773,867,787,975,924,1038,1182,1073,831,582,289,299,195,183,125,47,16,4,1,1952,17.17,8548,75.18,870,7.65,10.18,22.84,33.01,44.57
"2007年 深坑區0 女",10931,438,648,704,718,742,920,906,994,1139,1017,838,644,325,335,214,155,110,63,18,2,1,1790,16.38,8243,75.41,898,8.22,10.89,21.72,32.61,50.17
"2007年 石碇區0 計",7846,341,326,444,444,449,555,524,609,670,679,610,481,332,454,343,264,178,109,24,10,0,1111,14.16,5353,68.23,1382,17.61,25.82,20.75,46.57,124.39
"2007年 石碇區0 男",4366,175,171,223,237,231,262,299,383,437,439,382,271,185,240,162,128,78,45,11,7,0,569,13.03,3126,71.6,671,15.37,21.47,18.2,39.67,117.93
"2007年 石碇區0 女",3480,166,155,221,207,218,293,225,226,233,240,228,210,147,214,181,136,100,64,13,3,0,542,15.57,2227,63.99,711,20.43,31.93,24.34,56.26,131.18
"2007年 坪林區0 計",6607,247,243,277,306,362,455,466,562,597,519,493,424,345,376,312,290,181,97,38,15,2,767,11.61,4529,68.55,1311,19.84,28.95,16.94,45.88,170.93
"2007年 坪林區0 男",3713,135,138,140,172,179,227,262,330,407,328,291,246,189,187,182,154,83,42,14,6,1,413,11.12,2631,70.86,669,18.02,25.43,15.7,41.13,161.99
"2007年 坪林區0 女",2894,112,105,137,134,183,228,204,232,190,191,202,178,156,189,130,136,98,55,24,9,1,354,12.23,1898,65.58,642,22.18,33.83,18.65,52.48,181.36
"2007年 三芝區0 計",23613,992,1381,1745,1677,1537,1932,1776,2016,2080,1992,1675,1358,775,816,644,586,356,201,53,20,1,4118,17.44,16818,71.22,2677,11.34,15.92,24.49,40.4,65.01
"2007年 三芝區0 男",12301,512,728,910,878,801,991,941,1032,1081,1061,890,708,402,412,320,317,173,106,26,12,0,2150,17.48,8785,71.42,1366,11.1,15.55,24.47,40.02,63.53
"2007年 三芝區0 女",11312,480,653,835,799,736,941,835,984,999,931,785,650,373,404,324,269,183,95,27,8,1,1968,17.4,8033,71.01,1311,11.59,16.32,24.5,40.82,66.62
"2007年 石門區0 計",11857,583,665,712,773,797,1127,1033,923,927,923,786,653,385,468,364,355,224,114,36,7,2,1960,16.53,8327,70.23,1570,13.24,18.85,23.54,42.39,80.1
"2007年 石門區0 男",6295,315,369,380,399,375,555,508,534,532,529,422,363,203,253,195,178,118,48,17,1,1,1064,16.9,4420,70.21,811,12.88,18.35,24.07,42.42,76.22
"2007年 石門區0 女",5562,268,296,332,374,422,572,525,389,395,394,364,290,182,215,169,177,106,66,19,6,1,896,16.11,3907,70.24,759,13.65,19.43,22.93,42.36,84.71
"2007年 八里區0 計",32738,1605,2081,2099,2438,2367,2925,2756,2878,3169,2957,2363,1656,899,817,690,506,293,162,53,19,5,5785,17.67,24408,74.56,2545,7.77,10.43,23.7,34.13,43.99
"2007年 八里區0 男",16793,824,1087,1081,1245,1228,1455,1414,1496,1682,1551,1185,824,443,403,340,280,144,78,21,7,5,2992,17.82,12523,74.57,1278,7.61,10.21,23.89,34.1,42.71
"2007年 八里區0 女",15945,781,994,1018,1193,1139,1470,1342,1382,1487,1406,1178,832,456,414,350,226,149,84,32,12,0,2793,17.52,11885,74.54,1267,7.95,10.66,23.5,34.16,45.36
"2007年 平溪區0 計",5627,208,169,139,210,264,378,400,444,495,474,420,358,279,447,377,257,183,79,37,6,3,516,9.17,3722,66.15,1389,24.68,37.32,13.86,51.18,269.19
"2007年 平溪區0 男",3146,103,90,76,121,148,202,247,300,324,325,257,195,148,209,183,112,64,26,12,3,1,269,8.55,2267,72.06,610,19.39,26.91,11.87,38.77,226.77
"2007年 平溪區0 女",2481,105,79,63,89,116,176,153,144,171,149,163,163,131,238,194,145,119,53,25,3,2,247,9.96,1455,58.65,779,31.4,53.54,16.98,70.52,315.38
"2007年 雙溪區0 計",9963,420,333,398,489,551,788,689,762,780,752,712,630,416,642,663,495,268,126,34,13,2,1151,11.55,6569,65.93,2243,22.51,34.15,17.52,51.67,194.87
"2007年 雙溪區0 男",5395,225,163,195,243,275,419,398,494,507,481,406,334,220,306,315,239,111,49,11,2,2,583,10.81,3777,70.01,1035,19.18,27.4,15.44,42.84,177.53
"2007年 雙溪區0 女",4568,195,170,203,246,276,369,291,268,273,271,306,296,196,336,348,256,157,77,23,11,0,568,12.43,2792,61.12,1208,26.44,43.27,20.34,63.61,212.68
"2007年 貢寮區0 計",14032,699,560,586,692,786,1072,1258,1273,1239,1060,936,801,527,746,692,525,369,143,52,15,1,1845,13.15,9644,68.73,2543,18.12,26.37,19.13,45.5,137.83
"2007年 貢寮區0 男",7311,380,287,314,343,396,521,647,703,725,606,507,390,245,365,365,266,159,69,17,6,0,981,13.42,5083,69.53,1247,17.06,24.53,19.3,43.83,127.12
"2007年 貢寮區0 女",6721,319,273,272,349,390,551,611,570,514,454,429,411,282,381,327,259,210,74,35,9,1,864,12.86,4561,67.86,1296,19.28,28.41,18.94,47.36,150
"2007年 金山區0 計",22215,1088,1292,1533,1511,1472,2062,1899,1847,1866,1711,1445,1136,766,817,628,544,347,164,69,16,2,3913,17.61,15715,70.74,2587,11.65,16.46,24.9,41.36,66.11
"2007年 金山區0 男",11320,576,690,767,756,733,991,993,1000,999,885,707,560,394,425,310,267,166,73,23,3,2,2033,17.96,8018,70.83,1269,11.21,15.83,25.36,41.18,62.42
"2007年 金山區0 女",10895,512,602,766,755,739,1071,906,847,867,826,738,576,372,392,318,277,181,91,46,13,0,1880,17.26,7697,70.65,1318,12.1,17.12,24.43,41.55,70.11
"2007年 萬里區0 計",20635,1078,995,1042,1268,1285,1753,1640,1692,1727,1808,1531,1158,734,887,714,639,405,205,64,10,0,3115,15.1,14596,70.73,2924,14.17,20.03,21.34,41.37,93.87
"2007年 萬里區0 男",10650,562,521,542,666,647,877,829,938,917,959,766,584,325,425,389,345,229,99,24,6,0,1625,15.26,7508,70.5,1517,14.24,20.21,21.64,41.85,93.35
"2007年 萬里區0 女",9985,516,474,500,602,638,876,811,754,810,849,765,574,409,462,325,294,176,106,40,4,0,1490,14.92,7088,70.99,1407,14.09,19.85,21.02,40.87,94.43
"2007年 烏來區0 計",5402,332,289,338,401,403,485,453,383,452,456,437,330,181,162,126,90,58,16,8,2,0,959,17.75,3981,73.69,462,8.55,11.61,24.09,35.69,48.18
"2007年 烏來區0 男",2791,181,169,167,222,223,236,209,193,239,238,228,153,99,77,61,48,31,12,4,1,0,517,18.52,2040,73.09,234,8.38,11.47,25.34,36.81,45.26
"2007年 烏來區0 女",2611,151,120,171,179,180,249,244,190,213,218,209,177,82,85,65,42,27,4,4,1,0,442,16.93,1941,74.34,228,8.73,11.75,22.77,34.52,51.58
"2008年 新北市0 計",3833730,164462,213975,250252,274823,284180,354971,344340,317779,321590,332028,303973,244090,129775,103524,71820,56647,39533,18237,5762,1521,448,628689,16.4,2907549,75.84,297492,7.76,10.23,21.62,31.85,47.32
"2008年 新北市0 男",1913218,85868,111607,129400,143707,145835,179822,172225,158144,155543,158965,145191,117405,62986,48787,32832,29883,21704,9568,2763,729,254,326875,17.09,1439823,75.26,146520,7.66,10.18,22.7,32.88,44.82
"2008年 新北市0 女",1920512,78594,102368,120852,131116,138345,175149,172115,159635,166047,173063,158782,126685,66789,54737,38988,26764,17829,8669,2999,792,194,301814,15.72,1467726,76.42,150972,7.86,10.29,20.56,30.85,50.02
"2008年 板橋區0 計",550767,23241,30329,35726,37923,42667,55023,51684,44192,41515,44407,44856,37683,20229,15252,9781,7621,5345,2336,697,194,66,89296,16.21,420179,76.29,41292,7.5,9.83,21.25,31.08,46.24
"2008年 板橋區0 男",273802,12094,15780,18513,19815,21849,28161,26072,21900,19712,20373,20892,17814,9887,7398,4493,4117,3104,1305,360,116,47,46387,16.94,206475,75.41,20940,7.65,10.14,22.47,32.61,45.14
"2008年 板橋區0 女",276965,11147,14549,17213,18108,20818,26862,25612,22292,21803,24034,23964,19869,10342,7854,5288,3504,2241,1031,337,78,19,42909,15.49,213704,77.16,20352,7.35,9.52,20.08,29.6,47.43
"2008年 三重區0 計",384722,15476,20550,23494,27106,30343,38354,35395,30633,29816,32829,30874,25231,13759,11538,8428,5589,3176,1479,428,159,65,59520,15.47,294340,76.51,30862,8.02,10.49,20.22,30.71,51.85
"2008年 三重區0 男",192798,8069,10744,12218,14237,15639,19469,18009,15564,14553,15558,15004,12228,6751,5641,3854,2700,1562,679,196,84,39,31031,16.1,147012,76.25,14755,7.65,10.04,21.11,31.14,47.55
"2008年 三重區0 女",191924,7407,9806,11276,12869,14704,18885,17386,15069,15263,17271,15870,13003,7008,5897,4574,2889,1614,800,232,75,26,28489,14.84,147328,76.76,16107,8.39,10.93,19.34,30.27,56.54
"2008年 中和區0 計",412060,16722,19633,20412,26411,30571,39793,39316,34597,32642,35395,35556,30336,16221,11589,7538,6935,5158,2300,690,193,52,56767,13.78,320838,77.86,34455,8.36,10.74,17.69,28.43,60.7
"2008年 中和區0 男",204647,8749,10237,10473,13878,15777,20301,19711,17568,15945,16686,16295,14199,7655,5179,3170,3863,3131,1330,371,97,32,29459,14.4,158015,77.21,17173,8.39,10.87,18.64,29.51,58.29
"2008年 中和區0 女",207413,7973,9396,9939,12533,14794,19492,19605,17029,16697,18709,19261,16137,8566,6410,4368,3072,2027,970,319,96,20,27308,13.17,162823,78.5,17282,8.33,10.61,16.77,27.39,63.29
"2008年 永和區0 計",236598,8349,11939,17416,15245,14952,19015,19734,19202,20189,20429,19255,17333,9961,7295,5300,4474,3625,1953,635,194,103,37704,15.94,175315,74.1,23579,9.97,13.45,21.51,34.96,62.54
"2008年 永和區0 男",113959,4389,6196,9010,7923,7611,9416,9531,8958,9113,9361,8809,7899,4559,3134,2170,2276,1972,1124,336,107,65,19595,17.19,83180,72.99,11184,9.81,13.45,23.56,37,57.08
"2008年 永和區0 女",122639,3960,5743,8406,7322,7341,9599,10203,10244,11076,11068,10446,9434,5402,4161,3130,2198,1653,829,299,87,38,18109,14.77,92135,75.13,12395,10.11,13.45,19.65,33.11,68.45
"2008年 新莊區0 計",398317,18500,24347,29324,31523,32654,39926,37449,31473,31825,33911,30717,23788,12073,8447,5205,3561,2335,910,268,66,15,72171,18.12,305339,76.66,20807,5.22,6.81,23.64,30.45,28.83
"2008年 新莊區0 男",197486,9721,12766,15114,16380,16803,20072,18573,15280,14513,15653,14496,11503,6255,4230,2484,1828,1234,428,117,27,9,37601,19.04,149528,75.72,10357,5.24,6.93,25.15,32.07,27.54
"2008年 新莊區0 女",200831,8779,11581,14210,15143,15851,19854,18876,16193,17312,18258,16221,12285,5818,4217,2721,1733,1101,482,151,39,6,34570,17.21,155811,77.58,10450,5.2,6.71,22.19,28.89,30.23
"2008年 新店區0 計",292693,11131,13792,15755,19113,19455,23491,24185,25621,25975,26506,25235,21226,12041,9079,6169,5825,4630,2398,807,192,67,40678,13.9,222848,76.14,29167,9.97,13.09,18.25,31.34,71.7
"2008年 新店區0 男",144187,5768,7044,8023,9875,9876,11821,11788,12761,12860,12501,11916,9921,5394,3968,2719,3273,2725,1398,428,93,35,20835,14.45,108713,75.4,14639,10.15,13.47,19.17,32.63,70.26
"2008年 新店區0 女",148506,5363,6748,7732,9238,9579,11670,12397,12860,13115,14005,13319,11305,6647,5111,3450,2552,1905,1000,379,99,32,19843,13.36,114135,76.86,14528,9.78,12.73,17.39,30.11,73.21
"2008年 樹林區0 計",168689,8047,10650,12408,13651,13597,16576,14887,13193,13623,14433,12940,9474,4706,3859,2665,1976,1226,562,172,40,4,31105,18.44,127080,75.33,10504,6.23,8.27,24.48,32.74,33.77
"2008年 樹林區0 男",85417,4240,5494,6435,7171,7050,8513,7536,6519,6596,7049,6348,4854,2443,1879,1296,1017,635,268,57,16,1,16169,18.93,64079,75.02,5169,6.05,8.07,25.23,33.3,31.97
"2008年 樹林區0 女",83272,3807,5156,5973,6480,6547,8063,7351,6674,7027,7384,6592,4620,2263,1980,1369,959,591,294,115,24,3,14936,17.94,63001,75.66,5335,6.41,8.47,23.71,32.18,35.72
"2008年 鶯歌區0 計",86258,4232,5624,6439,6671,7073,8523,7534,6580,6887,7214,6369,4634,2467,2128,1579,1143,719,314,99,25,4,16295,18.89,63952,74.14,6011,6.97,9.4,25.48,34.88,36.89
"2008年 鶯歌區0 男",43931,2140,2991,3417,3475,3658,4442,3870,3288,3447,3554,3163,2352,1258,1000,740,581,369,133,47,6,0,8548,19.46,32507,74,2876,6.55,8.85,26.3,35.14,33.65
"2008年 鶯歌區0 女",42327,2092,2633,3022,3196,3415,4081,3664,3292,3440,3660,3206,2282,1209,1128,839,562,350,181,52,19,4,7747,18.3,31445,74.29,3135,7.41,9.97,24.64,34.61,40.47
"2008年 三峽區0 計",97967,4838,6798,8128,7744,6817,7713,8180,8457,9021,8298,6472,4734,2489,2573,2034,1710,1224,504,182,42,9,19764,20.17,69925,71.38,8278,8.45,11.84,28.26,40.1,41.88
"2008年 三峽區0 男",50402,2571,3628,4230,4026,3445,3870,4062,4229,4621,4353,3393,2420,1194,1239,985,999,734,286,89,25,3,10429,20.69,35613,70.66,4360,8.65,12.24,29.28,41.53,41.81
"2008年 三峽區0 女",47565,2267,3170,3898,3718,3372,3843,4118,4228,4400,3945,3079,2314,1295,1334,1049,711,490,218,93,17,6,9335,19.63,34312,72.14,3918,8.24,11.42,27.21,38.62,41.97
"2008年 淡水區0 計",135355,5765,7607,8386,9125,8761,11305,12002,12619,12610,12021,10584,8660,4526,3850,2741,2216,1604,683,230,55,5,21758,16.07,102213,75.51,11384,8.41,11.14,21.29,32.42,52.32
"2008年 淡水區0 男",66323,2981,3987,4281,4771,4402,5587,5820,6030,5994,5681,4978,4133,2102,1810,1316,1173,824,330,92,29,2,11249,16.96,49498,74.63,5576,8.41,11.27,22.73,33.99,49.57
"2008年 淡水區0 女",69032,2784,3620,4105,4354,4359,5718,6182,6589,6616,6340,5606,4527,2424,2040,1425,1043,780,353,138,26,3,10509,15.22,52715,76.36,5808,8.41,11.02,19.94,30.95,55.27
"2008年 汐止區0 計",183441,7418,9622,10435,12061,11401,15353,16601,17692,19200,17888,14778,11336,5849,4919,3431,2502,1765,812,298,71,9,27475,14.98,142159,77.5,13807,7.53,9.71,19.33,29.04,50.25
"2008年 汐止區0 男",91558,3912,4957,5402,6318,5846,7844,8351,8829,9524,8887,7082,5269,2788,2239,1532,1283,931,400,141,21,2,14271,15.59,70738,77.26,6549,7.15,9.26,20.17,29.43,45.89
"2008年 汐止區0 女",91883,3506,4665,5033,5743,5555,7509,8250,8863,9676,9001,7696,6067,3061,2680,1899,1219,834,412,157,50,7,13204,14.37,71421,77.73,7258,7.9,10.16,18.49,28.65,54.97
"2008年 瑞芳區0 計",43088,1650,2153,2123,2932,2934,3443,3187,3352,3736,3789,3253,2645,1456,1921,1803,1366,847,354,112,29,3,5926,13.75,30727,71.31,6435,14.93,20.94,19.29,40.23,108.59
"2008年 瑞芳區0 男",22101,847,1110,1077,1568,1477,1748,1681,1874,2076,2070,1733,1312,668,863,813,634,377,129,39,5,0,3034,13.73,16207,73.33,2860,12.94,17.65,18.72,36.37,94.26
"2008年 瑞芳區0 女",20987,803,1043,1046,1364,1457,1695,1506,1478,1660,1719,1520,1333,788,1058,990,732,470,225,73,24,3,2892,13.78,14520,69.19,3575,17.03,24.62,19.92,44.54,123.62
"2008年 土城區0 計",238230,9948,13761,17208,19861,19765,22644,19868,18867,21211,22708,19511,13622,6450,4696,3083,2462,1559,757,212,31,6,40917,17.18,184507,77.45,12806,5.38,6.94,22.18,29.12,31.3
"2008年 土城區0 男",119607,5170,7250,8953,10408,10276,11607,9967,9232,9908,10722,9439,6845,3346,2278,1445,1314,906,421,104,14,2,21373,17.87,91750,76.71,6484,5.42,7.07,23.29,30.36,30.34
"2008年 土城區0 女",118623,4778,6511,8255,9453,9489,11037,9901,9635,11303,11986,10072,6777,3104,2418,1638,1148,653,336,108,17,4,19544,16.48,92757,78.19,6322,5.33,6.82,21.07,27.89,32.35
"2008年 蘆洲區0 計",194686,8963,12688,14893,16258,15553,18195,17589,16448,17431,17467,14347,10041,4814,3988,2678,1709,1003,470,126,22,3,36544,18.77,148143,76.09,9999,5.14,6.75,24.67,31.42,27.36
"2008年 蘆洲區0 男",96709,4540,6662,7762,8558,7964,9153,8773,7995,8066,8337,6977,4875,2331,1939,1249,843,448,190,41,5,1,18964,19.61,73029,75.51,4716,4.88,6.46,25.97,32.43,24.87
"2008年 蘆洲區0 女",97977,4423,6026,7131,7700,7589,9042,8816,8453,9365,9130,7370,5166,2483,2049,1429,866,555,280,85,17,2,17580,17.94,75114,76.66,5283,5.39,7.03,23.4,30.44,30.05
"2008年 五股區0 計",77754,3680,4944,5906,6103,5771,7018,6713,6607,7179,6792,5492,4043,2182,1817,1202,1107,773,304,93,25,3,14530,18.69,57900,74.47,5324,6.85,9.2,25.09,34.29,36.64
"2008年 五股區0 男",39585,1955,2536,3025,3210,2962,3586,3424,3339,3604,3464,2694,2045,1042,781,557,663,471,171,44,10,2,7516,18.99,29370,74.19,2699,6.82,9.19,25.59,34.78,35.91
"2008年 五股區0 女",38169,1725,2408,2881,2893,2809,3432,3289,3268,3575,3328,2798,1998,1140,1036,645,444,302,133,49,15,1,7014,18.38,28530,74.75,2625,6.88,9.2,24.58,33.79,37.43
"2008年 泰山區0 計",75830,4126,4743,5262,5540,5552,7716,8359,6332,5773,5845,5488,4535,2343,1625,999,738,542,222,71,14,5,14131,18.64,57483,75.81,4216,5.56,7.33,24.58,31.92,29.84
"2008年 泰山區0 男",38350,2188,2530,2760,2934,2849,3908,4172,3288,2832,2808,2512,2216,1190,792,459,432,322,114,34,9,1,7478,19.5,28709,74.86,2163,5.64,7.53,26.05,33.58,28.92
"2008年 泰山區0 女",37480,1938,2213,2502,2606,2703,3808,4187,3044,2941,3037,2976,2319,1153,833,540,306,220,108,37,5,4,6653,17.75,28774,76.77,2053,5.48,7.13,23.12,30.26,30.86
"2008年 林口區0 計",72964,4208,5297,6551,5489,4628,5745,6771,6803,6723,6035,4672,3509,1846,1634,1123,897,652,270,83,25,3,16056,22.01,52221,71.57,4687,6.42,8.98,30.75,39.72,29.19
"2008年 林口區0 男",36354,2256,2768,3314,2839,2348,2781,3237,3251,3251,3011,2349,1742,896,785,528,465,359,131,33,9,1,8338,22.94,25705,70.71,2311,6.36,8.99,32.44,41.43,27.72
"2008年 林口區0 女",36610,1952,2529,3237,2650,2280,2964,3534,3552,3472,3024,2323,1767,950,849,595,432,293,139,50,16,2,7718,21.08,26516,72.43,2376,6.49,8.96,29.11,38.07,30.79
"2008年 深坑區0 計",22829,928,1337,1479,1613,1556,1912,1878,1989,2324,2231,1736,1365,653,638,441,327,261,115,38,6,2,3744,16.4,17257,75.59,1828,8.01,10.59,21.7,32.29,48.82
"2008年 深坑區0 男",11606,480,696,766,887,804,997,935,1024,1154,1152,853,665,308,298,211,167,135,52,19,2,1,1942,16.73,8779,75.64,885,7.63,10.08,22.12,32.2,45.57
"2008年 深坑區0 女",11223,448,641,713,726,752,915,943,965,1170,1079,883,700,345,340,230,160,126,63,19,4,1,1802,16.06,8478,75.54,943,8.4,11.12,21.26,32.38,52.33
"2008年 石碇區0 計",7847,312,324,406,448,435,546,543,587,636,701,621,543,332,450,367,255,191,113,27,10,0,1042,13.28,5392,68.71,1413,18.01,26.21,19.32,45.53,135.6
"2008年 石碇區0 男",4382,163,163,209,244,241,241,310,360,423,454,393,313,176,251,165,126,83,46,16,5,0,535,12.21,3155,72,692,15.79,21.93,16.96,38.89,129.35
"2008年 石碇區0 女",3465,149,161,197,204,194,305,233,227,213,247,228,230,156,199,202,129,108,67,11,5,0,507,14.63,2237,64.56,721,20.81,32.23,22.66,54.89,142.21
"2008年 坪林區0 計",6541,225,232,263,309,362,435,449,540,566,548,499,451,332,369,342,268,194,102,37,15,3,720,11.01,4491,68.66,1330,20.33,29.61,16.03,45.65,184.72
"2008年 坪林區0 男",3666,120,127,134,176,182,219,251,316,382,348,297,257,186,182,193,135,95,45,15,4,2,381,10.39,2614,71.3,671,18.3,25.67,14.58,40.24,176.12
"2008年 坪林區0 女",2875,105,105,129,133,180,216,198,224,184,200,202,194,146,187,149,133,99,57,22,11,1,339,11.79,1877,65.29,659,22.92,35.11,18.06,53.17,194.4
"2008年 三芝區0 計",23479,912,1300,1620,1736,1522,1863,1750,1904,2098,2049,1784,1430,800,819,659,569,383,196,64,18,3,3832,16.32,16936,72.13,2711,11.55,16.01,22.63,38.63,70.75
"2008年 三芝區0 男",12197,461,664,848,913,809,932,935,975,1096,1087,947,742,419,406,342,296,186,99,30,10,0,1973,16.18,8855,72.6,1369,11.22,15.46,22.28,37.74,69.39
"2008年 三芝區0 女",11282,451,636,772,823,713,931,815,929,1002,962,837,688,381,413,317,273,197,97,34,8,3,1859,16.48,8081,71.63,1342,11.9,16.61,23,39.61,72.19
"2008年 石門區0 計",12023,553,668,719,775,791,1107,1043,955,914,958,799,735,403,468,363,348,245,126,44,8,1,1940,16.14,8480,70.53,1603,13.33,18.9,22.88,41.78,82.63
"2008年 石門區0 男",6404,311,357,395,413,384,552,506,532,530,557,427,396,219,252,192,178,119,61,22,1,0,1063,16.6,4516,70.52,825,12.88,18.27,23.54,41.81,77.61
"2008年 石門區0 女",5619,242,311,324,362,407,555,537,423,384,401,372,339,184,216,171,170,126,65,22,7,1,877,15.61,3964,70.55,778,13.85,19.63,22.12,41.75,88.71
"2008年 八里區0 計",33231,1582,2023,2000,2509,2381,2904,2862,2770,3120,3134,2488,1837,952,885,682,522,328,163,67,19,3,5605,16.87,24957,75.1,2669,8.03,10.69,22.46,33.15,47.62
"2008年 八里區0 男",17041,817,1044,1035,1299,1222,1450,1464,1442,1639,1668,1244,921,478,428,328,283,164,75,30,7,3,2896,16.99,12827,75.27,1318,7.73,10.28,22.58,32.85,45.51
"2008年 八里區0 女",16190,765,979,965,1210,1159,1454,1398,1328,1481,1466,1244,916,474,457,354,239,164,88,37,12,0,2709,16.73,12130,74.92,1351,8.34,11.14,22.33,33.47,49.87
"2008年 平溪區0 計",5520,189,168,127,209,232,358,379,445,457,489,408,401,261,417,397,243,196,95,37,8,4,484,8.77,3639,65.92,1397,25.31,38.39,13.3,51.69,288.64
"2008年 平溪區0 男",3078,94,89,66,117,133,195,226,297,308,335,251,219,141,201,183,100,71,36,11,4,1,249,8.09,2222,72.19,607,19.72,27.32,11.21,38.52,243.78
"2008年 平溪區0 女",2442,95,79,61,92,99,163,153,148,149,154,157,182,120,216,214,143,125,59,26,4,3,235,9.62,1417,58.03,790,32.35,55.75,16.58,72.34,336.17
"2008年 雙溪區0 計",9877,404,317,364,500,524,734,697,707,782,764,724,702,428,598,639,517,286,135,42,10,3,1085,10.99,6562,66.44,2230,22.58,33.98,16.53,50.52,205.53
"2008年 雙溪區0 男",5353,218,159,183,237,259,395,390,460,509,495,418,388,221,292,296,239,122,53,15,2,2,560,10.46,3772,70.47,1021,19.07,27.07,14.85,41.91,182.32
"2008年 雙溪區0 女",4524,186,158,181,263,265,339,307,247,273,269,306,314,207,306,343,278,164,82,27,8,1,525,11.6,2790,61.67,1209,26.72,43.33,18.82,62.15,230.29
"2008年 貢寮區0 計",13970,623,573,580,691,777,1023,1173,1293,1247,1111,960,837,518,742,670,549,366,172,48,15,2,1776,12.71,9630,68.93,2564,18.35,26.63,18.44,45.07,144.37
"2008年 貢寮區0 男",7261,347,278,316,338,400,492,606,705,729,633,519,412,235,369,347,277,154,81,17,6,0,941,12.96,5069,69.81,1251,17.23,24.68,18.56,43.24,132.94
"2008年 貢寮區0 女",6709,276,295,264,353,377,531,567,588,518,478,441,425,283,373,323,272,212,91,31,9,2,835,12.45,4561,67.98,1313,19.57,28.79,18.31,47.09,157.25
"2008年 金山區0 計",22306,1014,1236,1471,1568,1383,2014,1976,1836,1903,1717,1492,1286,753,851,642,515,386,163,75,21,4,3721,16.68,15928,71.41,2657,11.91,16.68,23.36,40.04,71.41
"2008年 金山區0 男",11326,531,661,725,789,701,961,979,1019,1009,918,718,642,381,444,317,247,179,70,27,6,2,1917,16.93,8117,71.67,1292,11.41,15.92,23.62,39.53,67.4
"2008年 金山區0 女",10980,483,575,746,779,682,1053,997,817,894,799,774,644,372,407,325,268,207,93,48,15,2,1804,16.43,7811,71.14,1365,12.43,17.48,23.1,40.57,75.67
"2008年 萬里區0 計",21085,1092,1004,1012,1295,1324,1738,1680,1671,1755,1865,1626,1289,748,902,721,615,453,213,68,13,1,3108,14.74,14991,71.1,2986,14.16,19.92,20.73,40.65,96.07
"2008年 萬里區0 男",10835,556,518,534,686,656,861,829,910,922,1001,825,645,361,426,378,332,259,101,25,9,1,1608,14.84,7696,71.03,1531,14.13,19.89,20.89,40.79,95.21
"2008年 萬里區0 女",10250,536,486,478,609,668,877,851,761,833,864,801,644,387,476,343,283,194,112,43,4,0,1500,14.63,7295,71.17,1455,14.2,19.95,20.56,40.51,97
"2008年 烏來區0 計",5603,334,316,345,414,399,504,456,414,432,494,437,384,183,175,138,88,61,16,12,1,0,995,17.76,4117,73.48,491,8.76,11.93,24.17,36.09,49.35
"2008年 烏來區0 男",2853,180,171,182,222,212,248,217,199,227,249,219,178,102,83,70,42,33,12,7,0,0,533,18.68,2073,72.66,247,8.66,11.92,25.71,37.63,46.34
"2008年 烏來區0 女",2750,154,145,163,192,187,256,239,215,205,245,218,206,81,92,68,46,28,4,5,1,0,462,16.8,2044,74.33,244,8.87,11.94,22.6,34.54,52.81
"2009年 新北市0 計",3873653,164821,204187,243002,275386,275951,347696,361054,318907,320110,333039,311831,260109,146206,107986,76451,56860,41755,19804,6318,1699,481,612010,15.8,2950289,76.16,311354,8.04,10.55,20.74,31.3,50.87
"2009年 新北市0 男",1927574,85874,106821,125676,143979,141699,175930,179648,158587,154981,159086,148455,124187,70579,51389,34630,28640,22904,10314,3106,823,266,318371,16.52,1457131,75.59,152072,7.89,10.44,21.85,32.29,47.77
"2009年 新北市0 女",1946079,78947,97366,117326,131407,134252,171766,181406,160320,165129,173953,163376,135922,75627,56597,41821,28220,18851,9490,3212,876,215,293639,15.09,1493158,76.73,159282,8.18,10.67,19.67,30.33,54.24
"2009年 板橋區0 計",552884,23344,29163,34660,37241,40307,53529,54102,44871,41508,43365,45133,39741,22643,16024,10435,7665,5522,2587,755,209,80,87167,15.77,422440,76.41,43277,7.83,10.24,20.63,30.88,49.65
"2009年 板橋區0 男",274166,12188,15278,17979,19427,20678,27261,27160,22250,19853,19961,20802,18697,10884,7865,4755,3906,3200,1463,386,120,53,45445,16.58,206973,75.49,21748,7.93,10.51,21.96,32.46,47.86
"2009年 板橋區0 女",278718,11156,13885,16681,17814,19629,26268,26942,22621,21655,23404,24331,21044,11759,8159,5680,3759,2322,1124,369,89,27,41722,14.97,215467,77.31,21529,7.72,9.99,19.36,29.36,51.6
"2009年 三重區0 計",388304,15544,19494,22955,26782,29260,37538,37534,31049,29864,32371,31647,26811,15161,11816,8919,5913,3337,1638,457,164,50,57993,14.93,298017,76.75,32294,8.32,10.84,19.46,30.3,55.69
"2009年 三重區0 男",193957,8086,10210,11909,14075,15120,19043,18885,15692,14715,15335,15262,12900,7383,5827,4056,2778,1612,743,205,91,30,30205,15.57,148410,76.52,15342,7.91,10.34,20.35,30.69,50.79
"2009年 三重區0 女",194347,7458,9284,11046,12707,14140,18495,18649,15357,15149,17036,16385,13911,7778,5989,4863,3135,1725,895,252,73,20,27788,14.3,149607,76.98,16952,8.72,11.33,18.57,29.91,61
"2009年 中和區0 計",414535,16579,18762,19662,26109,29165,38650,41128,35150,32484,34931,35675,31852,18433,12291,7984,6677,5405,2516,805,204,73,55003,13.27,323577,78.06,35955,8.67,11.11,17,28.11,65.37
"2009年 中和區0 男",205247,8642,9819,10046,13748,15000,19753,20604,17819,16018,16389,16357,14700,8651,5513,3392,3477,3270,1463,447,95,44,28507,13.89,159039,77.49,17701,8.62,11.13,17.92,29.05,62.09
"2009年 中和區0 女",209288,7937,8943,9616,12361,14165,18897,20524,17331,16466,18542,19318,17152,9782,6778,4592,3200,2135,1053,358,109,29,26496,12.66,164538,78.62,18254,8.72,11.09,16.1,27.2,68.89
"2009年 永和區0 計",236812,8661,11342,16868,15219,14376,18368,20188,19154,19899,20198,19241,17870,11063,7606,5547,4404,3724,2048,717,218,101,36871,15.57,175576,74.14,24365,10.29,13.88,21,34.88,66.08
"2009年 永和區0 男",113827,4494,5915,8765,7868,7331,9077,9704,9079,8996,9248,8729,8076,5108,3334,2241,2126,2015,1154,387,122,58,19174,16.84,83216,73.11,11437,10.05,13.74,23.04,36.78,59.65
"2009年 永和區0 女",122985,4167,5427,8103,7351,7045,9291,10484,10075,10903,10950,10512,9794,5955,4272,3306,2278,1709,894,330,96,43,17697,14.39,92360,75.1,12928,10.51,14,19.16,33.16,73.05
"2009年 新莊區0 計",400848,18637,23217,28354,31406,31454,38829,39472,31911,31397,33705,31208,25445,13730,8966,5545,3708,2472,1013,295,70,14,70208,17.51,308557,76.98,22083,5.51,7.16,22.75,29.91,31.45
"2009年 新莊區0 男",198316,9732,12241,14615,16337,16118,19618,19461,15558,14428,15450,14622,12160,6961,4619,2651,1800,1308,476,122,30,9,36588,18.45,150713,76,11015,5.55,7.31,24.28,31.59,30.11
"2009年 新莊區0 女",202532,8905,10976,13739,15069,15336,19211,20011,16353,16969,18255,16586,13285,6769,4347,2894,1908,1164,537,173,40,5,33620,16.6,157844,77.94,11068,5.46,7.01,21.3,28.31,32.92
"2009年 新店區0 計",294602,11155,12966,15178,19100,19128,23086,24591,24770,25947,26644,25632,22543,13495,9568,6637,5606,4786,2598,885,222,65,39299,13.34,224936,76.35,30367,10.31,13.5,17.47,30.97,77.27
"2009年 新店區0 男",144712,5727,6691,7718,9830,9754,11633,11933,12319,12759,12616,12089,10531,6061,4264,2861,2984,2824,1463,497,122,36,20136,13.91,109525,75.68,15051,10.4,13.74,18.38,32.13,74.75
"2009年 新店區0 女",149890,5428,6275,7460,9270,9374,11453,12658,12451,13188,14028,13543,12012,7434,5304,3776,2622,1962,1135,388,100,29,19163,12.78,115411,77,15316,10.22,13.27,16.6,29.87,79.92
"2009年 樹林區0 計",172300,8109,10276,12190,13724,13397,16434,16087,13567,13656,14574,13373,10414,5431,4010,2868,2031,1330,607,168,44,10,30575,17.75,130657,75.83,11068,6.42,8.47,23.4,31.87,36.2
"2009年 樹林區0 男",86954,4266,5330,6301,7218,6929,8353,8173,6704,6578,7135,6505,5266,2764,1986,1398,986,686,293,62,16,5,15897,18.28,65625,75.47,5432,6.25,8.28,24.22,32.5,34.17
"2009年 樹林區0 女",85346,3843,4946,5889,6506,6468,8081,7914,6863,7078,7439,6868,5148,2667,2024,1470,1045,644,314,106,28,5,14678,17.2,65032,76.2,5636,6.6,8.67,22.57,31.24,38.4
"2009年 鶯歌區0 計",86589,4161,5276,6391,6621,6792,8447,7821,6526,6907,7119,6586,5016,2699,2166,1633,1171,792,328,101,29,7,15828,18.28,64534,74.53,6227,7.19,9.65,24.53,34.18,39.34
"2009年 鶯歌區0 男",43901,2123,2728,3378,3486,3503,4330,4049,3264,3436,3493,3239,2515,1413,1015,736,585,428,128,40,12,0,8229,18.74,32728,74.55,2944,6.71,9,25.14,34.14,35.78
"2009年 鶯歌區0 女",42688,2038,2548,3013,3135,3289,4117,3772,3262,3471,3626,3347,2501,1286,1151,897,586,364,200,61,17,7,7599,17.8,31806,74.51,3283,7.69,10.32,23.89,34.21,43.2
"2009年 三峽區0 計",100637,4808,6614,7957,8088,6863,7787,8523,8500,9093,8699,7083,5221,2785,2643,2155,1690,1287,587,184,63,7,19379,19.26,72642,72.18,8616,8.56,11.86,26.68,38.54,44.46
"2009年 三峽區0 男",51577,2552,3537,4155,4183,3515,3887,4161,4295,4535,4530,3723,2674,1350,1270,1018,953,786,332,86,32,3,10244,19.86,36853,71.45,4480,8.69,12.16,27.8,39.95,43.73
"2009年 三峽區0 女",49060,2256,3077,3802,3905,3348,3900,4362,4205,4558,4169,3360,2547,1435,1373,1137,737,501,255,98,31,4,9135,18.62,35789,72.95,4136,8.43,11.56,25.52,37.08,45.28
"2009年 淡水區0 計",140156,5798,7361,8259,9508,8783,11348,12608,12789,12948,12643,11301,9399,5305,4038,2969,2259,1746,780,251,57,6,21418,15.28,106632,76.08,12106,8.64,11.35,20.09,31.44,56.52
"2009年 淡水區0 男",68412,2982,3878,4218,4973,4446,5596,6118,6081,6068,5973,5264,4437,2492,1905,1407,1152,887,396,113,25,1,11078,16.19,51448,75.2,5886,8.6,11.44,21.53,32.97,53.13
"2009年 淡水區0 女",71744,2816,3483,4041,4535,4337,5752,6490,6708,6880,6670,6037,4962,2813,2133,1562,1107,859,384,138,32,5,10340,14.41,55184,76.92,6220,8.67,11.27,18.74,30.01,60.15
"2009年 汐止區0 計",186979,7476,8994,10194,12539,11501,14899,17485,17147,18995,18646,15429,12170,6748,5228,3779,2579,1859,896,323,83,9,26664,14.26,145559,77.85,14756,7.89,10.14,18.32,28.46,55.34
"2009年 汐止區0 男",93042,3939,4645,5256,6568,5895,7661,8746,8587,9349,9233,7418,5655,3192,2370,1673,1283,943,440,159,28,2,13840,14.88,72304,77.71,6898,7.41,9.54,19.14,28.68,49.84
"2009年 汐止區0 女",93937,3537,4349,4938,5971,5606,7238,8739,8560,9646,9413,8011,6515,3556,2858,2106,1296,916,456,164,55,7,12824,13.65,73255,77.98,7858,8.37,10.73,17.51,28.23,61.28
"2009年 瑞芳區0 計",42713,1495,2014,2028,2930,2822,3325,3273,3173,3681,3803,3441,2717,1567,1795,1861,1364,890,377,125,29,3,5537,12.96,30732,71.95,6444,15.09,20.97,18.02,38.99,116.38
"2009年 瑞芳區0 男",21880,776,1047,1045,1556,1457,1652,1709,1719,2053,2119,1833,1354,728,819,813,613,393,144,45,5,0,2868,13.11,16180,73.95,2832,12.94,17.5,17.73,35.23,98.74
"2009年 瑞芳區0 女",20833,719,967,983,1374,1365,1673,1564,1454,1628,1684,1608,1363,839,976,1048,751,497,233,80,24,3,2669,12.81,14552,69.85,3612,17.34,24.82,18.34,43.16,135.33
"2009年 土城區0 計",238897,9798,12768,16414,19682,19292,22281,21083,18525,20504,22728,20127,14884,7334,5000,3267,2424,1717,771,233,59,6,38980,16.32,186440,78.04,13477,5.64,7.23,20.91,28.14,34.57
"2009年 土城區0 男",119657,5074,6744,8558,10360,10039,11429,10561,9106,9559,10613,9682,7353,3799,2461,1499,1259,996,407,130,27,1,20376,17.03,92501,77.31,6780,5.67,7.33,22.03,29.36,33.27
"2009年 土城區0 女",119240,4724,6024,7856,9322,9253,10852,10522,9419,10945,12115,10445,7531,3535,2539,1768,1165,721,364,103,32,5,18604,15.6,93939,78.78,6697,5.62,7.13,19.8,26.93,36
"2009年 蘆洲區0 計",197043,9152,12040,14359,16334,15230,18033,18478,16502,17131,17653,15031,10939,5420,4264,2927,1805,1080,489,145,25,6,35551,18.04,150751,76.51,10741,5.45,7.12,23.58,30.71,30.21
"2009年 蘆洲區0 男",97719,4760,6270,7458,8648,7774,9137,9141,8003,7996,8304,7283,5324,2598,2051,1374,829,503,216,43,5,2,18488,18.92,74208,75.94,5023,5.14,6.77,24.91,31.68,27.17
"2009年 蘆洲區0 女",99324,4392,5770,6901,7686,7456,8896,9337,8499,9135,9349,7748,5615,2822,2213,1553,976,577,273,102,20,4,17063,17.18,76543,77.06,5718,5.76,7.47,22.29,29.76,33.51
"2009年 五股區0 計",79149,3624,4645,5780,6310,5673,6950,6952,6507,7134,7091,5771,4430,2447,1990,1328,1099,929,358,94,35,2,14049,17.75,59265,74.88,5835,7.37,9.85,23.71,33.55,41.53
"2009年 五股區0 男",40282,1920,2432,2948,3336,2893,3596,3479,3315,3615,3590,2851,2209,1164,840,588,645,591,207,46,15,2,7300,18.12,30048,74.59,2934,7.28,9.76,24.29,34.06,40.19
"2009年 五股區0 女",38867,1704,2213,2832,2974,2780,3354,3473,3192,3519,3501,2920,2221,1283,1150,740,454,338,151,48,20,0,6749,17.36,29217,75.17,2901,7.46,9.93,23.1,33.03,42.98
"2009年 泰山區0 計",76491,4089,4646,5095,5537,5409,7363,8649,6714,5722,5848,5562,4784,2674,1674,1101,730,558,243,70,18,5,13830,18.08,58262,76.17,4399,5.75,7.55,23.74,31.29,31.81
"2009年 泰山區0 男",38505,2156,2462,2692,2927,2783,3679,4309,3466,2823,2776,2547,2289,1372,807,518,403,327,123,31,12,3,7310,18.98,28971,75.24,2224,5.78,7.68,25.23,32.91,30.42
"2009年 泰山區0 女",37986,1933,2184,2403,2610,2626,3684,4340,3248,2899,3072,3015,2495,1302,867,583,327,231,120,39,6,2,6520,17.16,29291,77.11,2175,5.73,7.43,22.26,29.68,33.36
"2009年 林口區0 計",78462,4592,5376,6560,5849,4878,6060,7706,7312,7101,6513,5258,4019,2226,1744,1207,910,733,297,95,23,3,16528,21.06,56922,72.55,5012,6.39,8.81,29.04,37.84,30.32
"2009年 林口區0 男",38922,2391,2856,3331,2989,2479,2967,3648,3443,3429,3220,2657,1960,1094,860,576,445,383,144,40,9,1,8578,22.04,27886,71.65,2458,6.32,8.81,30.76,39.58,28.65
"2009年 林口區0 女",39540,2201,2520,3229,2860,2399,3093,4058,3869,3672,3293,2601,2059,1132,884,631,465,350,153,55,14,2,7950,20.11,29036,73.43,2554,6.46,8.8,27.38,36.18,32.13
"2009年 深坑區0 計",23108,900,1258,1450,1659,1576,1858,1960,1868,2301,2299,1864,1434,794,615,487,319,280,133,43,8,2,3608,15.61,17613,76.22,1887,8.17,10.71,20.48,31.2,52.3
"2009年 深坑區0 男",11669,453,650,758,882,833,957,965,958,1124,1191,912,693,380,296,219,163,147,60,24,3,1,1861,15.95,8895,76.23,913,7.82,10.26,20.92,31.19,49.06
"2009年 深坑區0 女",11439,447,608,692,777,743,901,995,910,1177,1108,952,741,414,319,268,156,133,73,19,5,1,1747,15.27,8718,76.21,974,8.51,11.17,20.04,31.21,55.75
"2009年 石碇區0 計",7973,280,314,416,456,445,574,540,568,640,711,661,569,361,430,391,254,211,102,40,8,2,1010,12.67,5525,69.3,1438,18.04,26.03,18.28,44.31,142.38
"2009年 石碇區0 男",4459,155,146,218,259,235,279,297,348,408,458,419,334,196,244,177,130,89,43,18,5,1,519,11.64,3233,72.51,707,15.86,21.87,16.05,37.92,136.22
"2009年 石碇區0 女",3514,125,168,198,197,210,295,243,220,232,253,242,235,165,186,214,124,122,59,22,3,1,491,13.97,2292,65.22,731,20.8,31.89,21.42,53.32,148.88
"2009年 坪林區0 計",6549,208,217,260,319,371,415,445,514,537,577,530,469,343,348,366,260,203,107,40,14,6,685,10.46,4520,69.02,1344,20.52,29.73,15.15,44.89,196.2
"2009年 坪林區0 男",3670,109,121,137,168,196,206,249,298,347,378,321,268,188,180,201,135,96,49,18,2,3,367,10,2619,71.36,684,18.64,26.12,14.01,40.13,186.38
"2009年 坪林區0 女",2879,99,96,123,151,175,209,196,216,190,199,209,201,155,168,165,125,107,58,22,12,3,318,11.05,1901,66.03,660,22.92,34.72,16.73,51.45,207.55
"2009年 三芝區0 計",23369,847,1198,1473,1815,1437,1846,1748,1818,2059,2087,1859,1499,887,833,680,550,424,206,79,20,4,3518,15.05,17055,72.98,2796,11.96,16.39,20.63,37.02,79.48
"2009年 三芝區0 男",12108,433,610,766,966,745,939,925,935,1059,1099,970,784,461,423,350,272,222,100,39,10,0,1809,14.94,8883,73.36,1416,11.69,15.94,20.36,36.31,78.28
"2009年 三芝區0 女",11261,414,588,707,849,692,907,823,883,1000,988,889,715,426,410,330,278,202,106,40,10,4,1709,15.18,8172,72.57,1380,12.25,16.89,20.91,37.8,80.75
"2009年 石門區0 計",12380,558,702,726,851,785,1081,1099,982,946,968,846,758,444,475,375,333,256,136,42,16,1,1986,16.04,8760,70.76,1634,13.2,18.65,22.67,41.32,82.28
"2009年 石門區0 男",6534,310,355,401,460,384,514,545,530,537,560,467,403,240,251,192,169,129,63,18,6,0,1066,16.31,4640,71.01,828,12.67,17.84,22.97,40.82,77.67
"2009年 石門區0 女",5846,248,347,325,391,401,567,554,452,409,408,379,355,204,224,183,164,127,73,24,10,1,920,15.74,4120,70.48,806,13.79,19.56,22.33,41.89,87.61
"2009年 八里區0 計",33958,1539,1994,1960,2622,2360,2868,2994,2714,3110,3225,2665,2016,1095,920,718,539,360,162,75,17,5,5493,16.18,25669,75.59,2796,8.23,10.89,21.4,32.29,50.9
"2009年 八里區0 男",17333,813,1019,1024,1351,1216,1414,1516,1407,1586,1724,1353,976,560,440,348,285,187,71,32,7,4,2856,16.48,13103,75.6,1374,7.93,10.49,21.8,32.28,48.11
"2009年 八里區0 女",16625,726,975,936,1271,1144,1454,1478,1307,1524,1501,1312,1040,535,480,370,254,173,91,43,10,1,2637,15.86,12566,75.58,1422,8.55,11.32,20.99,32.3,53.92
"2009年 平溪區0 計",5447,164,174,119,198,253,332,381,379,454,488,437,402,299,380,391,243,215,97,32,6,3,457,8.39,3623,66.51,1367,25.1,37.73,12.61,50.35,299.12
"2009年 平溪區0 男",3026,77,90,60,112,131,180,214,248,312,340,281,228,162,190,164,111,81,33,9,2,1,227,7.5,2208,72.97,591,19.53,26.77,10.28,37.05,260.35
"2009年 平溪區0 女",2421,87,84,59,86,122,152,167,131,142,148,156,174,137,190,227,132,134,64,23,4,2,230,9.5,1415,58.45,776,32.05,54.84,16.25,71.1,337.39
"2009年 雙溪區0 計",9832,370,317,332,506,509,717,713,699,756,773,750,708,446,576,618,541,312,126,44,16,3,1019,10.36,6577,66.89,2236,22.74,34,15.49,49.49,219.43
"2009年 雙溪區0 男",5304,194,160,166,253,244,364,397,451,496,484,445,399,232,283,282,258,131,45,14,5,1,520,9.8,3765,70.98,1019,19.21,27.07,13.81,40.88,195.96
"2009年 雙溪區0 女",4528,176,157,166,253,265,353,316,248,260,289,305,309,214,293,336,283,181,81,30,11,2,499,11.02,2812,62.1,1217,26.88,43.28,17.75,61.02,243.89
"2009年 貢寮區0 計",13876,550,563,539,696,765,952,1148,1297,1231,1191,976,860,548,675,689,560,385,186,51,11,3,1652,11.91,9664,69.65,2560,18.45,26.49,17.09,43.58,154.96
"2009年 貢寮區0 男",7179,296,281,294,343,392,443,594,692,706,668,541,439,247,328,352,276,175,83,22,6,1,871,12.13,5065,70.55,1243,17.31,24.54,17.2,41.74,142.71
"2009年 貢寮區0 女",6697,254,282,245,353,373,509,554,605,525,523,435,421,301,347,337,284,210,103,29,5,2,781,11.66,4599,68.67,1317,19.67,28.64,16.98,45.62,168.63
"2009年 金山區0 計",22408,972,1135,1441,1582,1360,1913,2047,1826,1921,1780,1565,1348,788,851,665,542,395,176,77,21,3,3548,15.83,16130,71.98,2730,12.18,16.92,22,38.92,76.94
"2009年 金山區0 男",11298,502,593,746,780,688,888,1010,970,1019,942,776,680,387,444,314,269,186,65,30,7,2,1841,16.29,8140,72.05,1317,11.66,16.18,22.62,38.8,71.54
"2009年 金山區0 女",11110,470,542,695,802,672,1025,1037,856,902,838,789,668,401,407,351,273,209,111,47,14,1,1707,15.36,7990,71.92,1413,12.72,17.68,21.36,39.05,82.78
"2009年 萬里區0 計",21604,1074,1042,1043,1282,1348,1724,1809,1643,1754,1916,1720,1385,840,874,765,604,469,222,79,9,2,3159,14.62,15421,71.38,3024,14,19.61,20.49,40.09,95.73
"2009年 萬里區0 男",11009,547,537,556,656,693,830,877,844,958,1002,884,686,412,408,401,311,269,97,35,4,2,1640,14.9,7842,71.23,1527,13.87,19.47,20.91,40.39,93.11
"2009年 萬里區0 女",10595,527,505,487,626,655,894,932,799,796,914,836,699,428,466,364,293,200,125,44,5,0,1519,14.34,7579,71.53,1497,14.13,19.75,20.04,39.79,98.55
"2009年 烏來區0 計",5748,337,319,339,421,412,489,490,432,430,493,460,406,200,186,144,80,78,18,13,1,0,995,17.31,4233,73.64,520,9.05,12.28,23.51,35.79,52.26
"2009年 烏來區0 男",2909,177,176,178,220,228,244,218,206,219,255,223,197,100,96,74,37,40,13,8,0,0,531,18.25,2110,72.53,268,9.21,12.7,25.17,37.87,50.47
"2009年 烏來區0 女",2839,160,143,161,201,184,245,272,226,211,238,237,209,100,90,70,43,38,5,5,1,0,464,16.34,2123,74.78,252,8.88,11.87,21.86,33.73,54.31
"2010年 新北市0 計",3897367,158497,187970,239802,271405,276372,335910,369383,319068,319746,333467,316856,277190,169368,107886,82173,57651,43469,21746,7089,1817,502,586269,15.04,2988765,76.69,322333,8.27,10.78,19.62,30.4,54.98
"2010年 新北市0 男",1935668,82814,98366,124163,141356,142746,169932,184252,158294,155414,158818,150351,131946,81242,51526,37053,27666,23652,11430,3487,879,281,305343,15.77,1474351,76.17,155974,8.06,10.58,20.71,31.29,51.08
"2010年 新北市0 女",1961699,75683,89604,115639,130049,133626,165978,185131,160774,164332,174649,166505,145244,88126,56360,45120,29985,19817,10316,3602,938,221,280926,14.32,1514414,77.2,166359,8.48,10.99,18.55,29.54,59.22
"2010年 板橋區0 計",554596,22729,27162,34561,36102,39505,51346,55463,45501,41963,42836,44698,41795,26278,15954,11380,7666,5674,2830,858,206,89,84452,15.23,425487,76.72,44657,8.05,10.5,19.85,30.34,52.88
"2010年 板橋區0 男",274411,11902,14176,17985,18788,20360,26074,27921,22447,20284,19699,20552,19528,12539,7865,5163,3712,3227,1592,435,108,54,44063,16.06,208192,75.87,22156,8.07,10.64,21.16,31.81,50.28
"2010年 板橋區0 女",280185,10827,12986,16576,17314,19145,25272,27542,23054,21679,23137,24146,22267,13739,8089,6217,3954,2447,1238,423,98,35,40389,14.42,217295,77.55,22501,8.03,10.36,18.59,28.94,55.71
"2010年 三重區0 計",389968,14909,17843,22564,26138,28911,36236,38595,31189,30143,32188,32017,28423,17483,11516,9439,6300,3538,1797,530,152,57,55316,14.18,301323,77.27,33329,8.55,11.06,18.36,29.42,60.25
"2010年 三重區0 男",194375,7743,9364,11661,13689,14970,18371,19534,15708,14968,15223,15272,13637,8495,5665,4316,2863,1714,822,231,91,38,28768,14.8,149867,77.1,15740,8.1,10.5,19.2,29.7,54.71
"2010年 三重區0 女",195593,7166,8479,10903,12449,13941,17865,19061,15481,15175,16965,16745,14786,8988,5851,5123,3437,1824,975,299,61,19,26548,13.57,151456,77.43,17589,8.99,11.61,17.53,29.14,66.25
"2010年 中和區0 計",414356,15798,17251,19260,25359,28536,37068,41690,35019,32756,34362,35354,33509,21038,12668,8631,6523,5530,2848,870,224,62,52309,12.62,324691,78.36,37356,9.02,11.51,16.11,27.62,71.41
"2010年 中和區0 男",204719,8249,9117,9746,13254,14816,18990,20949,17735,16223,16033,16222,15416,9760,5812,3631,3160,3293,1693,487,95,38,27112,13.24,159398,77.86,18209,8.89,11.42,17.01,28.43,67.16
"2010年 中和區0 女",209637,7549,8134,9514,12105,13720,18078,20741,17284,16533,18329,19132,18093,11278,6856,5000,3363,2237,1155,383,129,24,25197,12.02,165293,78.85,19147,9.13,11.58,15.24,26.83,75.99
"2010年 永和區0 計",234536,8399,10335,16245,14939,14073,17466,20005,18843,19381,19877,19093,18330,12570,7640,5882,4368,3773,2188,777,240,112,34979,14.91,174577,74.44,24980,10.65,14.31,20.04,34.35,71.41
"2010年 永和區0 男",112579,4313,5438,8406,7739,7224,8708,9615,8889,8778,9118,8672,8318,5715,3413,2386,1955,2018,1257,419,131,67,18157,16.13,82776,73.53,11646,10.34,14.07,21.94,36,64.14
"2010年 永和區0 女",121957,4086,4897,7839,7200,6849,8758,10390,9954,10603,10759,10421,10012,6855,4227,3496,2413,1755,931,358,109,45,16822,13.79,91801,75.27,13334,10.93,14.52,18.32,32.85,79.27
"2010年 新莊區0 計",402204,17919,21515,27911,30647,31252,37383,40666,32448,31188,33461,31640,27049,15927,9103,6123,3853,2555,1129,353,70,12,67345,16.74,311661,77.49,23198,5.77,7.44,21.61,29.05,34.45
"2010年 新莊區0 男",198795,9398,11287,14450,15908,16099,18958,20004,15876,14540,15235,14735,12871,7947,4687,2931,1807,1338,536,151,31,6,35135,17.67,152173,76.55,11487,5.78,7.55,23.09,30.64,32.69
"2010年 新莊區0 女",203409,8521,10228,13461,14739,15153,18425,20662,16572,16648,18226,16905,14178,7980,4416,3192,2046,1217,593,202,39,6,32210,15.84,159488,78.41,11711,5.76,7.34,20.2,27.54,36.36
"2010年 新店區0 計",296411,10730,11775,14877,19087,19305,22493,24680,24055,25854,26769,25972,23889,15490,9853,7058,5459,4935,2834,977,249,70,37382,12.61,227594,76.78,31435,10.61,13.81,16.42,30.24,84.09
"2010年 新店區0 男",145175,5517,6081,7573,9717,9911,11363,12046,11855,12696,12674,12184,11201,6998,4419,2961,2743,2898,1608,542,146,42,19171,13.21,110645,76.21,15359,10.58,13.88,17.33,31.21,80.12
"2010年 新店區0 女",151236,5213,5694,7304,9370,9394,11130,12634,12200,13158,14095,13788,12688,8492,5434,4097,2716,2037,1226,435,103,28,18211,12.04,116949,77.33,16076,10.63,13.75,15.57,29.32,88.28
"2010年 樹林區0 計",176077,8052,9664,12154,13586,13572,16150,17149,13972,13779,14736,13876,11426,6359,4023,3170,2098,1402,645,207,49,8,29870,16.96,134605,76.45,11602,6.59,8.62,22.19,30.81,38.84
"2010年 樹林區0 男",88764,4273,5020,6336,7075,7061,8146,8749,6891,6639,7154,6778,5699,3243,2006,1550,986,731,317,91,15,4,15629,17.61,67435,75.97,5700,6.42,8.45,23.18,31.63,36.47
"2010年 樹林區0 女",87313,3779,4644,5818,6511,6511,8004,8400,7081,7140,7582,7098,5727,3116,2017,1620,1112,671,328,116,34,4,14241,16.31,67170,76.93,5902,6.76,8.79,21.2,29.99,41.44
"2010年 鶯歌區0 計",86821,3870,4842,6339,6585,6699,8238,8105,6585,6767,7074,6800,5420,3113,2093,1776,1198,795,365,118,32,7,15051,17.34,65386,75.31,6384,7.35,9.76,23.02,32.78,42.42
"2010年 鶯歌區0 男",43932,1963,2511,3319,3495,3449,4213,4217,3289,3370,3455,3281,2744,1639,974,795,578,421,154,48,17,0,7793,17.74,33152,75.46,2987,6.8,9.01,23.51,32.52,38.33
"2010年 鶯歌區0 女",42889,1907,2331,3020,3090,3250,4025,3888,3296,3397,3619,3519,2676,1474,1119,981,620,374,211,70,15,7,7258,16.92,32234,75.16,3397,7.92,10.54,22.52,33.06,46.8
"2010年 三峽區0 計",103450,4734,6130,7996,8275,7217,7753,8875,8565,9133,9183,7509,5855,3349,2576,2259,1750,1362,651,213,57,8,18860,18.23,75714,73.19,8876,8.58,11.72,24.91,36.63,47.06
"2010年 三峽區0 男",52805,2535,3264,4192,4291,3745,3848,4330,4277,4538,4738,3897,2963,1634,1227,1065,932,821,372,103,30,3,9991,18.92,38261,72.46,4553,8.62,11.9,26.11,38.01,45.57
"2010年 三峽區0 女",50645,2199,2866,3804,3984,3472,3905,4545,4288,4595,4445,3612,2892,1715,1349,1194,818,541,279,110,27,5,8869,17.51,37453,73.95,4323,8.54,11.54,23.68,35.22,48.74
"2010年 淡水區0 計",143481,5611,6791,8319,9610,9139,11057,12850,12607,13294,13034,11812,10293,6386,4028,3190,2328,1893,880,292,56,11,20721,14.44,110082,76.72,12678,8.84,11.52,18.82,30.34,61.18
"2010年 淡水區0 男",69841,2902,3569,4256,5059,4626,5467,6312,5928,6249,6141,5484,4767,2986,1896,1488,1159,959,443,121,24,5,10727,15.36,53019,75.91,6095,8.73,11.5,20.23,31.73,56.82
"2010年 淡水區0 女",73640,2709,3222,4063,4551,4513,5590,6538,6679,7045,6893,6328,5526,3400,2132,1702,1169,934,437,171,32,6,9994,13.57,57063,77.49,6583,8.94,11.54,17.51,29.05,65.87
"2010年 汐止區0 計",189618,7004,8220,10032,12642,11974,14396,17852,16774,18812,19115,16200,13111,7984,5249,4153,2679,1948,1018,353,95,7,25256,13.32,148860,78.51,15502,8.18,10.41,16.97,27.38,61.38
"2010年 汐止區0 男",94220,3707,4244,5210,6611,6176,7395,8949,8432,9258,9401,7836,6113,3696,2392,1848,1277,970,495,174,35,1,13161,13.97,73867,78.4,7192,7.63,9.74,17.82,27.55,54.65
"2010年 汐止區0 女",95398,3297,3976,4822,6031,5798,7001,8903,8342,9554,9714,8364,6998,4288,2857,2305,1402,978,523,179,60,6,12095,12.68,74993,78.61,8310,8.71,11.08,16.13,27.21,68.71
"2010年 瑞芳區0 計",42432,1344,1814,2032,2801,2909,3155,3223,3100,3624,3837,3524,2926,1750,1566,1908,1408,924,416,135,30,6,5190,12.23,30849,72.7,6393,15.07,20.72,16.82,37.55,123.18
"2010年 瑞芳區0 男",21700,707,926,1037,1497,1500,1593,1698,1618,2013,2151,1892,1466,828,688,823,629,424,152,49,9,0,2670,12.3,16256,74.91,2774,12.78,17.06,16.42,33.49,103.9
"2010年 瑞芳區0 女",20732,637,888,995,1304,1409,1562,1525,1482,1611,1686,1632,1460,922,878,1085,779,500,264,86,21,6,2520,12.16,14593,70.39,3619,17.46,24.8,17.27,42.07,143.61
"2010年 土城區0 計",238477,9171,11383,15882,19140,19343,21841,21776,18288,19627,22538,20670,16200,8592,5084,3488,2449,1833,827,266,73,6,36436,15.28,188015,78.84,14026,5.88,7.46,19.38,26.84,38.49
"2010年 土城區0 男",119305,4794,6030,8342,10013,10108,11194,10948,9043,9212,10468,9794,7941,4433,2526,1613,1185,1047,430,148,34,2,19166,16.06,93154,78.08,6985,5.85,7.5,20.57,28.07,36.44
"2010年 土城區0 女",119172,4377,5353,7540,9127,9235,10647,10828,9245,10415,12070,10876,8259,4159,2558,1875,1264,786,397,118,39,4,17270,14.49,94861,79.6,7041,5.91,7.42,18.21,25.63,40.77
"2010年 蘆洲區0 計",197793,8817,11007,14075,16045,15551,17346,18800,16429,16942,17659,15577,11900,6358,4234,3210,1898,1187,551,169,31,7,33899,17.14,152607,77.15,11287,5.71,7.4,22.21,29.61,33.3
"2010年 蘆洲區0 男",98036,4636,5725,7369,8438,8031,8762,9340,8018,7907,8300,7462,5803,3019,1995,1517,857,546,239,60,10,2,17730,18.09,75080,76.58,5226,5.33,6.96,23.61,30.58,29.48
"2010年 蘆洲區0 女",99757,4181,5282,6706,7607,7520,8584,9460,8411,9035,9359,8115,6097,3339,2239,1693,1041,641,312,109,21,5,16169,16.21,77527,77.72,6061,6.08,7.82,20.86,28.67,37.49
"2010年 五股區0 計",79958,3434,4294,5616,6383,5832,6775,7220,6452,7107,7258,5956,4791,2799,1977,1450,1072,1016,379,108,37,2,13344,16.69,60573,75.76,6041,7.56,9.97,22.03,32,45.27
"2010年 五股區0 男",40570,1795,2272,2859,3329,3026,3468,3619,3323,3561,3669,2947,2356,1352,839,611,594,660,222,52,15,1,6926,17.07,30650,75.55,2994,7.38,9.77,22.6,32.37,43.23
"2010年 五股區0 女",39388,1639,2022,2757,3054,2806,3307,3601,3129,3546,3589,3009,2435,1447,1138,839,478,356,157,56,22,1,6418,16.29,29923,75.97,3047,7.74,10.18,21.45,31.63,47.48
"2010年 泰山區0 計",76470,3901,4301,5137,5433,5374,6897,8595,6944,5783,5859,5525,5109,3014,1743,1175,729,582,268,73,23,5,13339,17.44,58533,76.54,4598,6.01,7.86,22.79,30.64,34.47
"2010年 泰山區0 男",38447,2051,2250,2709,2889,2801,3430,4323,3532,2883,2782,2562,2412,1504,871,551,362,343,142,32,13,5,7010,18.23,29118,75.74,2319,6.03,7.96,24.07,32.04,33.08
"2010年 泰山區0 女",38023,1850,2051,2428,2544,2573,3467,4272,3412,2900,3077,2963,2697,1510,872,624,367,239,126,41,10,0,6329,16.65,29415,77.36,2279,5.99,7.75,21.52,29.26,36.01
"2010年 林口區0 計",83165,4803,5188,6748,6103,5209,6163,8276,7767,7551,6946,5675,4550,2764,1846,1363,952,764,347,120,27,3,16739,20.13,61004,73.35,5422,6.52,8.89,27.44,36.33,32.39
"2010年 林口區0 男",41094,2506,2774,3431,3106,2656,2960,3900,3724,3613,3411,2837,2213,1330,896,651,452,403,162,55,13,1,8711,21.2,29750,72.39,2633,6.41,8.85,29.28,38.13,30.23
"2010年 林口區0 女",42071,2297,2414,3317,2997,2553,3203,4376,4043,3938,3535,2838,2337,1434,950,712,500,361,185,65,14,2,8028,19.08,31254,74.29,2789,6.63,8.92,25.69,34.61,34.74
"2010年 深坑區0 計",23241,751,1149,1431,1694,1617,1818,1977,1838,2205,2371,1945,1518,960,603,549,320,285,150,51,8,1,3331,14.33,17943,77.2,1967,8.46,10.96,18.56,29.53,59.05
"2010年 深坑區0 男",11710,386,589,736,890,877,922,975,926,1085,1220,953,745,462,285,241,163,154,72,25,3,1,1711,14.61,9055,77.33,944,8.06,10.43,18.9,29.32,55.17
"2010年 深坑區0 女",11531,365,560,695,804,740,896,1002,912,1120,1151,992,773,498,318,308,157,131,78,26,5,0,1620,14.05,8888,77.08,1023,8.87,11.51,18.23,29.74,63.15
"2010年 石碇區0 計",7973,250,293,412,454,451,532,551,563,635,708,686,602,402,392,400,268,215,105,45,8,1,955,11.98,5584,70.04,1434,17.99,25.68,17.1,42.78,150.16
"2010年 石碇區0 男",4457,136,151,213,257,234,269,273,337,411,450,441,350,228,221,194,131,90,47,19,5,0,500,11.22,3250,72.92,707,15.86,21.75,15.38,37.14,141.4
"2010年 石碇區0 女",3516,114,142,199,197,217,263,278,226,224,258,245,252,174,171,206,137,125,58,26,3,1,455,12.94,2334,66.38,727,20.68,31.15,19.49,50.64,159.78
"2010年 坪林區0 計",6537,195,192,288,318,375,377,441,478,529,594,545,467,372,347,366,255,219,105,54,16,4,675,10.33,4496,68.78,1366,20.9,30.38,15.01,45.4,202.37
"2010年 坪林區0 男",3647,100,107,150,163,211,180,239,282,330,389,331,265,207,186,192,131,108,47,24,3,2,357,9.79,2597,71.21,693,19,26.68,13.75,40.43,194.12
"2010年 坪林區0 女",2890,95,85,138,155,164,197,202,196,199,205,214,202,165,161,174,124,111,58,30,13,2,318,11,1899,65.71,673,23.29,35.44,16.75,52.19,211.64
"2010年 三芝區0 計",23263,793,1075,1411,1791,1506,1727,1762,1735,2044,2095,1893,1595,1028,781,718,537,447,222,81,18,4,3279,14.1,17176,73.83,2808,12.07,16.35,19.09,35.44,85.64
"2010年 三芝區0 男",12058,417,540,746,950,786,890,932,892,1060,1094,991,829,539,380,372,248,236,104,42,10,0,1703,14.12,8963,74.33,1392,11.54,15.53,19,34.53,81.74
"2010年 三芝區0 女",11205,376,535,665,841,720,837,830,843,984,1001,902,766,489,401,346,289,211,118,39,8,4,1576,14.07,8213,73.3,1416,12.64,17.24,19.19,36.43,89.85
"2010年 石門區0 計",12700,528,656,766,893,816,1026,1140,1025,949,1003,892,805,552,440,390,324,277,142,53,22,1,1950,15.35,9101,71.66,1649,12.98,18.12,21.43,39.55,84.56
"2010年 石門區0 男",6680,289,344,413,486,402,487,553,545,542,568,486,431,302,237,196,163,138,66,22,10,0,1046,15.66,4802,71.89,832,12.46,17.33,21.78,39.11,79.54
"2010年 石門區0 女",6020,239,312,353,407,414,539,587,480,407,435,406,374,250,203,194,161,139,76,31,12,1,904,15.02,4299,71.41,817,13.57,19,21.03,40.03,90.38
"2010年 八里區0 計",34791,1557,1788,1961,2646,2488,2848,3083,2750,3085,3295,2865,2256,1281,904,759,551,404,179,75,13,3,5306,15.25,26597,76.45,2888,8.3,10.86,19.95,30.81,54.43
"2010年 八里區0 男",17642,819,889,1017,1340,1280,1428,1540,1435,1566,1721,1452,1110,638,435,368,270,214,79,35,4,2,2725,15.45,13510,76.58,1407,7.98,10.41,20.17,30.58,51.63
"2010年 八里區0 女",17149,738,899,944,1306,1208,1420,1543,1315,1519,1574,1413,1146,643,469,391,281,190,100,40,9,1,2581,15.05,13087,76.31,1481,8.64,11.32,19.72,31.04,57.38
"2010年 平溪區0 計",5344,137,160,124,185,245,315,342,340,451,495,451,418,312,327,424,261,213,101,29,12,2,421,7.88,3554,66.5,1369,25.62,38.52,11.85,50.37,325.18
"2010年 平溪區0 男",2982,67,79,68,103,121,179,194,225,309,341,294,242,172,157,178,121,85,36,7,3,1,214,7.18,2180,73.11,588,19.72,26.97,9.82,36.79,274.77
"2010年 平溪區0 女",2362,70,81,56,82,124,136,148,115,142,154,157,176,140,170,246,140,128,65,22,9,1,207,8.76,1374,58.17,781,33.07,56.84,15.07,71.91,377.29
"2010年 雙溪區0 計",9729,315,301,323,515,514,651,750,638,765,776,752,724,515,507,587,571,332,124,51,13,5,939,9.65,6600,67.84,2190,22.51,33.18,14.23,47.41,233.23
"2010年 雙溪區0 男",5277,170,149,172,252,249,327,415,401,500,496,463,409,267,251,272,271,139,50,19,4,1,491,9.3,3779,71.61,1007,19.08,26.65,12.99,39.64,205.09
"2010年 雙溪區0 女",4452,145,152,151,263,265,324,335,237,265,280,289,315,248,256,315,300,193,74,32,9,4,448,10.06,2821,63.36,1183,26.57,41.94,15.88,57.82,264.06
"2010年 貢寮區0 計",13776,501,506,563,704,749,894,1090,1274,1242,1203,1007,907,583,627,683,574,401,193,58,13,4,1570,11.4,9653,70.07,2553,18.53,26.45,16.26,42.71,162.61
"2010年 貢寮區0 男",7098,271,250,300,356,373,426,557,664,695,682,566,475,266,298,335,290,180,82,25,5,2,821,11.57,5060,71.29,1217,17.15,24.05,16.23,40.28,148.23
"2010年 貢寮區0 女",6678,230,256,263,348,376,468,533,610,547,521,441,432,317,329,348,284,221,111,33,8,2,749,11.22,4593,68.78,1336,20.01,29.09,16.31,45.4,178.37
"2010年 金山區0 計",22380,889,1027,1359,1592,1414,1800,2044,1804,1942,1821,1638,1399,901,789,708,538,414,192,80,27,2,3275,14.63,16355,73.08,2750,12.29,16.81,20.02,36.84,83.97
"2010年 金山區0 男",11247,454,536,715,777,718,847,994,941,1025,968,807,710,439,411,336,262,189,79,29,9,1,1705,15.16,8226,73.14,1316,11.7,16,20.73,36.73,77.18
"2010年 金山區0 女",11133,435,491,644,815,696,953,1050,863,917,853,831,689,462,378,372,276,225,113,51,18,1,1570,14.1,8129,73.02,1434,12.88,17.64,19.31,36.95,91.34
"2010年 萬里區0 計",22009,1063,972,1088,1315,1382,1668,1867,1655,1782,1907,1797,1487,965,830,802,623,469,237,82,16,2,3123,14.19,15825,71.9,3061,13.91,19.34,19.73,39.08,98.01
"2010年 萬里區0 男",11164,562,503,569,662,716,788,886,867,951,994,917,718,492,392,408,316,265,115,35,6,2,1634,14.64,7991,71.58,1539,13.79,19.26,20.45,39.71,94.19
"2010年 萬里區0 女",10845,501,469,519,653,666,880,981,788,831,913,880,769,473,438,394,307,204,122,47,10,0,1489,13.73,7834,72.24,1522,14.03,19.43,19.01,38.44,102.22
"2010年 烏來區0 計",5811,293,336,328,423,414,491,516,430,413,467,487,436,243,186,132,99,82,23,11,0,1,957,16.47,4320,74.34,534,9.19,12.36,22.15,34.51,55.8
"2010年 烏來區0 男",2938,152,181,183,222,220,249,240,194,208,243,243,214,112,102,61,49,41,17,7,0,0,516,17.56,2145,73.01,277,9.43,12.91,24.06,36.97,53.68
"2010年 烏來區0 女",2873,141,155,145,201,194,242,276,236,205,224,244,222,131,84,71,50,41,6,4,0,1,441,15.35,2175,75.7,257,8.95,11.82,20.28,32.09,58.28
"2011年 新北市0 計",3916451,157308,180882,228694,269741,280268,315599,365721,329334,317079,332740,319905,286645,198056,109675,87781,58645,44540,23458,7976,1895,509,566884,14.47,3015088,76.99,334479,8.54,11.09,18.8,29.9,59
"2011年 新北市0 男",1939844,82136,94821,118512,140182,145530,159395,181750,162795,154798,157942,151410,135766,94423,52349,39840,26943,23784,12311,3972,904,281,295469,15.23,1483991,76.5,160384,8.27,10.81,19.91,30.72,54.28
"2011年 新北市0 女",1976607,75172,86061,110182,129559,134738,156204,183971,166539,162281,174798,168495,150879,103633,57326,47941,31702,20756,11147,4004,991,228,271415,13.73,1531097,77.46,174095,8.81,11.37,17.73,29.1,64.14
"2011年 板橋區0 計",555335,22717,26231,33388,35506,39035,47809,55078,47612,42207,42477,43807,42622,30256,16538,12249,7774,5758,3026,945,210,90,82336,14.83,426409,76.78,46590,8.39,10.93,19.31,30.24,56.59
"2011年 板橋區0 男",273845,11910,13698,17333,18455,20185,24117,27613,23473,20519,19643,19914,19851,14255,8098,5614,3620,3189,1696,485,120,57,42941,15.68,208025,75.96,22879,8.35,11,20.64,31.64,53.28
"2011年 板橋區0 女",281490,10807,12533,16055,17051,18850,23692,27465,24139,21688,22834,23893,22771,16001,8440,6635,4154,2569,1330,460,90,33,39395,14,218384,77.58,23711,8.42,10.86,18.04,28.9,60.19
"2011年 三重區0 計",390421,14794,17023,21506,25572,28970,33824,38218,32609,30043,31626,32207,29155,20324,11647,9893,6596,3725,1843,640,145,61,53323,13.66,302548,77.49,34550,8.85,11.42,17.62,29.04,64.79
"2011年 三重區0 男",194126,7679,9002,11114,13423,15058,17187,19157,16439,14972,14916,15219,13940,9797,5692,4561,2950,1790,818,293,80,39,27795,14.32,150108,77.33,16223,8.36,10.81,18.52,29.32,58.37
"2011年 三重區0 女",196295,7115,8021,10392,12149,13912,16637,19061,16170,15071,16710,16988,15215,10527,5955,5332,3646,1935,1025,347,65,22,25528,13,152440,77.66,18327,9.34,12.02,16.75,28.77,71.79
"2011年 中和區0 計",414939,15716,16815,18243,25199,28288,34426,41029,36028,32920,33855,34965,34037,24499,13099,9406,6401,5627,3081,995,243,67,50774,12.24,325246,78.38,38919,9.38,11.97,15.61,27.58,76.65
"2011年 中和區0 男",204486,8201,8910,9335,13083,14736,17640,20546,18182,16367,15801,16030,15580,11370,5991,3985,2917,3281,1807,572,113,39,26446,12.93,159335,77.92,18705,9.15,11.74,16.6,28.34,70.73
"2011年 中和區0 女",210453,7515,7905,8908,12116,13552,16786,20483,17846,16553,18054,18935,18457,13129,7108,5421,3484,2346,1274,423,130,28,24328,11.56,165911,78.84,20214,9.6,12.18,14.66,26.85,83.09
"2011年 永和區0 計",232386,8154,9888,15229,14711,14125,16152,19060,19092,18981,19553,19088,18299,14352,7876,6217,4335,3733,2292,902,250,97,33271,14.32,173413,74.62,25702,11.06,14.82,19.19,34.01,77.25
"2011年 永和區0 男",111416,4198,5182,7818,7640,7298,8128,9185,8947,8681,8964,8726,8300,6527,3513,2535,1838,1960,1277,499,139,61,17198,15.44,82396,73.95,11822,10.61,14.35,20.87,35.22,68.74
"2011年 永和區0 女",120970,3956,4706,7411,7071,6827,8024,9875,10145,10300,10589,10362,9999,7825,4363,3682,2497,1773,1015,403,111,36,16073,13.29,91017,75.24,13880,11.47,15.25,17.66,32.91,86.36
"2011年 新莊區0 計",404089,17947,20784,26713,30225,31496,35122,40614,34116,30920,32995,31949,27977,18625,9485,6710,4015,2697,1233,385,69,12,65444,16.2,314039,77.72,24606,6.09,7.84,20.84,28.67,37.6
"2011年 新莊區0 男",199224,9380,10930,13908,15565,16262,17728,20006,16678,14580,14936,14820,13076,9176,4922,3207,1862,1392,603,156,32,5,34218,17.18,152827,76.71,12179,6.11,7.97,22.39,30.36,35.59
"2011年 新莊區0 女",204865,8567,9854,12805,14660,15234,17394,20608,17438,16340,18059,17129,14901,9449,4563,3503,2153,1305,630,229,37,7,31226,15.24,161212,78.69,12427,6.07,7.71,19.37,27.08,39.8
"2011年 新店區0 計",296581,10382,11214,13985,18988,19645,21436,23764,23991,25366,26936,26071,24398,17853,10165,7628,5440,4913,2975,1095,260,76,35581,12,228448,77.03,32552,10.98,14.25,15.58,29.82,91.49
"2011年 新店區0 男",144760,5387,5745,7141,9747,10026,10853,11626,11675,12429,12868,12117,11403,8134,4524,3248,2529,2821,1689,609,144,45,18273,12.62,110878,76.59,15609,10.78,14.08,16.48,30.56,85.42
"2011年 新店區0 女",151821,4995,5469,6844,9241,9619,10583,12138,12316,12937,14068,13954,12995,9719,5641,4380,2911,2092,1286,486,116,31,17308,11.4,117570,77.44,16943,11.16,14.41,14.72,29.13,97.89
"2011年 樹林區0 計",179788,8279,9410,11589,13600,14095,15401,17687,14901,13854,14774,14194,12213,7593,4139,3394,2190,1464,708,239,58,6,29278,16.28,138312,76.93,12198,6.78,8.82,21.17,29.99,41.66
"2011年 樹林區0 男",90415,4369,4951,6025,7094,7342,7771,8923,7400,6753,7053,6924,6004,3838,2103,1620,1013,751,346,116,17,2,15345,16.97,69102,76.43,5968,6.6,8.64,22.21,30.84,38.89
"2011年 樹林區0 女",89373,3910,4459,5564,6506,6753,7630,8764,7501,7101,7721,7270,6209,3755,2036,1774,1177,713,362,123,41,4,13933,15.59,69210,77.44,6230,6.97,9,20.13,29.13,44.71
"2011年 鶯歌區0 計",87683,3904,4690,6071,6669,6690,7728,8409,6874,6693,7019,6936,5765,3679,2063,1833,1251,852,393,129,29,6,14665,16.73,66462,75.8,6556,7.48,9.86,22.07,31.93,44.71
"2011年 鶯歌區0 男",44242,2000,2384,3189,3531,3473,3935,4347,3456,3320,3380,3396,2856,1898,986,836,572,438,181,53,11,0,7573,17.12,33592,75.93,3077,6.95,9.16,22.54,31.7,40.63
"2011年 鶯歌區0 女",43441,1904,2306,2882,3138,3217,3793,4062,3418,3373,3639,3540,2909,1781,1077,997,679,414,212,76,18,6,7092,16.33,32870,75.67,3479,8.01,10.58,21.58,32.16,49.06
"2011年 三峽區0 計",105629,4779,5819,7724,8543,7572,7571,8849,8893,9084,9439,7860,6322,4061,2530,2404,1730,1409,742,224,67,7,18322,17.35,78194,74.03,9113,8.63,11.65,23.43,35.09,49.74
"2011年 三峽區0 男",53696,2523,3079,4076,4458,3917,3747,4300,4395,4538,4797,4052,3204,1989,1208,1139,859,829,442,110,31,3,9678,18.02,39397,73.37,4621,8.61,11.73,24.57,36.29,47.75
"2011年 三峽區0 女",51933,2256,2740,3648,4085,3655,3824,4549,4498,4546,4642,3808,3118,2072,1322,1265,871,580,300,114,36,4,8644,16.64,38797,74.71,4492,8.65,11.58,22.28,33.86,51.97
"2011年 淡水區0 計",146756,5439,6646,8067,9624,9682,10504,12744,12808,13463,13383,12414,10883,7678,4176,3439,2415,1971,1016,340,56,8,20152,13.73,113183,77.12,13421,9.15,11.86,17.8,29.66,66.6
"2011年 淡水區0 男",71192,2815,3493,4153,5012,5015,5169,6241,6068,6306,6239,5714,5031,3550,1937,1619,1158,991,524,136,18,3,10461,14.69,54345,76.34,6386,8.97,11.75,19.25,31,61.05
"2011年 淡水區0 女",75564,2624,3153,3914,4612,4667,5335,6503,6740,7157,7144,6700,5852,4128,2239,1820,1257,980,492,204,38,5,9691,12.82,58838,77.87,7035,9.31,11.96,16.47,28.43,72.59
"2011年 汐止區0 計",190679,6810,7766,9567,12696,12574,13685,17205,16755,18144,19359,16843,13861,9387,5225,4398,2803,2025,1108,356,102,10,24143,12.66,150509,78.93,16027,8.41,10.65,16.04,26.69,66.38
"2011年 汐止區0 男",94436,3580,4035,4973,6642,6565,6936,8593,8383,8900,9513,8177,6474,4316,2387,1965,1247,1005,532,172,40,1,12588,13.33,74499,78.89,7349,7.78,9.86,16.9,26.76,58.38
"2011年 汐止區0 女",96243,3230,3731,4594,6054,6009,6749,8612,8372,9244,9846,8666,7387,5071,2838,2433,1556,1020,576,184,62,9,11555,12.01,76010,78.98,8678,9.02,11.42,15.2,26.62,75.1
"2011年 瑞芳區0 計",42031,1299,1672,1963,2696,2945,2997,3170,3024,3470,3848,3567,2999,2072,1393,1861,1458,965,455,143,24,10,4934,11.74,30788,73.25,6309,15.01,20.49,16.03,36.52,127.87
"2011年 瑞芳區0 男",21399,688,845,983,1419,1552,1513,1613,1606,1902,2128,1935,1536,981,600,817,640,409,169,56,6,1,2516,11.76,16185,75.63,2698,12.61,16.67,15.55,32.22,107.23
"2011年 瑞芳區0 女",20632,611,827,980,1277,1393,1484,1557,1418,1568,1720,1632,1463,1091,793,1044,818,556,286,87,18,9,2418,11.72,14603,70.78,3611,17.5,24.73,16.56,41.29,149.34
"2011年 土城區0 計",239156,9315,10744,14765,18767,19672,20765,22139,18904,18970,22216,20925,17139,10242,5137,3813,2477,1878,883,325,76,4,34824,14.56,189739,79.34,14593,6.1,7.69,18.35,26.04,41.91
"2011年 土城區0 男",119365,4895,5619,7776,9825,10339,10636,11164,9328,8945,10269,9831,8301,5177,2590,1806,1129,1057,457,187,32,2,18290,15.32,93815,78.6,7260,6.08,7.74,19.5,27.23,39.69
"2011年 土城區0 女",119791,4420,5125,6989,8942,9333,10129,10975,9576,10025,11947,11094,8838,5065,2547,2007,1348,821,426,138,44,2,16534,13.8,95924,80.08,7333,6.12,7.64,17.24,24.88,44.35
"2011年 蘆洲區0 計",198373,8549,10629,13366,15865,15969,16319,18621,16780,16668,17665,15931,12566,7737,4199,3407,2011,1253,597,199,34,8,32544,16.41,154121,77.69,11708,5.9,7.6,21.12,28.71,35.98
"2011年 蘆洲區0 男",98077,4501,5576,6949,8288,8385,8221,9190,8203,7865,8175,7613,6058,3668,1970,1611,889,571,256,77,9,2,17026,17.36,75666,77.15,5385,5.49,7.12,22.5,29.62,31.63
"2011年 蘆洲區0 女",100296,4048,5053,6417,7577,7584,8098,9431,8577,8803,9490,8318,6508,4069,2229,1796,1122,682,341,122,25,6,15518,15.47,78455,78.22,6323,6.3,8.06,19.78,27.84,40.75
"2011年 五股區0 計",80518,3309,4098,5259,6506,6106,6470,7278,6544,6916,7343,6203,5030,3249,1985,1519,1080,1036,427,131,28,1,12666,15.73,61645,76.56,6207,7.71,10.07,20.55,30.62,49.01
"2011年 五股區0 男",40739,1714,2201,2654,3350,3215,3276,3653,3288,3508,3711,3068,2481,1589,860,637,529,653,268,72,12,0,6569,16.12,31139,76.44,3031,7.44,9.73,21.1,30.83,46.14
"2011年 五股區0 女",39779,1595,1897,2605,3156,2891,3194,3625,3256,3408,3632,3135,2549,1660,1125,882,551,383,159,59,16,1,6097,15.33,30506,76.69,3176,7.98,10.41,19.99,30.4,52.09
"2011年 泰山區0 計",77057,3889,4242,4948,5450,5463,6317,8389,7457,5855,5823,5553,5236,3568,1824,1287,756,597,294,81,23,5,13079,16.97,59111,76.71,4867,6.32,8.23,22.13,30.36,37.21
"2011年 泰山區0 男",38644,2026,2230,2606,2869,2883,3120,4204,3720,2966,2766,2602,2427,1760,929,607,358,351,167,38,10,5,6862,17.76,29317,75.86,2465,6.38,8.41,23.41,31.81,35.92
"2011年 泰山區0 女",38413,1863,2012,2342,2581,2580,3197,4185,3737,2889,3057,2951,2809,1808,895,680,398,246,127,43,13,0,6217,16.18,29794,77.56,2402,6.25,8.06,20.87,28.93,38.64
"2011年 林口區0 計",86628,4993,5320,6592,6398,5559,5887,8176,8457,7803,7300,6053,4857,3387,1948,1536,962,797,425,133,38,7,16905,19.51,63877,73.74,5846,6.75,9.15,26.46,35.62,34.58
"2011年 林口區0 男",42729,2646,2845,3383,3259,2842,2858,3802,4025,3771,3494,3014,2349,1603,941,739,454,415,211,54,22,2,8874,20.77,31017,72.59,2838,6.64,9.15,28.61,37.76,31.98
"2011年 林口區0 女",43899,2347,2475,3209,3139,2717,3029,4374,4432,4032,3806,3039,2508,1784,1007,797,508,382,214,79,16,5,8031,18.29,32860,74.85,3008,6.85,9.15,24.44,33.59,37.45
"2011年 深坑區0 計",23531,715,1069,1345,1721,1710,1770,1932,1823,2153,2417,2035,1667,1144,587,588,314,295,175,54,15,2,3129,13.3,18372,78.08,2030,8.63,11.05,17.03,28.08,64.88
"2011年 深坑區0 男",11848,356,590,703,885,946,881,961,896,1083,1216,1009,818,539,288,253,148,159,88,22,6,1,1649,13.92,9234,77.94,965,8.14,10.45,17.86,28.31,58.52
"2011年 深坑區0 女",11683,359,479,642,836,764,889,971,927,1070,1201,1026,849,605,299,335,166,136,87,32,9,1,1480,12.67,9138,78.22,1065,9.12,11.65,16.2,27.85,71.96
"2011年 石碇區0 計",7887,235,271,411,462,461,467,540,502,646,713,682,614,454,360,408,267,217,115,55,5,2,917,11.63,5541,70.25,1429,18.12,25.79,16.55,42.34,155.83
"2011年 石碇區0 男",4386,122,144,197,255,257,239,261,289,410,447,442,377,249,209,195,121,96,52,19,5,0,463,10.56,3226,73.55,697,15.89,21.61,14.35,35.96,150.54
"2011年 石碇區0 女",3501,113,127,214,207,204,228,279,213,236,266,240,237,205,151,213,146,121,63,36,0,2,454,12.97,2315,66.12,732,20.91,31.62,19.61,51.23,161.23
"2011年 坪林區0 計",6533,176,183,287,336,365,364,398,461,519,632,529,504,397,349,356,257,230,118,48,22,2,646,9.89,4505,68.96,1382,21.15,30.68,14.34,45.02,213.93
"2011年 坪林區0 男",3632,80,98,156,172,212,165,217,263,328,405,324,288,226,188,182,135,114,51,19,8,1,334,9.2,2600,71.59,698,19.22,26.85,12.85,39.69,208.98
"2011年 坪林區0 女",2901,96,85,131,164,153,199,181,198,191,227,205,216,171,161,174,122,116,67,29,14,1,312,10.75,1905,65.67,684,23.58,35.91,16.38,52.28,219.23
"2011年 三芝區0 計",23319,761,981,1407,1761,1607,1617,1760,1665,1996,2123,1925,1664,1218,725,746,545,489,216,92,17,4,3149,13.5,17336,74.34,2834,12.15,16.35,18.16,34.51,90
"2011年 三芝區0 男",12040,391,493,748,932,824,845,913,872,1031,1082,1018,869,626,349,387,256,257,95,42,10,0,1632,13.55,9012,74.85,1396,11.59,15.49,18.11,33.6,85.54
"2011年 三芝區0 女",11279,370,488,659,829,783,772,847,793,965,1041,907,795,592,376,359,289,232,121,50,7,4,1517,13.45,8324,73.8,1438,12.75,17.28,18.22,35.5,94.79
"2011年 石門區0 計",12841,547,598,726,960,851,950,1161,1044,937,1026,922,834,634,403,424,300,281,162,60,18,3,1871,14.57,9319,72.57,1651,12.86,17.72,20.08,37.79,88.24
"2011年 石門區0 男",6721,295,304,396,521,431,462,553,534,512,579,512,435,346,221,221,157,135,71,28,8,0,995,14.8,4885,72.68,841,12.51,17.22,20.37,37.58,84.52
"2011年 石門區0 女",6120,252,294,330,439,420,488,608,510,425,447,410,399,288,182,203,143,146,91,32,10,3,876,14.31,4434,72.45,810,13.24,18.27,19.76,38.02,92.47
"2011年 八里區0 計",35423,1540,1660,1919,2720,2588,2719,3060,2853,2994,3406,2986,2471,1516,886,798,575,419,202,92,15,4,5119,14.45,27313,77.11,2991,8.44,10.95,18.74,29.69,58.43
"2011年 八里區0 男",17888,819,826,964,1393,1330,1377,1512,1461,1508,1761,1529,1225,744,420,398,265,220,87,42,4,3,2609,14.59,13840,77.37,1439,8.04,10.4,18.85,29.25,55.16
"2011年 八里區0 女",17535,721,834,955,1327,1258,1342,1548,1392,1486,1645,1457,1246,772,466,400,310,199,115,50,11,1,2510,14.31,13473,76.83,1552,8.85,11.52,18.63,30.15,61.83
"2011年 平溪區0 計",5197,117,151,117,180,236,273,313,344,409,492,453,421,342,276,417,289,206,114,33,12,2,385,7.41,3463,66.63,1349,25.96,38.95,11.12,50.07,350.39
"2011年 平溪區0 男",2900,52,78,66,98,120,153,179,229,277,334,310,245,186,130,175,134,80,41,9,3,1,196,6.76,2131,73.48,573,19.76,26.89,9.2,36.09,292.35
"2011年 平溪區0 女",2297,65,73,51,82,116,120,134,115,132,158,143,176,156,146,242,155,126,73,24,9,1,189,8.23,1332,57.99,776,33.78,58.26,14.19,72.45,410.58
"2011年 雙溪區0 計",9555,287,298,304,524,524,555,690,607,737,777,747,742,598,451,578,571,354,138,54,15,4,889,9.3,6501,68.04,2165,22.66,33.3,13.67,46.98,243.53
"2011年 雙溪區0 男",5173,142,152,162,259,259,268,389,360,479,506,466,420,322,231,263,258,156,55,21,4,1,456,8.82,3728,72.07,989,19.12,26.53,12.23,38.76,216.89
"2011年 雙溪區0 女",4382,145,146,142,265,265,287,301,247,258,271,281,322,276,220,315,313,198,83,33,11,3,433,9.88,2773,63.28,1176,26.84,42.41,15.61,58.02,271.59
"2011年 貢寮區0 計",13538,462,445,535,703,712,831,997,1232,1225,1251,1025,930,669,558,691,585,387,218,63,13,6,1442,10.65,9575,70.73,2521,18.62,26.33,15.06,41.39,174.83
"2011年 貢寮區0 男",6987,255,221,292,351,357,422,501,623,672,710,592,500,313,253,332,295,181,88,21,5,3,768,10.99,5041,72.15,1178,16.86,23.37,15.24,38.6,153.39
"2011年 貢寮區0 女",6551,207,224,243,352,355,409,496,609,553,541,433,430,356,305,359,290,206,130,42,8,3,674,10.29,4534,69.21,1343,20.5,29.62,14.87,44.49,199.26
"2011年 金山區0 計",22447,837,994,1307,1619,1471,1631,2056,1826,1895,1879,1673,1426,1086,714,760,528,414,217,82,30,2,3138,13.98,16562,73.78,2747,12.24,16.59,18.95,35.53,87.54
"2011年 金山區0 男",11218,418,530,670,788,739,760,992,950,998,975,850,707,531,366,384,243,189,92,26,8,2,1618,14.42,8290,73.9,1310,11.68,15.8,19.52,35.32,80.96
"2011年 金山區0 女",11229,419,464,637,831,732,871,1064,876,897,904,823,719,555,348,376,285,225,125,56,22,0,1520,13.54,8272,73.67,1437,12.8,17.37,18.38,35.75,94.54
"2011年 萬里區0 計",22204,1041,922,1035,1297,1427,1543,1868,1674,1810,1933,1888,1566,1126,770,877,611,473,248,73,19,3,2998,13.5,16132,72.65,3074,13.84,19.06,18.58,37.64,102.54
"2011年 萬里區0 男",11269,537,485,554,650,729,739,874,843,975,1031,967,790,568,354,432,318,257,126,32,6,2,1576,13.99,8166,72.46,1527,13.55,18.7,19.3,38,96.89
"2011年 萬里區0 女",10935,504,437,481,647,698,804,994,831,835,902,921,776,558,416,445,293,216,122,41,13,1,1422,13,7966,72.85,1547,14.15,19.42,17.85,37.27,108.79
"2011年 烏來區0 計",5927,315,319,326,443,430,466,516,458,401,480,474,447,310,167,144,109,75,37,8,2,0,960,16.2,4425,74.66,542,9.14,12.25,21.69,33.94,56.46
"2011年 烏來區0 男",2991,157,175,188,218,233,249,235,209,203,243,239,221,145,89,72,49,37,22,6,1,0,520,17.39,2195,73.39,276,9.23,12.57,23.69,36.26,53.08
"2011年 烏來區0 女",2936,158,144,138,225,197,217,281,249,198,237,235,226,165,78,72,60,38,15,2,1,0,440,14.99,2230,75.95,266,9.06,11.93,19.73,31.66,60.45
"2012年 新北市0 計",3939305,162303,175258,216170,267859,281913,298170,367141,334563,317363,326037,326420,292340,220372,117382,92712,61117,45375,25192,9012,2014,592,553731,14.06,3032178,76.97,353396,8.97,11.65,18.26,29.92,63.82
"2012年 新北市0 男",1946607,84492,91777,112190,138924,146897,150724,182258,164651,155045,155019,154452,137783,104445,55887,42259,27156,23653,13141,4558,961,335,288459,14.82,1490198,76.55,167950,8.63,11.27,19.36,30.63,58.22
"2012年 新北市0 女",1992698,77811,83481,103980,128935,135016,147446,184883,169912,162318,171018,171968,154557,115927,61495,50453,33961,21722,12051,4454,1053,257,265272,13.31,1541980,77.38,185446,9.31,12.03,17.2,29.23,69.91
"2012年 板橋區0 計",557440,23782,25732,31682,35180,38504,44309,55513,49027,43218,41139,43492,42944,33315,17863,13150,8171,5812,3229,1046,228,104,81196,14.57,426641,76.54,49603,8.9,11.63,19.03,30.66,61.09
"2012年 板橋區0 男",274286,12487,13489,16430,18216,20037,22244,27746,24094,21153,19129,19740,19864,15567,8640,6133,3656,3096,1813,561,123,68,42406,15.46,207790,75.76,24090,8.78,11.59,20.41,32,56.81
"2012年 板橋區0 女",283154,11295,12243,15252,16964,18467,22065,27767,24933,22065,22010,23752,23080,17748,9223,7017,4515,2716,1416,485,105,36,38790,13.7,218851,77.29,25513,9.01,11.66,17.72,29.38,65.77
"2012年 三重區0 計",390090,15214,16269,20260,25065,28468,31768,38256,33098,30243,30734,32439,29564,22427,12223,10185,6964,4047,1907,740,152,67,51743,13.26,302062,77.43,36285,9.3,12.01,17.13,29.14,70.13
"2012年 三重區0 男",193586,7888,8546,10583,13065,14917,16138,19171,16670,15119,14546,15280,14093,10656,5953,4708,3052,1891,844,342,81,43,27017,13.96,149655,77.31,16914,8.74,11.3,18.05,29.35,62.61
"2012年 三重區0 女",196504,7326,7723,9677,12000,13551,15630,19085,16428,15124,16188,17159,15471,11771,6270,5477,3912,2156,1063,398,71,24,24726,12.58,152407,77.56,19371,9.86,12.71,16.22,28.93,78.34
"2012年 中和區0 計",416499,16443,16127,17438,24798,27913,32226,40847,36699,33285,33037,35117,34112,27036,14394,10028,6534,5644,3327,1145,259,90,50008,12.01,325070,78.05,41421,9.95,12.74,15.38,28.13,82.83
"2012年 中和區0 男",204605,8588,8492,8987,12804,14613,16435,20383,18474,16408,15598,16138,15507,12537,6624,4230,2770,3234,1958,639,136,50,26067,12.74,158897,77.66,19641,9.6,12.36,16.4,28.77,75.35
"2012年 中和區0 女",211894,7855,7635,8451,11994,13300,15791,20464,18225,16877,17439,18979,18605,14499,7770,5798,3764,2410,1369,506,123,40,23941,11.3,166173,78.42,21780,10.28,13.11,14.41,27.51,90.97
"2012年 永和區0 計",230768,8021,9553,14193,14667,14204,15034,18775,18806,18673,19023,19166,18103,15480,8607,6508,4468,3754,2367,1000,248,118,31767,13.77,171931,74.5,27070,11.73,15.74,18.48,34.22,85.21
"2012年 永和區0 男",110388,4069,5005,7252,7649,7324,7642,9070,8758,8533,8777,8756,8199,6976,3870,2684,1806,1936,1289,584,132,77,16326,14.79,81684,74,12378,11.21,15.15,19.99,35.14,75.82
"2012年 永和區0 女",120380,3952,4548,6941,7018,6880,7392,9705,10048,10140,10246,10410,9904,8504,4737,3824,2662,1818,1078,416,116,41,15441,12.83,90247,74.97,14692,12.2,16.28,17.11,33.39,95.15
"2012年 新莊區0 計",407012,18476,20308,25382,29801,31571,33281,40946,35450,31151,32051,32531,28686,20813,10380,7277,4266,2752,1375,411,92,12,64166,15.77,316281,77.71,26565,6.53,8.4,20.29,28.69,41.4
"2012年 新莊區0 男",200359,9540,10695,13222,15322,16377,16843,20264,17149,14892,14473,15073,13378,10038,5352,3537,1943,1379,668,165,42,7,33457,16.7,153809,76.77,13093,6.53,8.51,21.75,30.26,39.13
"2012年 新莊區0 女",206653,8936,9613,12160,14479,15194,16438,20682,18301,16259,17578,17458,15308,10775,5028,3740,2323,1373,707,246,50,5,30709,14.86,162472,78.62,13472,6.52,8.29,18.9,27.19,43.87
"2012年 新店區0 計",297637,10417,10837,13055,18875,20035,20440,23776,23353,25046,26360,26620,24767,19544,11237,8134,5533,4878,3143,1231,285,71,34309,11.53,228816,76.88,34512,11.6,15.08,14.99,30.08,100.59
"2012年 新店區0 男",144858,5387,5576,6623,9654,10331,10323,11689,11274,12286,12553,12456,11460,8931,4994,3482,2450,2738,1758,699,155,39,17586,12.14,110957,76.6,16315,11.26,14.7,15.85,30.55,92.77
"2012年 新店區0 女",152779,5030,5261,6432,9221,9704,10117,12087,12079,12760,13807,14164,13307,10613,6243,4652,3083,2140,1385,532,130,32,16723,10.95,117859,77.14,18197,11.91,15.44,14.19,29.63,108.81
"2012年 樹林區0 計",182012,8647,9218,11042,13513,14178,14803,17930,15453,13941,14334,14659,12628,8755,4344,3585,2311,1557,782,263,60,9,28907,15.88,140194,77.02,12911,7.09,9.21,20.62,29.83,44.66
"2012年 樹林區0 男",91286,4529,4881,5688,7051,7433,7514,8955,7678,6852,6825,7084,6131,4386,2180,1700,1081,795,368,133,17,5,15098,16.54,69909,76.58,6279,6.88,8.98,21.6,30.58,41.59
"2012年 樹林區0 女",90726,4118,4337,5354,6462,6745,7289,8975,7775,7089,7509,7575,6497,4369,2164,1885,1230,762,414,130,43,4,13809,15.22,70285,77.47,6632,7.31,9.44,19.65,29.08,48.03
"2012年 鶯歌區0 計",88336,4080,4500,5783,6626,6712,7373,8559,7092,6691,6936,7032,5918,4211,2093,1903,1319,883,439,157,23,6,14363,16.26,67150,76.02,6823,7.72,10.16,21.39,31.55,47.5
"2012年 鶯歌區0 男",44480,2082,2282,3053,3508,3498,3714,4383,3594,3309,3359,3448,2901,2146,995,886,590,442,212,68,8,2,7417,16.67,33860,76.12,3203,7.2,9.46,21.9,31.36,43.18
"2012年 鶯歌區0 女",43856,1998,2218,2730,3118,3214,3659,4176,3498,3382,3577,3584,3017,2065,1098,1017,729,441,227,89,15,4,6946,15.84,33290,75.91,3620,8.25,10.87,20.87,31.74,52.12
"2012年 三峽區0 計",107794,5015,5740,7421,8568,7785,7502,8996,9030,9077,9524,8325,6591,4723,2575,2525,1806,1448,839,225,67,12,18176,16.86,80121,74.33,9497,8.81,11.85,22.69,34.54,52.25
"2012年 三峽區0 男",54662,2651,3030,3917,4526,4023,3733,4366,4422,4469,4856,4263,3312,2327,1229,1190,860,835,502,116,29,6,9598,17.56,40297,73.72,4767,8.72,11.83,23.82,35.65,49.67
"2012年 三峽區0 女",53132,2364,2710,3504,4042,3762,3769,4630,4608,4608,4668,4062,3279,2396,1346,1335,946,613,337,109,38,6,8578,16.14,39824,74.95,4730,8.9,11.88,21.54,33.42,55.14
"2012年 淡水區0 計",150687,5687,6468,7816,9738,10184,10204,12990,12948,13478,13612,12951,11341,8795,4569,3746,2552,1992,1146,390,69,11,19971,13.25,116241,77.14,14475,9.61,12.45,17.18,29.63,72.48
"2012年 淡水區0 男",72932,2933,3429,4062,5055,5281,5062,6340,6142,6272,6314,5960,5218,4061,2099,1747,1193,1005,558,171,26,4,10424,14.29,55705,76.38,6803,9.33,12.21,18.71,30.93,65.26
"2012年 淡水區0 女",77755,2754,3039,3754,4683,4903,5142,6650,6806,7206,7298,6991,6123,4734,2470,1999,1359,987,588,219,43,7,9547,12.28,60536,77.85,7672,9.87,12.67,15.77,28.44,80.36
"2012年 汐止區0 計",192676,6884,7443,9014,12791,13066,12890,17175,16605,17738,19463,17639,14388,10607,5516,4619,2999,2098,1214,394,114,19,23341,12.11,152362,79.08,16973,8.81,11.14,15.32,26.46,72.72
"2012年 汐止區0 男",95129,3590,3890,4679,6684,6826,6509,8646,8302,8619,9490,8570,6742,4842,2554,2063,1269,1031,582,187,49,5,12159,12.78,75230,79.08,7740,8.14,10.29,16.16,26.45,63.66
"2012年 汐止區0 女",97547,3294,3553,4335,6107,6240,6381,8529,8303,9119,9973,9069,7646,5765,2962,2556,1730,1067,632,207,65,14,11182,11.46,77132,79.07,9233,9.47,11.97,14.5,26.47,82.57
"2012年 瑞芳區0 計",41617,1334,1505,1854,2554,3014,2817,3135,2897,3423,3772,3642,3074,2311,1331,1783,1489,987,486,171,30,8,4693,11.28,30639,73.62,6285,15.1,20.51,15.32,35.83,133.92
"2012年 瑞芳區0 男",21116,697,757,954,1298,1614,1424,1570,1526,1845,2112,1949,1613,1099,582,777,638,418,171,62,10,0,2408,11.4,16050,76.01,2658,12.59,16.56,15,31.56,110.38
"2012年 瑞芳區0 女",20501,637,748,900,1256,1400,1393,1565,1371,1578,1660,1693,1461,1212,749,1006,851,569,315,109,20,8,2285,11.15,14589,71.16,3627,17.69,24.86,15.66,40.52,158.73
"2012年 土城區0 計",239717,9708,10370,13644,18448,19600,19848,22507,19340,18703,21233,21607,17764,11574,5489,4071,2523,1881,954,370,75,8,33722,14.07,190624,79.52,15371,6.41,8.06,17.69,25.75,45.58
"2012年 土城區0 男",119321,5051,5412,7182,9709,10241,10197,11387,9483,8939,9713,10128,8534,5779,2760,1923,1132,1006,502,208,30,5,17645,14.79,94110,78.87,7566,6.34,8.04,18.75,26.79,42.88
"2012年 土城區0 女",120396,4657,4958,6462,8739,9359,9651,11120,9857,9764,11520,11479,9230,5795,2729,2148,1391,875,452,162,45,3,16077,13.35,96514,80.16,7805,6.48,8.09,16.66,24.74,48.55
"2012年 蘆洲區0 計",199490,8616,10270,12413,15829,16217,15619,18765,17060,16456,17362,16526,13145,8787,4436,3589,2161,1338,614,242,38,7,31299,15.69,155766,78.08,12425,6.23,7.98,20.09,28.07,39.7
"2012年 蘆洲區0 男",98452,4589,5327,6473,8242,8504,7875,9260,8305,7813,8091,7818,6266,4195,2092,1699,926,620,256,89,9,3,16389,16.65,76369,77.57,5694,5.78,7.46,21.46,28.92,34.74
"2012年 蘆洲區0 女",101038,4027,4943,5940,7587,7713,7744,9505,8755,8643,9271,8708,6879,4592,2344,1890,1235,718,358,153,29,4,14910,14.76,79397,78.58,6731,6.66,8.48,18.78,27.26,45.14
"2012年 五股區0 計",81225,3484,3925,4869,6474,6379,6116,7379,6680,6740,7334,6475,5276,3607,2047,1675,1077,1016,486,156,28,2,12278,15.12,62460,76.9,6487,7.99,10.39,19.66,30.04,52.83
"2012年 五股區0 男",41085,1815,2090,2480,3323,3380,3101,3708,3368,3382,3710,3209,2631,1749,894,710,502,629,307,83,14,0,6385,15.54,31561,76.82,3139,7.64,9.95,20.23,30.18,49.16
"2012年 五股區0 女",40140,1669,1835,2389,3151,2999,3015,3671,3312,3358,3624,3266,2645,1858,1153,965,575,387,179,73,14,2,5893,14.68,30899,76.98,3348,8.34,10.84,19.07,29.91,56.81
"2012年 泰山區0 計",77617,4074,4238,4665,5488,5457,5889,8170,7867,5956,5765,5544,5257,3978,1993,1407,817,590,330,103,23,6,12977,16.72,59371,76.49,5269,6.79,8.87,21.86,30.73,40.6
"2012年 泰山區0 男",38784,2103,2215,2476,2872,2887,2929,4023,3930,2997,2764,2616,2418,1934,1028,651,361,325,200,44,6,5,6794,17.52,29370,75.73,2620,6.76,8.92,23.13,32.05,38.56
"2012年 泰山區0 女",38833,1971,2023,2189,2616,2570,2960,4147,3937,2959,3001,2928,2839,2044,965,756,456,265,130,59,17,1,6183,15.92,30001,77.26,2649,6.82,8.83,20.61,29.44,42.84
"2012年 林口區0 計",89886,5372,5390,6424,6688,5879,5677,8247,8753,8019,7527,6550,5150,3868,2133,1673,1032,811,490,156,41,6,17186,19.12,66358,73.82,6342,7.06,9.56,25.9,35.46,36.9
"2012年 林口區0 男",44244,2850,2846,3320,3408,3024,2813,3784,4134,3851,3624,3233,2445,1853,1012,821,485,414,237,65,22,3,9016,20.38,32169,72.71,3059,6.91,9.51,28.03,37.54,33.93
"2012年 林口區0 女",45642,2522,2544,3104,3280,2855,2864,4463,4619,4168,3903,3317,2705,2015,1121,852,547,397,253,91,19,3,8170,17.9,34189,74.91,3283,7.19,9.6,23.9,33.5,40.18
"2012年 深坑區0 計",23569,697,995,1276,1706,1770,1666,1929,1789,2052,2369,2186,1723,1276,615,601,369,288,175,74,12,1,2968,12.59,18466,78.35,2135,9.06,11.56,16.07,27.63,71.93
"2012年 深坑區0 男",11862,354,552,655,888,963,861,961,871,1027,1162,1104,844,611,290,271,167,154,92,29,6,0,1561,13.16,9292,78.33,1009,8.51,10.86,16.8,27.66,64.64
"2012年 深坑區0 女",11707,343,443,621,818,807,805,968,918,1025,1207,1082,879,665,325,330,202,134,83,45,6,1,1407,12.02,9174,78.36,1126,9.62,12.27,15.34,27.61,80.03
"2012年 石碇區0 計",7895,245,259,409,482,443,465,541,489,604,676,737,626,509,312,416,287,208,117,64,3,3,913,11.56,5572,70.58,1410,17.86,25.31,16.39,41.69,154.44
"2012年 石碇區0 男",4360,128,135,211,252,240,250,250,274,376,434,464,381,293,174,206,125,89,51,23,3,1,474,10.87,3214,73.72,672,15.41,20.91,14.75,35.66,141.77
"2012年 石碇區0 女",3535,117,124,198,230,203,215,291,215,228,242,273,245,216,138,210,162,119,66,41,0,2,439,12.42,2358,66.7,738,20.88,31.3,18.62,49.92,168.11
"2012年 坪林區0 計",6483,180,159,262,344,374,359,382,413,519,608,540,519,433,331,359,268,230,127,50,23,3,601,9.27,4491,69.27,1391,21.46,30.97,13.38,44.36,231.45
"2012年 坪林區0 男",3610,98,71,151,169,208,173,205,244,308,396,341,299,249,183,175,148,110,54,19,8,1,320,8.86,2592,71.8,698,19.34,26.93,12.35,39.27,218.13
"2012年 坪林區0 女",2873,82,88,111,175,166,186,177,169,211,212,199,220,184,148,184,120,120,73,31,15,2,281,9.78,1899,66.1,693,24.12,36.49,14.8,51.29,246.62
"2012年 三芝區0 計",23460,748,933,1321,1762,1667,1522,1796,1659,1967,2075,1982,1708,1367,768,764,571,477,240,106,22,5,3002,12.8,17505,74.62,2953,12.59,16.87,17.15,34.02,98.37
"2012年 三芝區0 男",12083,381,468,701,932,872,788,920,867,999,1061,1034,889,711,386,384,275,245,108,50,12,0,1550,12.83,9073,75.09,1460,12.08,16.09,17.08,33.18,94.19
"2012年 三芝區0 女",11377,367,465,620,830,795,734,876,792,968,1014,948,819,656,382,380,296,232,132,56,10,5,1452,12.76,8432,74.11,1493,13.12,17.71,17.22,34.93,102.82
"2012年 石門區0 計",12798,536,543,701,944,885,871,1170,1021,979,969,977,845,701,390,444,308,276,159,62,13,4,1780,13.91,9362,73.15,1656,12.94,17.69,19.01,36.7,93.03
"2012年 石門區0 男",6695,266,287,387,501,459,415,575,493,554,548,542,441,385,209,232,165,123,77,27,9,0,940,14.04,4913,73.38,842,12.58,17.14,19.13,36.27,89.57
"2012年 石門區0 女",6103,270,256,314,443,426,456,595,528,425,421,435,404,316,181,212,143,153,82,35,4,4,840,13.76,4449,72.9,814,13.34,18.3,18.88,37.18,96.9
"2012年 八里區0 計",35721,1608,1559,1786,2713,2688,2601,3047,2902,2955,3351,3143,2533,1748,897,815,605,436,210,101,20,3,4953,13.87,27681,77.49,3087,8.64,11.15,17.89,29.05,62.33
"2012年 八里區0 男",17991,867,791,889,1378,1365,1310,1517,1465,1477,1707,1625,1270,878,411,397,272,222,93,46,9,2,2547,14.16,13992,77.77,1452,8.07,10.38,18.2,28.58,57.01
"2012年 八里區0 女",17730,741,768,897,1335,1323,1291,1530,1437,1478,1644,1518,1263,870,486,418,333,214,117,55,11,1,2406,13.57,13689,77.21,1635,9.22,11.94,17.58,29.52,67.96
"2012年 平溪區0 計",5109,124,145,116,181,226,252,286,319,404,470,478,432,346,254,416,297,194,117,39,11,2,385,7.54,3394,66.43,1330,26.03,39.19,11.34,50.53,345.45
"2012年 平溪區0 男",2841,56,76,62,96,119,140,166,203,270,320,327,263,181,124,180,132,77,32,13,3,1,194,6.83,2085,73.39,562,19.78,26.95,9.3,36.26,289.69
"2012年 平溪區0 女",2268,68,69,54,85,107,112,120,116,134,150,151,169,165,130,236,165,117,85,26,8,1,191,8.42,1309,57.72,768,33.86,58.67,14.59,73.26,402.09
"2012年 雙溪區0 計",9465,271,282,304,528,532,502,670,589,724,768,783,736,644,407,575,531,387,157,60,13,2,857,9.05,6476,68.42,2132,22.53,32.92,13.23,46.16,248.77
"2012年 雙溪區0 男",5102,123,149,145,268,264,247,365,342,472,490,504,413,345,217,263,234,172,60,24,3,2,417,8.17,3710,72.72,975,19.11,26.28,11.24,37.52,233.81
"2012年 雙溪區0 女",4363,148,133,159,260,268,255,305,247,252,278,279,323,299,190,312,297,215,97,36,10,0,440,10.08,2766,63.4,1157,26.52,41.83,15.91,57.74,262.95
"2012年 貢寮區0 計",13412,460,398,506,692,718,741,972,1172,1243,1248,1060,933,756,505,699,577,413,231,70,14,4,1364,10.17,9535,71.09,2513,18.74,26.36,14.31,40.66,184.24
"2012年 貢寮區0 男",6904,250,199,266,353,357,394,471,593,667,718,601,507,363,225,337,288,194,86,28,5,2,715,10.36,5024,72.77,1165,16.87,23.19,14.23,37.42,162.94
"2012年 貢寮區0 女",6508,210,199,240,339,361,347,501,579,576,530,459,426,393,280,362,289,219,145,42,9,2,649,9.97,4511,69.31,1348,20.71,29.88,14.39,44.27,207.7
"2012年 金山區0 計",22486,846,929,1206,1624,1543,1519,2006,1881,1866,1906,1759,1467,1138,722,748,551,423,234,85,28,5,2981,13.26,16709,74.31,2796,12.43,16.73,17.84,34.57,93.79
"2012年 金山區0 男",11203,441,478,619,802,754,726,957,955,985,986,902,706,555,365,381,258,190,104,31,5,3,1538,13.73,8328,74.34,1337,11.93,16.05,18.47,34.52,86.93
"2012年 金山區0 女",11283,405,451,587,822,789,793,1049,926,881,920,857,761,583,357,367,293,233,130,54,23,2,1443,12.79,8381,74.28,1459,12.93,17.41,17.22,34.63,101.11
"2012年 萬里區0 計",22429,1002,861,1004,1337,1456,1425,1868,1691,1814,1930,1986,1651,1287,776,871,617,482,256,93,18,4,2867,12.78,16445,73.32,3117,13.9,18.95,17.43,36.39,108.72
"2012年 萬里區0 男",11387,518,448,536,680,741,685,889,826,974,1031,1046,831,644,355,423,323,248,136,46,6,1,1502,13.19,8347,73.3,1538,13.51,18.43,17.99,36.42,102.4
"2012年 萬里區0 女",11042,484,413,468,657,715,740,979,865,840,899,940,820,643,421,448,294,234,120,47,12,3,1365,12.36,8098,73.34,1579,14.3,19.5,16.86,36.35,115.68
"2012年 烏來區0 計",5975,332,302,324,443,445,451,508,480,398,461,474,459,336,175,146,114,73,41,8,5,0,958,16.03,4455,74.56,562,9.41,12.62,21.5,34.12,58.66
"2012年 烏來區0 男",2996,161,161,187,219,245,239,237,215,197,232,241,227,154,90,69,55,35,23,6,3,0,509,16.99,2206,73.63,281,9.38,12.74,23.07,35.81,55.21
"2012年 烏來區0 女",2979,171,141,137,224,200,212,271,265,201,229,233,232,182,85,77,59,38,18,2,2,0,449,15.07,2249,75.5,281,9.43,12.49,19.96,32.46,62.58
"2013年 新北市0 計",3954929,163470,171155,209940,256414,278139,290967,359907,343281,315516,320950,330332,299991,239984,127452,98371,64030,45438,26929,9859,2209,595,544565,13.77,3035481,76.75,374883,9.48,12.35,17.94,30.29,68.84
"2013年 新北市0 男",1950060,85006,89532,109407,132696,145371,147239,178288,168594,154560,152872,155890,140919,113143,60462,45088,27929,22705,13991,4965,1071,332,283945,14.56,1489572,76.39,176543,9.05,11.85,19.06,30.91,62.18
"2013年 新北市0 女",2004869,78464,81623,100533,123718,132768,143728,181619,174687,160956,168078,174442,159072,126841,66990,53283,36101,22733,12938,4894,1138,263,260620,13,1545909,77.11,198340,9.89,12.83,16.86,29.69,76.1
"2013年 板橋區0 計",556920,23904,25323,30980,33626,37025,42411,53879,50627,43478,40636,43078,43072,36016,19357,14160,8517,5873,3427,1181,256,94,80207,14.4,423848,76.11,52865,9.49,12.47,18.92,31.4,65.91
"2013年 板橋區0 男",273387,12464,13209,16140,17411,19319,21344,26814,24908,21220,19073,19536,19788,16752,9259,6680,3764,2990,1888,638,126,64,41813,15.29,206165,75.41,25409,9.29,12.32,20.28,32.61,60.77
"2013年 板橋區0 女",283533,11440,12114,14840,16215,17706,21067,27065,25719,22258,21563,23542,23284,19264,10098,7480,4753,2883,1539,543,130,30,38394,13.54,217683,76.78,27456,9.68,12.61,17.64,30.25,71.51
"2013年 三重區0 計",389813,15263,15855,19571,23914,27555,30721,37475,34115,30112,29976,32534,30256,24259,13007,10607,7327,4255,2049,751,162,49,50689,13,300917,77.2,38207,9.8,12.7,16.84,29.54,75.38
"2013年 三重區0 男",193129,7930,8303,10213,12458,14478,15666,18744,17141,15073,14338,15185,14486,11457,6219,5003,3142,1907,925,350,84,27,26446,13.69,149026,77.16,17657,9.14,11.85,17.75,29.59,66.77
"2013年 三重區0 女",196684,7333,7552,9358,11456,13077,15055,18731,16974,15039,15638,17349,15770,12802,6788,5604,4185,2348,1124,401,78,22,24243,12.33,151891,77.23,20550,10.45,13.53,15.96,29.49,84.77
"2013年 中和區0 計",415742,16534,15609,16967,23601,27039,30873,39563,37408,33390,32362,34834,34369,29162,15724,10906,6693,5535,3532,1253,288,100,49110,11.81,322601,77.6,44031,10.59,13.65,15.22,28.87,89.66
"2013年 中和區0 男",203704,8650,8211,8837,12100,14158,15686,19767,18637,16626,15409,16054,15515,13366,7264,4739,2720,2979,2079,695,160,52,25698,12.62,157318,77.23,20688,10.16,13.15,16.34,29.49,80.5
"2013年 中和區0 女",212038,7884,7398,8130,11501,12881,15187,19796,18771,16764,16953,18780,18854,15796,8460,6167,3973,2556,1453,558,128,48,23412,11.04,165283,77.95,23343,11.01,14.12,14.16,28.29,99.71
"2013年 永和區0 計",229062,7942,9342,13544,14007,13961,14469,18123,18581,18449,18636,18998,18083,16278,9544,6821,4694,3636,2501,1090,245,118,30828,13.46,169585,74.03,28649,12.51,16.89,18.18,35.07,92.93
"2013年 永和區0 男",109292,4046,4880,6938,7273,7246,7346,8694,8700,8551,8520,8685,8182,7288,4272,2883,1818,1801,1324,634,132,79,15864,14.52,80485,73.64,12943,11.84,16.08,19.71,35.79,81.59
"2013年 永和區0 女",119770,3896,4462,6606,6734,6715,7123,9429,9881,9898,10116,10313,9901,8990,5272,3938,2876,1835,1177,456,113,39,14964,12.49,89100,74.39,15706,13.11,17.63,16.79,34.42,104.96
"2013年 新莊區0 計",409760,18643,20057,24692,28395,30909,32870,40194,37405,31343,31145,32932,29539,22762,11563,7804,4596,2790,1549,452,102,18,63392,15.47,317494,77.48,28874,7.05,9.09,19.97,29.06,45.55
"2013年 新莊區0 男",201476,9626,10536,12944,14640,16048,16670,19824,18137,15063,14160,15133,13724,10796,5898,3809,2103,1359,756,195,45,10,33106,16.43,154195,76.53,14175,7.04,9.19,21.47,30.66,42.82
"2013年 新莊區0 女",208284,9017,9521,11748,13755,14861,16200,20370,19268,16280,16985,17799,15815,11966,5665,3995,2493,1431,793,257,57,8,30286,14.54,163299,78.4,14699,7.06,9,18.55,27.55,48.53
"2013年 新店區0 計",299017,10368,10568,12557,18040,20038,20038,23405,23234,24582,26216,26892,25256,21238,12211,8853,5651,4884,3252,1348,313,73,33493,11.2,228939,76.56,36585,12.24,15.98,14.63,30.61,109.23
"2013年 新店區0 男",145092,5339,5448,6305,9282,10383,10089,11558,11152,11996,12594,12515,11734,9728,5361,3805,2402,2637,1809,746,169,40,17092,11.78,111031,76.52,16969,11.7,15.28,15.39,30.68,99.28
"2013年 新店區0 女",153925,5029,5120,6252,8758,9655,9949,11847,12082,12586,13622,14377,13522,11510,6850,5048,3249,2247,1443,602,144,33,16401,10.66,117908,76.6,19616,12.74,16.64,13.91,30.55,119.6
"2013年 樹林區0 計",183407,8760,1690,10725,12902,14114,14369,17817,16162,13935,14051,14863,13111,9724,4802,3796,2456,1586,848,292,60,10,28509,15.54,141048,76.9,13850,7.55,9.82,20.21,30.03,48.58
"2013年 樹林區0 男",91859,4580,900,5566,6709,7408,7297,8865,8055,6820,6729,7137,6301,4874,2416,1799,1154,758,423,142,17,5,14950,16.27,70195,76.42,6714,7.31,9.56,21.3,30.86,44.91
"2013年 樹林區0 女",91548,4180,790,5159,6193,6706,7072,8952,8107,7115,7322,7726,6810,4850,2386,1997,1302,828,425,150,43,5,13559,14.81,70853,77.39,7136,7.79,10.07,19.14,29.21,52.63
"2013年 鶯歌區0 計",88637,4217,893,5543,6415,6601,7162,8528,7465,6571,6771,7082,6229,4506,2338,1949,1395,867,476,167,29,4,14082,15.89,67330,75.96,7225,8.15,10.73,20.91,31.65,51.31
"2013年 鶯歌區0 男",44506,2169,441,2939,3390,3443,3625,4292,3758,3228,3333,3445,3049,2256,1150,887,624,414,229,74,10,1,7298,16.4,33819,75.99,3389,7.61,10.02,21.58,31.6,46.44
"2013年 鶯歌區0 女",44131,2048,452,2604,3025,3158,3537,4236,3707,3343,3438,3637,3180,2250,1188,1062,771,453,247,93,19,3,6784,15.37,33511,75.94,3836,8.69,11.45,20.24,31.69,56.54
"2013年 三峽區0 計",110010,5145,5812,7229,8325,8083,7495,8907,9425,9132,9483,8821,7059,5205,2747,2582,1909,1433,879,258,66,15,18186,16.53,81935,74.48,9889,8.99,12.07,22.2,34.26,54.38
"2013年 三峽區0 男",55635,2683,3039,3841,4380,4193,3778,4338,4583,4460,4822,4473,3542,2595,1323,1204,896,783,530,138,25,9,9563,17.19,41164,73.99,4908,8.82,11.92,23.23,35.15,51.32
"2013年 三峽區0 女",54375,2462,2773,3388,3945,3890,3717,4569,4842,4672,4661,4348,3517,2610,1424,1378,1013,650,349,120,41,6,8623,15.86,40771,74.98,4981,9.16,12.22,21.15,33.37,57.76
"2013年 淡水區0 計",155241,5958,6428,7735,9522,10456,10318,13160,13260,13612,13880,13507,11952,9773,5056,4072,2730,1990,1308,415,96,13,20121,12.96,119440,76.94,15680,10.1,13.13,16.85,29.97,77.93
"2013年 淡水區0 男",74943,3125,3410,4031,4887,5463,5115,6432,6287,6360,6395,6151,5469,4531,2311,1867,1262,989,631,178,43,6,10566,14.1,57090,76.18,7287,9.72,12.76,18.51,31.27,68.97
"2013年 淡水區0 女",80298,2833,3018,3704,4635,4993,5203,6728,6973,7252,7485,7356,6483,5242,2745,2205,1468,1001,677,237,53,7,9555,11.9,62350,77.65,8393,10.45,13.46,15.32,28.79,87.84
"2013年 汐止區0 計",194200,6939,1487,8852,12377,13376,12682,16666,16727,17200,19362,18265,15071,11543,5954,4939,3160,2117,1224,470,113,26,22928,11.81,153269,78.92,18003,9.27,11.75,14.96,26.71,78.52
"2013年 汐止區0 男",95471,3582,763,4604,6412,7024,6367,8402,8326,8408,9267,8870,7051,5268,2770,2188,1325,1001,589,213,54,8,11928,12.49,75395,78.97,8148,8.53,10.81,15.82,26.63,68.31
"2013年 汐止區0 女",98729,3357,724,4248,5965,6352,6315,8264,8401,8792,10095,9395,8020,6275,3184,2751,1835,1116,635,257,59,18,11000,11.14,77874,78.88,9855,9.98,12.66,14.13,26.78,89.59
"2013年 瑞芳區0 計",41490,1416,1372,1824,2442,2942,2826,3134,2898,3243,3672,3739,3164,2519,1320,1716,1506,1006,515,184,44,8,4612,11.12,30579,73.7,6299,15.18,20.6,15.08,35.68,136.58
"2013年 瑞芳區0 男",21000,727,698,951,1233,1577,1409,1581,1497,1733,2013,2043,1655,1238,586,740,633,421,185,63,17,0,2376,11.31,15979,76.09,2645,12.6,16.55,14.87,31.42,111.32
"2013年 瑞芳區0 女",20490,689,674,873,1209,1365,1417,1553,1401,1510,1659,1696,1509,1281,734,976,873,585,330,121,27,8,2236,10.91,14600,71.25,3654,17.83,25.03,15.32,40.34,163.42
"2013年 土城區0 計",239258,9818,10104,12932,17276,19202,19450,22498,19754,18099,20453,21774,18549,12955,6073,4261,2664,1919,992,402,77,6,32854,13.73,190010,79.42,16394,6.85,8.63,17.29,25.92,49.9
"2013年 土城區0 男",118787,5105,5254,6825,9011,10090,10007,11393,9725,8682,9374,10121,8831,6358,3073,1995,1185,972,537,210,36,3,17184,14.47,93592,78.79,8011,6.74,8.56,18.36,26.92,46.62
"2013年 土城區0 女",120471,4713,4850,6107,8265,9112,9443,11105,10029,9417,11079,11653,9718,6597,3000,2266,1479,947,455,192,41,3,15670,13.01,96418,80.03,8383,6.96,8.69,16.25,24.95,53.5
"2013年 蘆洲區0 計",199426,8501,9828,12078,15092,15993,15448,18214,17425,16033,17101,16917,13881,9720,4703,3803,2333,1376,663,267,44,6,30407,15.25,155824,78.14,13195,6.62,8.47,19.51,27.98,43.39
"2013年 蘆洲區0 男",98338,4517,5074,6382,7844,8386,7856,8941,8479,7749,7872,8013,6581,4632,2200,1778,1011,631,276,102,11,3,15973,16.24,76353,77.64,6012,6.11,7.87,20.92,28.79,37.64
"2013年 蘆洲區0 女",101088,3984,4754,5696,7248,7607,7592,9273,8946,8284,9229,8904,7300,5088,2503,2025,1322,745,387,165,33,3,14434,14.28,79471,78.62,7183,7.11,9.04,18.16,27.2,49.76
"2013年 五股區0 計",81744,3546,3721,4672,6230,6429,6096,7351,6820,6588,7215,6834,5468,3976,2166,1772,1113,980,557,169,36,5,11939,14.61,63007,77.08,6798,8.32,10.79,18.95,29.74,56.94
"2013年 五股區0 男",41292,1868,1963,2445,3189,3418,3099,3671,3446,3315,3608,3427,2649,1951,974,730,493,580,352,93,20,1,6276,15.2,31773,76.95,3243,7.85,10.21,19.75,29.96,51.67
"2013年 五股區0 女",40452,1678,1758,2227,3041,3011,2997,3680,3374,3273,3607,3407,2819,2025,1192,1042,620,400,205,76,16,4,5663,14,31234,77.21,3555,8.79,11.38,18.13,29.51,62.78
"2013年 泰山區0 計",77939,3973,4177,4622,5278,5396,5668,7886,8114,6247,5573,5656,5305,4308,2236,1530,860,583,381,117,21,8,12772,16.39,59431,76.25,5736,7.36,9.65,21.49,31.14,44.91
"2013年 泰山區0 男",38879,2005,2233,2435,2753,2879,2835,3859,4013,3225,2672,2685,2414,2056,1115,737,372,302,223,55,6,5,6673,17.16,29391,75.6,2815,7.24,9.58,22.7,32.28,42.18
"2013年 泰山區0 女",39060,1968,1944,2187,2525,2517,2833,4027,4101,3022,2901,2971,2891,2252,1121,793,488,281,158,62,15,3,6099,15.61,30040,76.91,2921,7.48,9.72,20.3,30.03,47.89
"2013年 林口區0 計",94108,5533,5609,6457,6740,6087,5950,8248,9372,8366,7789,6998,5537,4494,2359,1860,1142,810,514,183,50,10,17599,18.7,69581,73.94,6928,7.36,9.96,25.29,35.25,39.37
"2013年 林口區0 男",46239,2925,2957,3361,3407,3166,2921,3815,4452,3985,3772,3391,2640,2128,1125,896,526,407,248,84,25,8,9243,19.99,33677,72.83,3319,7.18,9.86,27.45,37.3,35.91
"2013年 林口區0 女",47869,2608,2652,3096,3333,2921,3029,4433,4920,4381,4017,3607,2897,2366,1234,964,616,403,266,99,25,2,8356,17.46,35904,75,3609,7.54,10.05,23.27,33.32,43.19
"2013年 深坑區0 計",23622,705,906,1235,1649,1786,1620,1892,1807,1947,2319,2313,1795,1398,655,616,419,275,192,76,16,1,2846,12.05,18526,78.43,2250,9.53,12.15,15.36,27.51,79.06
"2013年 深坑區0 男",11865,369,491,650,864,967,858,958,851,984,1093,1177,875,675,305,277,188,142,101,30,10,0,1510,12.73,9302,78.4,1053,8.87,11.32,16.23,27.55,69.74
"2013年 深坑區0 女",11757,336,415,585,785,819,762,934,956,963,1226,1136,920,723,350,339,231,133,91,46,6,1,1336,11.36,9224,78.46,1197,10.18,12.98,14.48,27.46,89.6
"2013年 石碇區0 計",7848,238,247,387,474,434,444,515,501,585,647,729,662,558,313,407,311,199,125,59,11,2,872,11.11,5549,70.71,1427,18.18,25.72,15.71,41.43,163.65
"2013年 石碇區0 男",4328,119,131,205,249,225,240,236,284,356,425,456,398,326,168,212,130,89,50,21,7,1,455,10.51,3195,73.82,678,15.67,21.22,14.24,35.46,149.01
"2013年 石碇區0 女",3520,119,116,182,225,209,204,279,217,229,222,273,264,232,145,195,181,110,75,38,4,1,417,11.85,2354,66.88,749,21.28,31.82,17.71,49.53,179.62
"2013年 坪林區0 計",6460,199,149,255,337,378,362,371,416,491,565,572,515,460,321,350,295,208,139,57,18,2,603,9.33,4467,69.15,1390,21.52,31.12,13.5,44.62,230.51
"2013年 坪林區0 男",3621,110,74,142,176,210,177,198,237,294,372,360,304,268,179,168,160,96,65,23,8,0,326,9,2596,71.69,699,19.3,26.93,12.56,39.48,214.42
"2013年 坪林區0 女",2839,89,75,113,161,168,185,173,179,197,193,212,211,192,142,182,135,112,74,34,10,2,277,9.76,1871,65.9,691,24.34,36.93,14.8,51.74,249.46
"2013年 三芝區0 計",23464,742,850,1243,1678,1696,1502,1740,1662,1862,2067,2036,1838,1465,797,815,594,464,279,104,24,6,2835,12.08,17546,74.78,3083,13.14,17.57,16.16,33.73,108.75
"2013年 三芝區0 男",12093,396,424,639,888,903,798,863,886,944,1067,1065,962,753,408,398,292,227,119,49,11,1,1459,12.06,9129,75.49,1505,12.45,16.49,15.98,32.47,103.15
"2013年 三芝區0 女",11371,346,426,604,790,793,704,877,776,918,1000,971,876,712,389,417,302,237,160,55,13,5,1376,12.1,8417,74.02,1578,13.88,18.75,16.35,35.1,114.68
"2013年 石門區0 計",12794,532,486,694,910,883,854,1141,1042,992,964,1008,840,758,407,436,311,271,169,75,17,4,1712,13.38,9392,73.41,1690,13.21,17.99,18.23,36.22,98.71
"2013年 石門區0 男",6658,260,260,372,482,464,414,553,505,550,546,569,428,401,222,229,164,124,68,36,11,0,892,13.4,4912,73.78,854,12.83,17.39,18.16,35.55,95.74
"2013年 石門區0 女",6136,272,226,322,428,419,440,588,537,442,418,439,412,357,185,207,147,147,101,39,6,4,820,13.36,4480,73.01,836,13.62,18.66,18.3,36.96,101.95
"2013年 八里區0 計",36201,1605,1481,1766,2607,2798,2599,3071,2978,2884,3309,3281,2645,1942,956,870,615,430,233,95,33,3,4852,13.4,28114,77.66,3235,8.94,11.51,17.26,28.77,66.67
"2013年 八里區0 男",18218,861,775,873,1326,1450,1302,1511,1502,1453,1659,1696,1315,970,459,416,261,228,107,37,16,1,2509,13.77,14184,77.86,1525,8.37,10.75,17.69,28.44,60.78
"2013年 八里區0 女",17983,744,706,893,1281,1348,1297,1560,1476,1431,1650,1585,1330,972,497,454,354,202,126,58,17,2,2343,13.03,13930,77.46,1710,9.51,12.28,16.82,29.1,72.98
"2013年 平溪區0 計",5002,111,128,120,153,217,217,284,306,399,450,484,421,378,243,396,324,178,136,46,9,2,359,7.18,3309,66.15,1334,26.67,40.31,10.85,51.16,371.59
"2013年 平溪區0 男",2776,58,61,60,83,113,122,162,192,263,306,333,258,206,125,176,134,62,45,14,2,1,179,6.45,2038,73.41,559,20.14,27.43,8.78,36.21,312.29
"2013年 平溪區0 女",2226,53,67,60,70,104,95,122,114,136,144,151,163,172,118,220,190,116,91,32,7,1,180,8.09,1271,57.1,775,34.82,60.98,14.16,75.14,430.56
"2013年 雙溪區0 計",9412,263,256,316,503,548,477,629,586,691,780,799,740,712,413,540,517,393,172,59,16,2,835,8.87,6465,68.69,2112,22.44,32.67,12.92,45.58,252.93
"2013年 雙溪區0 男",5065,121,139,158,248,268,235,342,331,446,498,508,433,385,217,256,226,161,65,20,6,2,418,8.25,3694,72.93,953,18.82,25.8,11.32,37.11,227.99
"2013年 雙溪區0 女",4347,142,117,158,255,280,242,287,255,245,282,291,307,327,196,284,291,232,107,39,10,0,417,9.59,2771,63.75,1159,26.66,41.83,15.05,56.87,277.94
"2013年 貢寮區0 計",13306,423,362,498,657,703,740,926,1093,1255,1260,1105,950,798,497,700,566,433,236,89,12,3,1283,9.64,9487,71.3,2536,19.06,26.73,13.52,40.26,197.66
"2013年 貢寮區0 男",6820,231,190,246,350,336,394,442,552,664,721,625,511,393,218,337,281,204,85,35,4,1,667,9.78,4988,73.14,1165,17.08,23.36,13.37,36.73,174.66
"2013年 貢寮區0 女",6486,192,172,252,307,367,346,484,541,591,539,480,439,405,279,363,285,229,151,54,8,2,616,9.5,4499,69.36,1371,21.14,30.47,13.69,44.17,222.56
"2013年 金山區0 計",22392,859,849,1147,1541,1583,1439,1943,1929,1811,1940,1754,1501,1265,711,766,562,415,250,90,31,6,2855,12.75,16706,74.61,2831,12.64,16.95,17.09,34.04,99.16
"2013年 金山區0 男",11132,449,437,610,756,784,685,910,941,969,1005,909,721,620,354,382,268,179,110,33,7,3,1496,13.44,8300,74.56,1336,12,16.1,18.02,34.12,89.3
"2013年 金山區0 女",11260,410,412,537,785,799,754,1033,988,842,935,845,780,645,357,384,294,236,140,57,24,3,1359,12.07,8406,74.65,1495,13.28,17.78,16.17,33.95,110.01
"2013年 萬里區0 計",22618,988,850,984,1308,1445,1430,1829,1698,1796,1893,2032,1745,1421,799,888,652,457,285,103,14,1,2822,12.48,16597,73.38,3199,14.14,19.27,17,36.28,113.36
"2013年 萬里區0 男",11456,526,439,517,677,731,686,871,803,941,1010,1078,887,696,399,425,336,227,149,52,5,1,1482,12.94,8380,73.15,1594,13.91,19.02,17.68,36.71,107.56
"2013年 萬里區0 女",11162,462,411,467,631,714,744,958,895,855,883,954,858,725,400,463,316,230,136,51,9,0,1340,12.01,8217,73.62,1605,14.38,19.53,16.31,35.84,119.78
"2013年 烏來區0 計",6036,345,303,315,415,462,437,518,471,423,435,495,438,391,180,156,118,75,46,7,6,0,963,15.95,4485,74.3,588,9.74,13.11,21.47,34.58,61.06
"2013年 烏來區0 男",2999,165,160,178,218,241,218,252,214,202,219,250,216,176,92,72,59,35,23,5,4,0,503,16.77,2206,73.56,290,9.67,13.15,22.8,35.95,57.65
"2013年 烏來區0 女",3037,180,143,137,197,221,219,266,257,221,216,245,222,215,88,84,59,40,23,2,2,0,460,15.15,2279,75.04,298,9.81,13.08,20.18,33.26,64.78
"2014年 新北市0 計",3966818,167511,167653,200196,248713,278165,279885,347582,352274,313504,318599,329967,307078,255146,142968,102126,68072,45346,28439,10576,2432,586,535360,13.5,3030913,76.41,400545,10.1,13.22,17.66,30.88,74.82
"2014年 新北市0 男",1951739,86926,87444,104565,128863,145229,142167,172004,172608,153623,151875,155688,143986,119468,67620,47249,29464,21482,14701,5275,1189,313,278935,14.29,1485511,76.11,187293,9.6,12.61,18.78,31.39,67.15
"2014年 新北市0 女",2015079,80585,80209,95631,119850,132936,137718,175578,179666,159881,166724,174279,163092,135678,75348,54877,38608,23864,13738,5301,1243,273,256425,12.73,1545402,76.69,213252,10.58,13.8,16.59,30.39,83.16
"2014年 板橋區0 計",555914,24561,24940,29519,32645,36292,39904,51971,52121,43650,40416,41971,43293,37869,21637,14848,9103,5934,3535,1334,279,92,79020,14.21,420132,75.57,56762,10.21,13.51,18.81,32.32,71.83
"2014年 板橋區0 男",272300,12734,13067,15444,16887,18864,20154,25816,25574,21380,19095,19122,19701,17499,10223,7092,3970,2832,1935,718,136,57,41245,15.15,204092,74.95,26963,9.9,13.21,20.21,33.42,65.37
"2014年 板橋區0 女",283614,11827,11873,14075,15758,17428,19750,26155,26547,22270,21321,22849,23592,20370,11414,7756,5133,3102,1600,616,143,35,37775,13.32,216040,76.17,29799,10.51,13.79,17.49,31.28,78.89
"2014年 三重區0 計",389325,15561,15426,18500,23307,27119,29173,35952,35253,30047,29692,31960,30842,25813,14362,10876,7722,4507,2217,779,170,47,49487,12.71,299158,76.84,40680,10.45,13.6,16.54,30.14,82.2
"2014年 三重區0 男",192412,8063,8019,9611,12166,14227,14987,17984,17639,14962,14359,14930,14654,12148,6799,5167,3286,1954,986,358,85,28,25693,13.35,148056,76.95,18663,9.7,12.61,17.35,29.96,72.64
"2014年 三重區0 女",196913,7498,7407,8889,11141,12892,14186,17968,17614,15085,15333,17030,16188,13665,7563,5709,4436,2553,1231,421,85,19,23794,12.08,151102,76.74,22017,11.18,14.57,15.75,30.32,92.53
"2014年 中和區0 計",415226,16838,15277,16339,22907,26572,29120,37656,38389,33354,32255,34201,34422,30597,17863,11530,7047,5358,3717,1352,347,85,48454,11.67,319473,76.94,47299,11.39,14.81,15.17,29.97,97.62
"2014年 中和區0 男",202986,8790,8032,8569,11759,13954,14735,18833,19124,16590,15463,15712,15589,13868,8227,5000,2888,2671,2169,776,199,38,25391,12.51,155627,76.67,21968,10.82,14.12,16.32,30.43,86.52
"2014年 中和區0 女",212240,8048,7245,7770,11148,12618,14385,18823,19265,16764,16792,18489,18833,16729,9636,6530,4159,2687,1548,576,148,47,23063,10.87,163846,77.2,25331,11.94,15.46,14.08,29.54,109.83
"2014年 永和區0 計",227267,8029,9159,12853,13518,13882,13651,17258,18490,18194,18356,18730,18114,16827,10531,7141,4905,3521,2614,1113,276,105,30041,13.22,167020,73.49,30206,13.29,18.09,17.99,36.07,100.55
"2014年 永和區0 男",108243,4078,4744,6685,7015,7187,6965,8293,8590,8497,8406,8618,8117,7484,4772,3054,1895,1642,1348,630,155,68,15507,14.33,79172,73.14,13564,12.53,17.13,19.59,36.72,87.47
"2014年 永和區0 女",119024,3951,4415,6168,6503,6695,6686,8965,9900,9697,9950,10112,9997,9343,5759,4087,3010,1879,1266,483,121,37,14534,12.21,87848,73.81,16642,13.98,18.94,16.54,35.49,114.5
"2014年 新莊區0 計",411711,19056,19906,23573,27424,30890,31627,38996,38839,31579,30823,32723,30192,24408,13146,8375,4951,2910,1621,526,124,22,62535,15.19,317501,77.12,31675,7.69,9.98,19.7,29.67,50.65
"2014年 新莊區0 男",201987,9887,10360,12386,14137,16046,16036,19172,18801,15271,14129,14962,13900,11439,6570,4204,2260,1327,800,235,49,16,32633,16.16,153893,76.19,15461,7.65,10.05,21.2,31.25,47.38
"2014年 新莊區0 女",209724,9169,9546,11187,13287,14844,15591,19824,20038,16308,16694,17761,16292,12969,6576,4171,2691,1583,821,291,75,6,29902,14.26,163608,78.01,16214,7.73,9.91,18.28,28.19,54.22
"2014年 新店區0 計",299730,10395,10325,11841,17347,20123,19519,22861,23297,23785,26117,26983,25613,22567,13653,9339,6064,4643,3390,1428,363,77,32561,10.86,228212,76.14,38957,13,17.07,14.27,31.34,119.64
"2014年 新店區0 男",145091,5380,5245,6033,8917,10388,9889,11315,11120,11649,12473,12603,11888,10347,6017,4047,2518,2364,1892,767,197,42,16658,11.48,110589,76.22,17844,12.3,16.14,15.06,31.2,107.12
"2014年 新店區0 女",154639,5015,5080,5808,8430,9735,9630,11546,12177,12136,13644,14380,13725,12220,7636,5292,3546,2279,1498,661,166,35,15903,10.28,117623,76.06,21113,13.65,17.95,13.52,31.47,132.76
"2014年 樹林區0 計",184167,9118,8795,10208,12605,13954,13807,17237,16840,14068,13919,14755,13502,10489,5383,3898,2639,1636,931,314,59,10,28121,15.27,141176,76.66,14870,8.07,10.53,19.92,30.45,52.88
"2014年 樹林區0 男",92148,4756,4652,5321,6530,7313,7052,8506,8442,6943,6642,7110,6481,5214,2658,1883,1247,751,471,151,20,5,14729,15.98,70233,76.22,7186,7.8,10.23,20.97,31.2,48.79
"2014年 樹林區0 女",92019,4362,4143,4887,6075,6641,6755,8731,8398,7125,7277,7645,7021,5275,2725,2015,1392,885,460,163,39,5,13392,14.55,70943,77.1,7684,8.35,10.83,18.88,29.71,57.38
"2014年 鶯歌區0 計",89075,4391,4248,5222,6298,6545,6874,8494,7716,6502,6782,7049,6411,4892,2590,1988,1440,906,516,169,35,7,13861,15.56,67563,75.85,7651,8.59,11.32,20.52,31.84,55.2
"2014年 鶯歌區0 男",44603,2249,2173,2720,3338,3438,3494,4180,3934,3202,3339,3402,3115,2413,1317,905,618,420,263,70,10,3,7142,16.01,33855,75.9,3606,8.08,10.65,21.1,31.75,50.49
"2014年 鶯歌區0 女",44472,2142,2075,2502,2960,3107,3380,4314,3782,3300,3443,3647,3296,2479,1273,1083,822,486,253,99,25,4,6719,15.11,33708,75.8,4045,9.1,12,19.93,31.93,60.2
"2014年 三峽區0 計",111588,5389,5709,6989,8120,8425,7506,8703,9618,9081,9409,9110,7553,5615,3034,2633,2011,1404,895,306,61,17,18087,16.21,83140,74.51,10361,9.29,12.46,21.75,34.22,57.28
"2014年 三峽區0 男",56280,2825,2965,3733,4265,4347,3807,4230,4639,4489,4661,4639,3812,2764,1460,1250,921,736,526,175,25,11,9523,16.92,41653,74.01,5104,9.07,12.25,22.86,35.12,53.6
"2014年 三峽區0 女",55308,2564,2744,3256,3855,4078,3699,4473,4979,4592,4748,4471,3741,2851,1574,1383,1090,668,369,131,36,6,8564,15.48,41487,75.01,5257,9.5,12.67,20.64,33.31,61.38
"2014年 淡水區0 計",158953,6173,6456,7577,9266,10870,10247,12890,13598,13579,14200,13931,12620,10521,5831,4317,2888,2007,1385,479,101,17,20206,12.71,121722,76.58,17025,10.71,13.99,16.6,30.59,84.26
"2014年 淡水區0 男",76614,3230,3381,3983,4751,5658,5153,6328,6497,6290,6459,6390,5765,4849,2691,1994,1300,971,664,205,46,9,10594,13.83,58140,75.89,7880,10.29,13.55,18.22,31.78,74.38
"2014年 淡水區0 女",82339,2943,3075,3594,4515,5212,5094,6562,7101,7289,7741,7541,6855,5672,3140,2323,1588,1036,721,274,55,8,9612,11.67,63582,77.22,9145,11.11,14.38,15.12,29.5,95.14
"2014年 汐止區0 計",195140,7134,6954,8337,12081,13703,12426,15803,16992,16589,19172,18782,15655,12267,6712,5061,3438,2098,1281,506,125,24,22425,11.49,153470,78.65,19245,9.86,12.54,14.61,27.15,85.82
"2014年 汐止區0 男",95721,3652,3669,4368,6277,7199,6247,7935,8436,8111,9121,9069,7346,5611,3094,2281,1431,976,607,224,60,7,11689,12.21,75352,78.72,8680,9.07,11.52,15.51,27.03,74.26
"2014年 汐止區0 女",99419,3482,3285,3969,5804,6504,6179,7868,8556,8478,10051,9713,8309,6656,3618,2780,2007,1122,674,282,65,17,10736,10.8,78118,78.57,10565,10.63,13.52,13.74,27.27,98.41
"2014年 瑞芳區0 計",41315,1489,1264,1728,2326,2931,2776,3028,2937,3081,3651,3754,3364,2586,1427,1601,1563,1014,536,205,46,8,4481,10.85,30434,73.66,6400,15.49,21.03,14.72,35.75,142.83
"2014年 瑞芳區0 男",20859,739,655,904,1190,1548,1411,1512,1521,1603,1992,2070,1769,1275,646,709,631,401,196,66,19,2,2298,11.02,15891,76.18,2670,12.8,16.8,14.46,31.26,116.19
"2014年 瑞芳區0 女",20456,750,609,824,1136,1383,1365,1516,1416,1478,1659,1684,1595,1311,781,892,932,613,340,139,27,6,2183,10.67,14543,71.09,3730,18.23,25.65,15.01,40.66,170.87
"2014年 土城區0 計",239270,10210,9811,12039,16562,19061,18792,22075,20532,17713,19728,21791,19103,14191,6923,4499,2807,1865,1075,398,84,11,32060,13.4,189548,79.22,17662,7.38,9.32,16.91,26.23,55.09
"2014年 土城區0 男",118591,5296,5058,6347,8688,10018,9678,11183,10139,8530,9043,10066,9040,6881,3510,2144,1241,897,589,192,48,3,16701,14.08,93266,78.65,8624,7.27,9.25,17.91,27.15,51.64
"2014年 土城區0 女",120679,4914,4753,5692,7874,9043,9114,10892,10393,9183,10685,11725,10063,7310,3413,2355,1566,968,486,206,36,8,15359,12.73,96282,79.78,9038,7.49,9.39,15.95,25.34,58.84
"2014年 蘆洲區0 計",199750,8590,9580,11403,14568,16032,15162,17610,17862,15846,16796,17090,14471,10616,5243,3937,2489,1453,689,253,53,7,29573,14.81,156053,78.12,14124,7.07,9.05,18.95,28,47.76
"2014年 蘆洲區0 男",98311,4486,5023,5990,7567,8460,7720,8715,8624,7648,7765,8006,6882,5040,2449,1817,1103,622,276,104,13,1,15499,15.77,76427,77.74,6385,6.49,8.35,20.28,28.63,41.2
"2014年 蘆洲區0 女",101439,4104,4557,5413,7001,7572,7442,8895,9238,8198,9031,9084,7589,5576,2794,2120,1386,831,413,149,40,6,14074,13.87,79626,78.5,7739,7.63,9.72,17.68,27.39,54.99
"2014年 五股區0 計",82255,3576,3577,4432,6065,6577,5924,7209,7058,6464,7116,7121,5726,4280,2355,1832,1207,881,628,186,34,7,11585,14.08,63540,77.25,7130,8.67,11.22,18.23,29.45,61.55
"2014年 五股區0 男",41533,1896,1883,2304,3109,3512,3017,3659,3550,3247,3561,3548,2784,2099,1089,753,514,498,391,105,12,2,6083,14.65,32086,77.25,3364,8.1,10.48,18.96,29.44,55.3
"2014年 五股區0 女",40722,1680,1694,2128,2956,3065,2907,3550,3508,3217,3555,3573,2942,2181,1266,1079,693,383,237,81,22,5,5502,13.51,31454,77.24,3766,9.25,11.97,17.49,29.47,68.45
"2014年 泰山區0 計",78370,4053,4112,4532,5141,5421,5448,7398,8269,6596,5594,5664,5362,4597,2523,1552,973,577,404,126,20,8,12697,16.2,59490,75.91,6183,7.89,10.39,21.34,31.74,48.7
"2014年 泰山區0 男",39032,2078,2169,2391,2699,2875,2778,3571,4088,3359,2721,2647,2451,2164,1270,740,441,291,233,58,4,4,6638,17.01,29353,75.2,3041,7.79,10.36,22.61,32.97,45.81
"2014年 泰山區0 女",39338,1975,1943,2141,2442,2546,2670,3827,4181,3237,2873,3017,2911,2433,1253,812,532,286,171,68,16,4,6059,15.4,30137,76.61,3142,7.99,10.43,20.1,30.53,51.86
"2014年 林口區0 計",97645,5840,5734,6390,6776,6409,6049,8056,9762,8581,8088,7344,6036,4938,2733,1959,1277,832,581,198,52,10,17964,18.4,72039,73.78,7642,7.83,10.61,24.94,35.54,42.54
"2014年 林口區0 男",47815,3076,3006,3346,3432,3287,2997,3741,4538,4092,3891,3566,2923,2284,1305,945,589,394,279,92,24,8,9428,19.72,34751,72.68,3636,7.6,10.46,27.13,37.59,38.57
"2014年 林口區0 女",49830,2764,2728,3044,3344,3122,3052,4315,5224,4489,4197,3778,3113,2654,1428,1014,688,438,302,106,28,2,8536,17.13,37288,74.83,4006,8.04,10.74,22.89,33.64,46.93
"2014年 深坑區0 計",23636,703,836,1181,1581,1834,1612,1765,1823,1858,2301,2353,1916,1457,798,591,462,252,212,86,15,0,2720,11.51,18500,78.27,2416,10.22,13.06,14.7,27.76,88.82
"2014年 深坑區0 男",11861,372,441,619,824,994,865,911,868,937,1076,1203,930,685,383,276,200,124,107,36,10,0,1432,12.07,9293,78.35,1136,9.58,12.22,15.41,27.63,79.33
"2014年 深坑區0 女",11775,331,395,562,757,840,747,854,955,921,1225,1150,986,772,415,315,262,128,105,50,5,0,1288,10.94,9207,78.19,1280,10.87,13.9,13.99,27.89,99.38
"2014年 石碇區0 計",7864,233,205,369,496,443,432,501,521,567,631,744,695,572,351,381,331,195,136,52,8,1,807,10.26,5602,71.24,1455,18.5,25.97,14.41,40.38,180.3
"2014年 石碇區0 男",4329,115,119,184,259,243,227,240,290,341,399,452,421,343,191,203,139,89,48,21,4,1,418,9.66,3215,74.27,696,16.08,21.65,13,34.65,166.51
"2014年 石碇區0 女",3535,118,86,185,237,200,205,261,231,226,232,292,274,229,160,178,192,106,88,31,4,0,389,11,2387,67.52,759,21.47,31.8,16.3,48.09,195.12
"2014年 坪林區0 計",6455,221,126,235,340,374,370,365,402,469,541,575,552,476,335,331,315,205,143,61,16,3,582,9.02,4464,69.16,1409,21.83,31.56,13.04,44.6,242.1
"2014年 坪林區0 男",3603,117,63,125,184,194,194,187,227,282,337,371,334,275,181,168,169,95,66,27,7,0,305,8.47,2585,71.75,713,19.79,27.58,11.8,39.38,233.77
"2014年 坪林區0 女",2852,104,63,110,156,180,176,178,175,187,204,204,218,201,154,163,146,110,77,34,9,3,277,9.71,1879,65.88,696,24.4,37.04,14.74,51.78,251.26
"2014年 三芝區0 計",23480,761,772,1182,1572,1795,1455,1710,1630,1802,2047,2109,1881,1544,889,814,614,455,307,110,27,4,2715,11.56,17545,74.72,3220,13.71,18.35,15.47,33.83,118.6
"2014年 三芝區0 男",12085,393,388,605,827,979,750,878,862,915,1034,1107,989,795,458,393,298,214,142,45,12,1,1386,11.47,9136,75.6,1563,12.93,17.11,15.17,32.28,112.77
"2014年 三芝區0 女",11395,368,384,577,745,816,705,832,768,887,1013,1002,892,749,431,421,316,241,165,65,15,3,1329,11.66,8409,73.8,1657,14.54,19.71,15.8,35.51,124.68
"2014年 石門區0 計",12733,520,443,681,843,938,825,1088,1066,962,984,998,869,778,444,438,325,261,176,75,14,5,1644,12.91,9351,73.44,1738,13.65,18.59,17.58,36.17,105.72
"2014年 石門區0 男",6627,256,245,356,462,484,405,517,525,520,548,565,464,402,240,231,166,125,78,31,6,1,857,12.93,4892,73.82,878,13.25,17.95,17.52,35.47,102.45
"2014年 石門區0 女",6106,264,198,325,381,454,420,571,541,442,436,433,405,376,204,207,159,136,98,44,8,4,787,12.89,4459,73.03,860,14.08,19.29,17.65,36.94,109.28
"2014年 八里區0 計",37187,1656,1455,1779,2549,2957,2584,3075,3109,2913,3305,3400,2814,2106,1121,894,641,438,259,95,33,4,4890,13.15,28812,77.48,3485,9.37,12.1,16.97,29.07,71.27
"2014年 八里區0 男",18613,870,768,871,1300,1535,1297,1516,1532,1461,1625,1769,1401,1008,563,418,282,215,126,39,16,1,2509,13.48,14444,77.6,1660,8.92,11.49,17.37,28.86,66.16
"2014年 八里區0 女",18574,786,687,908,1249,1422,1287,1559,1577,1452,1680,1631,1413,1098,558,476,359,223,133,56,17,3,2381,12.82,14368,77.36,1825,9.83,12.7,16.57,29.27,76.65
"2014年 平溪區0 計",4954,105,112,126,151,212,210,277,301,357,443,502,441,375,269,355,341,173,141,54,8,1,343,6.92,3269,65.99,1342,27.09,41.05,10.49,51.54,391.25
"2014年 平溪區0 男",2726,56,56,57,75,117,116,152,177,227,305,347,283,207,137,158,130,66,43,14,2,1,169,6.2,2006,73.59,551,20.21,27.47,8.42,35.89,326.04
"2014年 平溪區0 女",2228,49,56,69,76,95,94,125,124,130,138,155,158,168,132,197,211,107,98,40,6,0,174,7.81,1263,56.69,791,35.5,62.63,13.78,76.41,454.6
"2014年 雙溪區0 計",9450,277,244,324,464,572,453,621,613,665,760,810,774,719,442,511,513,417,192,63,13,3,845,8.94,6451,68.26,2154,22.79,33.39,13.1,46.49,254.91
"2014年 雙溪區0 男",5073,131,128,163,229,282,223,323,346,432,491,499,467,385,231,243,228,176,71,21,2,2,422,8.32,3677,72.48,974,19.2,26.49,11.48,37.97,230.81
"2014年 雙溪區0 女",4377,146,116,161,235,290,230,298,267,233,269,311,307,334,211,268,285,241,121,42,11,1,423,9.66,2774,63.38,1180,26.96,42.54,15.25,57.79,278.96
"2014年 貢寮區0 計",13115,409,304,484,611,711,712,865,1038,1239,1212,1172,963,822,532,638,585,446,253,101,16,2,1197,9.13,9345,71.25,2573,19.62,27.53,12.81,40.34,214.95
"2014年 貢寮區0 男",6718,229,159,237,328,351,379,404,524,633,693,659,526,418,235,303,289,203,106,36,6,0,625,9.3,4915,73.16,1178,17.53,23.97,12.72,36.68,188.48
"2014年 貢寮區0 女",6397,180,145,247,283,360,333,461,514,606,519,513,437,404,297,335,296,243,147,65,10,2,572,8.94,4430,69.25,1395,21.81,31.49,12.91,44.4,243.88
"2014年 金山區0 計",22400,894,824,1042,1503,1615,1365,1860,1950,1807,1933,1809,1584,1299,750,763,592,423,257,94,30,6,2760,12.32,16725,74.67,2915,13.01,17.43,16.5,33.93,105.62
"2014年 金山區0 男",11099,464,427,536,778,783,669,834,950,935,1003,935,787,639,363,379,276,191,111,28,10,1,1427,12.86,8313,74.9,1359,12.24,16.35,17.17,33.51,95.23
"2014年 金山區0 女",11301,430,397,506,725,832,696,1026,1000,872,930,874,797,660,387,384,316,232,146,66,20,5,1333,11.8,8412,74.44,1556,13.77,18.5,15.85,34.34,116.73
"2014年 萬里區0 計",22678,974,761,1000,1253,1438,1418,1731,1774,1719,1891,2031,1836,1510,893,864,700,466,293,104,19,3,2735,12.06,16601,73.2,3342,14.74,20.13,16.47,36.61,122.19
"2014年 萬里區0 男",11417,530,396,505,666,709,697,803,845,866,1021,1062,940,736,449,413,367,206,149,46,10,1,1431,12.53,8345,73.09,1641,14.37,19.66,17.15,36.81,114.68
"2014年 萬里區0 女",11261,444,365,495,587,729,721,928,929,853,870,969,896,774,444,451,333,260,144,58,9,2,1304,11.58,8256,73.31,1701,15.11,20.6,15.79,36.4,130.44
"2014年 烏來區0 計",6165,355,298,311,394,470,444,527,474,437,437,505,474,415,198,160,129,69,55,9,4,0,964,15.64,4577,74.24,624,10.12,13.63,21.06,34.7,64.73
"2014年 烏來區0 男",3062,178,153,172,204,237,225,266,206,211,223,259,227,196,92,79,67,31,29,5,2,0,503,16.43,2254,73.61,305,9.96,13.53,22.32,35.85,60.64
"2014年 烏來區0 女",3103,177,145,139,190,233,219,261,268,226,214,246,247,219,106,81,62,38,26,4,2,0,461,14.86,2323,74.86,319,10.28,13.73,19.85,33.58,69.2
"2015年 新北市0 計",3970644,170892,161947,184173,245277,274011,277081,330604,357206,312290,317320,329828,310524,270316,164764,101225,72859,45977,29515,11597,2650,588,517012,13.02,3024457,76.17,429175,10.81,14.19,17.09,31.28,83.01
"2015年 新北市0 男",1951355,88554,84567,96208,127282,142695,142196,164258,175198,152574,151991,155153,145171,126357,77515,46961,31429,20746,15096,5800,1302,302,269329,13.8,1482875,75.99,199151,10.21,13.43,18.16,31.59,73.94
"2015年 新北市0 女",2019289,82338,77380,87965,117995,131316,134885,166346,182008,159716,165329,174675,165353,143959,87249,54264,41430,25231,14419,5797,1348,286,247683,12.27,1541582,76.34,230024,11.39,14.92,16.07,30.99,92.87
"2015年 板橋區0 計",554236,25206,24203,27180,32383,35134,38744,49151,52856,44031,40473,41197,42787,39790,24969,14695,9967,6024,3650,1424,305,67,76589,13.82,416546,75.16,61101,11.02,14.67,18.39,33.06,79.78
"2015年 板橋區0 男",271178,13022,12654,14206,16761,18255,19733,24486,26045,21444,19375,18786,19381,18309,11709,7052,4349,2746,1934,754,151,26,39882,14.71,202575,74.7,28721,10.59,14.18,19.69,33.87,72.01
"2015年 板橋區0 女",283058,12184,11549,12974,15622,16879,19011,24665,26811,22587,21098,22411,23406,21481,13260,7643,5618,3278,1716,670,154,41,36707,12.97,213971,75.59,32380,11.44,15.13,17.16,32.29,88.21
"2015年 三重區0 計",388447,15878,14885,16968,22873,26362,28466,34260,35868,29940,29609,31691,31024,27260,16446,10559,8162,4789,2320,850,187,50,47731,12.29,297353,76.55,43363,11.16,14.58,16.05,30.63,90.85
"2015年 三重區0 男",191757,8270,7746,8897,11881,13790,14682,17149,17983,14866,14485,14739,14604,12835,7780,5001,3505,1995,1043,388,85,33,24913,12.99,147014,76.67,19830,10.34,13.49,16.95,30.43,79.6
"2015年 三重區0 女",196690,7608,7139,8071,10992,12572,13784,17111,17885,15074,15124,16952,16420,14425,8666,5558,4657,2794,1277,462,102,17,22818,11.6,150339,76.43,23533,11.96,15.65,15.18,30.83,103.13
"2015年 中和區0 計",414304,17202,14760,15111,22523,25834,28296,35529,38795,33165,32528,33768,33930,32125,20283,11824,7614,5248,3802,1519,368,80,47073,11.36,316493,76.39,50738,12.25,16.03,14.87,30.9,107.79
"2015年 中和區0 男",202275,8968,7702,8020,11551,13523,14516,17832,19261,16531,15643,15516,15349,14544,9245,5264,3071,2405,2200,876,217,41,24690,12.21,154266,76.27,23319,11.53,15.12,16,31.12,94.45
"2015年 中和區0 女",212029,8234,7058,7091,10972,12311,13780,17697,19534,16634,16885,18252,18581,17581,11038,6560,4543,2843,1602,643,151,39,22383,10.56,162227,76.51,27419,12.93,16.9,13.8,30.7,122.5
"2015年 永和區0 計",225409,8061,8841,11814,13127,13672,13377,16298,18347,17869,18064,18551,17966,17260,12042,7183,5195,3504,2637,1200,304,97,28716,12.74,164531,72.99,32162,14.27,19.55,17.45,37,112
"2015年 永和區0 男",107181,4087,4557,6186,6731,7110,6850,7978,8485,8296,8301,8484,8131,7683,5396,3129,2014,1525,1338,662,177,61,14830,13.84,78049,72.82,14302,13.34,18.32,19,37.33,96.44
"2015年 永和區0 女",118228,3974,4284,5628,6396,6562,6527,8320,9862,9573,9763,10067,9835,9577,6646,4054,3181,1979,1299,538,127,36,13886,11.75,86482,73.15,17860,15.11,20.65,16.06,36.71,128.62
"2015年 新莊區0 計",413243,19413,19283,21902,27178,30253,31279,37095,39984,32167,30698,32534,30640,26117,15330,8463,5418,3041,1691,605,125,27,60598,14.66,317945,76.94,34700,8.4,10.91,19.06,29.97,57.26
"2015年 新莊區0 男",202452,10029,10104,11392,14068,15671,15979,18363,19343,15527,14229,14742,14081,12159,7511,4237,2504,1334,829,280,53,17,31525,15.57,154162,76.15,16765,8.28,10.87,20.45,31.32,53.18
"2015年 新莊區0 女",210791,9384,9179,10510,13110,14582,15300,18732,20641,16640,16469,17792,16559,13958,7819,4226,2914,1707,862,325,72,10,29073,13.79,163783,77.7,17935,8.51,10.95,17.75,28.7,61.69
"2015年 新店區0 計",300267,10515,10009,10809,16924,19986,19492,22056,23279,23107,25906,27027,25852,23726,15570,9523,6475,4497,3485,1564,365,100,31333,10.44,227355,75.72,41579,13.85,18.29,13.78,32.07,132.7
"2015年 新店區0 男",145134,5448,5141,5483,8692,10247,10009,10935,11266,11193,12401,12611,11953,10908,6901,4152,2613,2132,1942,861,190,56,16072,11.07,110215,75.94,18847,12.99,17.1,14.58,31.68,117.27
"2015年 新店區0 女",155133,5067,4868,5326,8232,9739,9483,11121,12013,11914,13505,14416,13899,12818,8669,5371,3862,2365,1543,703,175,44,15261,9.84,117140,75.51,22732,14.65,19.41,13.03,32.43,148.95
"2015年 樹林區0 計",184249,9292,8458,9390,12447,13686,13663,16369,17399,14043,13805,14701,13759,11229,6234,3814,2872,1701,957,347,68,15,27140,14.73,141101,76.58,16008,8.69,11.35,19.23,30.58,58.98
"2015年 樹林區0 男",92082,4837,4478,4891,6538,7080,7062,8078,8750,6870,6616,7034,6562,5523,3105,1852,1362,776,471,161,30,6,14206,15.43,70113,76.14,7763,8.43,11.07,20.26,31.33,54.65
"2015年 樹林區0 女",92167,4455,3980,4499,5909,6606,6601,8291,8649,7173,7189,7667,7197,5706,3129,1962,1510,925,486,186,38,9,12934,14.03,70988,77.02,8245,8.95,11.61,18.22,29.83,63.75
"2015年 鶯歌區0 計",87965,4175,3987,4766,6206,6491,6542,7915,7832,6469,6679,6971,6590,5204,2996,1915,1548,934,504,197,39,5,12928,14.7,66899,76.05,8138,9.25,12.16,19.32,31.49,62.95
"2015年 鶯歌區0 男",44144,2168,2053,2476,3276,3466,3384,3997,3956,3182,3272,3367,3124,2588,1533,864,659,428,249,85,14,3,6697,15.17,33612,76.14,3835,8.69,11.41,19.92,31.33,57.26
"2015年 鶯歌區0 女",43821,2007,1934,2290,2930,3025,3158,3918,3876,3287,3407,3604,3466,2616,1463,1051,889,506,255,112,25,2,6231,14.22,33287,75.96,4303,9.82,12.93,18.72,31.65,69.06
"2015年 三峽區0 計",112708,5628,5537,6429,8116,8546,7591,8434,9711,9006,9375,9441,7816,6109,3520,2555,2088,1425,938,363,67,13,17594,15.61,84145,74.66,10969,9.73,13.04,20.91,33.94,62.35
"2015年 三峽區0 男",56701,2929,2881,3400,4266,4460,3919,4104,4660,4429,4591,4805,3930,2998,1692,1206,945,699,542,205,31,9,9210,16.24,42162,74.36,5329,9.4,12.64,21.84,34.48,57.86
"2015年 三峽區0 女",56007,2699,2656,3029,3850,4086,3672,4330,5051,4577,4784,4636,3886,3111,1828,1349,1143,726,396,158,36,4,8384,14.97,41983,74.96,5640,10.07,13.43,19.97,33.4,67.27
"2015年 淡水區0 計",162221,6571,6382,7076,9279,10946,10494,12465,13932,13441,14506,14279,12964,11334,6939,4278,3085,2093,1478,544,122,13,20029,12.35,123640,76.22,18552,11.44,15,16.2,31.2,92.63
"2015年 淡水區0 男",78033,3376,3349,3718,4780,5713,5300,6116,6703,6193,6605,6543,5898,5179,3181,1979,1389,1000,704,249,51,7,10443,13.38,59030,75.65,8560,10.97,14.5,17.69,32.19,81.97
"2015年 淡水區0 女",84188,3195,3033,3358,4499,5233,5194,6349,7229,7248,7901,7736,7066,6155,3758,2299,1696,1093,774,295,71,6,9586,11.39,64610,76.74,9992,11.87,15.47,14.84,30.3,104.24
"2015年 汐止區0 計",196028,7220,6638,7692,11931,13807,12605,14796,16949,16151,18959,19305,16313,13074,7825,4951,3665,2132,1312,544,127,32,21550,10.99,153890,78.5,20588,10.5,13.38,14,27.38,95.54
"2015年 汐止區0 男",95902,3670,3479,4042,6194,7233,6442,7460,8371,7918,8972,9261,7711,5950,3566,2217,1556,955,602,236,56,11,11191,11.67,75512,78.74,9199,9.59,12.18,14.82,27,82.2
"2015年 汐止區0 女",100126,3550,3159,3650,5737,6574,6163,7336,8578,8233,9987,10044,8602,7124,4259,2734,2109,1177,710,308,71,21,10359,10.35,78378,78.28,11389,11.37,14.53,13.22,27.75,109.94
"2015年 瑞芳區0 計",40976,1475,1189,1556,2278,2840,2799,2926,2935,2985,3611,3764,3402,2765,1594,1383,1604,1050,541,220,51,8,4220,10.3,30305,73.96,6451,15.74,21.29,13.93,35.21,152.87
"2015年 瑞芳區0 男",20708,722,612,805,1166,1506,1441,1460,1523,1538,1978,2072,1823,1375,739,590,650,409,209,66,21,3,2139,10.33,15882,76.69,2687,12.98,16.92,13.47,30.39,125.62
"2015年 瑞芳區0 女",20268,753,577,751,1112,1334,1358,1466,1412,1447,1633,1692,1579,1390,855,793,954,641,332,154,30,5,2081,10.27,14423,71.16,3764,18.57,26.1,14.43,40.53,180.87
"2015年 土城區0 計",238703,10490,9392,10799,16117,18637,18795,21171,20994,17620,18984,21620,19610,15352,8059,4524,2969,1874,1187,403,95,11,30681,12.85,188900,79.14,19122,8.01,10.12,16.24,26.36,62.33
"2015年 土城區0 男",118153,5438,4860,5650,8481,9752,9769,10721,10409,8539,8795,9914,9172,7372,4073,2159,1299,860,637,194,56,3,15948,13.5,92924,78.65,9281,7.86,9.99,17.16,27.15,58.2
"2015年 土城區0 女",120550,5052,4532,5149,7636,8885,9026,10450,10585,9081,10189,11706,10438,7980,3986,2365,1670,1014,550,209,39,8,14733,12.22,95976,79.62,9841,8.16,10.25,15.35,25.6,66.8
"2015年 蘆洲區0 計",200095,8801,9137,10296,14384,15847,15413,16890,18012,15733,16671,17174,14969,11447,6143,3819,2749,1489,774,274,61,12,28234,14.11,156540,78.23,15321,7.66,9.79,18.04,27.82,54.26
"2015年 蘆洲區0 男",98555,4635,4815,5404,7519,8287,7931,8429,8786,7613,7727,8002,7046,5467,2857,1734,1225,630,321,102,22,3,14854,15.07,76807,77.93,6894,7,8.98,19.34,28.32,46.41
"2015年 蘆洲區0 女",101540,4166,4322,4892,6865,7560,7482,8461,9226,8120,8944,9172,7923,5980,3286,2085,1524,859,453,172,39,9,13380,13.18,79733,78.52,8427,8.3,10.57,16.78,27.35,62.98
"2015年 五股區0 計",82923,3677,3409,4098,5929,6602,6069,6919,7308,6466,7042,7255,5938,4669,2655,1823,1286,859,666,204,43,6,11184,13.49,64197,77.42,7542,9.1,11.75,17.42,29.17,67.44
"2015年 五股區0 男",41842,1959,1771,2175,3041,3485,3137,3495,3660,3302,3483,3638,2904,2265,1252,745,530,452,413,116,17,2,5905,14.11,32410,77.46,3527,8.43,10.88,18.22,29.1,59.73
"2015年 五股區0 女",41081,1718,1638,1923,2888,3117,2932,3424,3648,3164,3559,3617,3034,2404,1403,1078,756,407,253,88,26,4,5279,12.85,31787,77.38,4015,9.77,12.63,16.61,29.24,76.06
"2015年 泰山區0 計",78707,4078,3977,4282,5144,5416,5361,6916,8278,6857,5765,5725,5330,4854,2878,1618,1045,588,418,148,23,6,12337,15.67,59646,75.78,6724,8.54,11.27,20.68,31.96,54.5
"2015年 泰山區0 男",39152,2089,2102,2240,2715,2911,2778,3339,4089,3428,2850,2664,2433,2262,1406,788,468,273,233,76,7,1,6431,16.43,29469,75.27,3252,8.31,11.04,21.82,32.86,50.57
"2015年 泰山區0 女",39555,1989,1875,2042,2429,2505,2583,3577,4189,3429,2915,3061,2897,2592,1472,830,577,315,185,72,16,5,5906,14.93,30177,76.29,3472,8.78,11.51,19.57,31.08,58.79
"2015年 林口區0 計",100350,6125,5858,6056,6910,6586,6199,7710,9937,8818,8340,7678,6432,5259,3243,2021,1388,856,618,237,68,11,18039,17.98,73869,73.61,8442,8.41,11.43,24.42,35.85,46.8
"2015年 林口區0 男",49125,3170,3103,3182,3524,3353,3134,3575,4603,4226,4025,3725,3069,2473,1535,964,641,368,306,111,30,8,9455,19.25,35707,72.69,3963,8.07,11.1,26.48,37.58,41.91
"2015年 林口區0 女",51225,2955,2755,2874,3386,3233,3065,4135,5334,4592,4315,3953,3363,2786,1708,1057,747,488,312,126,38,3,8584,16.76,38162,74.5,4479,8.74,11.74,22.49,34.23,52.18
"2015年 深坑區0 計",23594,701,767,1055,1568,1838,1627,1671,1867,1782,2193,2406,1990,1536,947,566,506,253,207,100,14,0,2523,10.69,18478,78.32,2593,10.99,14.03,13.65,27.69,102.77
"2015年 深坑區0 男",11811,371,401,548,830,990,894,861,882,881,1035,1215,969,735,450,258,211,121,105,45,9,0,1320,11.18,9292,78.67,1199,10.15,12.9,14.21,27.11,90.83
"2015年 深坑區0 女",11783,330,366,507,738,848,733,810,985,901,1158,1191,1021,801,497,308,295,132,102,55,5,0,1203,10.21,9186,77.96,1394,11.83,15.18,13.1,28.27,115.88
"2015年 石碇區0 計",7855,240,184,353,497,461,414,488,527,542,631,717,715,604,391,353,336,203,133,52,13,1,777,9.89,5596,71.24,1482,18.87,26.48,13.88,40.37,190.73
"2015年 石碇區0 男",4336,129,100,186,262,247,217,242,265,325,408,441,439,353,223,186,152,90,43,21,6,1,415,9.57,3199,73.78,722,16.65,22.57,12.97,35.54,173.98
"2015年 石碇區0 女",3519,111,84,167,235,214,197,246,262,217,223,276,276,251,168,167,184,113,90,31,7,0,362,10.29,2397,68.12,760,21.6,31.71,15.1,46.81,209.94
"2015年 坪林區0 計",6490,222,120,215,353,366,366,357,409,440,546,590,570,486,363,328,313,204,152,66,22,2,557,8.58,4483,69.08,1450,22.34,32.34,12.42,44.77,260.32
"2015年 坪林區0 男",3618,116,63,115,193,187,209,169,229,262,337,377,349,276,199,176,158,95,72,26,10,0,294,8.13,2588,71.53,736,20.34,28.44,11.36,39.8,250.34
"2015年 坪林區0 女",2872,106,57,100,160,179,157,188,180,178,209,213,221,210,164,152,155,109,80,40,12,2,263,9.16,1895,65.98,714,24.86,37.68,13.88,51.56,271.48
"2015年 三芝區0 計",23487,748,744,1050,1538,1816,1475,1650,1648,1698,2056,2107,1905,1659,1039,759,660,449,330,124,27,5,2542,10.82,17552,74.73,3393,14.45,19.33,14.48,33.81,133.48
"2015年 三芝區0 男",12098,387,382,535,813,983,777,853,874,853,1049,1095,993,872,539,354,323,197,159,50,8,2,1304,10.78,9162,75.73,1632,13.49,17.81,14.23,32.05,125.15
"2015年 三芝區0 女",11389,361,362,515,725,833,698,797,774,845,1007,1012,912,787,500,405,337,252,171,74,19,3,1238,10.87,8390,73.67,1761,15.46,20.99,14.76,35.74,142.25
"2015年 石門區0 計",12641,522,420,595,823,932,839,1001,1091,976,954,1012,883,779,538,393,335,253,192,83,16,4,1537,12.16,9290,73.49,1814,14.35,19.53,16.54,36.07,118.02
"2015年 石門區0 男",6550,263,230,315,453,484,406,487,518,509,532,567,470,408,287,205,168,121,86,33,7,1,808,12.34,4834,73.8,908,13.86,18.78,16.71,35.5,112.38
"2015年 石門區0 女",6091,259,190,280,370,448,433,514,573,467,422,445,413,371,251,188,167,132,106,50,9,3,729,11.97,4456,73.16,906,14.87,20.33,16.36,36.69,124.28
"2015年 八里區0 計",37678,1676,1440,1658,2541,2977,2627,2998,3117,2923,3263,3461,2945,2333,1303,871,657,447,290,110,38,3,4774,12.67,29185,77.46,3719,9.87,12.74,16.36,29.1,77.9
"2015年 八里區0 男",18814,890,751,815,1315,1512,1333,1481,1523,1479,1600,1762,1479,1122,638,409,286,210,143,48,17,1,2456,13.05,14606,77.63,1752,9.31,12,16.82,28.81,71.34
"2015年 八里區0 女",18864,786,689,843,1226,1465,1294,1517,1594,1444,1663,1699,1466,1211,665,462,371,237,147,62,21,2,2318,12.29,14579,77.28,1967,10.43,13.49,15.9,29.39,84.86
"2015年 平溪區0 計",4874,107,100,126,148,207,202,259,291,309,447,493,456,393,278,299,374,189,133,51,10,2,333,6.83,3205,65.76,1336,27.41,41.68,10.39,52.07,401.2
"2015年 平溪區0 男",2691,54,56,58,80,108,107,149,166,198,306,345,291,228,143,133,141,72,38,14,3,1,168,6.24,1978,73.5,545,20.25,27.55,8.49,36.05,324.4
"2015年 平溪區0 女",2183,53,44,68,68,99,95,110,125,111,141,148,165,165,135,166,233,117,95,37,7,1,165,7.56,1227,56.21,791,36.23,64.47,13.45,77.91,479.39
"2015年 雙溪區0 計",9245,290,197,292,413,558,462,559,638,592,764,817,766,731,519,441,491,435,208,56,13,3,779,8.43,6300,68.14,2166,23.43,34.38,12.37,46.75,278.05
"2015年 雙溪區0 男",4995,152,109,147,212,266,234,289,360,376,488,510,476,392,268,207,224,189,74,18,2,2,408,8.17,3603,72.13,984,19.7,27.31,11.32,38.63,241.18
"2015年 雙溪區0 女",4250,138,88,145,201,292,228,270,278,216,276,307,290,339,251,234,267,246,134,38,11,1,371,8.73,2697,63.46,1182,27.81,43.83,13.76,57.58,318.6
"2015年 貢寮區0 計",12860,374,269,409,607,702,683,822,959,1191,1228,1204,976,863,552,586,596,457,264,93,24,1,1052,8.18,9235,71.81,2573,20.01,27.86,11.39,39.25,244.58
"2015年 貢寮區0 男",6560,205,142,202,323,357,344,392,482,593,685,674,542,448,245,274,280,219,110,33,10,0,549,8.37,4840,73.78,1171,17.85,24.19,11.34,35.54,213.3
"2015年 貢寮區0 女",6300,169,127,207,284,345,339,430,477,598,543,530,434,415,307,312,316,238,154,60,14,1,503,7.98,4395,69.76,1402,22.25,31.9,11.44,43.34,278.73
"2015年 金山區0 計",22260,864,767,963,1437,1616,1367,1750,1956,1815,1940,1843,1615,1323,854,710,613,420,271,98,27,11,2594,11.65,16662,74.85,3004,13.5,18.03,15.57,33.6,115.81
"2015年 金山區0 男",11024,469,389,491,753,774,680,795,933,935,998,954,788,654,415,360,283,192,116,33,9,3,1349,12.24,8264,74.96,1411,12.8,17.07,16.32,33.4,104.6
"2015年 金山區0 女",11236,395,378,472,684,842,687,955,1023,880,942,889,827,669,439,350,330,228,155,65,18,8,1245,11.08,8398,74.74,1593,14.18,18.97,14.82,33.79,127.95
"2015年 萬里區0 計",22642,972,732,921,1229,1421,1394,1618,1797,1710,1867,2021,1889,1605,1014,810,728,477,302,110,22,3,2625,11.59,16551,73.1,3466,15.31,20.94,15.86,36.8,132.04
"2015年 萬里區0 男",11412,513,403,464,652,711,708,755,845,870,997,1067,958,772,524,384,366,212,152,48,10,1,1380,12.09,8335,73.04,1697,14.87,20.36,16.56,36.92,122.97
"2015年 萬里區0 女",11230,459,329,457,577,710,686,863,952,840,870,954,931,833,490,426,362,265,150,62,12,2,1245,11.09,8216,73.16,1769,15.75,21.53,15.15,36.68,142.09
"2015年 烏來區0 計",6187,369,262,312,374,472,440,531,490,444,416,476,492,430,240,161,120,86,55,11,6,0,943,15.24,4565,73.78,679,10.97,14.87,20.66,35.53,72
"2015年 烏來區0 男",3072,188,134,165,212,234,221,268,228,198,208,243,246,207,103,82,57,41,25,9,3,0,487,15.85,2265,73.73,320,10.42,14.13,21.5,35.63,65.71
"2015年 烏來區0 女",3115,181,128,147,162,238,219,263,262,246,208,233,246,223,137,79,63,45,30,2,3,0,456,14.64,2300,73.84,359,11.52,15.61,19.83,35.43,78.73
"2016年 新北市0 計",3979208,169844,160783,176796,234604,272488,279313,307673,353120,323168,314882,329003,312936,278689,192041,102640,77878,46959,30195,12555,3086,555,507423,13,3005876,76,465909,12,15,17,32,92
"2016年 新北市0 男",1952341,87861,83843,92421,121826,141673,144410,153230,173041,157870,151544,154233,146070,129691,89921,47584,33800,20255,15046,6216,1527,279,264125,14,1473588,75,214628,11,15,18,32,81
"2016年 新北市0 女",2026867,81983,76940,84375,112778,130815,134903,154443,180079,165298,163338,174770,166866,148998,102120,55056,44078,26704,15149,6339,1559,276,243298,12,1532288,76,251281,12,16,16,32,103
"2016年 板橋區0 計",552285,24884,24028,26137,31118,34455,38123,45200,52168,45959,40575,40745,41953,40387,28703,15261,10716,6126,3793,1542,343,69,75049,14,410683,74,66553,12,16,18,34,89
"2016年 板橋區0 男",269874,12761,12641,13663,16147,17868,19582,22459,25683,22428,19660,18640,18834,18528,13322,7287,4729,2682,1945,809,173,33,39065,14,199829,74,30980,11,16,20,35,79
"2016年 板橋區0 女",282411,12123,11387,12474,14971,16587,18541,22741,26485,23531,20915,22105,23119,21859,15381,7974,5987,3444,1848,733,170,36,35984,13,210854,75,35573,13,17,17,34,99
"2016年 三重區0 計",388581,15804,14712,16238,21926,25879,28394,31833,35648,31182,29664,31142,31216,27883,19149,10663,8583,5068,2427,897,232,41,46754,12,294767,76,47060,12,16,16,32,101
"2016年 三重區0 男",191481,8203,7582,8563,11354,13539,14713,16035,17716,15555,14551,14552,14574,13114,9003,5003,3743,2106,1046,389,112,28,24348,13,145703,76,21430,11,15,17,31,88
"2016年 三重區0 女",197100,7601,7130,7675,10572,12340,13681,15798,17932,15627,15113,16590,16642,14769,10146,5660,4840,2962,1381,508,120,13,22406,11,149064,76,25630,13,17,15,32,114
"2016年 中和區0 計",414266,16954,14690,14891,21449,25731,27991,32827,38189,34191,32659,33457,33636,32523,23444,12227,8246,5126,3878,1654,416,87,46535,11,312653,75,55078,13,18,15,33,118
"2016年 中和區0 男",201832,8842,7711,7902,11041,13425,14475,16489,18887,17050,15745,15396,15206,14584,10703,5412,3337,2210,2176,943,251,47,24455,12,152298,75,25079,12,16,16,33,103
"2016年 中和區0 女",212434,8112,6979,6989,10408,12306,13516,16338,19302,17141,16914,18061,18430,17939,12741,6815,4909,2916,1702,711,165,40,22080,10,160355,75,29999,14,19,14,32,136
"2016年 永和區0 計",223999,7950,8804,11159,12454,13488,13452,15093,17662,18163,17707,18361,17957,17260,13731,7348,5573,3545,2582,1261,375,74,27913,12,161597,72,34489,15,21,17,39,124
"2016年 永和區0 男",106465,4066,4501,5857,6433,6974,6918,7454,8271,8412,8195,8399,8163,7670,6129,3204,2154,1457,1274,674,221,39,14424,14,76889,72,15152,14,20,19,38,105
"2016年 永和區0 女",117534,3884,4303,5302,6021,6514,6534,7639,9391,9751,9512,9962,9794,9590,7602,4144,3419,2088,1308,587,154,35,13489,11,84708,72,19337,16,23,16,39,143
"2016年 新莊區0 計",414156,19281,19237,21049,26015,29867,31454,34580,39840,33855,30636,32102,30825,27027,17929,8770,5889,3198,1762,676,138,26,59567,14,316201,76,38388,9,12,19,31,64
"2016年 新莊區0 男",202461,9878,10019,10983,13490,15452,16112,17077,19329,16405,14374,14420,14152,12345,8666,4438,2700,1399,841,314,49,18,30880,15,153156,76,18425,9,12,20,32,60
"2016年 新莊區0 女",211695,9403,9218,10066,12525,14415,15342,17503,20511,17450,16262,17682,16673,14682,9263,4332,3189,1799,921,362,89,8,28687,14,163045,77,19963,9,12,18,30,70
"2016年 新店區0 計",301168,10512,9856,10195,16079,19928,19754,20883,22715,23362,25556,27172,25941,24293,17903,9790,7010,4531,3524,1623,438,103,30563,10,225683,75,44922,15,20,14,33,147
"2016年 新店區0 男",145218,5408,5057,5134,8261,10285,10099,10418,11076,11250,12260,12770,11879,11155,8031,4240,2861,1988,1888,880,223,55,15599,11,109453,75,20166,14,18,14,33,129
"2016年 新店區0 女",155950,5104,4799,5061,7818,9643,9655,10465,11639,12112,13296,14402,14062,13138,9872,5550,4149,2543,1636,743,215,48,14964,10,116230,75,24756,16,21,13,34,165
"2016年 樹林區0 計",184400,9197,8387,9022,11830,13555,13865,15163,17340,14788,13647,14504,13865,11790,7332,3861,3055,1743,966,397,81,12,26606,14,140347,76,17447,9,12,19,31,66
"2016年 樹林區0 男",92064,4779,4447,4739,6183,7039,7209,7531,8654,7266,6618,6871,6608,5674,3680,1876,1425,767,464,187,42,5,13965,15,69653,76,8446,9,12,20,32,60
"2016年 樹林區0 女",92336,4418,3940,4283,5647,6516,6656,7632,8686,7522,7029,7633,7257,6116,3652,1985,1630,976,502,210,39,7,12641,14,70694,77,9001,10,13,18,31,71
"2016年 鶯歌區0 計",87231,3955,3847,4543,5902,6602,6404,7193,7821,6657,6567,6863,6663,5470,3490,1896,1565,1002,525,208,53,5,12345,14,66142,76,8744,10,13,19,32,71
"2016年 鶯歌區0 男",43731,2052,1986,2316,3128,3502,3345,3664,3951,3313,3206,3277,3209,2645,1785,869,687,430,253,90,20,3,6354,15,33240,76,4137,9,12,19,32,65
"2016年 鶯歌區0 女",43500,1903,1861,2227,2774,3100,3059,3529,3870,3344,3361,3586,3454,2825,1705,1027,878,572,272,118,33,2,5991,14,32902,76,4607,11,14,18,32,77
"2016年 三峽區0 計",114180,5672,5616,6178,7840,8670,7839,8095,9607,9406,9344,9583,8053,6532,4207,2486,2207,1430,923,400,78,14,17466,15,84969,74,11745,10,14,21,34,67
"2016年 三峽區0 男",57307,2960,2916,3242,4117,4560,4091,3929,4599,4601,4576,4807,4034,3263,2000,1166,1017,649,507,225,42,6,9118,16,42577,74,5612,10,13,21,35,62
"2016年 三峽區0 女",56873,2712,2700,2936,3723,4110,3748,4166,5008,4805,4768,4776,4019,3269,2207,1320,1190,781,416,175,36,8,8348,15,42392,75,6133,11,14,20,34,73
"2016年 淡水區0 計",165765,6724,6422,6986,9081,10989,10948,11791,14007,14013,14593,14583,13407,11823,8276,4348,3345,2125,1492,651,146,15,20132,12,125235,76,20398,12,16,16,32,101
"2016年 淡水區0 男",79687,3477,3350,3690,4719,5680,5627,5797,6724,6525,6632,6617,6079,5420,3780,1988,1523,976,710,306,61,6,10517,13,59820,75,9350,12,16,18,33,89
"2016年 淡水區0 女",86078,3247,3072,3296,4362,5309,5321,5994,7283,7488,7961,7966,7328,6403,4496,2360,1822,1149,782,345,85,9,9615,11,65415,76,11048,13,17,15,32,115
"2016年 汐止區0 計",197749,7264,6647,7315,11499,13976,13071,13861,16399,16456,18492,19766,16867,13727,9229,4877,3912,2282,1369,577,134,29,21226,11,154114,78,22409,11,15,14,28,106
"2016年 汐止區0 男",96598,3691,3502,3799,5984,7297,6780,6983,8106,8096,8723,9429,8041,6224,4181,2187,1662,960,633,248,63,9,10992,11,75663,78,9943,10,13,15,28,90
"2016年 汐止區0 女",101151,3573,3145,3516,5515,6679,6291,6878,8293,8360,9769,10337,8826,7503,5048,2690,2250,1322,736,329,71,20,10234,10,78451,78,12466,12,16,13,29,122
"2016年 瑞芳區0 計",40600,1438,1123,1439,2205,2772,2826,2774,2896,2937,3462,3782,3447,2844,1895,1239,1577,1077,586,224,52,5,4000,10,29945,74,6655,16,22,13,36,166
"2016年 瑞芳區0 男",20518,721,584,729,1143,1452,1486,1400,1471,1525,1861,2056,1867,1443,886,516,658,414,216,65,22,3,2034,10,15704,77,2780,14,18,13,31,137
"2016年 瑞芳區0 女",20082,717,539,710,1062,1320,1340,1374,1425,1412,1601,1726,1580,1401,1009,723,919,663,370,159,30,2,1966,10,14241,71,3875,19,27,14,41,197
"2016年 土城區0 計",238500,10413,9320,10178,15151,18335,19085,19780,21120,18145,18366,21314,19909,16241,9611,4598,3245,1908,1229,431,112,9,29911,13,187446,79,21143,9,11,16,27,71
"2016年 土城區0 男",117779,5365,4846,5278,7939,9628,9952,10059,10514,8780,8548,9702,9223,7751,4768,2239,1445,819,651,207,63,2,15489,13,92096,78,10194,9,11,17,28,66
"2016年 土城區0 女",120721,5048,4474,4900,7212,8707,9133,9721,10606,9365,9818,11612,10686,8490,4843,2359,1800,1089,578,224,49,7,14422,12,95350,79,10949,9,11,15,27,76
"2016年 蘆洲區0 計",200702,8850,8939,9811,13750,15775,15718,15741,17872,16225,16358,17229,15372,12128,7419,3809,2921,1559,835,300,78,13,27600,14,156168,78,16934,8,11,18,29,61
"2016年 蘆洲區0 男",98768,4712,4695,5143,7191,8220,8183,7885,8713,7878,7662,7909,7226,5717,3461,1739,1310,631,351,110,28,4,14550,15,76584,78,7634,8,10,19,29,52
"2016年 蘆洲區0 女",101934,4138,4244,4668,6559,7555,7535,7856,9159,8347,8696,9320,8146,6411,3958,2070,1611,928,484,190,50,9,13050,13,79584,78,9300,9,12,16,28,71
"2016年 五股區0 計",84134,3762,3330,3932,5635,6711,6330,6640,7433,6690,6966,7374,6209,4941,3140,1840,1386,855,684,216,54,6,11024,13,64929,77,8181,10,13,17,30,74
"2016年 五股區0 男",42449,2012,1763,2104,2863,3515,3340,3370,3721,3355,3506,3676,3028,2425,1469,773,561,404,404,133,25,2,5879,14,32799,77,3771,9,11,18,29,64
"2016年 五股區0 女",41685,1750,1567,1828,2772,3196,2990,3270,3712,3335,3460,3698,3181,2516,1671,1067,825,451,280,83,29,4,5145,12,32130,77,4410,11,14,16,30,86
"2016年 泰山區0 計",78817,3956,3984,4239,4946,5438,5367,6295,8094,7279,5840,5672,5334,4972,3382,1694,1146,598,392,156,28,5,12179,15,59237,75,7401,9,12,21,33,61
"2016年 泰山區0 男",39178,2028,2099,2242,2609,2880,2825,3045,3964,3613,2925,2653,2456,2267,1639,834,524,264,219,81,11,0,6369,16,29237,75,3572,9,12,22,34,56
"2016年 泰山區0 女",39639,1928,1885,1997,2337,2558,2542,3250,4130,3666,2915,3019,2878,2705,1743,860,622,334,173,75,17,5,5810,15,30000,76,3829,10,13,19,32,66
"2016年 林口區0 計",103219,6226,6099,6072,6728,6838,6472,7265,9792,9550,8474,7969,6757,5535,3913,2099,1529,899,638,279,75,10,18397,18,75380,73,9442,9,13,24,37,51
"2016年 林口區0 男",50335,3210,3190,3228,3422,3468,3293,3388,4527,4536,4059,3787,3258,2620,1803,989,704,382,303,130,32,6,9628,19,36358,72,4349,9,12,26,38,45
"2016年 林口區0 女",52884,3016,2909,2844,3306,3370,3179,3877,5265,5014,4415,4182,3499,2915,2110,1110,825,517,335,149,43,4,8769,17,39022,74,5093,10,13,22,36,58
"2016年 深坑區0 計",23683,723,736,988,1474,1850,1693,1583,1792,1768,2159,2442,2060,1626,1100,561,547,255,203,101,20,2,2447,10,18447,78,2789,12,15,13,28,114
"2016年 深坑區0 男",11850,381,370,532,798,973,957,807,868,848,1037,1201,1006,799,503,272,223,111,108,45,9,2,1283,11,9294,78,1273,11,14,14,28,99
"2016年 深坑區0 女",11833,342,366,456,676,877,736,776,924,920,1122,1241,1054,827,597,289,324,144,95,56,11,0,1164,10,9153,77,1516,13,17,13,29,130
"2016年 石碇區0 計",7736,234,158,327,469,466,419,446,500,518,647,690,720,618,444,329,345,194,133,64,14,1,719,9,5493,71,1524,20,28,13,41,212
"2016年 石碇區0 男",4253,128,88,167,239,249,233,224,239,301,409,423,439,375,240,180,158,81,50,24,5,1,383,9,3131,74,739,17,24,12,36,193
"2016年 石碇區0 女",3483,106,70,160,230,217,186,222,261,217,238,267,281,243,204,149,187,113,83,40,9,0,336,10,2362,68,785,23,33,14,47,234
"2016年 坪林區0 計",6538,219,119,200,363,375,366,338,391,426,537,630,552,522,395,326,305,215,162,71,24,2,538,8,4500,69,1500,23,33,12,45,279
"2016年 坪林區0 男",3633,115,50,107,206,189,217,162,214,241,335,402,343,295,218,172,150,102,76,29,10,0,272,7,2604,72,757,21,29,10,40,278
"2016年 坪林區0 女",2905,104,69,93,157,186,149,176,177,185,202,228,209,227,177,154,155,113,86,42,14,2,266,9,1896,65,743,26,39,14,53,279
"2016年 三芝區0 計",23369,759,690,947,1470,1808,1536,1518,1657,1636,1971,2138,1935,1718,1231,706,676,453,356,126,34,4,2396,10,17387,74,3586,15,21,14,34,150
"2016年 三芝區0 男",11999,384,348,481,774,972,800,795,862,847,1005,1082,1009,905,642,325,338,196,167,53,12,2,1213,10,9051,75,1735,14,19,13,33,143
"2016年 三芝區0 女",11370,375,342,466,696,836,736,723,795,789,966,1056,926,813,589,381,338,257,189,73,22,2,1183,10,8336,73,1851,16,22,14,36,156
"2016年 石門區0 計",12496,483,411,545,755,980,852,901,1093,968,920,1010,920,797,600,361,366,225,201,86,19,3,1439,12,9196,74,1861,15,20,16,36,129
"2016年 石門區0 男",6469,252,220,282,411,513,429,448,517,488,500,566,501,410,319,188,183,110,92,32,7,1,754,12,4783,74,932,14,19,16,35,124
"2016年 石門區0 女",6027,231,191,263,344,467,423,453,576,480,420,444,419,387,281,173,183,115,109,54,12,2,685,11,4413,73,929,15,21,16,37,136
"2016年 八里區0 計",38167,1690,1442,1538,2479,3032,2732,2841,3076,3020,3194,3545,3045,2513,1522,852,703,470,304,120,44,5,4670,12,29477,77,4020,11,14,16,29,86
"2016年 八里區0 男",19014,892,760,766,1260,1553,1400,1389,1506,1503,1562,1778,1534,1226,725,410,319,200,158,50,20,3,2418,13,14711,77,1885,10,13,16,29,78
"2016年 八里區0 女",19153,798,682,772,1219,1479,1332,1452,1570,1517,1632,1767,1511,1287,797,442,384,270,146,70,24,2,2252,12,14766,77,2135,11,14,15,30,95
"2016年 平溪區0 計",4778,106,77,127,141,190,210,220,272,308,421,489,474,409,300,246,371,210,136,58,12,1,310,6,3134,66,1334,28,43,10,52,430
"2016年 平溪區0 男",2638,55,39,62,74,98,111,125,153,195,286,340,316,238,160,104,141,83,38,17,3,0,156,6,1936,73,546,21,28,8,36,350
"2016年 平溪區0 女",2140,51,38,65,67,92,99,95,119,113,135,149,158,171,140,142,230,127,98,41,9,1,154,7,1198,56,788,37,66,13,79,512
"2016年 雙溪區0 計",9074,290,186,275,378,537,466,496,594,570,748,812,773,750,586,390,487,427,221,70,15,3,751,8,6124,67,2199,24,36,12,48,293
"2016年 雙溪區0 男",4901,154,101,144,194,253,236,255,339,346,475,515,480,410,307,195,210,175,86,22,3,1,399,8,3503,71,999,20,29,11,40,250
"2016年 雙溪區0 女",4173,136,85,131,184,284,230,241,255,224,273,297,293,340,279,195,277,252,135,48,12,2,352,8,2621,63,1200,29,46,13,59,341
"2016年 貢寮區0 計",12706,360,256,386,580,707,658,755,915,1156,1199,1245,991,895,634,516,595,462,254,119,21,2,1002,8,9101,72,2603,20,29,11,40,260
"2016年 貢寮區0 男",6491,195,133,198,316,352,339,379,455,563,651,695,566,474,292,232,271,224,111,39,5,1,526,8,4790,74,1175,18,25,11,36,223
"2016年 貢寮區0 女",6215,165,123,188,264,355,319,376,460,593,548,550,425,421,342,284,324,238,143,80,16,1,476,8,4311,69,1428,23,33,11,44,300
"2016年 金山區0 計",22207,848,721,912,1344,1661,1427,1593,1943,1806,1894,1896,1650,1357,1011,648,660,422,264,115,27,8,2481,11,16571,75,3155,14,19,15,34,127
"2016年 金山區0 男",10969,467,354,465,686,807,707,715,918,920,982,972,836,663,487,322,324,182,107,49,4,2,1286,12,8206,75,1477,13,18,16,34,115
"2016年 金山區0 女",11238,381,367,447,658,854,720,878,1025,886,912,924,814,694,524,326,336,240,157,66,23,6,1195,11,8365,74,1678,15,20,14,34,140
"2016年 萬里區0 計",22490,915,678,870,1179,1398,1411,1487,1772,1683,1883,2010,1931,1660,1167,749,790,465,307,116,18,1,2463,11,16414,73,3613,16,22,15,37,147
"2016年 萬里區0 男",11309,477,361,445,634,707,718,704,828,827,1000,1058,972,830,586,350,383,217,150,54,8,0,1283,11,8278,73,1748,15,21,15,37,136
"2016年 萬里區0 女",11181,438,317,425,545,691,693,783,944,856,883,952,959,830,581,399,407,248,157,62,10,1,1180,11,8136,73,1865,17,23,15,37,158
"2016年 烏來區0 計",6212,375,268,297,364,475,450,481,512,451,403,478,474,448,298,150,128,89,49,17,5,0,940,15,4536,73,736,12,16,21,37,78
"2016年 烏來區0 男",3070,196,130,160,210,223,233,244,236,203,201,240,231,221,136,74,60,36,22,11,3,0,486,16,2242,73,342,11,15,22,37,70
"2016年 烏來區0 女",3142,179,138,137,154,252,217,237,276,248,202,238,243,227,162,76,68,53,27,6,2,0,454,14,2294,73,394,13,17,20,37,87
"2017年 新北市0 計",3986689,160894,166018,171243,222080,270348,280047,288668,353800,329169,315798,322942,319086,284199,213535,109568,82117,49121,30645,13321,3497,593,498155,12.4954567562,2986137,74.9026824014,502397,12.6018608424,16.8243118115,16.6822553687,33.5065671803,100.8515421907
"2017年 新北市0 男",1953397,83113,86328,89407,115462,140403,145401,144569,173568,160654,152201,151659,148874,131758,99398,50872,35790,20581,14822,6509,1710,318,258848,13.2511721888,1464549,74.9744675558,230000,11.7743602555,15.7044933287,17.6742464745,33.3787398032,88.855235505
"2017年 新北市0 女",2033292,77781,79690,81836,106618,129945,134646,144099,180232,168515,163597,171283,170212,152441,114137,58696,46327,28540,15823,6812,1787,275,239307,11.7694359689,1521588,74.8337179313,272397,13.3968460998,17.9021522252,15.7274505319,33.6296027571,113.8274266946
"2017年 板橋區0 計",551480,23442,25042,25532,29461,34020,37546,41625,52236,47310,41514,39461,41603,40740,31649,16332,11518,6424,3888,1660,395,82,74016,13.4213389425,405516,73.5323130485,71948,13.046348009,17.7423332248,18.2523007723,35.9946339972,97.2060095115
"2017年 板橋區0 男",269259,11981,13136,13369,15351,17601,19416,20690,25729,23010,20331,18166,18677,18552,14586,7718,5161,2743,1907,880,206,49,38486,14.2933012453,197523,73.3579936047,33250,12.3487051501,16.833482683,19.4843132192,36.3177959022,86.3950527465
"2017年 板橋區0 女",282221,11461,11906,12163,14110,16419,18130,20935,26507,24300,21183,21295,22926,22188,17063,8614,6357,3681,1981,780,189,33,35530,12.5894245999,207993,73.6986262539,38698,13.7119491462,18.6054338367,17.0823056545,35.6877394912,108.9164086687
"2017年 三重區0 計",387484,15016,15096,15527,20805,25327,28077,29751,35671,31864,29804,30269,31408,28354,21218,11198,8803,5396,2640,963,269,28,45639,11.7782927811,291330,75.1850398984,50515,13.0366673205,17.3394432431,15.6657398826,33.0051831257,110.6838449572
"2017年 三重區0 男",190698,7795,7798,8093,10870,13219,14601,15048,17728,15906,14629,14198,14629,13287,9858,5285,3887,2184,1133,401,133,16,23686,12.420686111,144115,75.572370974,22897,12.006942915,15.8880061062,16.4354855497,32.323491656,96.6689183484
"2017年 三重區0 女",196786,7221,7298,7434,9935,12108,13476,14703,17943,15958,15175,16071,16779,15067,11360,5913,4916,3212,1507,562,136,12,21953,11.1557732766,147215,74.8096917464,27618,14.0345349771,18.7603165438,14.9122032402,33.672519784,125.8051291395
"2017年 中和區0 計",413590,16005,15256,14413,20477,25344,27533,30254,37911,35002,32961,32641,33862,32559,25884,13323,8855,5226,3804,1741,457,82,45674,11.0433037549,308544,74.6014168621,59372,14.355279383,19.2426363825,14.8030750882,34.0457114706,129.9908043964
"2017年 中和區0 男",201104,8393,7957,7598,10553,13149,14365,15253,18741,17443,15841,15204,15289,14586,11777,5940,3570,2097,2062,981,257,48,23948,11.9082663696,150424,74.7991089188,26732,13.2926247116,17.7711003563,15.9203318619,33.6914322183,111.6251879071
"2017年 中和區0 女",212486,7612,7299,6815,9924,12195,13168,15001,19170,17559,17120,17437,18573,17973,14107,7383,5285,3129,1742,760,200,34,21726,10.2246736256,158120,74.4143143548,32640,15.3610120196,20.6425499621,13.7401973185,34.3827472805,150.234741784
"2017年 永和區0 計",222585,7486,8880,10678,11732,13378,13520,14040,17413,17937,17562,17905,18127,17160,14815,8054,5780,3707,2588,1311,427,85,27044,12.1499651818,158774,71.3318507536,36767,16.5181840645,23.1568140879,17.0330154811,40.1898295691,135.9525218163
"2017年 永和區0 男",105658,3866,4491,5576,6026,6948,6953,7011,8202,8318,8105,8249,8207,7637,6575,3563,2275,1421,1270,676,242,47,13933,13.1868859906,75656,71.6046111037,16069,15.2085029056,21.2395579994,18.4162525114,39.6558105107,115.3305102993
"2017年 永和區0 女",116927,3620,4389,5102,5706,6430,6567,7029,9211,9619,9457,9656,9920,9523,8240,4491,3505,2286,1318,635,185,38,13111,11.2129790382,83118,71.0853780564,20698,17.7016429054,24.9019466301,15.7739599124,40.6759065425,157.8674395546
"2017年 新莊區0 計",416524,18667,19862,20470,24648,29548,31429,32749,40275,35302,30922,31335,31454,27761,20005,9620,6343,3424,1807,719,156,28,58999,14.1646099625,315423,75.7274490786,42102,10.107940959,13.3477901104,18.7047234983,32.0525136087,71.3605315344
"2017年 新莊區0 男",203329,9601,10260,10721,12783,15243,16156,16297,19564,17006,14693,14038,14381,12650,9451,4836,2940,1475,835,313,67,19,30582,15.0406484073,152811,75.1545524741,19936,9.8047991187,13.0461812304,20.0129571824,33.0591384128,65.1886730757
"2017年 新莊區0 女",213195,9066,9602,9749,11865,14305,15273,16452,20711,18296,16229,17297,17073,15111,10554,4784,3403,1949,972,406,89,9,28417,13.329111846,162612,76.2738338141,22166,10.3970543399,13.6312203281,17.4753400733,31.1065604014,78.002604075
"2017年 新店區0 計",302089,10076,9950,9899,15075,19800,20151,19824,22796,23010,25439,26813,26519,24600,19544,10705,7466,4656,3492,1683,475,116,29925,9.9060210733,224027,74.1592709433,48137,15.9347079834,21.4871421748,13.3577649123,34.8449070871,160.8588137009
"2017年 新店區0 男",145273,5236,5023,5007,7696,10168,10380,9924,11137,11008,12224,12588,12224,11196,8796,4633,3061,1962,1812,880,249,69,15266,10.5084909102,108545,74.7179448349,21462,14.7735642549,19.7724446082,14.0642129992,33.8366576074,140.5869251932
"2017年 新店區0 女",156816,4840,4927,4892,7379,9632,9771,9900,11659,12002,13215,14225,14295,13404,10748,6072,4405,2694,1680,803,226,47,14659,9.3478981737,115482,73.6417202326,26675,17.0103815937,23.0988379141,12.693753139,35.7925910532,181.9701207449
"2017年 樹林區0 計",184149,8570,8543,8833,11200,13371,13775,14366,17339,15103,13787,14006,14153,12140,8380,4044,3201,1812,1012,406,97,11,25946,14.0896773808,139240,75.6126832076,18963,10.2976394116,13.6189313416,18.6340132146,32.2529445562,73.0864102366
"2017年 樹林區0 男",91845,4479,4467,4653,5786,6966,7192,7247,8590,7495,6709,6621,6720,5764,4158,1968,1486,819,491,183,46,5,13599,14.8064674179,69090,75.2245631227,9156,9.9689694594,13.2522796353,19.683022145,32.9353017803,67.3284800353
"2017年 樹林區0 女",92304,4091,4076,4180,5414,6405,6583,7119,8749,7608,7078,7385,7433,6376,4222,2076,1715,993,521,223,51,6,12347,13.3764517247,70150,75.9988732883,9807,10.624674987,13.9800427655,17.60085531,31.5808980756,79.4282011825
"2017年 鶯歌區0 計",86593,3650,3857,4353,5616,6425,6403,6618,7861,6830,6552,6727,6765,5610,3911,1891,1630,1067,551,211,60,5,11860,13.6962572032,65407,75.5338191309,9326,10.7699236659,14.2584127081,18.1326157751,32.3910284832,78.6340640809
"2017年 鶯歌區0 男",43404,1876,1978,2237,3000,3418,3358,3383,3967,3414,3219,3230,3236,2691,1975,854,728,453,264,96,24,3,6091,14.0332688231,32916,75.836328449,4397,10.1304027279,13.3582452303,18.5046785758,31.8629238061,72.1884747989
"2017年 鶯歌區0 女",43189,1774,1879,2116,2616,3007,3045,3235,3894,3416,3333,3497,3529,2919,1936,1037,902,614,287,115,36,2,5769,13.3575678992,32491,75.2298038852,4929,11.4126282155,15.1703548675,17.75568619,32.9260410575,85.4394175767
"2017年 三峽區0 計",114926,5374,5803,6011,7506,8662,7959,7938,9548,9526,9311,9584,8406,6732,4814,2539,2259,1500,948,408,83,15,17188,14.9557106312,85172,74.1102970607,12566,10.9339923081,14.7536749166,20.1803409571,34.9340158738,73.1091459158
"2017年 三峽區0 男",57644,2777,3044,3154,3933,4591,4126,3930,4567,4664,4511,4813,4210,3338,2316,1193,1031,662,504,225,51,4,8975,15.5697036986,42683,74.0458677399,5986,10.3844285615,14.0243188155,21.0271068107,35.0514256261,66.6963788301
"2017年 三峽區0 女",57282,2597,2759,2857,3573,4071,3833,4008,4981,4862,4800,4771,4196,3394,2498,1346,1228,838,444,183,32,11,8213,14.337837366,42489,74.1751335498,6580,11.4870290842,15.4863611758,19.3297088658,34.8160700417,80.1168878607
"2017年 淡水區0 計",169597,6531,6821,6783,8825,11182,11316,11318,14314,14252,14722,14924,13905,12258,9506,4697,3619,2219,1507,711,173,14,20135,11.8722618914,127016,74.8928341893,22446,13.2349039193,17.6717893809,15.8523335643,33.5241229451,111.4775266948
"2017年 淡水區0 男",81352,3352,3551,3611,4612,5753,5872,5568,6923,6632,6670,6752,6260,5585,4347,2157,1616,1000,700,312,74,5,10514,12.9240829973,60627,74.5242895073,10211,12.5516274953,16.8423309746,17.3421083016,34.1844392762,97.11812821
"2017年 淡水區0 女",88245,3179,3270,3172,4213,5429,5444,5750,7391,7620,8052,8172,7645,6673,5159,2540,2003,1219,807,399,99,9,9621,10.9026007139,66389,75.2325910816,12235,13.8648082044,18.429257859,14.491858591,32.92111645,127.169732876
"2017年 汐止區0 計",199321,6821,6878,7074,10951,14180,13499,12917,16375,16457,18152,19860,17611,14195,10391,5148,4161,2436,1402,628,148,37,20773,10.4218822904,154197,77.3611410739,24351,12.2169766357,15.7921360338,13.4717277249,29.2638637587,117.2242815193
"2017年 汐止區0 男",97241,3450,3611,3717,5690,7392,7038,6500,8174,8137,8525,9423,8404,6466,4654,2340,1756,990,622,273,60,19,10778,11.0838020999,75749,77.8982116597,10714,11.0179862404,14.14408111,14.2285706742,28.3726517842,99.4061978104
"2017年 汐止區0 女",102080,3371,3267,3357,5261,6788,6461,6417,8201,8320,9627,10437,9207,7729,5737,2808,2405,1446,780,355,88,18,9995,9.7913401254,78448,76.8495297806,13637,13.359130094,17.3834897002,12.7409239241,30.1244136243,136.4382191096
"2017年 瑞芳區0 計",40353,1367,1159,1341,2124,2646,2884,2604,2932,2817,3404,3776,3519,2942,2119,1183,1508,1108,619,237,57,7,3867,9.5829306371,29648,73.4716130151,6838,16.9454563477,23.0639503508,13.0430383162,36.106988667,176.8295836566
"2017年 瑞芳區0 男",20372,695,592,672,1116,1355,1566,1326,1445,1459,1800,2069,1880,1531,997,500,625,426,225,68,20,5,1959,9.6161397997,15547,76.3155311211,2866,14.0683290791,18.4344246478,12.6005017045,31.0349263524,146.2991322103
"2017年 瑞芳區0 女",19981,672,567,669,1008,1291,1318,1278,1487,1358,1604,1707,1639,1411,1122,683,883,682,394,169,37,2,1908,9.549071618,14101,70.5720434413,3972,19.8788849407,28.1682150202,13.5309552514,41.6991702716,208.1761006289
"2017年 土城區0 計",238067,9857,9693,9767,13993,18125,18886,18819,21331,18514,18110,20508,20477,16827,10934,4981,3451,1978,1216,458,129,13,29317,12.3146005116,185590,77.9570457056,23160,9.7283537828,12.4791206423,15.7966485263,28.2757691686,78.9985332742
"2017年 土城區0 男",117517,5057,5023,5065,7326,9541,9846,9619,10774,9004,8506,9250,9465,7965,5339,2441,1557,820,609,236,67,7,15145,12.8874971281,91296,77.687483513,11076,9.4250193589,12.1319663512,16.5888976516,28.7208640028,73.1330472103
"2017年 土城區0 女",120550,4800,4670,4702,6667,8584,9040,9200,10557,9510,9604,11258,11012,8862,5595,2540,1894,1158,607,222,62,6,14172,11.7561177934,94294,78.2198257984,12084,10.0240564081,12.8152374488,15.0295883089,27.8448257577,85.266723116
"2017年 蘆洲區0 計",201309,8458,9260,9477,12834,15680,15892,15013,18021,16508,16125,16969,15984,12627,8422,3998,3091,1688,862,295,93,12,27195,13.5090830514,155653,77.320437735,18461,9.1704792135,11.8603560484,17.4715553186,29.331911367,67.8838021695
"2017年 蘆洲區0 男",98873,4458,4900,4919,6725,8168,8310,7538,8798,7977,7550,7811,7453,5902,3954,1823,1401,664,369,118,31,4,14277,14.4397358227,76232,77.1009274524,8364,8.4593367249,10.9717703851,18.7283555462,29.7001259314,58.583736079
"2017年 蘆洲區0 女",102436,4000,4360,4558,6109,7512,7582,7475,9223,8531,8575,9158,8531,6725,4468,2175,1690,1024,493,177,62,8,12918,12.6108008903,79421,77.5323128588,10097,9.8568862509,12.7132622354,16.2652195263,28.9784817618,78.1622542189
"2017年 五股區0 計",84919,3545,3521,3778,5251,6703,6581,6302,7628,6830,6897,7394,6545,5190,3528,1906,1482,829,670,269,64,6,10844,12.7698159423,65321,76.9215369941,8754,10.3086470637,13.4015094686,16.6010930635,30.0026025321,80.7266691258
"2017年 五股區0 男",42844,1877,1897,1991,2681,3493,3496,3177,3841,3456,3430,3689,3217,2577,1660,809,594,370,387,170,28,4,5765,13.4557931099,33057,77.1566613762,4022,9.387545514,12.1668632967,17.439574069,29.6064373658,69.7658282741
"2017年 五股區0 女",42075,1668,1624,1787,2570,3210,3085,3125,3787,3374,3467,3705,3328,2613,1868,1097,888,459,283,99,36,2,5079,12.0713012478,32264,76.6821152704,4732,11.2465834819,14.6665013637,15.7420034714,30.4085048351,93.1679464462
"2017年 泰山區0 計",78911,3637,4128,4252,4683,5476,5344,5771,7951,7632,5954,5628,5370,5025,3759,1852,1219,623,395,171,36,5,12017,15.2285486181,58834,74.5574127815,8060,10.2140386004,13.6995614781,20.425264303,34.124825781,67.071648498
"2017年 泰山區0 男",39164,1881,2167,2214,2505,2888,2834,2818,3835,3773,2983,2662,2494,2265,1787,920,560,256,209,99,14,0,6262,15.989173731,29057,74.193136554,3845,9.817689715,13.2326117631,21.5507450872,34.7833568503,61.4021079527
"2017年 泰山區0 女",39747,1756,1961,2038,2178,2588,2510,2953,4116,3859,2971,2966,2876,2760,1972,932,659,367,186,72,22,5,5755,14.4790801822,29777,74.9163458877,4215,10.6045739301,14.1552204722,19.3269973469,33.4822178191,73.2406602954
"2017年 林口區0 計",106101,5907,6666,6145,6455,7078,6709,6948,9828,10058,8745,8132,7213,5819,4418,2288,1689,952,622,339,78,12,18718,17.6416810398,76985,72.5582228254,10398,9.8000961348,13.5065272456,24.313827369,37.8203546145,55.5508067101
"2017年 林口區0 男",51647,2975,3517,3237,3308,3626,3390,3291,4511,4786,4188,3836,3497,2700,2060,1074,765,404,290,160,28,4,9729,18.8374929812,37133,71.8976900885,4785,9.2648169303,12.8861120836,26.2004147254,39.086526809,49.1828553808
"2017年 林口區0 女",54454,2932,3149,2908,3147,3452,3319,3657,5317,5272,4557,4296,3716,3119,2358,1214,924,548,332,179,50,8,8989,16.5075109267,39852,73.1847063577,5613,10.3077827157,14.0846130684,22.5559570411,36.6405701094,62.4429858716
"2017年 深坑區0 計",23660,696,686,929,1416,1831,1771,1468,1752,1760,2056,2411,2183,1704,1233,582,559,302,194,97,28,2,2311,9.7675401522,18352,77.5655114117,2997,12.6669484362,16.3306451613,12.5926329555,28.9232781168,129.6841194288
"2017年 深坑區0 男",11837,363,363,500,751,977,973,774,861,835,1000,1175,1080,827,569,261,239,133,98,47,9,2,1226,10.3573540593,9253,78.1701444623,1358,11.4725014784,14.6763211931,13.2497568356,27.9260780287,110.766721044
"2017年 深坑區0 女",11823,333,323,429,665,854,798,694,891,925,1056,1236,1103,877,664,321,320,169,96,50,19,0,1085,9.1770278271,9099,76.9601623953,1639,13.8628097776,18.0129684581,11.9243872953,29.9373557534,151.0599078341
"2017年 石碇區0 計",7683,191,184,289,437,470,408,442,502,502,635,661,755,646,498,296,352,205,127,61,21,1,664,8.6424573734,5458,71.0399583496,1561,20.317584277,28.6002198608,12.1656284353,40.7658482961,235.0903614458
"2017年 石碇區0 男",4223,100,98,146,227,245,225,234,238,283,389,424,460,388,276,163,166,83,48,20,9,1,344,8.1458678664,3113,73.7153682216,766,18.1387639119,24.6064889174,11.0504336653,35.6569225827,222.6744186047
"2017年 石碇區0 女",3460,91,86,143,210,225,183,208,264,219,246,237,295,258,222,133,186,122,79,41,12,0,320,9.2485549133,2345,67.774566474,795,22.9768786127,33.9019189765,13.6460554371,47.5479744136,248.4375
"2017年 坪林區0 計",6528,193,120,195,339,394,373,338,353,418,542,626,554,529,429,314,307,227,166,81,26,4,508,7.7818627451,4466,68.4129901961,1554,23.8051470588,34.7962382445,11.3748320645,46.171070309,305.905511811
"2017年 坪林區0 男",3620,96,66,103,190,202,208,174,185,234,320,406,343,300,243,165,143,120,75,34,11,2,265,7.320441989,2562,70.773480663,793,21.9060773481,30.9523809524,10.343481655,41.2958626073,299.2452830189
"2017年 坪林區0 女",2908,97,54,92,149,192,165,164,168,184,222,220,211,229,186,149,164,107,91,47,15,2,243,8.356258597,1904,65.4745529574,761,26.1691884457,39.968487395,12.762605042,52.731092437,313.1687242798
"2017年 三芝區0 計",23200,710,655,869,1371,1797,1586,1428,1657,1616,1954,2056,1988,1749,1349,733,678,484,343,132,42,3,2234,9.6293103448,17202,74.1465517241,3764,16.224137931,21.8811766074,12.9868619928,34.8680386002,168.4870188004
"2017年 三芝區0 男",11946,353,337,446,727,949,841,759,845,858,994,1044,1045,923,707,354,323,216,152,55,18,0,1136,9.5094592332,8985,75.2134605726,1825,15.2770801942,20.3116304953,12.6432943795,32.9549248748,160.6514084507
"2017年 三芝區0 女",11254,357,318,423,644,848,745,669,812,758,960,1012,943,826,642,379,355,268,191,77,24,3,1098,9.7565310112,8217,73.0140394526,1939,17.2294295362,23.597419983,13.3625410734,36.9599610563,176.5938069217
"2017年 石門區0 計",12286,444,376,475,729,956,872,829,1073,959,940,960,951,801,657,360,377,238,181,88,19,1,1295,10.5404525476,9070,73.8238645613,1921,15.6356828911,21.1797133407,14.2778390298,35.4575523705,148.3397683398
"2017年 石門區0 男",6356,229,186,258,400,498,439,407,520,456,528,531,516,422,349,190,189,120,74,38,6,0,673,10.5884203902,4717,74.2133417244,966,15.1982378855,20.4791180835,14.2675429298,34.7466610134,143.5364041605
"2017年 石門區0 女",5930,215,190,217,329,458,433,422,553,503,412,429,435,379,308,170,188,118,107,50,13,1,622,10.4890387858,4353,73.4064080944,955,16.1045531197,21.9388927177,14.2889960946,36.2278888123,153.536977492
"2017年 八里區0 計",38493,1600,1512,1475,2383,3008,2785,2711,3106,3011,3212,3479,3228,2594,1745,900,744,503,317,127,51,2,4587,11.916452342,29517,76.6814745538,4389,11.4020731042,14.8693972965,15.5401971745,30.409594471,95.6834532374
"2017年 八里區0 男",19195,848,801,745,1235,1548,1409,1348,1515,1483,1567,1729,1630,1292,840,422,340,201,162,58,22,0,2394,12.4719979161,14756,76.8741859859,2045,10.6538160979,13.8587693142,16.2239089184,30.0826782326,85.4218880535
"2017年 八里區0 女",19298,752,711,730,1148,1460,1376,1363,1591,1528,1645,1750,1598,1302,905,478,404,302,155,69,29,2,2193,11.3638719038,14761,76.4897916883,2344,12.1463364079,15.8796829483,14.8567170246,30.7363999729,106.8855449156
"2017年 平溪區0 計",4719,95,80,123,137,196,205,203,244,311,405,473,486,422,306,224,365,231,125,72,15,1,298,6.314897224,3082,65.3104471286,1339,28.3746556474,43.4458144062,9.669046074,53.1148604802,449.3288590604
"2017年 平溪區0 男",2612,46,46,58,66,101,114,115,140,197,263,320,330,257,161,101,145,95,37,15,5,0,150,5.7427258806,1903,72.8560490046,559,21.4012251149,29.3746715712,7.8822911193,37.2569626905,372.6666666667
"2017年 平溪區0 女",2107,49,34,65,71,95,91,88,104,114,142,153,156,165,145,123,220,136,88,57,10,1,148,7.0242050308,1179,55.9563360228,780,37.0194589464,66.1577608142,12.5530110263,78.7107718405,527.027027027
"2017年 雙溪區0 計",8939,254,174,266,367,536,454,427,588,551,729,794,819,736,631,365,487,417,252,74,15,3,694,7.7637319611,6001,67.1327889026,2244,25.1034791364,37.3937677054,11.5647392101,48.9585069155,323.3429394813
"2017年 雙溪區0 男",4831,137,85,145,185,252,232,221,327,335,456,499,518,417,325,194,203,172,101,24,2,1,367,7.5967708549,3442,71.2481887808,1022,21.1550403643,29.6920395119,10.6624055782,40.3544450901,278.4741144414
"2017年 雙溪區0 女",4108,117,89,121,182,284,222,206,261,216,273,295,301,319,306,171,284,245,151,50,13,2,327,7.9600778968,2559,62.2930866602,1222,29.746835443,47.7530285268,12.7784290739,60.5314576006,373.7003058104
"2017年 貢寮區0 計",12552,319,224,342,544,714,654,686,908,1117,1236,1228,1040,894,718,460,586,446,278,128,26,4,885,7.0506692161,9021,71.8690248566,2646,21.0803059273,29.331559694,9.8104423013,39.1420019953,298.9830508475
"2017年 貢寮區0 男",6375,166,115,178,285,370,336,359,435,546,639,703,587,473,337,202,267,207,121,39,9,1,459,7.2,4733,74.2431372549,1183,18.5568627451,24.9947179379,9.6978660469,34.6925839848,257.734204793
"2017年 貢寮區0 女",6177,153,109,164,259,344,318,327,473,571,597,525,453,421,381,258,319,239,157,89,17,3,426,6.8965517241,4288,69.4188117209,1463,23.684636555,34.1184701493,9.9347014925,44.0531716418,343.4272300469
"2017年 金山區0 計",22015,789,678,848,1251,1624,1502,1449,1900,1849,1852,1910,1722,1405,1050,661,653,449,274,111,28,10,2315,10.5155575744,16464,74.7853736089,3236,14.6990688167,19.6550048591,14.0609815355,33.7159863946,139.7840172786
"2017年 金山區0 男",10853,411,346,423,646,799,726,676,879,930,959,984,878,671,507,331,324,206,104,44,7,2,1180,10.8725697964,8148,75.0760158482,1525,14.0514143555,18.7162493864,14.4820814924,33.1983308787,129.2372881356
"2017年 金山區0 女",11162,378,332,425,605,825,776,773,1021,919,893,926,844,734,543,330,329,243,170,67,21,8,1135,10.168428597,8316,74.5027772801,1711,15.3287941229,20.5747955748,13.6483886484,34.2231842232,150.7488986784
"2017年 萬里區0 計",22296,810,640,812,1116,1404,1454,1367,1760,1643,1879,1950,1952,1710,1292,762,800,482,315,119,26,3,2262,10.1453175457,16235,72.8157517043,3799,17.0389307499,23.4000615953,13.9328611026,37.3329226979,167.9487179487
"2017年 萬里區0 男",11204,412,341,418,585,716,746,653,848,787,981,1020,1005,861,645,361,377,245,138,52,12,1,1171,10.4516244199,8202,73.2059978579,1831,16.3423777222,22.3238234577,14.2770056084,36.6008290661,156.3620836892
"2017年 萬里區0 女",11092,398,299,394,531,688,708,714,912,856,898,930,947,849,647,401,423,237,177,67,14,2,1091,9.8359177786,8033,72.421565092,1968,17.7425171295,24.4989418648,13.5814764098,38.0804182746,180.3849679193
"2017年 烏來區0 計",6320,384,274,287,354,473,479,463,527,480,397,462,487,470,330,152,134,92,50,21,3,1,945,14.9525316456,4592,72.6582278481,783,12.3892405063,17.0513937282,20.5792682927,37.6306620209,82.8571428571
"2017年 烏來區0 男",3121,203,132,153,204,227,253,229,249,222,191,225,239,235,149,74,61,37,23,12,3,0,488,15.636014098,2274,72.8612624159,359,11.5027234861,15.7871591909,21.4599824099,37.2471416007,73.5655737705
"2017年 烏來區0 女",3199,181,142,134,150,246,226,234,278,258,206,237,248,235,181,78,73,55,27,9,0,1,457,14.2857142857,2318,72.4601437949,424,13.2541419193,18.2916307161,19.715271786,38.0069025022,92.7789934354
"2018年 新北市0 計",3995717,156515,166302,167105,215440,258854,276502,281478,347077,338573,314488,318551,323226,291901,232421,119084,87074,51691,30757,14270,3769,639,489922,12.261178657,2966090,74.2317336288,539705,13.5070877142,18.195840315,16.5174354116,34.7132757266,110.1614134495
"2018年 新北市0 男",1954968,80795,86242,87221,112349,134055,144001,141796,170579,165125,151945,149896,150505,134754,107766,55162,38208,21195,14276,6912,1857,329,254258,13.0057371783,1455005,74.4260264107,245705,12.568236411,16.8868835502,17.4747165817,34.361600132,96.6360940462
"2018年 新北市0 女",2040749,75720,80060,79884,103091,124799,132501,139682,176498,173448,162543,168655,172721,157147,124655,63922,48866,30496,16481,7358,1912,310,235664,11.5479169658,1511085,74.0456077646,294000,14.4064752696,19.456218545,15.5956812489,35.0518997939,124.7538868898
"2018年 板橋區0 計",554742,22960,25330,25256,29096,32604,36322,40267,51551,49420,42318,39270,41523,41211,34378,17760,12404,6789,3961,1784,443,95,73546,13.2576945679,403582,72.7512969993,77614,13.9910084327,19.2312838531,18.2233102567,37.4545941097,105.531232154
"2018年 板橋區0 男",270394,11770,13197,13202,15203,16870,18811,20164,25353,24154,20632,18290,18605,18548,15754,8295,5616,2832,1875,937,232,54,38169,14.1160676642,196630,72.7198088715,35595,13.1641234643,18.1025275899,19.4115852108,37.5141128007,93.2563074747
"2018年 板橋區0 女",284348,11190,12133,12054,13893,15734,17511,20103,26198,25266,21686,20980,22918,22663,18624,9465,6788,3957,2086,847,211,41,35377,12.4414449899,206952,72.7812398891,42019,14.7773151209,20.3037419305,17.0943020604,37.3980439909,118.7749102524
"2018年 三重區0 計",385826,14483,15011,14970,20057,24073,27107,28833,34757,32866,29623,29493,31460,29028,23118,11896,9204,5718,2755,1062,275,37,44464,11.5243659059,287297,74.4628407624,54065,14.0127933317,18.8185048921,15.4766670031,34.2951718953,121.5927491904
"2018年 三重區0 男",189559,7426,7715,7798,10487,12526,14145,14676,17341,16377,14539,13926,14539,13638,10710,5530,4142,2295,1152,444,134,19,22939,12.1012455225,142194,75.0130566209,24426,12.8856978566,17.1779399975,16.1321856056,33.310125603,106.4824098697
"2018年 三重區0 女",196267,7057,7296,7172,9570,11547,12962,14157,17416,16489,15084,15567,16921,15390,12408,6366,5062,3423,1603,618,141,18,21525,10.967202841,145103,73.9314301436,29639,15.1013670153,20.4261800238,14.8342901249,35.2604701488,137.6957026713
"2018年 中和區0 計",412486,15383,15244,14018,19903,24280,26772,29120,36686,35695,33011,32163,33642,32911,27889,14580,9661,5350,3721,1879,497,81,44645,10.8233976426,304183,73.7438361544,63658,15.432766203,20.9275337544,14.6770200833,35.6045538377,142.5870758204
"2018年 中和區0 男",200054,8015,7921,7317,10404,12498,14009,14725,18242,17602,16000,15065,15216,14589,12560,6571,4012,2026,1895,1055,288,44,23253,11.6233616923,148350,74.1549781559,28451,14.2216601518,19.1782945736,15.6744186047,34.8527131783,122.3541048467
"2018年 中和區0 女",212432,7368,7323,6701,9499,11782,12763,14395,18444,18093,17011,17098,18426,18322,15329,8009,5649,3324,1826,824,209,37,21392,10.0700459441,155833,73.3566505988,35207,16.5733034571,22.5927755995,13.7275159947,36.3202915942,164.5802169035
"2018年 永和區0 計",221098,7227,8819,10339,11198,12811,13186,13535,16836,17902,17352,17605,17988,17208,15713,8913,6109,3894,2550,1383,444,86,26385,11.9336221947,155621,70.3855303983,39092,17.680847407,25.1200030844,16.9546526497,42.0746557341,148.1599393595
"2018年 永和區0 男",104839,3679,4538,5340,5740,6614,6852,6756,7974,8358,8064,8065,8159,7693,6982,3909,2496,1432,1190,696,251,51,13557,12.9312564981,74275,70.846726886,17007,16.222016616,22.8973409626,18.2524402558,41.1497812184,125.4481079885
"2018年 永和區0 女",116259,3548,4281,4999,5458,6197,6334,6779,8862,9544,9288,9540,9829,9515,8731,5004,3613,2462,1360,687,193,35,12828,11.0339844657,81346,69.9696367593,22085,18.996378775,27.1494603299,15.7696752145,42.9191355445,172.162457125
"2018年 新莊區0 計",417754,18313,19920,20075,23899,28148,30735,32085,39398,37073,31090,30604,31939,28544,21861,10723,6795,3716,1846,804,159,27,58308,13.9574965171,313515,75.0477553776,45931,10.9947481053,14.6503357096,18.5981531984,33.248488908,78.7730671606
"2018年 新莊區0 男",203713,9418,10266,10543,12431,14516,15848,16120,19070,17862,14858,13840,14449,12976,10144,5353,3171,1587,824,351,70,16,30227,14.8380319371,151970,74.6000500704,21516,10.5619179925,14.1580575114,19.8901098901,34.0481674015,71.1813941178
"2018年 新莊區0 女",214041,8895,9654,9532,11468,13632,14887,15965,20328,19211,16232,16764,17490,15568,11717,5370,3624,2129,1022,453,89,11,28081,13.1194490775,161545,75.4738578123,24415,11.4066931102,15.1134358847,17.3827726021,32.4962084868,86.9449093693
"2018年 新店區0 計",302231,9806,9944,9540,14449,19036,20158,19507,22366,22847,24858,26601,26766,24944,21033,11578,8124,4808,3465,1766,516,119,29290,9.6912626435,221532,73.2989005099,51409,17.0098368467,23.2061282343,13.2215661846,36.4276944189,175.5172413793
"2018年 新店區0 男",145142,5093,5025,4873,7347,9797,10396,9730,11024,10916,11938,12611,12271,11405,9495,4967,3318,1924,1768,908,270,66,14991,10.328505877,107435,74.020614295,22716,15.650879828,21.1439475031,13.9535533113,35.0975008144,151.5309185511
"2018年 新店區0 女",157089,4713,4919,4667,7102,9239,9762,9777,11342,11931,12920,13990,14495,13539,11538,6611,4806,2884,1697,858,246,53,14299,9.1024833056,114097,72.6320748111,28693,18.2654418833,25.1479004707,12.5323189917,37.6802194624,200.6643821246
"2018年 樹林區0 計",183946,8284,8431,8590,10925,12708,13639,13729,17060,15681,13812,13705,14275,12583,9212,4420,3375,1924,1051,418,111,13,25305,13.7567546997,138117,75.0856229546,20524,11.1576223457,14.8598651868,18.3214231412,33.181288328,81.1065006916
"2018年 樹林區0 男",91732,4369,4365,4564,5667,6656,7129,6963,8488,7798,6676,6489,6792,5924,4538,2158,1575,856,484,184,51,6,13298,14.4965769851,68582,74.7634413291,9852,10.7399816858,14.3652853518,19.3899273862,33.755212738,74.0863287712
"2018年 樹林區0 女",92214,3915,4066,4026,5258,6052,6510,6766,8572,7883,7136,7216,7483,6659,4674,2262,1800,1068,567,234,60,7,12007,13.0207994448,69535,75.4061205457,10672,11.5730800095,15.3476666427,17.2675630977,32.6152297404,88.8814858
"2018年 鶯歌區0 計",86361,3414,3797,4186,5389,6178,6388,6432,7768,7205,6398,6584,6824,5925,4163,2118,1654,1107,539,226,60,6,11397,13.1969291694,65091,75.3708271095,9873,11.4322437211,15.1679955754,17.5093330875,32.6773286629,86.6280600158
"2018年 鶯歌區0 男",43281,1788,1967,2124,2867,3277,3359,3310,3929,3637,3101,3210,3242,2829,2060,1011,718,479,239,103,30,1,5879,13.5833275571,32761,75.6937224186,4641,10.7229500243,14.1662342419,17.9451176704,32.1113519123,78.9419969383
"2018年 鶯歌區0 女",43080,1626,1830,2062,2522,2901,3029,3122,3839,3568,3297,3374,3582,3096,2103,1107,936,628,300,123,30,5,5518,12.808727948,32330,75.0464252553,5232,12.1448467967,16.183111661,17.0677389422,33.2508506032,94.8169626676
"2018年 三峽區0 計",115820,5414,5732,5984,7266,8324,8203,7807,9408,9812,9269,9482,8837,7033,5210,2719,2296,1579,909,431,93,12,17130,14.7901916767,85441,73.7705059575,13249,11.4393023657,15.5066068983,20.0489226484,35.5555295467,77.3438412142
"2018年 三峽區0 男",57947,2835,2991,3109,3845,4355,4280,3927,4522,4754,4471,4720,4387,3465,2537,1268,1041,695,446,241,55,3,8935,15.4192624295,42726,73.7328938513,6286,10.8478437193,14.7123531339,20.912325048,35.6246781819,70.3525461668
"2018年 三峽區0 女",57873,2579,2741,2875,3421,3969,3923,3880,4886,5058,4798,4762,4450,3568,2673,1451,1255,884,463,190,38,9,8195,14.1603165552,42715,73.8081661569,6963,12.0315172879,16.3010651996,19.1852979047,35.4863631043,84.966442953
"2018年 淡水區0 計",173502,6419,7081,6763,8712,10867,11513,11321,14396,14646,14893,15114,14422,12872,10499,5176,3914,2405,1499,797,169,24,20263,11.6788279098,128756,74.2100955609,24483,14.1110765294,19.0150361925,15.7375190282,34.7525552207,120.8261363076
"2018年 淡水區0 男",83082,3301,3689,3575,4583,5577,5961,5596,6981,6878,6777,6811,6426,5811,4836,2375,1718,1069,690,345,73,10,10565,12.7163525192,61401,73.9040947498,11116,13.379552731,18.1039396752,17.2065601537,35.310499829,105.2153336488
"2018年 淡水區0 女",90420,3118,3392,3188,4129,5290,5552,5725,7415,7768,8116,8303,7996,7061,5663,2801,2196,1336,809,452,96,14,9698,10.7255032073,67355,74.4912629949,13367,14.7832337978,19.8455942395,14.3983371687,34.2439314082,137.8325427923
"2018年 汐止區0 計",200535,6563,7006,6787,10585,13776,13725,12586,16116,16628,17633,19828,18158,14879,11343,5622,4432,2583,1436,635,177,37,20356,10.1508464857,153914,76.7516892313,26265,13.097464283,17.0647244565,13.2255675247,30.2902919812,129.0282963254
"2018年 汐止區0 男",97696,3341,3651,3611,5483,7124,7200,6319,8092,8204,8343,9311,8683,6813,5110,2532,1870,1015,625,278,71,20,10603,10.8530543727,75572,77.3542417294,11521,11.7927038978,15.2450643095,14.0303286932,29.2753930027,108.6579270018
"2018年 汐止區0 女",102839,3222,3355,3176,5102,6652,6525,6267,8024,8424,9290,10517,9475,8066,6233,3090,2562,1568,811,357,106,17,9753,9.4837561625,78342,76.1792705102,14744,14.3369733272,18.8200454418,12.4492609328,31.2693063746,151.1739977443
"2018年 瑞芳區0 計",39982,1321,1151,1248,2080,2509,2829,2586,2883,2827,3236,3676,3616,3025,2272,1163,1448,1147,633,257,66,9,3720,9.3041868841,29267,73.2004401981,6995,17.4953729178,23.9006389449,12.7105613831,36.611200328,188.0376344086
"2018年 瑞芳區0 男",20168,677,580,635,1098,1278,1534,1324,1445,1414,1705,1998,1956,1574,1091,504,593,439,227,76,16,4,1892,9.3811979373,15326,75.9916699722,2950,14.6271320904,19.2483361608,12.3450345818,31.5933707425,155.9196617336
"2018年 瑞芳區0 女",19814,644,571,613,982,1231,1295,1262,1438,1413,1531,1678,1660,1451,1181,659,855,708,406,181,50,5,1828,9.2257999394,13941,70.3593418795,4045,20.4148581811,29.0151352127,13.1124022667,42.1275374794,221.2800875274
"2018年 土城區0 計",236901,9555,9614,9523,13254,16984,18600,18351,21210,18979,17565,19724,20710,17538,12249,5509,3597,2069,1224,493,141,12,28692,12.1113883014,182915,77.2115778321,25294,10.6770338665,13.8282808955,15.6859743597,29.5142552552,88.1569775547
"2018年 土城區0 男",116707,4867,4990,4964,6948,8822,9720,9474,10685,9308,8268,8885,9556,8199,5906,2725,1619,874,558,267,66,6,14821,12.699323948,89865,77.0005226764,12021,10.3001533755,13.3767317643,16.4925165526,29.8692483169,81.107887457
"2018年 土城區0 女",120194,4688,4624,4559,6306,8162,8880,8877,10525,9671,9297,10839,11154,9339,6343,2784,1978,1195,666,226,75,6,13871,11.5405095096,93050,77.4165099755,13273,11.0429805148,14.2643739925,14.9070392262,29.1714132187,95.6888472352
"2018年 蘆洲區0 計",201332,8304,9192,9169,12454,14942,15744,14892,17493,16924,15876,16695,16328,13354,9258,4298,3274,1820,895,317,94,9,26665,13.2442930086,154702,76.8392505911,19965,9.9164564004,12.905456943,17.2363641065,30.1418210495,74.8734295893
"2018年 蘆洲區0 男",98883,4370,4870,4742,6572,7792,8232,7539,8594,8159,7582,7587,7591,6226,4339,1962,1463,725,373,124,37,4,13982,14.1399431652,75874,76.7310862332,9027,9.1289706016,11.8973561431,18.4279199726,30.3252761157,64.5615791732
"2018年 蘆洲區0 女",102449,3934,4322,4427,5882,7150,7512,7353,8899,8765,8294,9108,8737,7128,4919,2336,1811,1095,522,193,57,5,12683,12.379818251,78828,76.9436500112,10938,10.6765317377,13.8757801796,16.0894605978,29.9652407774,86.2414255302
"2018年 五股區0 計",86329,3526,3566,3682,5083,6554,6705,6328,7699,7197,6837,7336,6957,5488,3905,2023,1547,884,636,300,70,6,10774,12.480163097,66184,76.6648519038,9371,10.8549849992,14.1590112414,16.2788589387,30.4378701801,86.9779097828
"2018年 五股區0 男",43507,1873,1891,1943,2655,3401,3555,3232,3850,3645,3425,3614,3461,2660,1880,888,599,372,345,180,34,4,5707,13.1174293792,33498,76.9945066311,4302,9.8880639897,12.8425577646,17.0368380202,29.8793957848,75.3811109164
"2018年 五股區0 女",42822,1653,1675,1739,2428,3153,3150,3096,3849,3552,3412,3722,3496,2828,2025,1135,948,512,291,120,36,2,5067,11.8327028163,32686,76.3299238709,5069,11.8373733128,15.5081686349,15.5020498073,31.0102184421,100.0394710874
"2018年 泰山區0 計",78708,3439,4016,4198,4623,5202,5298,5479,7580,7893,6220,5486,5425,5123,4071,2080,1298,677,383,176,35,6,11653,14.8053565076,58329,74.1080957463,8726,11.0865477461,14.9599684548,19.9780555127,34.9380239675,74.882004634
"2018年 泰山區0 男",38925,1744,2097,2193,2438,2742,2838,2711,3623,3865,3182,2604,2524,2284,1897,995,600,279,188,103,16,2,6034,15.5016056519,28811,74.0166987797,4080,10.4816955684,14.1612578529,20.9433896776,35.1046475305,67.6168379185
"2018年 泰山區0 女",39783,1695,1919,2005,2185,2460,2460,2768,3957,4028,3038,2882,2901,2839,2174,1085,698,398,195,73,19,4,5619,14.1241233693,29518,74.1975215544,4646,11.6783550763,15.7395487499,19.0358425368,34.7753912867,82.6837515572
"2018年 林口區0 計",110081,5961,6970,6333,6365,7058,6874,7170,9793,10754,9061,8337,7661,6195,5003,2546,1861,1048,640,343,93,15,19264,17.4998410262,79268,72.0087935248,11549,10.4913654491,14.5695614876,24.3023666549,38.8719281425,59.9512043189
"2018年 林口區0 男",53500,3040,3613,3316,3321,3578,3521,3418,4472,5132,4290,3973,3661,2882,2297,1193,855,454,289,150,40,5,9969,18.6336448598,38248,71.491588785,5283,9.8747663551,13.8124869274,26.0641079272,39.8765948546,52.9942822751
"2018年 林口區0 女",56581,2921,3357,3017,3044,3480,3353,3752,5321,5622,4771,4364,4000,3313,2706,1353,1006,594,351,193,53,10,9295,16.4277761086,41020,72.4978349623,6266,11.0743889291,15.2754753779,22.6596782058,37.9351535836,67.4125874126
"2018年 深坑區0 計",23634,679,682,854,1360,1762,1785,1467,1735,1746,1939,2347,2300,1753,1369,627,574,327,186,111,30,1,2215,9.3720910553,18194,76.982313616,3225,13.6455953288,17.725623832,12.1743431901,29.8999670221,145.5981941309
"2018年 深坑區0 男",11841,355,359,462,728,948,979,785,876,817,961,1106,1154,843,649,280,249,137,89,53,10,1,1176,9.9315936154,9197,77.6708048307,1468,12.3976015539,15.96172665,12.7867782973,28.7485049473,124.8299319728
"2018年 深坑區0 女",11793,324,323,392,632,814,806,682,859,929,978,1241,1146,910,720,347,325,190,97,58,20,0,1039,8.8103112016,8997,76.2910200967,1757,14.8986687018,19.5287317995,11.5482938757,31.0770256752,169.1049085659
"2018年 石碇區0 計",7731,189,165,261,426,473,433,420,484,517,623,654,766,681,544,294,356,230,131,62,19,3,615,7.9549864183,5477,70.8446514034,1639,21.2003621782,29.9251415008,11.2287748768,41.1539163776,266.5040650407
"2018年 石碇區0 男",4220,98,83,135,222,248,221,235,224,286,371,415,464,408,305,155,177,89,56,20,6,2,316,7.4881516588,3094,73.317535545,810,19.1943127962,26.1797026503,10.2133160957,36.393018746,256.3291139241
"2018年 石碇區0 女",3511,91,82,126,204,225,212,185,260,231,252,239,302,273,239,139,179,141,75,42,13,1,299,8.5160922814,2383,67.8724010253,829,23.6115066932,34.7880822493,12.5472093999,47.3352916492,277.2575250836
"2018年 坪林區0 計",6612,178,127,198,320,406,380,343,353,418,515,605,584,552,478,322,308,243,155,90,30,7,503,7.6073805203,4476,67.6950998185,1633,24.6975196612,36.4834673816,11.2377122431,47.7211796247,324.6520874751
"2018年 坪林區0 男",3633,89,69,107,179,216,210,170,182,221,301,390,359,309,266,173,140,125,69,41,13,4,265,7.2942471786,2537,69.8320946876,831,22.8736581338,32.755222704,10.4454079622,43.2006306661,313.5849056604
"2018年 坪林區0 女",2979,89,58,91,141,190,170,173,171,197,214,215,225,243,212,149,168,118,86,49,17,3,238,7.9892581403,1939,65.0889560255,802,26.9217858342,41.3615265601,12.274368231,53.6358947911,336.974789916
"2018年 三芝區0 計",22978,645,647,822,1284,1697,1591,1377,1624,1595,1848,2060,2054,1824,1454,747,715,475,328,150,38,3,2114,9.2001044477,16954,73.7836191139,3910,17.0162764383,23.0624041524,12.4690338563,35.5314380087,184.9574266793
"2018年 三芝區0 男",11839,310,353,417,661,900,862,750,801,852,947,1050,1086,978,736,372,330,218,141,55,20,0,1080,9.1223920939,8887,75.0654616099,1872,15.8121462961,21.0644762012,12.1525824238,33.217058625,173.3333333333
"2018年 三芝區0 女",11139,335,294,405,623,797,729,627,823,743,901,1010,968,846,718,375,385,257,187,95,18,3,1034,9.2827004219,8067,72.4212227309,2038,18.2960768471,25.263418867,12.8176521631,38.0810710301,197.0986460348
"2018年 石門區0 計",12115,395,356,427,722,909,853,778,1032,965,942,941,984,802,709,381,372,248,173,94,30,2,1178,9.7234832852,8928,73.6937680561,2009,16.5827486587,22.5022401434,13.1944444444,35.6966845878,170.5432937182
"2018年 石門區0 男",6266,202,177,229,385,478,437,392,501,454,509,518,554,413,373,202,194,123,70,39,16,0,608,9.7031599106,4641,74.0663900415,1017,16.2304500479,21.9133807369,13.1006248653,35.0140056022,167.2697368421
"2018年 石門區0 女",5849,193,179,198,337,431,416,386,531,511,433,423,430,389,336,179,178,125,103,55,14,2,570,9.7452555992,4287,73.2945802701,992,16.9601641306,23.1397247492,13.2960111966,36.4357359459,174.0350877193
"2018年 八里區0 計",38906,1609,1506,1415,2339,2889,2858,2671,3136,3077,3170,3464,3377,2690,1936,957,793,533,308,127,40,11,4530,11.6434483113,29671,76.2633012903,4705,12.0932503984,15.8572343366,15.2674328469,31.1246671834,103.8631346578
"2018年 八里區0 男",19410,869,807,733,1190,1479,1476,1322,1517,1510,1566,1704,1719,1317,938,456,362,202,160,63,15,5,2409,12.4111282844,14800,76.2493560021,2201,11.3395157135,14.8716216216,16.277027027,31.1486486486,91.3657119137
"2018年 八里區0 女",19496,740,699,682,1149,1410,1382,1349,1619,1567,1604,1760,1658,1373,998,501,431,331,148,64,25,6,2121,10.8791546984,14871,76.2771850636,2504,12.843660238,16.8381413489,14.2626588662,31.1008002152,118.0575200377
"2018年 平溪區0 計",4666,97,76,105,146,173,208,193,247,299,404,464,490,415,334,207,345,248,117,73,24,1,278,5.9579939991,3039,65.1307329619,1349,28.911273039,44.3896018427,9.1477459691,53.5373478118,485.2517985612
"2018年 平溪區0 男",2583,45,45,50,67,93,115,107,140,180,260,315,335,255,182,98,143,93,35,19,6,0,140,5.4200542005,1867,72.2802942315,576,22.2996515679,30.8516336369,7.4986609534,38.3502945903,411.4285714286
"2018年 平溪區0 女",2083,52,31,55,79,80,93,86,107,119,144,149,155,160,152,109,202,155,82,54,18,1,138,6.6250600096,1172,56.2650024004,773,37.10993759,65.9556313993,11.7747440273,77.7303754266,560.1449275362
"2018年 雙溪區0 計",8860,213,170,254,357,480,479,400,569,564,691,796,845,757,677,392,445,392,273,83,21,2,637,7.1896162528,5938,67.0203160271,2285,25.7900677201,38.4809700236,10.7275176827,49.2084877063,358.7127158556
"2018年 雙溪區0 男",4788,114,82,138,190,233,239,209,317,322,436,502,528,440,358,197,196,153,100,29,5,0,334,6.9757727652,3416,71.3450292398,1038,21.679197995,30.3864168618,9.7775175644,40.1639344262,310.7784431138
"2018年 雙溪區0 女",4072,99,88,116,167,247,240,191,252,242,255,294,317,317,319,195,249,239,173,54,16,2,303,7.4410609037,2522,61.9351669941,1247,30.6237721022,49.4448850119,12.0142743854,61.4591593973,411.5511551155
"2018年 貢寮區0 計",12301,285,191,297,521,687,643,652,843,1037,1227,1253,1086,913,758,447,583,421,302,120,31,4,773,6.2840419478,8862,72.0429233396,2666,21.6730347126,30.0835025954,8.7226359738,38.8061385692,344.8900388098
"2018年 貢寮區0 男",6263,153,101,163,256,374,321,355,404,505,628,706,620,480,370,192,267,188,133,35,11,1,417,6.6581510458,4649,74.229602427,1197,19.1122465272,25.7474725747,8.969670897,34.7171434717,287.0503597122
"2018年 貢寮區0 女",6038,132,90,134,265,313,322,297,439,532,599,547,466,433,388,255,316,233,169,85,20,3,356,5.8959920503,4213,69.7747598543,1469,24.3292480954,34.8682648944,8.4500356041,43.3183004985,412.6404494382
"2018年 金山區0 計",21774,716,649,764,1197,1537,1539,1373,1791,1904,1808,1935,1714,1441,1180,651,664,464,283,123,34,7,2129,9.7777165427,16239,74.5797740424,3406,15.6425094149,20.9741979186,13.1104132028,34.0846111214,159.9812118365
"2018年 金山區0 男",10730,367,333,388,628,745,751,648,831,910,965,991,891,681,570,327,322,222,107,45,8,0,1088,10.1397949674,8041,74.9394221808,1601,14.9207828518,19.9104588981,13.5306553911,33.4411142893,147.1507352941
"2018年 金山區0 女",11044,349,316,376,569,792,788,725,960,994,843,944,823,760,610,324,342,242,176,78,26,7,1041,9.4259326331,8198,74.230351322,1805,16.3437160449,22.0175652598,12.6982190778,34.7157843376,173.3909702209
"2018年 萬里區0 計",22068,769,621,759,1087,1331,1432,1313,1720,1623,1838,1888,1973,1759,1418,774,788,498,305,142,27,3,2149,9.7380822911,15964,72.3400398767,3955,17.9218778322,24.7744926084,13.4615384615,38.2360310699,184.0390879479
"2018年 萬里區0 男",11107,396,338,396,560,689,740,630,829,782,943,979,1025,897,698,394,362,251,126,60,11,1,1130,10.1737642928,8074,72.6928963717,1903,17.1333393356,23.5694822888,13.9955412435,37.5650235323,168.407079646
"2018年 萬里區0 女",10961,373,283,363,527,642,692,683,891,841,895,909,948,862,720,380,426,247,179,82,16,2,1019,9.2965970258,7890,71.9824833501,2052,18.7209196241,26.0076045627,12.9150823828,38.9226869455,201.3738959764
"2018年 烏來區0 計",6438,368,288,288,343,456,503,463,543,479,431,441,522,453,387,161,138,94,53,24,2,1,944,14.6629388009,4634,71.9788754272,860,13.358185772,18.5584807941,20.3711696159,38.92965041,91.1016949153
"2018年 烏來區0 男",3159,191,129,154,194,229,260,209,272,223,207,221,252,217,185,80,60,41,22,11,2,0,474,15.0047483381,2284,72.3013611903,401,12.6938904717,17.5569176883,20.7530647986,38.3099824869,84.5991561181
"2018年 烏來區0 女",3279,177,159,134,149,227,243,254,271,256,224,220,270,236,202,81,78,53,31,13,0,1,470,14.3336383044,2350,71.6681915218,459,13.9981701738,19.5319148936,20,39.5319148936,97.6595744681
"2019年 新北市0 計",4018696,152758,169866,163629,205504,252091,278031,273619,339424,350448,313570,317214,324362,299669,247515,134166,90713,55345,30923,15121,4021,707,486253,12.0997706719,2953932,73.5047388506,578511,14.3954904775,19.5844386398,16.4612117002,36.04565034,118.9732505506
"2019年 新北市0 男",1963658,79007,87828,85191,107405,130638,144607,138639,167240,170903,151816,149476,151025,138082,113955,61921,40278,22461,13599,7287,1933,367,252026,12.8345159901,1449831,73.8331725789,261801,13.332311431,18.0573459941,17.383129482,35.4404754761,103.8785680842
"2019年 新北市0 女",2055038,73751,82038,78438,98099,121453,133424,134980,172184,179545,161754,167738,173337,161587,133560,72245,50435,32884,17324,7834,2088,340,234227,11.3976967822,1504101,73.1909093652,316710,15.4113938526,21.0564317157,15.5725579599,36.6289896756,135.2149837551
"2019年 板橋區0 計",556897,22197,26086,25054,27884,31747,35819,38601,50219,51598,42842,39316,40667,41638,36282,20031,13034,7388,4048,1847,497,102,73337,13.1688624647,400331,71.8860040546,83229,14.9451334807,20.7900462367,18.3190909522,39.109137189,113.4884164883
"2019年 板橋區0 男",270997,11426,13487,13105,14620,16459,18480,19390,24655,25326,20909,18481,18259,18571,16502,9236,5976,3031,1808,965,258,53,38018,14.0289375897,195150,72.01186729,37829,13.9591951202,19.3845759672,19.4814245452,38.8660005124,99.502867063
"2019年 板橋區0 女",285900,10771,12599,11949,13264,15288,17339,19211,25564,26272,21933,20835,22408,23067,19780,10795,7058,4357,2240,882,239,49,35319,12.3536201469,205181,71.7667016439,45400,15.8796782092,22.1268051135,17.2135821543,39.3403872678,128.5427107223
"2019年 三重區0 計",386336,14051,15370,14380,19012,23511,26810,27769,33810,34160,29656,29314,30979,29712,24699,13128,9468,6063,2976,1129,297,42,43801,11.3375403794,284733,73.70087178,57802,14.9615878406,20.3004217987,15.3831835439,35.6836053425,131.9650236296
"2019年 三重區0 男",189595,7255,7857,7416,9940,12225,13989,14298,16873,17000,14528,13999,14283,13924,11367,6037,4312,2418,1230,484,138,22,22528,11.8821698884,141059,74.4001687808,26008,13.7176613307,18.4376750154,15.9706222219,34.4082972373,115.4474431818
"2019年 三重區0 女",196741,6796,7513,6964,9072,11286,12821,13471,16937,17160,15128,15315,16696,15788,13332,7091,5156,3645,1746,645,159,20,21273,10.8126928297,143674,73.0269745503,31794,16.16033262,22.1292648635,14.8064367944,36.9357016579,149.4570582428
"2019年 中和區0 計",413069,14775,15391,13855,19132,23800,26470,27746,35345,37045,33040,32012,33377,33106,29326,16591,10230,5669,3585,1969,529,76,44021,10.6570572955,301073,72.8868542544,67975,16.4560884501,22.5775808525,14.6213708968,37.1989517492,154.4149383249
"2019年 中和區0 男",199887,7672,7966,7217,9998,12207,13817,14018,17674,18265,16026,15133,15083,14743,13074,7436,4290,2163,1665,1106,290,44,22855,11.4339601875,146964,73.5235408006,30068,15.0424990119,20.4594322419,15.5514275605,36.0108598024,131.5598337344
"2019年 中和區0 女",213182,7103,7425,6638,9134,11593,12653,13728,17671,18780,17014,16879,18294,18363,16252,9155,5940,3506,1920,863,239,32,21166,9.9286056046,154109,72.2898743796,37907,17.7815200158,24.5975251283,13.7344347183,38.3319598466,179.0938297269
"2019年 永和區0 計",220595,7042,8960,9956,10619,12447,13234,12956,16309,18042,17248,17392,17838,17368,16307,9903,6395,4116,2456,1455,450,102,25958,11.7672658038,153453,69.5632267277,41184,18.6695074684,26.8381849817,16.9159286557,43.7541136374,158.6562909315
"2019年 永和區0 男",104559,3619,4593,5127,5492,6432,6843,6493,7772,8394,8107,7983,8158,7686,7207,4424,2633,1503,1063,719,246,65,13339,12.7573905642,73360,70.1613443128,17860,17.081265123,24.3456924755,18.1829334787,42.5286259542,133.8930954344
"2019年 永和區0 女",116036,3423,4367,4829,5127,6015,6391,6463,8537,9648,9141,9409,9680,9682,9100,5479,3762,2613,1393,736,204,37,12619,10.8750732531,80093,69.0242683305,23324,20.1006584164,29.121146667,15.7554343076,44.8765809746,184.8323955939
"2019年 新莊區0 計",420473,17870,20390,19951,22889,27222,30760,31075,38547,38807,31488,30434,31773,29301,23357,12280,7311,3979,1976,837,199,27,58211,13.8441707315,312296,74.2725454429,49966,11.8832838256,15.9995645157,18.6396879883,34.639252504,85.836010376
"2019年 新莊區0 男",204865,9203,10491,10386,11982,13991,15920,15678,18778,18704,15140,13822,14340,13245,10702,5986,3508,1696,827,362,91,13,30080,14.682839919,151600,73.9999511874,23185,11.3172088937,15.2935356201,19.8416886544,35.1352242744,77.0777925532
"2019年 新莊區0 女",215608,8667,9899,9565,10907,13231,14840,15397,19769,20103,16348,16612,17433,16056,12655,6294,3803,2283,1149,475,108,14,28131,13.0472895254,160696,74.5315572706,26781,12.421153204,16.6656295116,17.5057250958,34.1713546075,95.2010237816
"2019年 新店區0 計",303445,9602,10128,9157,13644,18375,20341,19149,22225,23014,24042,26585,26998,25221,22348,12986,8571,5204,3338,1815,551,151,28887,9.5196823148,219594,72.36698578,54964,18.1133319053,25.0298277731,13.1547310036,38.1845587767,190.2724408904
"2019年 新店區0 男",145517,4985,5169,4588,7008,9460,10435,9652,10987,10987,11525,12516,12481,11516,10079,5602,3570,2050,1606,934,283,84,14742,10.1307750984,106567,73.2333679226,24208,16.6358569789,22.7162254732,13.833550724,36.5497761971,164.2110975444
"2019年 新店區0 女",157928,4617,4959,4569,6636,8915,9906,9497,11238,12027,12517,14069,14517,13705,12269,7384,5001,3154,1732,881,268,67,14145,8.9566131402,113027,71.5686895294,30756,19.4746973304,27.2111973245,12.5147088749,39.7259061994,217.4337221633
"2019年 樹林區0 計",183926,7870,8594,8363,10353,12382,13625,13228,16521,16348,13705,13673,14168,12968,9951,4947,3462,2097,1096,468,97,10,24827,13.4983634723,136971,74.4707110468,22128,12.0309254809,16.1552445408,18.1257346446,34.2809791854,89.128771096
"2019年 樹林區0 男",91651,4146,4475,4452,5383,6457,7117,6767,8202,8112,6696,6440,6775,6060,4849,2394,1641,944,481,216,40,4,13073,14.2638923743,68009,74.2043185563,10569,11.5317890694,15.540590216,19.2224558514,34.7630460674,80.8460185114
"2019年 樹林區0 女",92275,3724,4119,3911,4970,5925,6508,6461,8319,8236,7009,7233,7393,6908,5102,2553,1821,1153,615,252,57,6,11754,12.738011379,68962,74.7353020862,11559,12.5266865348,16.7614048316,17.0441692526,33.8055740843,98.3409903012
"2019年 鶯歌區0 計",86869,3353,3822,4103,5078,6149,6396,6285,7786,7438,6369,6632,6829,6142,4467,2310,1682,1122,592,243,61,10,11278,12.9827671551,65104,74.9450321749,10487,12.07220067,16.1080732367,17.323052347,33.4311255837,92.9863450966
"2019年 鶯歌區0 男",43516,1716,2008,2105,2663,3263,3388,3272,3904,3797,3115,3230,3246,2908,2166,1149,724,463,254,116,25,4,5829,13.3950730766,32786,75.3424027944,4901,11.2625241291,14.9484536082,17.7789300311,32.7273836394,84.07960199
"2019年 鶯歌區0 女",43353,1637,1814,1998,2415,2886,3008,3013,3882,3641,3254,3402,3583,3234,2301,1161,958,659,338,127,36,6,5449,12.5689110327,32318,74.5461675086,5586,12.8849214587,17.2844854261,16.8605730553,34.1450584813,102.5142227932
"2019年 三峽區0 計",116478,5366,5746,5796,6958,8127,8472,7630,9223,9968,9250,9400,9040,7478,5595,2970,2334,1645,911,454,104,11,16908,14.5160459486,85546,73.4439121551,14024,12.0400418963,16.3935192762,19.7648049003,36.1583241765,82.942985569
"2019年 三峽區0 男",58199,2831,2981,2983,3712,4274,4392,3865,4448,4800,4544,4559,4499,3708,2711,1371,1084,703,414,255,60,5,8795,15.1119435042,42801,73.5425007303,6603,11.3455557656,15.4272096446,20.5485853134,35.9757949581,75.0767481524
"2019年 三峽區0 女",58279,2535,2765,2813,3246,3853,4080,3765,4775,5168,4706,4841,4541,3770,2884,1599,1250,942,497,199,44,6,8113,13.9209663858,42745,73.3454589132,7421,12.733574701,17.3610948649,18.9799976605,36.3410925254,91.4704794774
"2019年 淡水區0 計",178610,6394,7311,6745,8582,10712,12091,11445,14360,15121,14966,15467,15070,13633,11307,6025,4176,2584,1560,830,205,26,20450,11.4495269022,131447,73.5944236045,26713,14.9560494933,20.3222591615,15.5576011624,35.8798603239,130.6259168704
"2019年 淡水區0 男",85461,3331,3803,3556,4555,5481,6273,5722,6972,7153,6807,6903,6781,6102,5144,2770,1834,1108,698,360,93,15,10690,12.5086296673,62749,73.4241349855,12022,14.0672353471,19.1588710577,17.0361280658,36.1949991235,112.460243218
"2019年 淡水區0 女",93149,3063,3508,3189,4027,5231,5818,5723,7388,7968,8159,8564,8289,7531,6163,3255,2342,1476,862,470,112,11,9760,10.4778365844,68698,73.7506575487,14691,15.7715058669,21.384902035,14.2071093773,35.5920114123,150.5225409836
"2019年 汐止區0 計",203429,6633,7172,6690,9941,13536,14286,12503,15792,17234,17204,19713,18883,15501,12184,6484,4508,2825,1425,705,185,25,20495,10.0747681009,154593,75.9935899011,28341,13.9316419979,18.3326541305,13.2573919906,31.5900461211,138.2825079288
"2019年 汐止區0 男",98995,3439,3713,3530,5192,7052,7469,6328,7927,8505,8187,9240,8930,7143,5452,2888,1914,1083,621,299,70,13,10682,10.7904439618,75973,76.7442800141,12340,12.465276024,16.2426125071,14.0602582496,30.3028707567,115.521437933
"2019年 汐止區0 女",104434,3194,3459,3160,4749,6484,6817,6175,7865,8729,9017,10473,9953,8358,6732,3596,2594,1742,804,406,115,12,9813,9.3963651684,78620,75.2819962847,16001,15.3216385468,20.352327652,12.4815568558,32.8338845078,163.0592071742
"2019年 瑞芳區0 計",39536,1267,1188,1155,1964,2363,2843,2513,2822,2807,3038,3631,3610,3165,2348,1281,1337,1214,623,285,75,7,3610,9.1309186564,28756,72.7337110482,7170,18.1353702954,24.9339268327,12.5539017944,37.4878286271,198.6149584488
"2019年 瑞芳區0 男",19949,659,579,606,1028,1225,1526,1314,1396,1429,1556,1963,1981,1656,1137,567,562,451,203,89,19,3,1844,9.2435711063,15074,75.5626848464,3031,15.1937440473,20.1074698156,12.2329839459,32.3404537614,164.3709327549
"2019年 瑞芳區0 女",19587,608,609,549,936,1138,1317,1199,1426,1378,1482,1668,1629,1509,1211,714,775,763,420,196,56,4,1766,9.0161842038,13682,69.8524531577,4139,21.1313626385,30.2514252302,12.9074696682,43.1588948984,234.3714609287
"2019年 土城區0 計",237696,9414,9858,9261,12307,16402,18581,17989,20832,19864,17286,19167,20831,18169,13444,6283,3872,2197,1214,553,149,23,28533,12.0039882876,181428,76.3277463651,27735,11.6682653473,15.2870560222,15.7268999272,31.0139559495,97.2032383556
"2019年 土城區0 男",116900,4815,5082,4771,6458,8562,9691,9303,10513,9772,8212,8659,9498,8453,6389,3117,1779,914,546,290,64,12,14668,12.5474764756,89121,76.2369546621,13111,11.2155688623,14.7114597009,16.4585226826,31.1699823835,89.385055904
"2019年 土城區0 女",120796,4599,4776,4490,5849,7840,8890,8686,10319,10092,9074,10508,11333,9716,7055,3166,2093,1283,668,263,85,11,13865,11.4780290738,92307,76.4156097884,14624,12.1063611378,15.8427854876,15.0205293206,30.8633148082,105.4742156509
"2019年 蘆洲區0 計",201883,8034,9301,8923,11737,14492,15804,14552,17064,17439,15762,16403,16660,13992,10128,4831,3435,1951,922,360,81,12,26258,13.0065433939,153905,76.2347498303,21720,10.7587067757,14.1126019298,17.0611741009,31.1737760307,82.7176479549
"2019年 蘆洲區0 男",98951,4169,4847,4693,6169,7560,8284,7387,8501,8343,7569,7438,7703,6508,4747,2182,1529,799,346,139,35,3,13709,13.8543319421,75462,76.2619882568,9780,9.8836798011,12.9601653813,18.1667594286,31.1269248098,71.3399956233
"2019年 蘆洲區0 女",102932,3865,4454,4230,5568,6932,7520,7165,8563,9096,8193,8965,8957,7484,5381,2649,1906,1152,576,221,46,9,12549,12.1915439319,78443,76.2085648778,11940,11.5998911903,15.2212434507,15.9976033553,31.218846806,95.1470236672
"2019年 五股區0 計",88000,3553,3572,3588,4862,6480,6974,6396,7695,7655,6790,7302,7256,5797,4256,2226,1619,960,601,337,74,7,10713,12.1738636364,67207,76.3715909091,10080,11.4545454545,14.9984376627,15.9403038374,30.9387415001,94.0912909549
"2019年 五股區0 男",44297,1893,1910,1903,2537,3338,3732,3254,3888,3849,3381,3632,3581,2781,2057,1000,633,377,320,186,42,3,5706,12.8812334921,33973,76.6936812877,4618,10.4250852202,13.5931474995,16.7956906956,30.388838195,80.9323519103
"2019年 五股區0 女",43703,1660,1662,1685,2325,3142,3242,3142,3807,3806,3409,3670,3675,3016,2199,1226,986,583,281,151,32,4,5007,11.4568793904,33234,76.0451227605,5462,12.4979978491,16.4349762292,15.0658963712,31.5008726003,109.0872778111
"2019年 泰山區0 計",78751,3238,4026,4100,4509,5052,5326,5206,7177,8103,6526,5473,5420,5158,4357,2343,1353,771,386,185,35,7,11364,14.4302929487,57950,73.5863671572,9437,11.9833398941,16.284728214,19.6100086281,35.8947368421,83.0429426258
"2019年 泰山區0 男",38874,1633,2094,2155,2362,2674,2818,2619,3431,3949,3318,2640,2481,2316,2002,1143,606,330,181,102,18,2,5882,15.130935844,28608,73.5916036425,4384,11.2774605135,15.3243847875,20.5606823266,35.8850671141,74.5324719483
"2019年 泰山區0 女",39877,1605,1932,1945,2147,2378,2508,2587,3746,4154,3208,2833,2939,2842,2355,1200,747,441,205,83,17,5,5482,13.7472728641,29342,73.5812623818,5053,12.6714647541,17.2210483266,18.683116352,35.9041646786,92.1743889092
"2019年 林口區0 計",115582,6268,7494,6538,6361,7099,7251,7467,10107,11496,9433,8673,8038,6711,5420,2956,1999,1153,653,367,82,16,20300,17.5632884013,82636,71.4955615926,12646,10.9411500061,15.3032576601,24.5655646449,39.868822305,62.2955665025
"2019年 林口區0 男",56172,3168,3908,3405,3356,3591,3684,3605,4663,5418,4511,4114,3837,3136,2490,1378,932,508,269,158,35,6,10481,18.6587623727,39915,71.0585345012,5776,10.2827031261,14.4707503445,26.2582988851,40.7290492296,55.109245301
"2019年 林口區0 女",59410,3100,3586,3133,3005,3508,3567,3862,5444,6078,4922,4559,4201,3575,2930,1578,1067,645,384,209,47,10,9819,16.5275206194,42721,71.9087695674,6870,11.5637098132,16.0810842443,22.9840125465,39.0650967908,69.9663916896
"2019年 深坑區0 計",23725,711,695,791,1289,1680,1820,1466,1669,1808,1852,2297,2310,1868,1452,764,548,370,174,121,35,5,2197,9.2602739726,18059,76.1180189673,3469,14.6217070601,19.2092585414,12.1656791627,31.3749377042,157.8971324533
"2019年 深坑區0 男",11855,385,368,423,680,901,997,786,859,846,919,1070,1170,876,683,345,247,153,76,57,12,2,1176,9.9198650358,9104,76.794601434,1575,13.2855335302,17.3000878735,12.9173989455,30.217486819,133.9285714286
"2019年 深坑區0 女",11870,326,327,368,609,779,823,680,810,962,933,1227,1140,992,769,419,301,217,98,64,23,3,1021,8.601516428,8955,75.4422914912,1894,15.9561920809,21.1501954216,11.401451703,32.5516471245,185.5044074437
"2019年 石碇區0 計",7629,187,150,227,397,492,426,404,481,501,576,651,738,712,556,323,329,259,127,71,18,4,564,7.3928430987,5378,70.4941669944,1687,22.1129899069,31.3685384901,10.4871699517,41.8557084418,299.1134751773
"2019年 石碇區0 男",4168,97,73,133,196,255,228,214,240,264,345,408,436,427,326,171,168,103,54,21,6,3,303,7.2696737044,3013,72.2888675624,852,20.4414587332,28.2774643213,10.0564221706,38.3338864919,281.1881188119
"2019年 石碇區0 女",3461,90,77,94,201,237,198,190,241,237,231,243,302,285,230,152,161,156,73,50,12,1,261,7.5411730714,2365,68.3328517769,835,24.1259751517,35.3065539112,11.0359408034,46.3424947146,319.9233716475
"2019年 坪林區0 計",6689,166,136,182,311,393,377,354,364,402,504,586,604,591,511,345,303,266,155,93,38,8,484,7.2357602033,4486,67.0653311407,1719,25.698908656,38.3192153366,10.789121712,49.1083370486,355.1652892562
"2019年 坪林區0 男",3650,80,70,104,173,211,194,185,182,215,289,352,376,349,275,180,147,135,65,44,20,4,254,6.9589041096,2526,69.2054794521,870,23.8356164384,34.4418052257,10.0554235946,44.4972288203,342.5196850394
"2019年 坪林區0 女",3039,86,66,78,138,182,183,169,182,187,215,234,228,242,236,165,156,131,90,49,18,4,230,7.5682790392,1960,64.494899638,849,27.9368213228,43.3163265306,11.7346938776,55.0510204082,369.1304347826
"2019年 三芝區0 計",22768,609,641,758,1209,1551,1672,1299,1581,1582,1793,2023,2090,1865,1526,824,721,490,326,156,47,5,2008,8.819395643,16665,73.1948348559,4095,17.9857695011,24.5724572457,12.0492049205,36.6216621662,203.9342629482
"2019年 三芝區0 男",11708,314,340,377,619,817,929,681,800,845,920,1018,1092,993,782,414,332,219,133,65,17,1,1031,8.8059446532,8714,74.4277417151,1963,16.7663136317,22.5269680973,11.8315354602,34.3585035575,190.3976721629
"2019年 三芝區0 女",11060,295,301,381,590,734,743,618,781,737,873,1005,998,872,744,410,389,271,193,91,30,4,977,8.8336347197,7951,71.8896925859,2132,19.2766726944,26.8142372029,12.2877625456,39.1019997485,218.219037871
"2019年 石門區0 計",11834,347,327,385,698,826,862,740,976,978,908,950,970,826,718,415,373,259,161,85,27,3,1059,8.9487916174,8734,73.8042927159,2041,17.2469156667,23.3684451569,12.1250286238,35.4934737806,192.7289896128
"2019年 石門區0 男",6150,180,165,216,354,450,450,375,469,474,478,513,547,446,373,220,194,127,68,39,12,0,561,9.1219512195,4556,74.081300813,1033,16.7967479675,22.6733977173,12.3134328358,34.9868305531,184.1354723708
"2019年 石門區0 女",5684,167,162,169,344,376,412,365,507,504,430,437,423,380,345,195,179,132,93,46,15,3,498,8.7614356087,4178,73.5045742435,1008,17.7339901478,24.1263762566,11.9195787458,36.0459550024,202.4096385542
"2019年 八里區0 計",39531,1572,1591,1394,2250,2826,3003,2617,3103,3169,3155,3460,3478,2837,2109,1079,820,555,320,140,44,9,4557,11.527661835,29898,75.6317826516,5076,12.8405555134,16.9777242625,15.2418221955,32.219546458,111.3890717577
"2019年 八里區0 男",19728,839,844,754,1138,1466,1553,1297,1521,1547,1541,1685,1796,1397,998,531,357,222,152,66,20,4,2437,12.353000811,14941,75.7349959449,2350,11.9120032441,15.7285322268,16.3108225688,32.0393547955,96.4300369307
"2019年 八里區0 女",19803,733,747,640,1112,1360,1450,1320,1582,1622,1614,1775,1682,1440,1111,548,463,333,168,74,24,5,2120,10.7054486694,14957,75.5289602585,2726,13.7655910721,18.225579996,14.1739653674,32.3995453634,128.5849056604
"2019年 平溪區0 計",4546,88,62,93,148,164,198,192,236,287,348,446,497,432,341,239,311,254,112,77,20,1,243,5.345358557,2948,64.8482182138,1355,29.8064232292,45.9633649932,8.2428765265,54.2062415197,557.6131687243
"2019年 平溪區0 男",2519,41,38,48,66,80,113,109,129,170,219,306,337,282,185,117,132,83,40,19,5,0,127,5.0416832076,1811,71.8936085748,581,23.0647082175,32.0817228051,7.0127001657,39.0944229707,457.4803149606
"2019年 平溪區0 女",2027,47,24,45,82,84,85,83,107,117,129,140,160,150,156,122,179,171,72,58,15,1,116,5.7227429699,1137,56.0927479033,774,38.1845091268,68.073878628,10.2022867194,78.2761653474,667.2413793103
"2019年 雙溪區0 計",8665,187,162,243,323,436,494,370,521,573,642,783,836,787,675,414,424,400,275,95,23,2,592,6.8320830929,5765,66.5320253895,2308,26.6358915176,40.0346921075,10.2688638335,50.303555941,389.8648648649
"2019年 雙溪區0 男",4705,97,81,131,168,218,254,188,282,334,409,498,514,474,365,210,187,158,102,28,7,0,309,6.5674814028,3339,70.9670563231,1057,22.4654622742,31.6561844864,9.2542677448,40.9104522312,342.071197411
"2019年 雙溪區0 女",3960,90,81,112,155,218,240,182,239,239,233,285,322,313,310,204,237,242,173,67,16,2,283,7.1464646465,2426,61.2626262626,1251,31.5909090909,51.5663643858,11.6652926628,63.2316570486,442.0494699647
"2019年 貢寮區0 計",12033,263,181,259,507,636,632,620,796,979,1210,1206,1141,922,777,475,533,441,297,129,26,3,703,5.8422670988,8649,71.8773373224,2681,22.2803955788,30.9978032142,8.1281072956,39.1259105099,381.3655761024
"2019年 貢寮區0 男",6151,152,96,134,250,348,332,339,375,485,603,681,643,504,392,203,243,195,128,42,6,0,382,6.2103722972,4560,74.1342871078,1209,19.655340595,26.5131578947,8.3771929825,34.8903508772,316.4921465969
"2019年 貢寮區0 女",5882,111,85,125,257,288,300,281,421,494,607,525,498,418,385,272,290,246,169,87,20,3,321,5.4573274396,4089,69.5171710303,1472,25.0255015301,35.9990217657,7.8503301541,43.8493519198,458.5669781931
"2019年 金山區0 計",21396,632,614,715,1111,1481,1556,1284,1709,1866,1765,1911,1750,1513,1217,678,661,482,281,125,37,8,1961,9.1652645354,15946,74.5279491494,3489,16.3067863152,21.8800953217,12.2977549229,34.1778502446,177.9194288628
"2019年 金山區0 男",10524,321,312,361,572,752,744,625,770,887,908,983,914,740,590,329,329,216,117,44,9,1,994,9.4450779171,7895,75.0190041809,1635,15.5359179019,20.7093096897,12.5902469918,33.2995566814,164.4869215292
"2019年 金山區0 女",10872,311,302,354,539,729,812,659,939,979,857,928,836,773,627,349,332,266,164,81,28,7,967,8.8944076527,8051,74.0526122149,1854,17.0529801325,23.0281952552,12.0109303192,35.0391255745,191.7269906929
"2019年 萬里區0 計",21872,719,604,681,1086,1270,1412,1296,1623,1682,1733,1881,2004,1782,1467,851,767,531,281,165,33,4,2004,9.1623994148,15769,72.0967446964,4099,18.7408558888,25.9940389372,12.7084786607,38.7025175978,204.5409181637
"2019年 萬里區0 男",10976,369,331,365,546,668,714,645,769,818,846,991,1035,914,719,437,355,261,109,73,10,1,1065,9.7029883382,7946,72.3943148688,1965,17.902696793,24.7294236094,13.4029700478,38.1323936572,184.5070422535
"2019年 萬里區0 女",10896,350,273,316,540,602,698,651,854,864,887,890,969,868,748,414,412,270,172,92,23,3,939,8.6178414097,7823,71.796989721,2134,19.5851688693,27.2785376454,12.0030678768,39.2816055222,227.2630457934
"2019年 烏來區0 計",6433,350,294,286,343,440,496,467,531,482,439,433,507,474,390,184,137,100,52,25,2,1,930,14.4567076014,4612,71.6928338256,891,13.850458573,19.3191673894,20.1647875108,39.4839549003,95.8064516129
"2019年 烏來區0 男",3139,172,147,147,188,221,241,230,260,215,208,219,249,224,192,84,60,48,23,9,2,0,466,14.845492195,2255,71.8381650207,418,13.3163427843,18.5365853659,20.6651884701,39.2017738359,89.6995708155
"2019年 烏來區0 女",3294,178,147,139,155,219,255,237,271,267,231,214,258,250,198,100,77,52,29,16,0,1,464,14.0862173649,2357,71.5543412265,473,14.3594414086,20.067882902,19.6860415783,39.7539244803,101.9396551724
"2020年 新北市0 計",4030954,147501,176981,157804,188821,248868,274857,274593,329087,359024,313090,315750,324117,302200,261636,154398,89850,59678,31613,15839,4440,807,482286,11.9645622351,2930407,72.6976045869,618261,15.337833178,21.098127325,16.457986894,37.5561142189,128.1938517809
"2020年 新北市0 男",1968355,76107,91526,82398,98732,129143,142643,140130,162631,175775,151409,149540,150625,138885,120272,70995,40074,24234,13140,7539,2154,403,250031,12.7025358739,1439513,73.1327936272,278811,14.164670499,19.3684252938,17.3691380349,36.7375633287,111.510572689
"2020年 新北市0 女",2062599,71394,85455,75406,90089,119725,132214,134463,166456,183249,161681,166210,173492,163315,141364,83403,49776,35444,18473,8300,2286,404,232255,11.2603079901,1490894,72.2823001466,339450,16.4573918634,22.7682182637,15.5782369504,38.3464552141,146.1540117543
"2020年 板橋區0 計",557114,21240,27272,24340,25746,31492,34786,37932,48533,52997,43482,39381,39914,41036,38013,23175,12876,8091,4127,2021,547,113,72852,13.0766773048,395299,70.9547776577,88963,15.9685450375,22.5052428668,18.4295938011,40.9348366679,122.1146982924
"2020年 板橋區0 男",270821,10947,14061,12777,13479,16360,17907,19151,23854,25990,21164,18750,17927,18258,17191,10630,5918,3352,1732,1029,286,58,37785,13.9520199689,192840,71.2057041367,40196,14.8422758944,20.8442231902,19.5939639079,40.4381870981,106.3808389573
"2020年 板橋區0 女",286293,10293,13211,11563,12267,15132,16879,18781,24679,27007,22318,20631,21987,22778,20822,12545,6958,4739,2395,992,261,55,35067,12.2486403789,202459,70.7174118822,48767,17.0339477389,24.0873460799,17.3205439126,41.4078899925,139.0680696952
"2020年 三重區0 計",385328,13553,15821,13662,17328,23146,26174,27358,32826,34847,29460,29186,30641,29757,26007,15077,9177,6509,3216,1214,319,50,43036,11.1686666943,280723,72.8529979654,61569,15.9783353403,21.9322962493,15.3304146792,37.2627109286,143.0639464634
"2020年 三重區0 男",188897,6898,8127,7068,9110,12011,13607,14086,16406,17473,14439,14133,14099,13789,11948,6929,4185,2627,1262,523,154,23,22093,11.6957918866,139153,73.6660719863,27651,14.6381361271,19.870933433,15.8767687366,35.7477021696,125.1572896393
"2020年 三重區0 女",196431,6655,7694,6594,8218,11135,12567,13272,16420,17374,15021,15053,16542,15968,14059,8148,4992,3882,1954,691,165,27,20943,10.661759091,141570,72.071108939,33918,17.26713197,23.9584657766,14.7933884298,38.7518542064,161.953874803
"2020年 中和區0 計",411214,13882,15845,13080,17614,23398,25980,27452,33690,37557,32873,32115,32814,32626,30664,18791,10371,6221,3525,2033,601,82,42807,10.409908223,296119,72.0109237526,72288,17.5791680244,24.4118074153,14.4560126165,38.8678200318,168.8695774056
"2020年 中和區0 男",198830,7249,8184,6813,9279,11983,13478,14026,16892,18588,16010,15206,14856,14480,13645,8369,4436,2330,1505,1129,325,47,22246,11.1884524468,144798,72.8250264045,31786,15.9865211487,21.9519606624,15.3634718712,37.3154325336,142.884113998
"2020年 中和區0 女",212384,6633,7661,6267,8335,11415,12502,13426,16798,18969,16863,16909,17958,18146,17019,10422,5935,3891,2020,904,276,35,20561,9.6810494199,151321,71.2487758023,40502,19.0701747778,26.7656174622,13.5876712419,40.3532887041,196.9845824619
"2020年 永和區0 計",219364,6599,9311,9789,9764,12166,13065,12772,15651,18218,16981,17109,17633,17183,16627,11138,6439,4379,2478,1455,487,120,25699,11.715231305,150542,68.6265750077,43123,19.6581936872,28.6451621474,17.0709835129,45.7161456603,167.8003035138
"2020年 永和區0 男",103903,3411,4810,5015,5080,6218,6755,6438,7553,8422,7999,7894,8052,7647,7376,4919,2692,1601,980,703,266,72,13236,12.7388044619,72058,69.3512218127,18609,17.9099737255,25.8250298371,18.3685364567,44.1935662938,140.5938349955
"2020年 永和區0 女",115461,3188,4501,4774,4684,5948,6310,6334,8098,9796,8982,9215,9581,9536,9251,6219,3747,2778,1498,752,221,48,12463,10.7941209586,78484,67.9744675691,24514,21.2314114723,31.2343917232,15.8796697416,47.1140614648,196.694214876
"2020年 新莊區0 計",422653,17191,21490,19275,21160,26836,30160,31146,37363,40425,32069,30230,31550,29557,24920,14324,7401,4391,2039,879,217,30,57956,13.7124307647,310496,73.4635741376,54201,12.8239950976,17.4562635267,18.6656188808,36.1218824075,93.5209469253
"2020年 新莊區0 男",205901,8843,10991,10101,11058,13875,15585,15805,18332,19548,15411,13863,14123,13286,11397,6863,3557,1926,829,393,100,15,29935,14.5385403665,150886,73.2808485631,25080,12.1806110704,16.6218204472,19.8394814628,36.4613019101,83.7815266411
"2020年 新莊區0 女",216752,8348,10499,9174,10102,12961,14575,15341,19031,20877,16658,16367,17427,16271,13523,7461,3844,2465,1210,486,117,15,28021,12.9276777146,159610,73.637152137,29121,13.4351701484,18.245097425,17.555917549,35.801014974,103.9256272082
"2020年 新店區0 計",303532,9311,10295,8859,12432,17921,20291,19222,21786,23175,23499,26234,27059,25333,23298,14677,8639,5543,3287,1903,621,147,28465,9.3779239092,216952,71.4758246248,58115,19.1462514661,26.7870312327,13.1204137321,39.9074449648,204.1630072018
"2020年 新店區0 男",145552,4838,5285,4512,6398,9200,10351,9825,10702,11287,11207,12374,12499,11548,10576,6361,3647,2094,1464,971,335,78,14635,10.0548257667,105391,72.4077992745,25526,17.5373749588,24.2202844645,13.8863849854,38.10666945,174.4174923129
"2020年 新店區0 女",157980,4473,5010,4347,6034,8721,9940,9397,11084,11888,12292,13860,14560,13785,12722,8316,4992,3449,1823,932,286,69,13830,8.7542726927,111561,70.61716673,32589,20.6285605773,29.2118213354,12.3968053352,41.6086266706,235.6399132321
"2020年 樹林區0 計",183470,7586,8847,7957,9600,12288,13321,13142,15795,16831,13627,13498,14097,13104,10695,5688,3351,2296,1144,488,100,15,24390,13.2937264948,135303,73.7466615795,23777,12.9596119257,17.5731506323,18.0262078446,35.5993584769,97.4866748667
"2020年 樹林區0 男",91392,3990,4582,4226,4981,6449,6937,6796,7811,8459,6607,6407,6723,6125,5133,2769,1602,1036,500,210,45,4,12798,14.0034138655,67295,73.6333595938,11299,12.3632265406,16.7902518761,19.0177576343,35.8080095104,88.2872323801
"2020年 樹林區0 女",92078,3596,4265,3731,4619,5839,6384,6346,7984,8372,7020,7091,7374,6979,5562,2919,1749,1260,644,278,55,11,11592,12.5893264406,68008,73.8591194422,12478,13.5515541172,18.3478414304,17.0450535231,35.3928949535,107.6432022084
"2020年 鶯歌區0 計",87674,3346,4028,3913,4612,6118,6343,6448,7761,7736,6427,6587,6790,6355,4750,2695,1596,1202,638,248,68,13,11287,12.8738280448,65177,74.3401692634,11210,12.7860026918,17.1993187781,17.3174586127,34.5167773908,99.3177992381
"2020年 鶯歌區0 男",43910,1665,2097,2030,2403,3238,3418,3353,3924,3946,3180,3212,3215,2954,2331,1351,683,494,274,108,28,6,5792,13.1906171715,32843,74.7961739923,5275,12.0132088363,16.0612611515,17.6354169838,33.6966781354,91.0738950276
"2020年 鶯歌區0 女",43764,1681,1931,1883,2209,2880,2925,3095,3837,3790,3247,3375,3575,3401,2419,1344,913,708,364,140,40,7,5495,12.5559820857,32334,73.8826432684,5935,13.5613746458,18.3552916435,16.9944949589,35.3497866023,108.0072793449
"2020年 三峽區0 計",116917,5064,5971,5642,6323,8152,8503,7789,8879,10049,9154,9364,9341,7723,6049,3381,2284,1711,944,462,115,17,16677,14.263965035,85277,72.9380671759,14963,12.7979677891,17.5463489569,19.5562695686,37.1026185255,89.7223721293
"2020年 三峽區0 男",58409,2662,3109,2939,3338,4294,4443,3989,4303,4834,4500,4533,4639,3834,2920,1575,1045,721,413,250,57,11,8710,14.9120854663,42707,73.1171566026,6992,11.9707579311,16.3720233217,20.3947830566,36.7668063783,80.2755453502
"2020年 三峽區0 女",58508,2402,2862,2703,2985,3858,4060,3800,4576,5215,4654,4831,4702,3889,3129,1806,1239,990,531,212,58,6,7967,13.616941273,42570,72.7592807821,7971,13.6237779449,18.7244538407,18.7150575523,37.439511393,100.0502071043
"2020年 淡水區0 計",183278,6414,7690,6700,8098,10815,12333,11842,14238,15727,14953,15944,15481,13959,12235,7197,4151,2767,1604,872,231,27,20804,11.3510623206,133390,72.7801481902,29084,15.8687894892,21.8037334133,15.5963715421,37.4001049554,139.8000384541
"2020年 淡水區0 男",87638,3367,3978,3541,4274,5580,6434,5903,6955,7545,6728,7139,7011,6200,5519,3263,1853,1164,703,361,108,12,10886,12.4215522947,63769,72.7640977658,12983,14.8143499395,20.3594222898,17.0709906067,37.4304128965,119.2632739298
"2020年 淡水區0 女",95640,3047,3712,3159,3824,5235,5899,5939,7283,8182,8225,8805,8470,7759,6716,3934,2298,1603,901,511,123,15,9918,10.3701380176,69621,72.7948557089,16101,16.8350062735,23.1266428233,14.2457017279,37.3723445512,162.3411978221
"2020年 汐止區0 計",205847,6619,7432,6519,9147,13400,14471,13026,15332,17600,16859,19543,19412,16068,12981,7523,4416,3048,1473,735,207,36,20570,9.9928587737,154858,75.2296608646,30419,14.7774803616,19.6431569567,13.2831368092,32.9262937659,147.8804083617
"2020年 汐止區0 男",100104,3449,3803,3422,4783,7001,7566,6652,7725,8686,8029,9141,9167,7485,5791,3339,1876,1183,601,318,73,14,10674,10.662910573,76235,76.1557979701,13195,13.1812914569,17.3083229488,14.0014429068,31.3097658556,123.6181375304
"2020年 汐止區0 女",105743,3170,3629,3097,4364,6399,6905,6374,7607,8914,8830,10402,10245,8583,7190,4184,2540,1865,872,417,134,22,9896,9.3585390995,78623,74.3529122495,17224,16.288548651,21.9070755377,12.5866476731,34.4937232108,174.0501212611
"2020年 瑞芳區0 計",39077,1194,1200,1111,1773,2290,2740,2521,2721,2796,2913,3560,3668,3211,2497,1451,1182,1217,660,280,80,12,3505,8.9694705325,28193,72.1472989226,7379,18.8832305448,26.1731635512,12.4321640123,38.6053275636,210.5278174037
"2020年 瑞芳區0 男",19730,620,588,585,920,1186,1470,1354,1347,1430,1473,1919,1996,1707,1213,661,467,468,206,93,21,6,1793,9.0876837304,14802,75.0228079067,3135,15.8895083629,21.1795703283,12.1132279422,33.2927982705,174.8466257669
"2020年 瑞芳區0 女",19347,574,612,526,853,1104,1270,1167,1374,1366,1440,1641,1672,1504,1284,790,715,749,454,187,59,6,1712,8.8489171448,13391,69.2148653538,4244,21.9362175014,31.692928086,12.7847061459,44.4776342319,247.8971962617
"2020年 土城區0 計",238277,9129,10450,8897,11016,15961,18268,18035,20498,20685,17273,18446,20712,18670,14586,7370,3943,2355,1229,601,129,24,28476,11.9507967618,179564,75.3593506717,30237,12.6898525666,16.8391214275,15.8584125994,32.6975340269,106.184155078
"2020年 土城區0 男",117117,4644,5444,4605,5778,8331,9471,9362,10401,10260,8251,8404,9364,8597,6853,3640,1816,996,521,308,59,12,14693,12.545574084,88219,75.3255291717,14205,12.1288967443,16.1019734978,16.6551423163,32.7571158141,96.6786905329
"2020年 土城區0 女",121160,4485,5006,4292,5238,7630,8797,8673,10097,10425,9022,10042,11348,10073,7733,3730,2127,1359,708,293,70,12,13783,11.3758666226,91345,75.3920435787,16032,13.2320897986,17.55104275,15.088948492,32.639991242,116.3172023507
"2020年 蘆洲區0 計",202456,7799,9690,8400,10647,14329,15645,14936,16438,17807,15623,16297,16738,14477,10869,5716,3376,2192,971,394,95,17,25889,12.78746987,152937,75.5408582606,23630,11.6716718694,15.4508065413,16.9278853384,32.3786918797,91.2742863765
"2020年 蘆洲區0 男",99113,4029,5107,4426,5575,7503,8140,7620,8207,8620,7454,7437,7685,6687,5077,2589,1479,929,359,149,34,7,13562,13.6833715053,74928,75.5985592203,10623,10.7180692745,14.1776105061,18.1000427077,32.2776532138,78.3291549919
"2020年 蘆洲區0 女",103343,3770,4583,3974,5072,6826,7505,7316,8231,9187,8169,8860,9053,7790,5792,3127,1897,1263,612,245,61,10,12327,11.9282389712,78009,75.4855190966,13007,12.5862419322,16.6737171352,15.8020228435,32.4757399787,105.5163462318
"2020年 五股區0 計",89470,3498,3829,3398,4525,6366,7155,6599,7722,8020,6894,7264,7410,5987,4619,2535,1585,1034,592,343,85,10,10725,11.9872582989,67942,75.9383033419,10803,12.0744383592,15.9003267493,15.785522946,31.6858496953,100.7272727273
"2020年 五股區0 男",44983,1833,2066,1806,2382,3269,3778,3428,3929,4005,3483,3557,3642,2874,2224,1159,622,389,292,185,55,5,5705,12.6825689705,34347,76.3555120823,4931,10.9619189472,14.3564212304,16.6098931493,30.9663143797,86.4329535495
"2020年 五股區0 女",44487,1665,1763,1592,2143,3097,3377,3171,3793,4015,3411,3707,3768,3113,2395,1376,963,645,300,158,30,5,5020,11.2841953829,33595,75.5164430058,5872,13.1993616113,17.4787914868,14.9426998065,32.4214912933,116.9721115538
"2020年 泰山區0 計",78412,3014,4018,3926,4233,5017,5261,5192,6741,8111,6678,5555,5473,5098,4592,2640,1435,828,372,180,39,9,10958,13.9749018007,57359,73.1507932459,10095,12.8743049533,17.5996792134,19.1042382189,36.7039174323,92.1244752692
"2020年 泰山區0 男",38686,1494,2099,2063,2206,2645,2819,2646,3226,3971,3338,2734,2524,2285,2088,1264,653,358,151,102,17,3,5656,14.6202760689,28394,73.3960605904,4636,11.9836633407,16.3273931112,19.9197013454,36.2470944566,81.9660537482
"2020年 泰山區0 女",39726,1520,1919,1863,2027,2372,2442,2546,3515,4140,3340,2821,2949,2813,2504,1376,782,470,221,78,22,6,5302,13.3464229975,28965,72.9119468358,5459,13.7416301666,18.8468841706,18.3048506819,37.1517348524,102.9611467371
"2020年 林口區0 計",121192,6516,8257,6753,6074,7323,7469,8030,10299,12100,9917,9049,8380,7079,5877,3509,2049,1291,702,385,117,16,21526,17.7618984751,85720,70.7307413031,13946,11.5073602218,16.2692487168,25.1119925338,41.3812412506,64.7867694881
"2020年 林口區0 男",58911,3276,4280,3528,3226,3750,3820,3933,4700,5667,4771,4263,3986,3326,2727,1616,959,579,273,175,49,7,11084,18.8148223592,41442,70.3467943169,6385,10.838383324,15.4070749481,26.745813426,42.1528883741,57.6055575604
"2020年 林口區0 女",62281,3240,3977,3225,2848,3573,3649,4097,5599,6433,5146,4786,4394,3753,3150,1893,1090,712,429,210,68,9,10442,16.7659478814,44278,71.0939130714,7561,12.1401390472,17.0762003704,23.5828176521,40.6590180225,72.4095000958
"2020年 深坑區0 計",23723,666,731,712,1151,1649,1846,1533,1598,1842,1808,2199,2346,1925,1525,900,536,419,174,111,46,6,2109,8.8901066476,17897,75.4415546095,3717,15.668338743,20.7688439403,11.7840978935,32.5529418338,176.2446657184
"2020年 深坑區0 男",11850,365,393,374,602,901,1002,827,839,857,881,1027,1180,913,719,414,240,171,69,58,16,2,1132,9.552742616,9029,76.194092827,1689,14.253164557,18.7063905194,12.5373795548,31.2437700742,149.2049469965
"2020年 深坑區0 女",11873,301,338,338,549,748,844,706,759,985,927,1172,1166,1012,806,486,296,248,105,53,30,4,977,8.2287543165,8868,74.6904741851,2028,17.0807714984,22.8687415426,11.0171402797,33.8858818223,207.5742067554
"2020年 石碇區0 計",7565,179,156,194,379,496,427,383,451,495,535,656,724,734,588,360,315,265,136,66,20,6,529,6.9927296761,5280,69.7951090549,1756,23.212161269,33.2575757576,10.0189393939,43.2765151515,331.9470699433
"2020年 石碇區0 男",4130,95,77,113,190,258,225,199,232,246,314,413,441,437,344,195,159,110,53,19,7,3,285,6.9007263923,2955,71.5496368039,890,21.5496368039,30.1184433164,9.6446700508,39.7631133672,312.2807017544
"2020年 石碇區0 女",3435,84,79,81,189,238,202,184,219,249,221,243,283,297,244,165,156,155,83,47,13,3,244,7.1033478894,2325,67.6855895197,866,25.211062591,37.247311828,10.4946236559,47.7419354839,354.9180327869
"2020年 坪林區0 計",6703,150,148,177,274,400,373,355,348,412,465,580,632,603,518,384,311,277,155,95,33,13,475,7.0863792332,4442,66.2688348501,1786,26.6447859168,40.2071139127,10.6933813597,50.9004952724,376
"2020年 坪林區0 男",3649,78,70,101,151,214,193,198,165,218,261,345,387,360,275,203,156,135,70,43,18,8,249,6.823787339,2492,68.2926829268,908,24.8835297342,36.4365971108,9.9919743178,46.4285714286,364.6586345382
"2020年 坪林區0 女",3054,72,78,76,123,186,180,157,183,194,204,235,245,243,243,181,155,142,85,52,15,5,226,7.4001309758,1950,63.8506876228,878,28.7491814014,45.0256410256,11.5897435897,56.6153846154,388.4955752212
"2020年 三芝區0 計",22540,600,638,726,1060,1489,1696,1304,1468,1599,1660,2030,2058,1882,1634,954,672,515,319,178,51,7,1964,8.7133984028,16246,72.0763087844,4330,19.2102928128,26.6527145143,12.0891296319,38.7418441463,220.4684317719
"2020年 三芝區0 男",11575,305,337,362,542,782,921,689,768,839,851,1034,1059,975,866,480,307,230,132,76,19,1,1004,8.6738660907,8460,73.0885529158,2111,18.2375809935,24.9527186761,11.8676122931,36.8203309693,210.2589641434
"2020年 三芝區0 女",10965,295,301,364,518,707,775,615,700,760,809,996,999,907,768,474,365,285,187,102,32,6,960,8.755129959,7786,71.007751938,2219,20.2371181031,28.4998715643,12.3298227588,40.8296943231,231.1458333333
"2020年 石門區0 計",11480,291,314,341,604,784,859,727,869,983,916,896,970,847,711,488,337,260,166,83,29,5,946,8.2404181185,8455,73.649825784,2079,18.1097560976,24.5890005914,11.1886457717,35.7776463631,219.7674418605
"2020年 石門區0 男",5973,149,160,186,312,427,443,376,433,476,466,489,546,456,371,265,172,127,73,32,13,1,495,8.2872928177,4424,74.0666331827,1054,17.6460739997,23.8245931284,11.1889692586,35.013562387,212.9292929293
"2020年 石門區0 女",5507,142,154,155,292,357,416,351,436,507,450,407,424,391,340,223,165,133,93,51,16,4,451,8.1895769021,4031,73.1977483203,1025,18.6126747776,25.4279335153,11.1882907467,36.616224262,227.2727272727
"2020年 八里區0 計",39741,1559,1610,1346,2061,2749,3004,2671,3023,3180,3116,3407,3535,2978,2321,1248,806,588,329,153,45,12,4515,11.3610628822,29724,74.7942930475,5502,13.8446440704,18.5102947113,15.1897456601,33.7000403714,121.8604651163
"2020年 八里區0 男",19801,826,855,717,1052,1432,1540,1358,1489,1545,1545,1659,1788,1473,1106,587,350,244,142,68,21,4,2398,12.1104994697,14881,75.1527700621,2522,12.7367304682,16.9477857671,16.1145084336,33.0622942007,105.1709758132
"2020年 八里區0 女",19940,733,755,629,1009,1317,1464,1313,1534,1635,1571,1748,1747,1505,1215,661,456,344,187,85,24,8,2117,10.6168505517,14843,74.4383149448,2980,14.9448345035,20.0768038806,14.2626153743,34.3394192549,140.7652338214
"2020年 平溪區0 計",4424,62,62,86,129,154,192,184,221,279,301,444,503,445,363,245,261,284,118,68,21,2,210,4.746835443,2852,64.4665461121,1362,30.7866184448,47.7559607293,7.3632538569,55.1192145863,648.5714285714
"2020年 平溪區0 男",2473,32,30,48,56,76,107,99,132,161,190,301,345,288,213,121,113,99,40,16,5,1,110,4.4480388192,1755,70.9664375253,608,24.5855236555,34.6438746439,6.2678062678,40.9116809117,552.7272727273
"2020年 平溪區0 女",1951,30,32,38,73,78,85,85,89,118,111,143,158,157,150,124,148,185,78,52,16,1,100,5.1255766274,1097,56.2275756023,754,38.6468477704,68.7329079307,9.1157702826,77.8486782133,754
"2020年 雙溪區0 計",8468,161,168,209,303,402,470,375,460,592,576,762,849,778,696,476,378,389,283,111,27,3,538,6.3533301842,5567,65.7416154936,2363,27.9050543222,42.4465600862,9.6640919705,52.1106520568,439.219330855
"2020年 雙溪區0 男",4592,77,86,117,154,204,237,196,244,340,367,480,532,469,381,245,162,156,103,34,8,0,280,6.0975609756,3223,70.18728223,1089,23.7151567944,33.7883959044,8.6875581756,42.47595408,388.9285714286
"2020年 雙溪區0 女",3876,84,82,92,149,198,233,179,216,252,209,282,317,309,315,231,216,233,180,77,19,3,258,6.6563467492,2344,60.4747162023,1274,32.8689370485,54.3515358362,11.0068259386,65.3583617747,493.7984496124
"2020年 貢寮區0 計",11782,242,187,226,432,635,632,586,747,910,1156,1220,1149,939,808,500,493,451,296,139,30,4,655,5.5593277882,8406,71.3461212018,2721,23.09455101,32.3697359029,7.7920532953,40.1617891982,415.4198473282
"2020年 貢寮區0 男",6025,137,103,124,207,341,341,304,367,451,573,673,649,517,414,219,220,194,131,50,10,0,364,6.0414937759,4423,73.4107883817,1238,20.5477178423,27.9900520009,8.2297083428,36.2197603437,340.1098901099
"2020年 貢寮區0 女",5757,105,84,102,225,294,291,282,380,459,583,547,500,422,394,281,273,257,165,89,20,4,291,5.0547159979,3983,69.1853395866,1483,25.7599444155,37.2332412754,7.3060507155,44.539291991,509.6219931271
"2020年 金山區0 計",21127,608,581,683,999,1401,1526,1289,1618,1842,1731,1901,1793,1544,1222,794,620,490,286,154,37,8,1872,8.8606995787,15644,74.0474274625,3611,17.0918729588,23.0823318844,11.9662490412,35.0485809256,192.8952991453
"2020年 金山區0 男",10394,305,316,333,508,737,727,637,736,859,873,977,936,758,607,377,310,211,121,56,8,2,954,9.1783721378,7748,74.5430055801,1692,16.2786222821,21.83789365,12.3128549303,34.1507485803,177.358490566
"2020年 金山區0 女",10733,303,265,350,491,664,799,652,882,983,858,924,857,786,615,417,310,279,165,98,29,6,918,8.5530606541,7896,73.5675020963,1919,17.8794372496,24.3034447822,11.6261398176,35.9295845998,209.0413943355
"2020年 萬里區0 計",21710,676,634,630,998,1260,1374,1278,1506,1709,1700,1870,1977,1819,1561,939,716,569,290,160,42,2,1940,8.9359742054,15491,71.3542146476,4279,19.7098111469,27.6224904783,12.5234006843,40.1458911626,220.5670103093
"2020年 萬里區0 男",10865,349,334,338,505,644,690,656,711,822,845,967,1023,923,766,494,330,267,115,69,16,1,1021,9.3971468017,7786,71.6612977451,2058,18.9415554533,26.4320575392,13.1132802466,39.5453377858,201.5670910872
"2020年 萬里區0 女",10845,327,300,292,493,616,684,622,795,887,855,903,954,896,795,445,386,302,175,91,26,1,919,8.4739511296,7705,71.0465652374,2221,20.479483633,28.8254380273,11.9273199221,40.7527579494,241.675734494
"2020年 烏來區0 計",6416,352,306,253,339,431,493,466,505,500,444,423,468,483,410,223,134,96,60,28,1,1,911,14.1988778055,4552,70.9476309227,953,14.8534912718,20.9358523726,20.0131810193,40.9490333919,104.6103183315
"2020年 烏來區0 男",3131,174,154,128,183,234,238,224,248,230,199,209,231,234,201,98,65,43,26,11,1,0,456,14.5640370489,2230,71.2232513574,445,14.2127115937,19.9551569507,20.4484304933,40.4035874439,97.5877192982
"2020年 烏來區0 女",3285,178,152,125,156,197,255,242,257,270,245,214,237,249,209,125,69,53,34,17,0,1,455,13.8508371385,2322,70.6849315068,508,15.4642313546,21.8776916451,19.5951765719,41.4728682171,111.6483516484
"2021年 新北市0 計",4008113,139727,176702,155964,179909,236927,271637,276693,308268,356108,322471,311675,321063,301031,265690,177257,89882,63293,32225,15938,4791,862,472393,11.7859202073,2885782,71.9985190038,649938,16.2155607888,22.5220754721,16.3696703355,38.8917458075,137.5841725004
"2021年 新北市0 男",1957337,72096,91377,81195,94192,123212,140878,142480,153190,174431,156514,148440,148904,138428,121825,81352,40123,25894,12736,7358,2265,447,244668,12.5000447036,1420669,72.5817271119,292000,14.9182281845,20.5536968851,17.2220270872,37.7757239723,119.3453986627
"2021年 新北市0 女",2050776,67631,85325,74769,85717,113715,130759,134213,155078,181677,165957,163235,172159,162603,143865,95905,49759,37399,19489,8580,2526,415,227725,11.104333189,1465113,71.4418834627,357938,17.4537833484,24.4307435672,15.5431697077,39.9739132749,157.1799319354
"2021年 板橋區0 計",552713,19938,27069,24200,24701,30156,33949,37417,45174,52622,45349,39480,39202,39945,38168,26446,13297,8630,4250,1996,613,111,71207,12.8831780689,387995,70.1982765015,93511,16.9185454295,24.1010837769,18.3525560896,42.4536398665,131.3227632115
"2021年 板橋區0 男",268673,10340,13911,12692,12949,15699,17378,19071,22253,25818,22232,18974,17770,17602,17187,12036,6107,3598,1690,982,318,66,36943,13.7501721423,189746,70.6233972152,41984,15.6264306425,22.1264216373,19.4697121415,41.5961337788,113.6453455323
"2021年 板橋區0 女",284040,9598,13158,11508,11752,14457,16571,18346,22921,26804,23117,20506,21432,22343,20981,14410,7190,5032,2560,1014,295,45,34264,12.0630897057,198249,69.7961554711,51527,18.1407548233,25.9910516573,17.2833154266,43.2743670838,150.3823254728
"2021年 三重區0 計",381731,12741,15670,13374,16348,22019,25554,27228,30599,34596,30487,28853,29856,29670,26309,17419,9180,6840,3349,1229,345,65,41785,10.9461898562,275210,72.0952712774,64736,16.9585388664,23.5224010755,15.1829512009,38.7053522764,154.9264089984
"2021年 三重區0 男",187265,6509,8075,6898,8616,11417,13306,14151,15467,17264,15117,13983,13801,13645,12104,7976,4147,2805,1278,516,159,31,21482,11.4714442101,136767,73.0339358663,29016,15.4946199236,21.2156441247,15.7070053449,36.9226494695,135.0712224188
"2021年 三重區0 女",194466,6232,7595,6476,7732,10602,12248,13077,15132,17332,15370,14870,16055,16025,14205,9443,5033,4035,2071,713,186,34,20303,10.4403854658,138443,71.1913650715,35720,18.3682494626,25.8012322761,14.6652412906,40.4664735667,175.9345909472
"2021年 中和區0 計",406140,12846,15686,12915,16913,22118,25633,27134,31308,36835,33571,31895,32118,31821,30539,21370,10523,6731,3468,1975,646,95,41447,10.2051016891,289346,71.2429211602,75347,18.5519771507,26.0404498421,14.3243728961,40.3648227382,181.7912032234
"2021年 中和區0 男",196306,6669,8107,6708,8970,11403,13248,13993,15718,18243,16400,15210,14556,14181,13491,9548,4496,2558,1359,1045,347,56,21484,10.9441382332,141922,72.2963128992,32900,16.7595488676,23.1817477206,15.1378926453,38.3196403658,153.1372183951
"2021年 中和區0 女",209834,6177,7579,6207,7943,10715,12385,13141,15590,18592,17171,16685,17562,17640,17048,11822,6027,4173,2109,930,299,39,19963,9.5137108381,147424,70.2574415967,42447,20.2288475652,28.792462557,13.5412144563,42.3336770132,212.6283624706
"2021年 永和區0 計",214967,6073,9231,9710,9245,11415,12738,12666,14474,17510,17198,16639,17197,16726,16233,12381,6436,4583,2467,1418,490,137,25014,11.6362046268,145808,67.828085241,44145,20.5357101323,30.2761165368,17.1554372874,47.4315538242,176.4811705445
"2021年 永和區0 男",101849,3128,4750,4963,4832,5848,6591,6471,7020,8138,8089,7723,7849,7507,7156,5479,2713,1665,930,666,245,86,12841,12.6078802934,70068,68.7959626506,18940,18.596157056,27.0308842838,18.3264828452,45.3573671291,147.4963009111
"2021年 永和區0 女",113118,2945,4481,4747,4413,5567,6147,6195,7454,9372,9109,8916,9348,9219,9077,6902,3723,2918,1537,752,245,51,12173,10.7613288778,75740,66.9566293605,25205,22.2820417617,33.2783205704,16.0720887246,49.350409295,207.0566006736
"2021年 新莊區0 計",421381,16528,21493,19141,20283,25510,29574,31174,35119,40491,33769,30038,31018,29462,25518,16502,7740,4723,2145,898,220,35,57162,13.565395687,306438,72.722310688,57781,13.712293625,18.8556902212,18.6536917745,37.5093819957,101.0828872328
"2021年 新莊區0 男",205219,8540,11016,9909,10620,13276,15196,15896,17301,19709,16272,13989,13751,13277,11473,7794,3782,2053,869,384,96,16,29465,14.3578323644,149287,72.7452136498,26467,12.8969539857,17.7289382197,19.7371505891,37.4660888088,89.8252163584
"2021年 新莊區0 女",216162,7988,10477,9232,9663,12234,14378,15278,17818,20782,17497,16049,17267,16185,14045,8708,3958,2670,1276,514,124,19,27697,12.8130753787,157151,72.7005671672,31314,14.4863574541,19.926058377,17.6244503694,37.5505087464,113.0591760841
"2021年 新店區0 計",299696,8849,10293,8691,11728,16930,20008,19479,20583,22576,23439,25713,26761,24916,23063,16268,8621,5829,3249,1941,624,135,27833,9.2870775719,212133,70.7827264962,59730,19.9301959319,28.1568638543,13.1205423013,41.2774061556,214.6013724715
"2021年 新店區0 男",143812,4558,5298,4443,6034,8711,10310,9911,10226,11034,11134,12193,12448,11326,10503,7188,3586,2245,1300,974,317,73,14299,9.9428420438,103327,71.8486635329,26186,18.2084944233,25.3428435936,13.8385901071,39.1814337008,183.1316875306
"2021年 新店區0 女",155884,4291,4995,4248,5694,8219,9698,9568,10357,11542,12305,13520,14313,13590,12560,9080,5035,3584,1949,967,307,62,13534,8.6820969439,108806,69.7993379693,33544,21.5185650869,30.8291822142,12.4386522802,43.2678344944,247.8498596128
"2021年 樹林區0 計",181903,7004,8774,7825,9145,11676,13133,13125,14543,16838,14260,13205,13893,13071,11093,6703,3347,2442,1164,520,128,14,23603,12.9755968841,132889,73.0548699032,25411,13.9695332128,19.1219739783,17.7614399988,36.8834139771,107.6600432148
"2021年 樹林區0 男",90644,3671,4559,4157,4745,6120,6858,6895,7254,8462,6959,6283,6569,6117,5235,3294,1589,1102,487,231,53,4,12387,13.6655487401,66262,73.1013635762,11995,13.2330876837,18.1023814554,18.6939724125,36.796353868,96.8353919432
"2021年 樹林區0 女",91259,3333,4215,3668,4400,5556,6275,6230,7289,8376,7301,6922,7324,6954,5858,3409,1758,1340,677,289,75,10,11216,12.2902946559,66627,73.0086895539,13416,14.7010157902,20.1359809086,16.8340162397,36.9699971483,119.6148359486
"2021年 鶯歌區0 計",88131,3318,4076,3801,4399,5851,6437,6556,7405,7993,6717,6481,6731,6383,5056,3116,1570,1207,679,268,79,8,11195,12.7026812359,64953,73.7005140076,11983,13.5968047566,18.4487244623,17.235539544,35.6842640063,107.0388566324
"2021年 鶯歌區0 男",44130,1650,2119,1990,2265,3122,3455,3451,3763,4035,3341,3170,3179,3007,2394,1565,687,505,283,115,30,4,5759,13.0500793111,32788,74.298663041,5583,12.6512576479,17.0275710626,17.564352812,34.5919238746,96.9439138739
"2021年 鶯歌區0 女",44001,1668,1957,1811,2134,2729,2982,3105,3642,3958,3376,3311,3552,3376,2662,1551,883,702,396,153,49,4,5436,12.3542646758,32165,73.1006113497,6400,14.5451239745,19.8974040106,16.9003575315,36.797761542,117.7336276674
"2021年 三峽區0 計",116019,4697,5927,5541,5921,7795,8514,7873,8354,9803,9337,9219,9413,7853,6293,3932,2203,1756,958,472,141,17,16165,13.933062688,84082,72.4726122445,15772,13.5943250674,18.7578792131,19.2252800837,37.9831592969,97.568821528
"2021年 三峽區0 男",57964,2462,3103,2887,3112,4094,4495,4035,4117,4709,4589,4453,4633,3883,3110,1819,991,768,388,236,70,10,8452,14.5814643572,42120,72.6657925609,7392,12.7527430819,17.5498575499,20.0664767331,37.616334283,87.4585896829
"2021年 三峽區0 女",58055,2235,2824,2654,2809,3701,4019,3838,4237,5094,4748,4766,4780,3970,3183,2113,1212,988,570,236,71,7,7713,13.2856773749,41962,72.2797347343,8380,14.4345878908,19.9704494543,18.3809160669,38.3513655212,108.6477375859
"2021年 淡水區0 計",185197,6259,7771,6657,7956,10499,12423,12297,13518,15764,15417,15962,15757,14271,12423,8342,4128,2954,1591,890,282,36,20687,11.1702673369,133864,72.2819484117,30646,16.5477842514,22.8933843304,15.4537440985,38.3471284289,148.1413448059
"2021年 淡水區0 男",88618,3243,4001,3496,4167,5489,6434,6253,6660,7592,7026,7148,7073,6363,5630,3761,1825,1261,672,384,128,12,10740,12.119433975,64205,72.4514207046,13673,15.4291453204,21.2958492329,16.7276691846,38.0235184176,127.3091247672
"2021年 淡水區0 女",96579,3016,3770,3161,3789,5010,5989,6044,6858,8172,8391,8814,8684,7908,6793,4581,2303,1693,919,506,154,24,9947,10.2993404363,69659,72.1264457077,16973,17.574213856,24.3658393029,14.2795618657,38.6454011685,170.6343621192
"2021年 汐止區0 計",205990,6328,7545,6460,8561,12837,14555,13622,14580,17290,17060,18910,19707,16425,13321,8698,4276,3218,1585,750,221,41,20333,9.8708675178,153547,74.5409971358,32110,15.5881353464,20.9121637023,13.2421994568,34.1543631592,157.9206216495
"2021年 汐止區0 男",100266,3323,3905,3391,4457,6719,7610,7064,7358,8504,8232,8817,9299,7708,5928,3867,1828,1244,600,316,80,16,10619,10.5908283965,75768,75.5669918018,13879,13.8421798017,18.3177594763,14.0151515152,32.3329109914,130.6996892363
"2021年 汐止區0 女",105724,3005,3640,3069,4104,6118,6945,6558,7222,8786,8828,10093,10408,8717,7393,4831,2448,1974,985,434,141,25,9714,9.1880746094,77779,73.5679694298,18231,17.2439559608,23.439488808,12.4892323121,35.9287211201,187.6775787523
"2021年 瑞芳區0 計",38449,1108,1191,1035,1628,2212,2654,2557,2551,2737,2849,3379,3675,3229,2582,1723,1053,1206,682,305,82,11,3334,8.6712268199,27471,71.4478920128,7644,19.8808811673,27.8257071093,12.1364347858,39.9621418951,229.274145171
"2021年 瑞芳區0 男",19386,555,589,541,828,1132,1419,1390,1280,1367,1472,1802,1974,1722,1303,780,414,478,226,88,20,6,1685,8.6918394718,14386,74.2081914784,3315,17.0999690498,23.0432364799,11.7127763103,34.7560127902,196.7359050445
"2021年 瑞芳區0 女",19063,553,602,494,800,1080,1235,1167,1271,1370,1377,1577,1701,1507,1279,943,639,728,456,217,62,5,1649,8.6502649111,13085,68.6408225358,4329,22.7089125531,33.0836836072,12.6022162782,45.6858998854,262.5227410552
"2021年 土城區0 計",237484,8694,10516,8876,10343,14902,17891,18401,19386,20867,17876,17888,20379,18883,15237,8798,3957,2566,1253,599,142,30,28086,11.8264809419,176816,74.4538579441,32582,13.719661114,18.4270654239,15.8843091123,34.3113745362,116.0079755038
"2021年 土城區0 男",116708,4434,5456,4605,5402,7756,9357,9576,9861,10389,8619,8237,9155,8620,7168,4257,1838,1095,493,296,77,17,14495,12.4198855263,86972,74.5210268362,15241,13.0590876375,17.5240307225,16.6662834016,34.1903141241,105.1466022766
"2021年 土城區0 女",120776,4260,5060,4271,4941,7146,8534,8825,9525,10478,9257,9651,11224,10263,8069,4541,2119,1471,760,303,65,13,13591,11.2530635226,89844,74.3889514473,17341,14.3579850301,19.3012332487,15.1273318196,34.4285650683,127.5917886837
"2021年 蘆洲區0 計",201489,7386,9676,8171,10088,13620,15401,15213,15446,17682,15956,16022,16638,14708,11414,6839,3332,2334,1027,424,86,26,25233,12.5232642973,150774,74.8298914581,25482,12.6468442446,16.9007919137,16.7356440766,33.6364359903,100.9868029961
"2021年 蘆洲區0 男",98658,3776,5138,4291,5318,7127,8017,7860,7701,8557,7658,7412,7555,6791,5288,3117,1478,1000,375,158,30,11,13205,13.3846216222,73996,75.0025340064,11457,11.6128443715,15.4832693659,17.8455592194,33.3288285853,86.7625899281
"2021年 蘆洲區0 女",102831,3610,4538,3880,4770,6493,7384,7353,7745,9125,8298,8610,9083,7917,6126,3722,1854,1334,652,266,56,15,12028,11.6968618413,76778,74.6642549426,14025,13.6388832162,18.2669514705,15.6659459741,33.9328974446,116.6029265048
"2021年 五股區0 計",90465,3359,3872,3272,4366,6094,7276,7019,7371,8288,7159,7203,7441,6201,4896,2958,1585,1095,566,347,83,14,10503,11.6100149229,68418,75.6292488808,11544,12.7607361963,16.8727527844,15.3512233623,32.2239761466,109.9114538703
"2021年 五股區0 男",45369,1715,2064,1734,2319,3122,3803,3714,3773,4156,3571,3551,3616,2947,2381,1366,633,408,254,182,51,9,5513,12.1514690648,34572,76.2018118098,5284,11.6467191254,15.2840448918,15.9464306375,31.2304755293,95.8461817522
"2021年 五股區0 女",45096,1644,1808,1538,2047,2972,3473,3305,3598,4132,3588,3652,3825,3254,2515,1592,952,687,312,165,32,5,4990,11.0652829519,33846,75.0532197978,6260,13.8814972503,18.4955386161,14.7432488329,33.238787449,125.4509018036
"2021年 泰山區0 計",77451,2785,3841,3782,4129,4813,5226,5150,6036,7894,7036,5564,5416,5040,4663,3063,1461,942,371,181,50,8,10408,13.4381738131,56304,72.6962853933,10739,13.8655407935,19.0732452401,18.4853651606,37.5586104007,103.1802459646
"2021年 泰山區0 男",38208,1422,1960,2002,2160,2547,2776,2653,2921,3834,3475,2790,2501,2277,2087,1451,681,404,144,97,23,3,5384,14.0912897822,27934,73.1103433836,4890,12.7983668342,17.5055487936,19.2740030071,36.7795518007,90.8246656761
"2021年 泰山區0 女",39243,1363,1881,1780,1969,2266,2450,2497,3115,4060,3561,2774,2915,2763,2576,1612,780,538,227,84,27,5,5024,12.8022832097,28370,72.2931478225,5849,14.9045689677,20.6168487839,17.708847374,38.3256961579,116.4211783439
"2021年 林口區0 計",124628,6571,8576,7248,6054,7109,7684,8328,9946,12204,10761,9217,8710,7349,6076,4090,2054,1384,733,381,136,17,22395,17.969477164,87362,70.0982122797,14871,11.9323105562,17.0222751311,25.6347153225,42.6569904535,66.4032150033
"2021年 林口區0 男",60583,3371,4445,3768,3202,3657,3929,4101,4571,5669,5165,4360,4079,3490,2822,1878,955,607,287,160,62,5,11584,19.1208754931,42223,69.6944687454,6776,11.1846557615,16.0481254293,27.4352840869,43.4834095161,58.4944751381
"2021年 林口區0 女",64045,3200,4131,3480,2852,3452,3755,4227,5375,6535,5596,4857,4631,3859,3254,2212,1099,777,446,221,74,12,10811,16.880318526,45139,70.4801311578,8095,12.6395503162,17.9334943176,23.9504641219,41.8839584395,74.8774396448
"2021年 深坑區0 計",23646,670,744,704,1079,1547,1845,1628,1510,1782,1753,2154,2350,1978,1582,1016,513,466,176,100,45,4,2118,8.9571174829,17626,74.5411486086,3902,16.5017339085,22.1377510496,12.0163394985,34.1540905481,184.2304060434
"2021年 深坑區0 男",11794,363,380,357,586,831,989,898,798,849,840,1025,1158,941,765,454,243,179,65,50,21,2,1100,9.3267763269,8915,75.5892826861,1779,15.0839409869,19.9551318003,12.3387549075,32.2938867078,161.7272727273
"2021年 深坑區0 女",11852,307,364,347,493,716,856,730,712,933,913,1129,1192,1037,817,562,270,287,111,50,24,2,1018,8.5892676342,8711,73.4981437732,2123,17.9125885926,24.3714843302,11.6863735507,36.0578578808,208.5461689587
"2021年 石碇區0 計",7487,179,154,171,355,486,438,395,413,469,515,668,703,717,621,411,281,276,135,70,23,7,504,6.7316682249,5159,68.9061039135,1824,24.3622278616,35.355689087,9.7693351425,45.1250242295,361.9047619048
"2021年 石碇區0 男",4097,93,79,96,181,254,235,213,216,231,290,416,428,426,374,213,145,120,49,27,8,3,268,6.5413717354,2890,70.5394190871,939,22.9192091774,32.491349481,9.2733564014,41.7647058824,350.3731343284
"2021年 石碇區0 女",3390,86,75,75,174,232,203,182,197,238,225,252,275,291,247,198,136,156,86,43,15,4,236,6.9616519174,2269,66.9321533923,885,26.1061946903,39.0039665051,10.4010577347,49.4050242398,375
"2021年 坪林區0 計",6619,134,141,156,252,381,386,348,322,389,446,564,658,585,548,413,312,265,166,106,35,12,431,6.5115576371,4331,65.4328448406,1857,28.0555975223,42.8769337335,9.9515123528,52.8284460864,430.8584686775
"2021年 坪林區0 男",3592,69,70,82,133,208,200,199,156,207,235,335,404,351,296,215,156,124,82,47,17,6,221,6.1525612472,2428,67.5946547884,943,26.2527839644,38.8385502471,9.1021416804,47.9406919275,426.6968325792
"2021年 坪林區0 女",3027,65,71,74,119,173,186,149,166,182,211,229,254,234,252,198,156,141,84,59,18,6,210,6.9375619425,1903,62.8675256029,914,30.1949124546,48.0294272202,11.035207567,59.0646347872,435.2380952381
"2021年 三芝區0 計",22357,564,655,668,990,1428,1680,1351,1348,1620,1585,1972,2110,1864,1652,1142,619,540,314,200,48,7,1887,8.4403095227,15948,71.3333631525,4522,20.2263273248,28.354652621,11.8322046652,40.1868572862,239.6396396396
"2021年 三芝區0 男",11468,279,344,331,507,752,910,708,711,842,833,1006,1082,972,872,571,273,250,125,81,17,2,954,8.3188001395,8323,72.5758632717,2191,19.1053365888,26.3246425568,11.4622131443,37.7868557011,229.6645702306
"2021年 三芝區0 女",10889,285,311,337,483,676,770,643,637,778,752,966,1028,892,780,571,346,290,189,119,31,5,933,8.5682799155,7625,70.0247956654,2331,21.4069244191,30.5704918033,12.2360655738,42.806557377,249.8392282958
"2021年 石門區0 計",11193,262,279,312,537,727,876,714,770,977,910,846,953,869,734,551,306,286,162,88,32,2,853,7.6208344501,8179,73.0724559993,2161,19.3067095506,26.4213229001,10.4291478176,36.8504707177,253.3411488863
"2021年 石門區0 男",5828,123,147,173,270,388,467,373,391,471,455,455,530,480,383,298,159,145,76,32,12,0,443,7.6012354152,4280,73.4385724091,1105,18.9601921757,25.8177570093,10.3504672897,36.1682242991,249.4356659142
"2021年 石門區0 女",5365,139,132,139,267,339,409,341,379,506,455,391,423,389,351,253,147,141,86,56,20,2,410,7.6421248835,3899,72.6747437092,1056,19.6831314073,27.0838676584,10.5155167992,37.5993844576,257.5609756098
"2021年 八里區0 計",40178,1530,1578,1331,1894,2723,3098,2794,2915,3205,3182,3367,3610,3055,2452,1462,789,621,353,158,51,10,4439,11.0483349097,29843,74.2769674946,5896,14.6746975957,19.7567268706,14.8745099353,34.631236806,132.8227078171
"2021年 八里區0 男",20013,814,831,694,976,1413,1596,1438,1440,1561,1566,1629,1808,1539,1182,672,356,264,135,71,23,5,2339,11.6874031879,14966,74.7813920951,2708,13.5312047169,18.094347187,15.6287585193,33.7231057063,115.7759726379
"2021年 八里區0 女",20165,716,747,637,918,1310,1502,1356,1475,1644,1616,1738,1802,1516,1270,790,433,357,218,87,28,5,2100,10.4140838086,14877,73.7763451525,3188,15.8095710389,21.4290515561,14.115749143,35.5448006991,151.8095238095
"2021年 平溪區0 計",4333,48,71,72,131,156,170,189,194,254,315,402,490,469,378,264,216,293,131,65,22,3,191,4.408031387,2770,63.9279944611,1372,31.6639741519,49.5306859206,6.8953068592,56.4259927798,718.3246073298
"2021年 平溪區0 男",2423,26,35,39,60,77,90,108,114,149,192,269,332,310,228,135,89,104,44,16,4,2,100,4.1271151465,1701,70.2022286422,622,25.6706562113,36.5667254556,5.8788947678,42.4456202234,622
"2021年 平溪區0 女",1910,22,36,33,71,79,80,81,80,105,123,133,158,159,150,129,127,189,87,49,18,1,91,4.7643979058,1069,55.9685863874,750,39.2670157068,70.1590271282,8.5126286249,78.671655753,824.1758241758
"2021年 雙溪區0 計",8235,139,178,185,289,372,453,387,417,555,553,725,833,766,714,523,344,375,290,104,31,2,502,6.0959319976,5350,64.9666059502,2383,28.9374620522,44.5420560748,9.3831775701,53.9252336449,474.7011952191
"2021年 雙溪區0 男",4477,62,101,100,153,192,225,200,224,328,333,460,521,469,395,267,157,140,109,34,7,0,263,5.8744695108,3105,69.3544784454,1109,24.7710520438,35.7165861514,8.4702093398,44.1867954911,421.6730038023
"2021年 雙溪區0 女",3758,77,77,85,136,180,228,187,193,227,220,265,312,297,319,256,187,235,181,70,24,2,239,6.3597658329,2245,59.739222991,1274,33.9010111762,56.7483296214,10.6458797327,67.3942093541,533.0543933054
"2021年 貢寮區0 計",11534,214,173,209,400,588,652,571,686,852,1101,1196,1183,940,820,573,426,476,303,122,47,2,596,5.1673313681,8169,70.8253858158,2769,24.007282816,33.8964377525,7.2958746481,41.1923124005,464.5973154362
"2021年 貢寮區0 男",5891,116,94,113,201,314,335,307,355,419,535,639,657,543,423,259,178,204,137,50,12,0,323,5.4829400781,4305,73.0775759633,1263,21.4394839586,29.3379790941,7.5029036005,36.8408826945,391.0216718266
"2021年 貢寮區0 女",5643,98,79,96,199,274,317,264,331,433,566,557,526,397,397,314,248,272,166,72,35,2,273,4.8378522063,3864,68.4742158426,1506,26.6879319511,38.9751552795,7.0652173913,46.0403726708,551.6483516484
"2021年 金山區0 計",20844,534,591,615,936,1335,1530,1312,1458,1818,1717,1836,1837,1563,1254,926,555,533,287,150,48,9,1740,8.3477259643,15342,73.6039147956,3762,18.0483592401,24.5209229566,11.3414157215,35.8623386781,216.2068965517
"2021年 金山區0 男",10247,274,318,303,485,681,737,652,651,858,850,942,943,795,612,437,274,246,118,51,19,1,895,8.7342636869,7594,74.1094954621,1758,17.156240851,23.1498551488,11.7856202265,34.9354753753,196.4245810056
"2021年 金山區0 女",10597,260,273,312,451,654,793,660,807,960,867,894,894,768,642,489,281,287,169,99,29,8,845,7.9739548929,7748,73.1150325564,2004,18.9110125507,25.8647392876,10.9060402685,36.770779556,237.1597633136
"2021年 萬里區0 計",21462,643,609,589,920,1218,1367,1294,1370,1685,1690,1878,1946,1814,1624,1053,637,621,309,153,39,3,1841,8.5779517286,15182,70.7389805237,4439,20.6830677476,29.2385719931,12.1262020814,41.3647740746,241.1189570885
"2021年 萬里區0 男",10720,343,319,308,468,636,684,663,653,800,821,974,999,917,826,528,288,279,137,58,18,1,970,9.0485074627,7615,71.0354477612,2135,19.9160447761,28.0367695338,12.7380170716,40.7747866054,220.1030927835
"2021年 萬里區0 女",10742,300,290,281,452,582,683,631,717,885,869,904,947,897,798,525,349,342,172,95,21,2,871,8.1083597096,7567,70.4431204617,2304,21.4485198287,30.4479978856,11.5105061451,41.9585040307,264.5235361653
"2021年 烏來區0 計",6391,326,322,253,318,410,492,471,472,512,463,399,478,458,427,275,121,101,62,28,2,1,901,14.0979502425,4473,69.9890470975,1017,15.91300266,22.7364185111,20.1430807065,42.8794992175,112.8745837958
"2021年 烏來區0 男",3129,168,163,124,176,227,228,236,237,236,213,195,234,222,209,127,55,43,24,11,1,0,455,14.5413870246,2204,70.4378395654,470,15.02077341,21.3248638838,20.6442831216,41.9691470054,103.2967032967
"2021年 烏來區0 女",3262,158,159,129,142,183,264,235,235,276,250,204,244,236,218,148,66,58,38,17,1,1,446,13.6725935009,2269,69.5585530349,547,16.7688534641,24.1075363596,19.6562362274,43.763772587,122.6457399103
"2022年 新北市0 計",3995551,131437,168808,160566,173437,223214,269205,277959,291517,358229,328244,311231,314134,306210,269523,196059,95460,65984,33225,15522,4683,904,460811,11.5331026935,2853380,71.4139301438,681360,17.0529671627,23.8790487071,16.1496540944,40.0287028016,147.8610536641
"2022年 新北市0 男",1946890,67812,87184,83416,90780,116330,139364,143769,145583,175576,159022,148182,145623,140562,122795,89175,42693,26974,12550,6904,2134,462,238412,12.2457868703,1404791,72.1556431026,303687,15.5985700271,21.6179488621,16.9713501866,38.5892990488,127.3790748788
"2022年 新北市0 女",2048661,63625,81624,77150,82657,106884,129841,134190,145934,182653,169222,163049,168511,165648,146728,106884,52767,39010,20675,8618,2549,442,222399,10.8558224128,1448589,70.7090631393,377673,18.4351144479,26.0717843363,15.3528019335,41.4245862698,169.8177599719
"2022年 板橋區0 計",549572,18546,25640,25223,24000,28472,33494,36930,41999,52961,46825,40174,37958,39551,38384,28981,14212,9159,4386,1966,586,125,69409,12.629646343,382364,69.5748691709,97799,17.7954844861,25.5774602212,18.1525980479,43.7300582691,140.9024766241
"2022年 板橋區0 男",266499,9650,13119,13234,12570,14877,17098,18900,20685,25942,22805,19493,17256,17424,17113,13049,6458,3878,1672,896,301,79,36003,13.5096191731,187050,70.1878806299,43446,16.302500197,23.2269446672,19.2477947073,42.4747393745,120.6732772269
"2022年 板橋區0 女",283073,8896,12521,11989,11430,13595,16396,18030,21314,27019,24020,20681,20702,22127,21271,15932,7754,5281,2714,1070,285,46,33406,11.8011961579,195314,68.9977496971,54353,19.201054145,27.8285222769,17.1037406433,44.9322629202,162.7043046159
"2022年 三重區0 計",379825,11867,14948,13697,15583,20757,25061,27294,29072,34872,31176,28926,28983,29790,26745,19251,9618,6946,3543,1287,334,75,40512,10.665964589,271514,71.4839728822,67799,17.8500625288,24.9707197419,14.9207775658,39.8914973077,167.3553515008
"2022年 三重區0 男",185921,6071,7695,7064,8170,10867,13045,14208,14725,17445,15429,14029,13412,13633,12266,8678,4357,2855,1270,511,154,37,20830,11.2036832848,134963,72.5915845978,30128,16.2047321174,22.3231552351,15.4338596504,37.7570148856,144.6375420067
"2022年 三重區0 女",193904,5796,7253,6633,7413,9890,12016,13086,14347,17427,15747,14897,15571,16157,14479,10573,5261,4091,2273,776,180,38,19682,10.150383695,136551,70.421961383,37671,19.427654922,27.5874947822,14.4136622947,42.0011570768,191.398231887
"2022年 中和區0 計",403109,11756,14920,13278,16267,20967,25227,26895,29206,36647,34183,32026,31260,31952,30431,23375,11434,7176,3519,1902,603,85,39954,9.9114631526,284630,70.6086939265,78525,19.4798429209,27.5884481608,14.0371710642,41.625619225,196.5385192972
"2022年 中和區0 男",194151,6021,7800,6906,8599,10776,13024,13902,14646,18121,16746,15173,14302,14169,13381,10376,4885,2716,1268,981,315,44,20727,10.6757111733,139458,71.8296583587,33966,17.494630468,24.3557200017,14.8625392591,39.2182592609,163.873208858
"2022年 中和區0 女",208958,5735,7120,6372,7668,10191,12203,12993,14560,18526,17437,16853,16958,17783,17050,12999,6549,4460,2251,921,288,41,19227,9.2013706104,145172,69.4742484136,44559,21.3243809761,30.6939354696,13.2442895324,43.9382250021,231.7522234358
"2022年 永和區0 計",212170,5630,8705,9946,8904,10709,12599,12525,13389,17301,17069,16387,16788,16837,15923,13316,6911,4713,2537,1354,487,140,24281,11.4441249941,142508,67.1668944714,45381,21.3889805345,31.8445280265,17.0383417071,48.8828697336,186.8992216136
"2022年 永和區0 男",100409,2967,4496,5067,4635,5503,6550,6430,6569,8085,7982,7573,7714,7537,6966,5816,2969,1729,880,616,239,86,12530,12.4789610493,68578,68.2986584868,19301,19.2223804639,28.1445944764,18.27116568,46.4157601563,154.0383080607
"2022年 永和區0 女",111761,2663,4209,4879,4269,5206,6049,6095,6820,9216,9087,8814,9074,9300,8957,7500,3942,2984,1657,738,248,54,11751,10.514401267,73930,66.1500881345,26080,23.3355105985,35.2766130123,15.8947653185,51.1713783309,221.9385584206
"2022年 新莊區0 計",419966,15603,20746,19655,19553,23980,29168,31105,33276,40767,34984,30190,30026,29757,26001,18310,8384,5052,2236,892,239,42,56004,13.3353652439,302806,72.102503536,61156,14.5621312201,20.196429397,18.4950100064,38.6914394034,109.1993429041
"2022年 新莊區0 男",204102,8107,10684,10094,10264,12442,14947,15924,16535,19807,16846,14165,13271,13341,11617,8428,4052,2193,912,366,89,18,28885,14.1522376067,147542,72.2883656211,27675,13.5593967722,18.7573707826,19.5774762441,38.3348470266,95.8109745543
"2022年 新莊區0 女",215864,7496,10062,9561,9289,11538,14221,15181,16741,20960,18138,16025,16755,16416,14384,9882,4332,2859,1324,526,150,24,27119,12.5630026313,155264,71.9267687062,33481,15.5102286625,21.5639169415,17.4663798434,39.0302967848,123.4595670932
"2022年 新店區0 計",298594,8398,9801,8811,11365,15814,19868,19659,19607,22696,23085,25481,26258,25503,23260,17758,9236,6129,3275,1842,612,136,27010,9.0457276436,209336,70.1072359123,62248,20.8470364441,29.7359269309,12.9027018764,42.6386288073,230.4627915587
"2022年 新店區0 男",142879,4288,5052,4465,5843,8111,10205,10120,9813,11131,10913,12056,12196,11630,10517,7865,3829,2366,1220,894,288,77,13805,9.6620217107,102018,71.4016755436,27056,18.9363027457,26.5208100531,13.5319257386,40.0527357917,195.9869612459
"2022年 新店區0 女",155715,4110,4749,4346,5522,7703,9663,9539,9794,11565,12172,13425,14062,13873,12743,9893,5407,3763,2055,948,324,59,13205,8.4802363292,107318,68.9195003693,35192,22.6002633015,32.7922622486,12.3045528243,45.096815073,266.5051117001
"2022年 樹林區0 計",180067,6407,8228,7985,8855,10959,12900,13007,13636,16831,14590,13196,13388,13333,11352,7540,3492,2528,1196,500,131,13,22620,12.5619908145,130695,72.5813169542,26752,14.8566922312,20.4690309499,17.3074715942,37.7765025441,118.267020336
"2022年 樹林區0 男",89516,3292,4291,4214,4658,5709,6734,6864,6876,8364,7211,6328,6244,6259,5250,3663,1662,1118,505,218,53,3,11797,13.1786496269,65247,72.8886456053,12472,13.9327047679,19.1150550983,18.0805247751,37.1955798734,105.7217936764
"2022年 樹林區0 女",90551,3115,3937,3771,4197,5250,6166,6143,6760,8467,7379,6868,7144,7074,6102,3877,1830,1410,691,282,78,10,10823,11.9523804265,65448,72.2775010767,14280,15.7701184968,21.8188485515,16.5367925681,38.3556411197,131.9412362561
"2022年 鶯歌區0 計",88406,3149,4037,3854,4232,5622,6405,6624,7089,8270,6943,6451,6620,6509,5204,3554,1578,1231,699,255,72,8,11040,12.4878401918,64765,73.2586023573,12601,14.2535574509,19.4564965645,17.0462441133,36.5027406778,114.1394927536
"2022年 鶯歌區0 男",44211,1581,2099,1976,2205,3028,3404,3523,3611,4172,3450,3135,3158,3073,2426,1735,694,530,272,105,31,3,5656,12.7931962634,32759,74.0969441994,5796,13.1098595372,17.692847767,17.2654842944,34.9583320614,102.4752475248
"2022年 鶯歌區0 女",44195,1568,1938,1878,2027,2594,3001,3101,3478,4098,3493,3316,3462,3436,2778,1819,884,701,427,150,41,5,5384,12.1823735717,32006,72.4199570087,6805,15.3976694196,21.2616384428,16.8218459039,38.0834843467,126.3930163447
"2022年 三峽區0 計",115274,4337,5621,5589,5723,7377,8405,7870,8084,9607,9453,9140,9290,8220,6470,4487,2226,1759,1008,445,143,20,15547,13.4869962004,83169,72.1489668095,16558,14.3640369901,19.9088602725,18.6932631149,38.6021233873,106.5028622885
"2022年 三峽區0 男",57525,2262,2946,2922,3023,3883,4482,4039,4008,4589,4639,4384,4614,4027,3166,2094,999,761,394,212,70,11,8130,14.1329856584,41688,72.4693611473,7707,13.3976531943,18.4873344847,19.5020149683,37.9893494531,94.7970479705
"2022年 三峽區0 女",57749,2075,2675,2667,2700,3494,3923,3831,4076,5018,4814,4756,4676,4193,3304,2393,1227,998,614,233,73,9,7417,12.8435124418,41481,71.8298152349,8851,15.3266723233,21.33747981,17.8804753984,39.2179552084,119.3339625185
"2022年 淡水區0 計",187823,6018,7523,6945,7682,10186,12560,12685,13017,16085,15659,16028,16015,14773,12732,9496,4441,3163,1620,870,279,46,20486,10.907077408,134690,71.7111322894,32647,17.3817903026,24.2386220209,15.2097408865,39.4483629074,159.3624914576
"2022年 淡水區0 男",89612,3121,3826,3611,4059,5356,6455,6515,6403,7800,7169,7132,7124,6549,5741,4278,1986,1323,658,378,112,16,10558,11.7819042093,64562,72.0461545329,14492,16.1719412579,22.4466404386,16.353272823,38.7999132617,137.260844857
"2022年 淡水區0 女",98211,2897,3697,3334,3623,4830,6105,6170,6614,8285,8490,8896,8891,8224,6991,5218,2455,1840,962,492,167,30,9928,10.1088472778,70128,71.4054433821,18155,18.4857093401,25.8883755419,14.1569701118,40.0453456537,182.8666398066
"2022年 汐止區0 計",206265,6136,7197,6619,8214,12015,14687,14149,13822,17514,17072,18413,19581,17122,13616,9659,4468,3353,1676,703,206,43,19952,9.6729934793,152589,73.9771652971,33724,16.3498412237,22.1011999554,13.0756476548,35.1768476102,169.0256615878
"2022年 汐止區0 男",100256,3178,3737,3447,4342,6289,7642,7366,6976,8734,8233,8537,9161,8056,6097,4245,1943,1277,621,282,77,16,10362,10.335541015,75336,75.1436323013,14558,14.5208266837,19.3240947223,13.7543803759,33.0784750982,140.4941131056
"2022年 汐止區0 女",106009,2958,3460,3172,3872,5726,7045,6783,6846,8780,8839,9876,10420,9066,7519,5414,2525,2076,1055,421,129,27,9590,9.0464017206,77253,72.874001264,19166,18.0795970153,24.8093925155,12.4137573945,37.22314991,199.8540145985
"2022年 瑞芳區0 計",37695,984,1131,1009,1466,2130,2499,2598,2381,2726,2704,3300,3642,3306,2651,1906,1003,1149,707,310,82,11,3124,8.2875712959,26752,70.9696246186,7819,20.7428040854,29.2277212919,11.6776315789,40.9053528708,250.2880921895
"2022年 瑞芳區0 男",18981,489,566,515,744,1103,1301,1445,1219,1328,1384,1740,1979,1736,1351,882,400,454,229,90,21,5,1570,8.2714293241,13979,73.6473315421,3432,18.0812391339,24.5511123829,11.2311324129,35.7822447958,218.5987261147
"2022年 瑞芳區0 女",18714,495,565,494,722,1027,1198,1153,1162,1398,1320,1560,1663,1570,1300,1024,603,695,478,220,61,6,1554,8.3039435717,12773,68.2537137972,4387,23.4423426312,34.345885853,12.1662882643,46.5121741173,282.3037323037
"2022年 土城區0 計",237538,8284,10134,9329,9979,13758,17740,18485,18655,21300,18409,17671,19599,19419,15821,9906,4297,2733,1259,577,156,27,27747,11.6810783959,175015,73.6787377178,34776,14.6401838864,19.8702968317,15.8540696512,35.7243664829,125.332468375
"2022年 土城區0 男",116491,4246,5210,4843,5197,7216,9284,9601,9528,10706,8843,8205,8703,8816,7368,4694,2023,1162,480,269,79,18,14299,12.2747680078,86099,73.9104308487,16093,13.8148011434,18.6912739985,16.6076261048,35.2989001034,112.5463319113
"2022年 土城區0 女",121047,4038,4924,4486,4782,6542,8456,8884,9127,10594,9566,9466,10896,10603,8453,5212,2274,1571,779,308,77,9,13448,11.1097342355,88916,73.455765116,18683,15.4345006485,21.0119663503,15.1243870619,36.1363534122,138.9277215943
"2022年 蘆洲區0 計",199811,6944,9131,8329,9646,12686,15224,15247,14628,17804,16037,15695,16233,15157,11766,7759,3480,2427,1107,404,89,18,24404,12.213541797,148357,74.2486649884,27050,13.5377932146,18.2330459635,16.4495103029,34.6825562663,110.8424848386
"2022年 蘆洲區0 男",97646,3544,4781,4422,5035,6650,7918,7933,7309,8698,7681,7270,7370,6955,5375,3554,1545,1037,388,144,31,6,12747,13.0542981791,72819,74.5744833378,12080,12.3712184831,16.5890770266,17.5050467598,34.0941237864,94.7673962501
"2022年 蘆洲區0 女",102165,3400,4350,3907,4611,6036,7306,7314,7319,9106,8356,8425,8863,8202,6391,4205,1935,1390,719,260,58,12,11657,11.4099740616,75538,73.9372583566,14970,14.6527675819,19.8178400275,15.4319680161,35.2498080436,128.42069143
"2022年 五股區0 計",91436,3329,3747,3432,4210,5721,7251,7367,7115,8554,7321,7179,7431,6508,5098,3342,1674,1164,564,314,103,12,10508,11.4921912595,68657,75.0874928912,12271,13.4203158493,17.872904438,15.3050672182,33.1779716562,116.7776931861
"2022年 五股區0 男",45692,1695,1978,1860,2201,2941,3774,3899,3651,4275,3656,3468,3610,3097,2477,1536,676,430,231,174,57,6,5533,12.1093408036,34572,75.6631357787,5587,12.2275234177,16.1604766863,16.004280921,32.1647576073,100.9759624074
"2022年 五股區0 女",45744,1634,1769,1572,2009,2780,3477,3468,3464,4279,3665,3711,3821,3411,2621,1806,998,734,333,140,46,6,4975,10.8757432669,34085,74.5125043722,6684,14.611752361,19.6097990318,14.595863283,34.2056623148,134.351758794
"2022年 泰山區0 計",76982,2582,3537,3858,4083,4465,5273,5097,5561,7739,7338,5685,5377,5035,4704,3412,1616,978,400,185,48,9,9977,12.9601725079,55653,72.2935231613,11352,14.7463043309,20.3978222198,17.9271557688,38.3249779886,113.7816979052
"2022年 泰山區0 男",37930,1327,1807,2020,2117,2389,2778,2649,2724,3744,3601,2841,2521,2293,2104,1567,769,412,150,91,23,3,5154,13.5881887688,27657,72.9158977063,5119,13.4959135249,18.5088765954,18.6354268359,37.1443034313,99.3209157936
"2022年 泰山區0 女",39052,1255,1730,1838,1966,2076,2495,2448,2837,3995,3737,2844,2856,2742,2600,1845,847,566,250,94,25,6,4823,12.3501997337,27996,71.6890300113,6233,15.960770255,22.2638948421,17.2274610659,39.491355908,129.2349160274
"2022年 林口區0 計",127887,6533,8512,7867,6097,6761,7946,8672,9766,12506,11300,9433,8859,7760,6289,4529,2272,1508,732,384,141,20,22912,17.9158163066,89100,69.6708813249,15875,12.4133023685,17.8170594837,25.7149270483,43.531986532,69.2868365922
"2022年 林口區0 男",62040,3378,4377,4095,3192,3487,4064,4266,4589,5761,5404,4479,4104,3678,2868,2089,1045,660,280,158,60,6,11850,19.1005802708,43024,69.3488072211,7166,11.5506125081,16.6558200074,27.5427668278,44.1985868353,60.4725738397
"2022年 林口區0 女",65847,3155,4135,3772,2905,3274,3882,4406,5177,6745,5896,4954,4755,4082,3421,2440,1227,848,452,226,81,14,11062,16.7995504731,46076,69.974334442,8709,13.226115085,18.9013803282,24.0081604306,42.9095407587,78.7289821009
"2022年 深坑區0 計",23528,604,754,689,1004,1476,1809,1677,1431,1776,1762,2056,2325,2069,1642,1124,525,464,201,98,35,7,2047,8.7002720163,17385,73.890683441,4096,17.4090445427,23.560540696,11.7745182629,35.3350589589,200.097703957
"2022年 深坑區0 男",11730,326,389,356,543,786,976,927,775,859,826,980,1121,1006,776,517,237,191,75,46,16,2,1071,9.1304347826,8799,75.0127877238,1860,15.8567774936,21.1387657688,12.1718377088,33.3106034777,173.6694677871
"2022年 深坑區0 女",11798,278,365,333,461,690,833,750,656,917,936,1076,1204,1063,866,607,288,273,126,52,19,5,976,8.2725885743,8586,72.7750466181,2236,18.9523648076,26.0423945959,11.367342185,37.4097367808,229.0983606557
"2022年 石碇區0 計",7292,158,134,154,326,444,457,372,393,451,481,640,677,744,628,453,256,286,141,66,24,7,446,6.1162918267,4985,68.3625891388,1861,25.5211190346,37.331995988,8.9468405216,46.2788365095,417.264573991
"2022年 石碇區0 男",3974,76,72,81,166,237,233,204,209,215,268,385,427,440,370,246,136,128,50,21,6,4,229,5.7624559638,2784,70.055359839,961,24.1821841973,34.5186781609,8.2255747126,42.7442528736,419.6506550218
"2022年 石碇區0 女",3318,82,62,73,160,207,224,168,184,236,213,255,250,304,258,207,120,158,91,45,18,3,217,6.5400843882,2201,66.3351416516,900,27.1247739602,40.8905043162,9.8591549296,50.7496592458,414.7465437788
"2022年 坪林區0 計",6553,133,146,146,225,361,397,345,312,367,431,562,651,591,558,449,301,273,169,93,33,10,425,6.4855791241,4242,64.7337097513,1886,28.7807111247,44.4601603017,10.0188590288,54.4790193305,443.7647058824
"2022年 坪林區0 男",3541,74,71,79,110,200,205,181,167,188,228,322,401,356,301,240,151,122,87,37,17,4,224,6.3258966394,2358,66.5913583733,959,27.0827449873,40.6700593723,9.4995759118,50.1696352841,428.125
"2022年 坪林區0 女",3012,59,75,67,115,161,192,164,145,179,203,240,250,235,257,209,150,151,82,56,16,6,201,6.6733067729,1884,62.5498007968,927,30.7768924303,49.2038216561,10.6687898089,59.872611465,461.1940298507
"2022年 三芝區0 計",22228,545,611,645,914,1352,1635,1382,1301,1604,1568,1961,2049,1945,1685,1255,644,564,325,196,38,9,1801,8.1023933777,15711,70.681122908,4716,21.2164837142,30.0171854115,11.463305964,41.4804913755,261.8545252637
"2022年 三芝區0 男",11427,277,307,329,463,714,878,749,685,816,839,986,1058,1018,896,636,302,248,132,77,14,3,913,7.9898486042,8206,71.8123742015,2308,20.1977771944,28.1257616378,11.1260053619,39.2517669998,252.7929901424
"2022年 三芝區0 女",10801,268,304,316,451,638,757,633,616,788,729,975,991,927,789,619,342,316,193,119,24,6,888,8.2214609758,7505,69.4843070086,2408,22.2942320156,32.0852764823,11.8321119254,43.9173884077,271.1711711712
"2022年 石門區0 計",10961,244,235,304,479,705,842,716,697,960,910,859,899,905,735,582,310,292,169,89,23,6,783,7.1435088039,7972,72.7305902746,2206,20.1259009214,27.6718514802,9.821876568,37.4937280482,281.7369093231
"2022年 石門區0 男",5713,124,122,154,251,385,441,380,356,473,433,480,494,495,387,310,160,148,79,30,10,1,400,7.0015753545,4188,73.3064939611,1125,19.6919306844,26.8624641834,9.5510983763,36.4135625597,281.25
"2022年 石門區0 女",5248,120,113,150,228,320,401,336,341,487,477,379,405,410,348,272,150,144,90,59,13,5,383,7.2980182927,3784,72.1036585366,1081,20.5983231707,28.567653277,10.121564482,38.689217759,282.2454308094
"2022年 八里區0 計",40902,1467,1558,1376,1831,2632,3157,2949,2917,3315,3199,3448,3605,3219,2539,1669,822,621,366,154,42,16,4401,10.7598650433,30272,74.0110508044,6229,15.2290841524,20.5767706131,14.5381871036,35.1149577167,141.5360145422
"2022年 八里區0 男",20335,782,804,728,951,1372,1621,1523,1483,1600,1565,1661,1771,1613,1228,776,364,262,132,75,17,7,2314,11.3793951315,15160,74.5512662896,2861,14.0693385788,18.8720316623,15.2638522427,34.135883905,123.6387208297
"2022年 八里區0 女",20567,685,754,648,880,1260,1536,1426,1434,1715,1634,1787,1834,1606,1311,893,458,359,234,79,25,9,2087,10.1473233821,15112,73.4769290611,3368,16.3757475568,22.2869242986,13.8102170461,36.0971413446,161.3799712506
"2022年 平溪區0 計",4268,40,65,70,131,160,175,185,180,230,310,390,479,477,396,274,192,287,143,59,22,3,175,4.1002811621,2717,63.6597938144,1376,32.2399250234,50.6440927494,6.4409274936,57.0850202429,786.2857142857
"2022年 平溪區0 男",2380,21,28,37,60,75,94,110,105,138,183,257,318,321,243,137,83,103,49,15,2,1,86,3.6134453782,1661,69.7899159664,633,26.5966386555,38.1095725467,5.1776038531,43.2871763998,736.0465116279
"2022年 平溪區0 女",1888,19,37,33,71,85,81,75,75,92,127,133,161,156,153,137,109,184,94,44,20,2,89,4.7139830508,1056,55.9322033898,743,39.3538135593,70.3598484848,8.428030303,78.7878787879,834.8314606742
"2022年 雙溪區0 計",8102,121,171,169,275,364,460,387,364,556,545,709,803,804,694,572,327,363,273,110,32,3,461,5.689953098,5267,65.008639842,2374,29.30140706,45.0730966395,8.7526105943,53.8257072337,514.967462039
"2022年 雙溪區0 男",4419,56,98,89,151,181,230,212,202,307,334,437,504,497,390,288,163,141,93,38,8,0,243,5.4989816701,3055,69.1332880742,1121,25.3677302557,36.6939443535,7.9541734861,44.6481178396,461.316872428
"2022年 雙溪區0 女",3683,65,73,80,124,183,230,175,162,249,211,272,299,307,304,284,164,222,180,72,24,3,218,5.9190877002,2212,60.0597339126,1253,34.0211783872,56.6455696203,9.8553345389,66.5009041591,574.7706422018
"2022年 貢寮區0 計",11260,198,158,181,352,549,634,580,607,841,1038,1183,1181,971,806,656,386,455,299,137,45,3,537,4.7690941385,7936,70.4795737123,2787,24.7513321492,35.1184475806,6.7666330645,41.8850806452,518.9944134078
"2022年 貢寮區0 男",5741,105,86,101,177,291,343,309,323,401,501,610,675,544,423,303,161,188,128,60,11,1,292,5.0862219126,4174,72.7051036405,1275,22.208674447,30.54623862,6.9956875898,37.5419262099,436.6438356164
"2022年 貢寮區0 女",5519,93,72,80,175,258,291,271,284,440,537,573,506,427,383,353,225,267,171,77,34,2,245,4.4392100018,3762,68.1645225584,1512,27.3962674398,40.1913875598,6.5124933546,46.7038809144,617.1428571429
"2022年 金山區0 計",20577,514,554,584,856,1253,1509,1340,1321,1778,1753,1784,1827,1642,1300,969,578,511,312,151,36,5,1652,8.0283812023,15063,73.2030908296,3862,18.7685279681,25.6389829383,10.967270796,36.6062537343,233.7772397094
"2022年 金山區0 男",10155,276,292,293,443,646,738,648,605,832,870,917,936,841,634,456,284,241,132,55,15,1,861,8.4785819793,7476,73.6189069424,1818,17.9025110783,24.3178170144,11.5168539326,35.834670947,211.149825784
"2022年 金山區0 女",10422,238,262,291,413,607,771,692,716,946,883,867,891,801,666,513,294,270,180,96,21,4,791,7.5897140664,7587,72.7979274611,2044,19.6123584725,26.9408198234,10.4257282193,37.3665480427,258.407079646
"2022年 萬里區0 計",21101,590,549,562,876,1158,1348,1328,1237,1668,1628,1872,1879,1841,1656,1172,645,594,301,157,35,5,1701,8.0612293256,14835,70.3047248946,4565,21.6340457798,30.7718233906,11.4661274014,42.237950792,268.3715461493
"2022年 萬里區0 男",10508,314,286,293,441,610,677,690,584,806,770,956,955,929,852,575,301,255,140,55,15,4,893,8.4982870194,7418,70.5938332699,2197,20.9078797107,29.6171474791,12.0382852521,41.6554327312,246.0246360582
"2022年 萬里區0 女",10593,276,263,269,435,548,671,638,653,862,858,916,924,912,804,597,344,339,161,102,20,1,808,7.6276786557,7417,70.0179363731,2368,22.3543849712,31.9266549818,10.8938924093,42.8205473911,293.0693069307
"2022年 烏來區0 計",6359,320,315,260,309,381,475,489,454,503,471,392,451,470,437,303,132,106,62,22,7,0,895,14.074540022,4395,69.1146406668,1069,16.8108193112,24.3230944255,20.3640500569,44.6871444824,119.4413407821
"2022年 烏來區0 男",3106,164,165,121,170,206,223,252,222,239,213,183,224,229,212,142,59,46,23,10,3,0,450,14.4880875724,2161,69.5750160979,495,15.9368963297,22.9060620083,20.8236927348,43.7297547432,110
"2022年 烏來區0 女",3253,156,150,139,139,175,252,237,232,264,258,209,227,241,225,161,73,60,39,12,4,0,445,13.6796802951,2234,68.6750691669,574,17.645250538,25.6938227395,19.9194270367,45.6132497762,128.9887640449
"2023年 新北市0 計",4041120,123717,169130,163903,172044,217931,260088,277884,288912,357116,342263,313380,313027,313548,279789,216400,105381,70399,35047,15387,4833,941,456750,11.3025596864,2856193,70.6782525636,728177,18.0191877499,25.4946707033,15.9915663962,41.4862370995,159.4257252326
"2023年 新北市0 男",1965445,63845,87226,84899,89977,113705,134422,143874,144916,175222,165871,149631,145327,143638,126972,97810,47030,29056,12963,6433,2155,473,235970,12.0059324987,1406583,71.5656250874,322892,16.4284424138,22.9557729619,16.7761163045,39.7318892664,136.8360384795
"2023年 新北市0 女",2075675,59872,81904,79004,82067,104226,125666,134010,143996,181894,176392,163749,167700,169910,152817,118590,58351,41343,22084,8954,2678,468,220780,10.6365399207,1449610,69.8380045046,405285,19.5254555747,27.9582094494,15.230303323,43.1885127724,183.5696168131
"2023年 板橋區0 計",554247,17407,25616,25679,23969,28174,32242,36132,41080,52686,49139,41104,37923,39473,38986,31728,15562,9928,4649,2016,626,128,68702,12.3955564938,381922,68.908266531,103623,18.6961769752,27.1319798283,17.9884897963,45.1204696247,150.8296701697
"2023年 板橋區0 男",268334,9013,13123,13351,12535,14751,16547,18460,20306,25800,24003,19860,17497,17374,17215,14179,7018,4274,1770,861,319,78,35487,13.2249360871,187133,69.738832947,45714,17.0362309659,24.4286149423,18.9635179258,43.3921328681,128.8190041424
"2023年 板橋區0 女",285913,8394,12493,12328,11434,13423,15695,17672,20774,26886,25136,21244,20426,22099,21771,17549,8544,5654,2879,1155,307,50,33215,11.6171702581,194789,68.1287664429,57909,20.254063299,29.7290914785,17.0517842383,46.7808757168,174.3459280446
"2023年 三重區0 計",383108,11124,14997,14151,15482,20184,24094,26793,28883,34843,32763,29144,28669,30139,27530,21173,10351,7298,3725,1341,354,70,40272,10.5119183102,270994,70.735667227,71842,18.7524144628,26.5105500491,14.8608456276,41.3713956767,178.3919348431
"2023年 三重區0 男",187199,5752,7710,7217,8136,10591,12520,13942,14738,17431,16181,14149,13321,13702,12648,9530,4558,3061,1322,505,149,36,20679,11.0465333682,134711,71.9613886826,31809,16.9920779491,23.6127710432,15.3506395172,38.9634105604,153.8227187001
"2023年 三重區0 女",195909,5372,7287,6934,7346,9593,11574,12851,14145,17412,16582,14995,15348,16437,14882,11643,5793,4237,2403,836,205,34,19593,10.0010719263,136283,69.5644406332,40033,20.4344874406,29.3749036931,14.3767014228,43.7516051158,204.3229724902
"2023年 中和區0 計",407273,10940,14874,13514,16159,20578,24491,26528,28717,36162,35417,32714,31261,32250,31225,25653,12780,7809,3620,1856,630,95,39328,9.6564221051,284277,69.8001095089,83668,20.5434683861,29.4318569564,13.8343939186,43.266250875,212.744100895
"2023年 中和區0 男",195788,5679,7712,7069,8428,10707,12546,13751,14496,17916,17245,15598,14434,14362,13633,11208,5517,3036,1201,879,325,46,20460,10.4500786565,139483,71.2418534333,35845,18.3080679102,25.6984722153,14.6684542202,40.3669264355,175.1955034213
"2023年 中和區0 女",211485,5261,7162,6445,7731,9871,11945,12777,14221,18246,18172,17116,16827,17888,17592,14445,7263,4773,2419,977,305,49,18868,8.9216729319,144794,68.465375795,47823,22.6129512731,33.0283022777,13.0309266959,46.0592289736,253.4608861565
"2023年 永和區0 計",214771,5274,8690,10177,8865,10382,12192,12510,13246,17097,17436,16581,16789,17074,16333,14578,7887,5025,2707,1301,485,142,24141,11.2403443668,142172,66.1970191506,48458,22.5626364826,34.0840671862,16.9801367358,51.064203922,200.7290501636
"2023年 永和區0 男",101340,2728,4460,5257,4613,5322,6291,6436,6479,7992,8169,7725,7628,7672,7133,6339,3385,1928,903,559,232,89,12445,12.2804420762,68327,67.4235247681,20568,20.2960331557,30.1023021646,18.213883238,48.3161854025,165.2711932503
"2023年 永和區0 女",113431,2546,4230,4920,4252,5060,5901,6074,6767,9105,9267,8856,9161,9402,9200,8239,4502,3097,1804,742,253,53,11696,10.3111142457,73845,65.1012509808,27890,24.5876347736,37.768298463,15.8385808112,53.6068792742,238.4575923393
"2023年 新莊區0 計",423607,14647,20822,20109,19474,23441,27815,30813,33029,40515,37114,30502,29552,30353,26932,20022,9404,5419,2433,918,258,35,55578,13.1201797893,302608,71.4360244283,65421,15.4437957824,21.6190583197,18.3663353249,39.9853936446,117.710245061
"2023年 新莊區0 男",205458,7529,10686,10258,10227,12171,14253,15735,16488,19679,17872,14486,13162,13479,12065,9043,4510,2393,957,356,96,13,28473,13.8583068072,147552,71.8161376048,29433,14.325555588,19.9475439167,19.2969258295,39.2444697463,103.3716152144
"2023年 新莊區0 女",218149,7118,10136,9851,9247,11270,13562,15078,16541,20836,19242,16016,16390,16874,14867,10979,4894,3026,1476,562,162,22,27105,12.4249939262,155056,71.0780246529,35988,16.496981421,23.2096790837,17.4807811371,40.6904602208,132.7725511898
"2023年 新店區0 計",304868,7878,9789,9187,11380,15358,19355,20137,19685,22943,23590,25536,26652,26351,24195,19798,10360,6776,3373,1770,606,149,26854,8.8084023249,210987,69.2060170303,67027,21.9855806447,31.768308,12.7277983952,44.4961063952,249.5978252774
"2023年 新店區0 男",145550,4044,5027,4663,5862,7818,9979,10348,9822,11316,11152,12079,12466,11916,10909,8782,4317,2640,1214,831,289,76,13734,9.4359326692,102758,70.5997938853,29058,19.9642734456,28.2780902703,13.3653827439,41.6434730143,211.5771079074
"2023年 新店區0 女",159318,3834,4762,4524,5518,7540,9376,9789,9863,11627,12438,13457,14186,14435,13286,11016,6043,4136,2159,939,317,73,13120,8.2351021228,108229,67.932688083,37969,23.8322097942,35.0820944479,12.1224440769,47.2045385248,289.3978658537
"2023年 樹林區0 計",180658,5892,8169,8028,8697,10672,12319,13050,13135,16682,15281,13252,13172,13588,11880,8384,3813,2662,1320,505,141,16,22089,12.2269702975,129848,71.8750345958,28721,15.8979951068,22.1189390672,17.0114287475,39.1303678147,130.0239938431
"2023年 樹林區0 男",89715,3024,4290,4186,4630,5530,6440,6847,6683,8368,7573,6309,6152,6373,5485,4009,1816,1168,554,219,53,6,11500,12.8183692805,64905,72.3457615783,13310,14.8358691412,20.5068946922,17.7182035282,38.2250982205,115.7391304348
"2023年 樹林區0 女",90943,2868,3879,3842,4067,5142,5879,6203,6452,8314,7708,6943,7020,7215,6395,4375,1997,1494,766,286,88,10,10589,11.6435569533,64943,71.4106638224,15411,16.9457792243,23.7300401891,16.3050675207,40.0351077098,145.5378222684
"2023年 鶯歌區0 計",89080,3015,4045,3803,4162,5494,6192,6626,7052,8295,7467,6368,6515,6673,5523,3779,1775,1264,685,258,76,13,10863,12.1946564885,64844,72.7929950606,13373,15.0123484508,20.6233421751,16.7525137252,37.3758559003,123.1059559974
"2023年 鶯歌區0 男",44549,1513,2100,1968,2142,2973,3315,3512,3661,4160,3750,3061,3142,3124,2578,1807,822,521,259,99,36,6,5581,12.5277784013,32840,73.7165817415,6128,13.7556398572,18.6601705238,16.9945188794,35.6546894032,109.801110912
"2023年 鶯歌區0 女",44531,1502,1945,1835,2020,2521,2877,3114,3391,4135,3717,3307,3373,3549,2945,1972,953,743,426,159,40,7,5282,11.8613999236,32004,71.8690350542,7245,16.2695650221,22.6377952756,16.5041869766,39.1419822522,137.1639530481
"2023年 三峽區0 計",115608,3989,5643,5490,5717,7064,8114,7956,7874,9492,9683,9128,9220,8607,6851,4885,2390,1843,1065,441,137,19,15122,13.0804096602,82855,71.668915646,17631,15.2506746938,21.2793434313,18.251161668,39.5305050993,116.5917206719
"2023年 三峽區0 男",57542,2088,2955,2866,2978,3762,4283,4134,3964,4563,4679,4387,4519,4168,3337,2325,1079,774,414,195,61,11,7909,13.7447429704,41437,72.0117479406,8196,14.243509089,19.7794241861,19.0868064773,38.8662306634,103.6287773423
"2023年 三峽區0 女",58066,1901,2688,2624,2739,3302,3831,3822,3910,4929,5004,4741,4701,4439,3514,2560,1311,1069,651,246,76,8,7213,12.422071436,41418,71.3291771433,9435,16.2487514208,22.7799507461,17.4151335168,40.1950842629,130.8054900873
"2023年 淡水區0 計",194399,5811,7629,7272,7700,10086,12473,13115,13206,16577,16270,16426,16449,15529,13628,10692,5096,3493,1752,848,294,53,20712,10.6543757941,137831,70.9010848821,35856,18.4445393238,26.0144669922,15.0270984031,41.0415653953,173.1170336037
"2023年 淡水區0 男",92543,2991,3903,3778,4061,5273,6416,6734,6430,8088,7566,7288,7307,6883,6090,4835,2258,1442,708,350,118,24,10672,11.5319365052,66046,71.3679046497,15825,17.1001588451,23.960572934,16.1584350301,40.1190079641,148.2852323838
"2023年 淡水區0 女",101856,2820,3726,3494,3639,4813,6057,6381,6776,8489,8704,9138,9142,8646,7538,5857,2838,2051,1044,498,176,29,10040,9.8570530946,71785,70.4769478479,20031,19.6659990575,27.9041582503,13.986208818,41.8903670683,199.5119521912
"2023年 汐止區0 計",209481,5783,7237,6863,8088,11660,14435,14558,13852,17496,17570,18132,19728,17854,14319,10617,4951,3571,1767,741,207,52,19883,9.4915529332,153373,73.2157093006,36225,17.2927377662,23.6188898959,12.9638202291,36.582710125,182.1908162752
"2023年 汐止區0 男",101629,2989,3774,3542,4302,6074,7478,7612,6968,8759,8480,8481,9124,8399,6437,4648,2155,1389,639,285,77,17,10305,10.1398222948,75677,74.4639817375,15647,15.3961959677,20.6760310266,13.6170831296,34.2931141562,151.838913149
"2023年 汐止區0 女",107852,2794,3463,3321,3786,5586,6957,6946,6884,8737,9090,9651,10604,9455,7882,5969,2796,2182,1128,456,130,35,9578,8.8806883507,77696,72.0394614843,20578,19.079850165,26.4852759473,12.3275329489,38.8128088962,214.8465232825
"2023年 瑞芳區0 計",37197,907,1103,998,1353,2080,2313,2537,2320,2707,2716,3123,3564,3428,2746,2045,1010,1098,745,308,84,12,3008,8.0866736565,26141,70.2771728903,8048,21.6361534532,30.7868865001,11.5068283539,42.2937148541,267.5531914894
"2023年 瑞芳區0 男",18742,459,560,503,694,1087,1199,1396,1203,1348,1361,1645,1917,1828,1398,955,420,421,251,73,20,4,1522,8.1207982072,13678,72.9804716679,3542,18.8987301249,25.8955987718,11.1273578008,37.0229565726,232.7201051248
"2023年 瑞芳區0 女",18455,448,543,495,659,993,1114,1141,1117,1359,1355,1478,1647,1600,1348,1090,590,677,494,235,64,8,1486,8.0520184232,12463,67.5318341913,4506,24.4161473855,36.1550188558,11.9232929471,48.0783118029,303.2301480485
"2023年 土城區0 計",240828,7823,10386,9657,9955,13203,16886,18605,18690,21788,19372,17450,19139,19928,16738,11309,4866,2896,1373,583,154,27,27866,11.5709136811,175016,72.6726128191,37946,15.7564734998,21.6814462678,15.9219728482,37.603419116,136.1731141893
"2023年 土城區0 男",117811,4013,5320,5046,5187,6946,8742,9668,9606,10829,9394,8140,8525,9015,7680,5296,2300,1231,532,243,81,17,14379,12.2051421344,86052,73.0424153941,17380,14.7524424714,20.1970901315,16.7096639241,36.9067540557,120.870714236
"2023年 土城區0 女",123017,3810,5066,4611,4768,6257,8144,8937,9084,10959,9978,9310,10614,10913,9058,6013,2566,1665,841,340,73,10,13487,10.9635253664,88964,72.3184600502,20566,16.7180145834,23.1172159525,15.1600647453,38.2772806978,152.4875806332
"2023年 蘆洲區0 計",200022,6576,8935,8263,9360,12347,14503,15148,14539,17428,16689,15453,15995,15629,12612,8562,3747,2563,1156,403,102,12,23774,11.8856925738,147091,73.5374108848,29157,14.5768965414,19.8224228539,16.162783583,35.9852064368,122.6423824346
"2023年 蘆洲區0 男",97686,3374,4634,4390,4857,6491,7564,7890,7321,8566,8035,7287,7144,7144,5769,3895,1648,1083,409,148,32,5,12398,12.6916856049,72299,74.0116290973,12989,13.2966852978,17.9656703412,17.1482316491,35.1139019903,104.7668978868
"2023年 蘆洲區0 女",102336,3202,4301,3873,4503,5856,6939,7258,7218,8862,8654,8166,8851,8485,6843,4667,2099,1480,747,255,70,7,11376,11.1163227017,74792,73.0847404628,16168,15.7989368355,21.6172852712,15.2101829073,36.8274681784,142.123769339
"2023年 五股區0 計",92754,3249,3749,3467,4130,5567,7134,7438,7182,8504,7761,7174,7375,6907,5342,3743,1781,1233,591,292,118,17,10465,11.2825322897,69172,74.575759536,13117,14.1417081743,18.9628751518,15.128953912,34.0918290638,125.3416149068
"2023年 五股區0 男",46261,1644,1962,1847,2175,2890,3679,3939,3734,4227,3854,3519,3557,3318,2518,1762,749,436,229,148,66,8,5453,11.7874667647,34892,75.4242234279,5916,12.7883098074,16.9551759716,15.6282242348,32.5834002064,108.4907390427
"2023年 五股區0 女",46493,1605,1787,1620,1955,2677,3455,3499,3448,4277,3907,3655,3818,3589,2824,1981,1032,797,362,144,52,9,5012,10.780117437,34280,73.7315294776,7201,15.4883530854,21.0064177363,14.6207701284,35.6271878646,143.675179569
"2023年 泰山區0 計",77491,2437,3432,3804,4092,4453,5069,5206,5368,7495,7635,5995,5250,5207,4805,3712,1805,1037,443,180,58,8,9673,12.4827399311,55770,71.9696480882,12048,15.5476119807,21.6030123722,17.3444504214,38.9474627936,124.5528791481
"2023年 泰山區0 男",38156,1277,1750,1971,2160,2356,2640,2773,2640,3594,3757,3047,2453,2388,2111,1697,820,445,170,77,27,3,4998,13.0988573226,27808,72.8797567879,5350,14.0213858895,19.2390678941,17.9732451093,37.2123130035,107.0428171269
"2023年 泰山區0 女",39335,1160,1682,1833,1932,2097,2429,2433,2728,3901,3878,2948,2797,2819,2694,2015,985,592,273,103,31,5,4675,11.8850896148,27962,71.0868183552,6698,17.02809203,23.9539374866,16.7191188041,40.6730562907,143.2727272727
"2023年 林口區0 計",132947,6338,8804,8404,6346,6696,7973,8811,10066,12641,12207,9842,9066,8272,6683,5249,2543,1674,808,357,136,31,23546,17.7108170925,91920,69.1403341181,17481,13.1488487894,19.0176240209,25.6157528285,44.6333768494,74.2419094538
"2023年 林口區0 男",64410,3264,4570,4343,3305,3511,4054,4376,4734,5818,5827,4616,4265,3834,3103,2368,1165,729,316,142,56,14,12177,18.9054494644,44340,68.8402421984,7893,12.2543083372,17.801082544,27.4627875507,45.2638700947,64.8189209165
"2023年 林口區0 女",68537,3074,4234,4061,3041,3185,3919,4435,5332,6823,6380,5226,4801,4438,3580,2881,1378,945,492,215,80,17,11369,16.5881202854,47580,69.4223558078,9588,13.9895239068,20.1513240858,23.8944934847,44.0458175704,84.3345940716
"2023年 深坑區0 計",23689,588,741,676,951,1428,1773,1715,1458,1733,1780,1963,2292,2216,1699,1284,573,465,225,86,37,6,2005,8.4638439782,17309,73.0676685381,4375,18.4684874836,25.2758680455,11.5835692414,36.859437287,218.2044887781
"2023年 深坑區0 男",11767,312,392,354,503,771,945,950,775,866,829,945,1061,1088,808,583,254,194,81,38,15,3,1058,8.9912467069,8733,74.2160278746,1976,16.7927254185,22.6268178175,12.1149662201,34.7417840376,186.7674858223
"2023年 深坑區0 女",11922,276,349,322,448,657,828,765,683,867,951,1018,1231,1128,891,701,319,271,144,48,22,3,947,7.9432981043,8576,71.9342392216,2399,20.122462674,27.9734141791,11.0424440299,39.015858209,253.3262935586
"2023年 石碇區0 計",7166,133,118,160,296,428,440,363,363,433,481,606,652,754,654,498,256,278,161,68,19,5,411,5.7354172481,4816,67.2062517443,1939,27.0583310075,40.261627907,8.5340531561,48.7956810631,471.7761557178
"2023年 石碇區0 男",3911,59,61,80,150,227,229,192,211,202,266,355,418,451,383,279,133,130,54,24,4,3,200,5.1137816415,2701,69.0616210688,1010,25.8245972897,37.3935579415,7.4046649389,44.7982228804,505
"2023年 石碇區0 女",3255,74,57,80,146,201,211,171,152,231,215,251,234,303,271,219,123,148,107,44,15,2,211,6.4823348694,2115,64.9769585253,929,28.5407066052,43.9243498818,9.9763593381,53.9007092199,440.2843601896
"2023年 坪林區0 計",6446,127,124,134,216,340,380,355,304,341,420,524,627,632,567,481,299,279,177,83,27,9,385,5.9726962457,4139,64.2103630158,1922,29.8169407384,46.4363372795,9.301763711,55.7381009906,499.2207792208
"2023年 坪林區0 男",3478,73,56,68,111,180,201,194,161,177,223,299,386,375,308,261,152,124,87,29,10,3,197,5.6641748131,2307,66.3312248419,974,28.004600345,42.2193324664,8.5392284352,50.7585609016,494.4162436548
"2023年 坪林區0 女",2968,54,68,66,105,160,179,161,143,164,197,225,241,257,259,220,147,155,90,54,17,6,188,6.3342318059,1832,61.7250673854,948,31.9407008086,51.7467248908,10.2620087336,62.0087336245,504.2553191489
"2023年 三芝區0 計",22137,478,606,638,864,1279,1580,1416,1270,1576,1556,1855,2039,2038,1773,1362,661,590,323,177,48,8,1722,7.77883182,15473,69.8965532818,4942,22.3246148981,31.9395075292,11.12906353,43.0685710593,286.9918699187
"2023年 三芝區0 男",11396,255,302,354,432,654,850,792,686,787,824,947,1047,1062,941,672,314,265,133,62,14,3,911,7.994032994,8081,70.9108459108,2404,21.0951210951,29.7487934662,11.2733572578,41.0221507239,263.8858397366
"2023年 三芝區0 女",10741,223,304,284,432,625,730,624,584,789,732,908,992,976,832,690,347,325,190,115,34,5,811,7.5505074015,7392,68.8204077833,2538,23.6290848152,34.3344155844,10.9713203463,45.3057359307,312.9469790382
"2023年 石門區0 計",10752,232,220,284,425,689,799,701,656,911,905,872,875,929,735,633,314,281,176,87,23,5,736,6.8452380952,7762,72.1912202381,2254,20.9635416667,29.0389074981,9.4820922443,38.5209997423,306.25
"2023年 石門區0 男",5605,122,112,146,232,359,430,368,340,454,429,472,480,526,373,336,161,143,81,32,8,1,380,6.7796610169,4090,72.9705619982,1135,20.2497769848,27.7506112469,9.2909535452,37.0415647922,298.6842105263
"2023年 石門區0 女",5147,110,108,138,193,330,369,333,316,457,476,400,395,403,362,297,153,138,95,55,15,4,356,6.916650476,3672,71.3425296289,1119,21.7408198951,30.4738562092,9.6949891068,40.1688453159,314.3258426966
"2023年 八里區0 計",41966,1427,1623,1388,1759,2621,3146,3066,2963,3431,3348,3410,3657,3422,2717,1872,894,635,378,155,43,11,4438,10.5752275652,30823,73.4475527808,6705,15.977219654,21.7532362197,14.3983389028,36.1515751225,151.081568274
"2023年 八里區0 男",20830,767,858,727,915,1353,1618,1597,1520,1665,1624,1639,1767,1707,1289,892,409,257,131,76,17,2,2352,11.2914066251,15405,73.9558329333,3073,14.7527604417,19.9480688088,15.2677702045,35.2158390133,130.6547619048
"2023年 八里區0 女",21136,660,765,661,844,1268,1528,1469,1443,1766,1724,1771,1890,1715,1428,980,485,378,247,79,26,9,2086,9.8694171083,15418,72.9466313399,3632,17.1839515519,23.556881567,13.5296406797,37.0865222467,174.113135187
"2023年 平溪區0 計",4134,36,59,67,120,161,145,177,166,228,295,380,454,487,373,305,179,272,156,50,20,4,162,3.9187227866,2613,63.2075471698,1359,32.8737300435,52.009184845,6.1997703789,58.2089552239,838.8888888889
"2023年 平溪區0 男",2321,22,22,39,57,73,82,104,96,136,177,249,302,330,230,156,84,104,45,8,5,0,83,3.5760448083,1606,69.1943127962,632,27.2296423955,39.3524283935,5.1681195517,44.5205479452,761.4457831325
"2023年 平溪區0 女",1813,14,37,28,63,88,63,73,70,92,118,131,152,157,143,149,95,168,111,42,15,4,79,4.3574186431,1007,55.5432984004,727,40.0992829564,72.1946375372,7.8450844091,80.0397219464,920.253164557
"2023年 雙溪區0 計",7915,118,153,171,253,345,428,388,341,493,545,662,801,814,711,612,342,338,252,118,25,5,442,5.5843335439,5070,64.0555906507,2403,30.3600758054,47.3964497041,8.7179487179,56.1143984221,543.665158371
"2023年 雙溪區0 男",4318,61,83,85,136,182,209,207,185,286,312,413,505,505,405,318,166,138,79,33,9,1,229,5.303381195,2940,68.0870773506,1149,26.6095414544,39.0816326531,7.7891156463,46.8707482993,501.7467248908
"2023年 雙溪區0 女",3597,57,70,86,117,163,219,181,156,207,233,249,296,309,306,294,176,200,173,85,16,4,213,5.9216013344,2130,59.2160133445,1254,34.8623853211,58.8732394366,10,68.8732394366,588.7323943662
"2023年 貢寮區0 計",10981,183,150,162,316,512,607,554,570,791,967,1186,1190,998,807,678,385,460,285,138,39,3,495,4.5077861761,7691,70.0391585466,2795,25.4530552773,36.3411780003,6.436094136,42.7772721363,564.6464646465
"2023年 貢寮區0 男",5589,99,79,86,168,250,345,288,311,376,475,599,667,568,420,324,157,194,118,58,7,0,264,4.7235641439,4047,72.4100912507,1278,22.8663446055,31.5789473684,6.5233506301,38.1022979985,484.0909090909
"2023年 貢寮區0 女",5392,84,71,76,148,262,262,266,259,415,492,587,523,430,387,354,228,266,167,80,32,3,231,4.2841246291,3644,67.5816023739,1517,28.134272997,41.6300768386,6.3391877058,47.9692645445,656.70995671
"2023年 金山區0 計",20366,464,558,551,795,1212,1437,1386,1256,1666,1795,1741,1857,1622,1343,1092,564,526,314,143,40,4,1573,7.7236570755,14767,72.5081017382,4026,19.7682411863,27.2634929234,10.6521297488,37.9156226722,255.9440559441
"2023年 金山區0 男",10039,255,277,291,412,632,685,689,583,775,845,916,949,843,652,510,275,247,140,46,15,2,823,8.198027692,7329,73.0052794103,1887,18.7966928977,25.7470323373,11.2293628053,36.9763951426,229.2831105711
"2023年 金山區0 女",10327,209,281,260,383,580,752,697,673,891,950,825,908,779,691,582,289,279,174,97,25,2,750,7.2625157355,7438,72.024789387,2139,20.7126948775,28.7577305727,10.0833557408,38.8410863135,285.2
"2023年 萬里區0 計",20869,537,536,535,813,1127,1281,1310,1200,1645,1605,1836,1846,1885,1662,1306,656,581,323,144,39,2,1608,7.7052086827,14548,69.7110546744,4713,22.5837366429,32.396205664,11.0530657135,43.4492713775,293.0970149254
"2023年 萬里區0 男",10386,282,277,289,404,582,654,688,580,784,762,922,927,963,859,637,324,244,143,49,14,2,848,8.164837281,7266,69.9595609474,2272,21.8756017716,31.2689237545,11.6707954858,42.9397192403,267.9245283019
"2023年 萬里區0 女",10483,255,259,246,409,545,627,622,620,861,843,914,919,922,803,669,332,337,180,95,25,0,760,7.2498330631,7282,69.4648478489,2441,23.285319088,33.5210107113,10.4366932161,43.9577039275,321.1842105263
"2023年 烏來區0 計",6360,304,322,271,307,350,472,490,441,517,456,421,418,489,420,348,137,105,65,20,7,0,897,14.1037735849,4361,68.5691823899,1102,17.3270440252,25.2694336161,20.568676909,45.8381105251,122.8539576366
"2023年 烏來區0 男",3092,157,171,125,165,189,228,252,195,260,207,198,205,241,195,164,64,45,23,8,0,0,453,14.6507115136,2140,69.2108667529,499,16.1384217335,23.3177570093,21.1682242991,44.4859813084,110.1545253863
"2023年 烏來區0 女",3268,147,151,146,142,161,244,238,246,257,249,223,213,248,225,184,73,60,42,12,7,0,444,13.5862913097,2221,67.9620563035,603,18.4516523868,27.1499324629,19.9909950473,47.1409275101,135.8108108108
"2024年 新北市0 計",4047001,114419,162497,168178,169861,207958,253037,278776,279657,349058,355068,313287,311842,314871,286578,230192,119509,73223,37683,15368,4970,969,445094,10.9981193481,2833415,70.0127081758,768492,18.9891724761,27.1224652936,15.7087472185,42.8312125121,172.6583598071
"2024年 新北市0 男",1965488,58920,83846,86922,88519,108816,130909,144474,141209,171586,172090,149854,145004,144274,129709,103237,53041,30567,13820,6000,2212,479,229688,11.6860545574,1396735,71.0630133585,339065,17.250932084,24.2755426047,16.4446369569,40.7201795616,147.6198147052
"2024年 新北市0 女",2081513,55499,78651,81256,81342,99142,122128,134302,138448,177472,182978,163433,166838,170597,156869,126955,66468,42656,23863,9368,2758,490,215406,10.3485301317,1436680,69.0209477433,429427,20.630522125,29.8902330373,14.9933179274,44.8835509647,199.3570281236
"2024年 板橋區0 計",553538,16008,24579,26282,23846,27049,31374,35607,39245,51339,51282,41728,37923,38733,39228,33372,17686,10489,4961,2047,628,132,66869,12.080290784,378126,68.3107573464,108543,19.6089518696,28.7055108615,17.6843168679,46.3898277294,162.3218531756
"2024年 板橋區0 男",267488,8237,12674,13562,12451,14184,16125,18197,19501,25093,25077,20209,17625,17140,17113,14822,7863,4541,1860,827,314,73,34473,12.8876809427,185602,69.3870379232,47413,17.7252811341,25.5455221388,18.5736145085,44.1191366472,137.5366228643
"2024年 板橋區0 女",286050,7771,11905,12720,11395,12865,15249,17410,19744,26246,26205,21519,20298,21593,22115,18550,9823,5948,3101,1220,314,59,32396,11.325292781,192524,67.304317427,61130,21.370389792,31.7518854792,16.8269929983,48.5788784775,188.6961353253
"2024年 三重區0 計",383355,10306,14296,14569,15205,19242,23608,26877,27894,34165,34012,29458,28510,29766,28011,22558,11523,7530,3992,1410,349,74,39171,10.2179442032,268737,70.1013420981,75447,19.6807136988,28.0746603557,14.5759608837,42.6506212394,192.6093283296
"2024年 三重區0 男",187023,5261,7387,7423,7930,10105,12221,14036,14325,17108,16879,14253,13384,13498,12789,10062,5038,3198,1427,507,155,37,20071,10.7318351219,133739,71.509386546,33213,17.7587783321,24.8341919709,15.0075894092,39.8417813802,165.4775546809
"2024年 三重區0 女",196332,5045,6909,7146,7275,9137,11387,12841,13569,17057,17133,15205,15126,16268,15222,12496,6485,4332,2565,903,194,37,19100,9.7284192083,134998,68.7600594911,42234,21.5115213007,31.2849079246,14.1483577534,45.433265678,221.1204188482
"2024年 中和區0 計",405956,9968,14069,13627,15956,19776,23817,26284,27337,34833,36723,32749,31186,31996,31388,26958,14642,8225,3892,1780,644,106,37664,9.2778527722,280657,69.1348323464,87635,21.5873148814,31.2249471775,13.4199396416,44.6448868191,232.6757646559
"2024年 中和區0 男",194887,5183,7295,7124,8377,10356,12159,13660,13815,17317,17883,15628,14528,14246,13752,11636,6253,3220,1307,754,343,51,19602,10.0581362533,137969,70.794357756,37316,19.1475059907,27.0466554081,14.2075393748,41.2541947829,190.3683297623
"2024年 中和區0 女",211069,4785,6774,6503,7579,9420,11658,12624,13522,17516,18840,17121,16658,17750,17636,15322,8389,5005,2585,1026,301,55,18062,8.5573911849,142688,67.6025375588,50319,23.8400712563,35.2650538237,12.6583875308,47.9234413546,278.5904108072
"2024年 永和區0 計",213742,4712,8372,10680,8654,9866,11813,12373,12622,16554,17710,16470,16492,16963,16493,15086,8827,5284,2903,1262,471,135,23764,11.1180769339,139517,65.2735540979,50461,23.6083689682,36.1683522438,17.0330497359,53.2014019797,212.3421982831
"2024年 永和區0 男",100719,2400,4308,5484,4465,5127,6106,6344,6158,7820,8267,7755,7477,7648,7182,6508,3828,2073,966,492,233,78,12192,12.1049652995,67167,66.6875167545,21360,21.207517946,31.8013310108,18.151770959,49.9531019697,175.1968503937
"2024年 永和區0 女",113023,2312,4064,5196,4189,4739,5707,6029,6464,8734,9443,8715,9015,9315,9311,8578,4999,3211,1937,770,238,57,11572,10.2386239969,72350,64.0135193722,29101,25.747856631,40.2225293711,15.99447132,56.2170006911,251.4777048047
"2024年 新莊區0 計",423503,13608,20037,20743,19330,22430,26751,30687,31723,39555,38932,30833,29318,30258,27497,21364,10740,5822,2639,933,263,40,54388,12.8424119782,299817,70.7945398262,69298,16.3630481956,23.1134325272,18.1403989767,41.2538315039,127.4141354711
"2024年 新莊區0 男",205296,7036,10296,10585,10066,11731,13710,15670,15960,19269,18725,14754,13155,13431,12226,9527,5033,2642,1027,334,100,19,27917,13.5984139974,146471,71.3462512665,30908,15.0553347362,21.1017880673,19.0597456152,40.1615336824,110.7139019236
"2024年 新莊區0 女",218207,6572,9741,10158,9264,10699,13041,15017,15763,20286,20207,16079,16163,16827,15271,11837,5707,3180,1612,599,163,21,26471,12.1311415307,153346,70.2754723726,38390,17.5933860967,25.0348884223,17.2622696386,42.2971580609,145.026632919
"2024年 新店區0 計",306571,7331,9479,9494,11366,14670,18791,20315,19339,22854,24059,24935,26746,26662,24577,21036,11753,7071,3645,1691,604,153,26304,8.5800679125,209737,68.4138421442,70530,23.0060899433,33.6278291384,12.5414209224,46.1692500608,268.1341240876
"2024年 新店區0 男",146228,3821,4839,4866,5769,7579,9676,10367,9761,11261,11346,11785,12473,12148,11085,9298,4958,2797,1298,735,275,91,13526,9.2499384523,102165,69.8669201521,30537,20.8831413956,29.8898840112,13.2393676895,43.1292517007,225.7651929617
"2024年 新店區0 女",160343,3510,4640,4628,5597,7091,9115,9948,9578,11593,12713,13150,14273,14514,13492,11738,6795,4274,2347,956,329,62,12778,7.9691661002,107572,67.0886786452,39993,24.9421552547,37.1778901573,11.878555758,49.0564459153,312.9832524652
"2024年 樹林區0 計",178981,5365,7657,8164,8479,10071,11962,12827,12493,15891,15930,13239,13067,13475,12131,9088,4306,2720,1420,519,157,20,21186,11.8370106324,127434,71.1997362849,30361,16.9632530827,23.8248818997,16.6250765102,40.4499584098,143.3069007835
"2024年 樹林區0 男",88804,2734,4024,4253,4523,5241,6247,6742,6397,7961,7900,6395,6119,6349,5554,4289,2024,1190,590,206,61,5,11011,12.3992162515,63874,71.9269402279,13919,15.6738435206,21.791339199,17.238626045,39.0299652441,126.4099536827
"2024年 樹林區0 女",90177,2631,3633,3911,3956,4830,5715,6085,6096,7930,8030,6844,6948,7126,6577,4799,2282,1530,830,313,96,15,10175,11.2833649378,63560,70.4836044668,16442,18.2330305954,25.8684707363,16.0084959094,41.8769666457,161.5921375921
"2024年 鶯歌區0 計",89339,2879,3948,3844,4116,5159,6152,6640,6904,8350,7722,6360,6528,6638,5678,4099,1987,1258,696,286,84,11,10671,11.9443915871,64569,72.2741467892,14099,15.7814616237,21.8355557621,16.5265065279,38.36206229,132.1244494424
"2024年 鶯歌區0 男",44555,1451,1997,2005,2143,2720,3317,3523,3602,4134,3922,3105,3139,3080,2641,1924,941,507,255,108,38,3,5453,12.2388059701,32685,73.3587700595,6417,14.4024239704,19.6328591097,16.6834939575,36.3163530672,117.678342197
"2024年 鶯歌區0 女",44784,1428,1951,1839,1973,2439,2835,3117,3302,4216,3800,3255,3389,3558,3037,2175,1046,751,441,178,46,8,5218,11.6514826724,31884,71.1950696677,7682,17.1534476599,24.0935892611,16.3655752101,40.4591644712,147.2211575316
"2024年 三峽區0 計",115335,3618,5496,5530,5560,6760,7877,8086,7603,9268,9716,9118,9204,8793,7245,5299,2581,1877,1098,437,148,21,14644,12.696926345,81985,71.0842328868,18706,16.2188407682,22.816368848,17.8618039885,40.6781728365,127.7383228626
"2024年 三峽區0 男",57359,1913,2870,2891,2880,3618,4159,4219,3873,4474,4654,4455,4418,4259,3519,2517,1152,816,417,176,68,11,7674,13.3788943322,41009,71.495318956,8676,15.1257867118,21.156331537,18.7129654466,39.8692969836,113.0570758405
"2024年 三峽區0 女",57976,1705,2626,2639,2680,3142,3718,3867,3730,4794,5062,4663,4786,4534,3726,2782,1429,1061,681,261,80,10,6970,12.0222160894,40976,70.6775217331,10030,17.3002621775,24.4777430691,17.009957048,41.4877001171,143.9024390244
"2024年 淡水區0 計",200726,5626,7500,7583,7798,9948,12403,13854,13343,16771,17122,16714,17017,16364,14398,11520,5910,3716,1922,849,312,56,20709,10.3170491117,141334,70.4114065941,38683,19.2715442942,27.3699180664,14.6525252239,42.0224432904,186.7931817084
"2024年 淡水區0 男",95295,2859,3839,3941,4022,5257,6374,7131,6581,8186,8004,7394,7472,7319,6387,5143,2605,1568,732,338,118,25,10639,11.1642793431,67740,71.0845269951,16916,17.7511936618,24.9719515796,15.7056392087,40.6775907883,158.9999060062
"2024年 淡水區0 女",105431,2767,3661,3642,3776,4691,6029,6723,6762,8585,9118,9320,9545,9045,8011,6377,3305,2148,1190,511,194,31,10070,9.5512704992,73594,69.8029991179,21767,20.6457303829,29.5771394407,13.6831806941,43.2603201348,216.1569016882
"2024年 汐止區0 計",210817,5297,6917,7004,8091,10876,14256,14984,13604,17051,18271,17757,19656,18572,14856,11336,5733,3615,1923,740,238,40,19218,9.1159631339,153118,72.6307650711,38481,18.253271795,25.1315978526,12.551104377,37.6827022297,200.2341554792
"2024年 汐止區0 男",102233,2744,3618,3609,4269,5719,7426,7860,6889,8549,8801,8344,9067,8671,6739,4956,2484,1425,673,284,93,13,9971,9.7532108028,75595,73.9438341827,16667,16.3029550145,22.0477544811,13.1900257954,35.2377802765,167.1547487714
"2024年 汐止區0 女",108584,2553,3299,3395,3822,5157,6830,7124,6715,8502,9470,9413,10589,9901,8117,6380,3249,2190,1250,456,145,27,9247,8.5159876225,77523,71.3944964267,21814,20.0895159508,28.1387459206,11.928072959,40.0668188796,235.903536282
"2024年 瑞芳區0 計",36330,808,1006,995,1239,1969,2204,2466,2239,2584,2710,2914,3492,3417,2880,2090,1089,1020,788,314,92,14,2809,7.7319020094,25234,69.4577484173,8287,22.8103495734,32.8406118729,11.1318062931,43.972418166,295.0160199359
"2024年 瑞芳區0 男",18310,413,532,471,654,1009,1150,1367,1196,1273,1374,1485,1865,1839,1478,974,474,396,261,75,22,2,1416,7.7334789732,13212,72.1572910978,3682,20.109229929,27.8686042991,10.7175295186,38.5861338177,260.0282485876
"2024年 瑞芳區0 女",18020,395,474,524,585,960,1054,1099,1043,1311,1336,1429,1627,1578,1402,1116,615,624,527,239,70,12,1393,7.730299667,12022,66.7147613762,4605,25.5549389567,38.3047745799,11.5870903344,49.8918649143,330.5814788227
"2024年 土城區0 計",241224,7259,10091,10041,9800,12333,16279,18525,18332,21504,20455,17152,18644,20052,17361,12439,5615,3094,1470,590,151,37,27391,11.3550061354,173076,71.7490796936,40757,16.8959141711,23.5486144815,15.8259955164,39.3746099979,148.797050126
"2024年 土城區0 男",117779,3700,5163,5220,5067,6450,8483,9666,9453,10710,9984,8019,8323,9003,7898,5739,2668,1335,563,239,75,21,14083,11.9571400674,85158,72.3032119478,18538,15.7396479848,21.7689471336,16.5374950093,38.3064421428,131.6338848257
"2024年 土城區0 女",123445,3559,4928,4821,4733,5883,7796,8859,8879,10794,10471,9133,10321,11049,9463,6700,2947,1759,907,351,76,16,13308,10.7805095387,87918,71.2203815464,22219,17.9991089149,25.2724129302,15.136832048,40.4092449783,166.9597234746
"2024年 蘆洲區0 計",198359,5981,8397,8368,9217,11535,14020,14960,14072,16751,17167,15297,15671,15738,13174,9281,4244,2678,1258,422,115,13,22746,11.4670874525,144428,72.8114176821,31185,15.7214948654,21.5920735591,15.749023735,37.3410972942,137.1010287523
"2024年 蘆洲區0 男",96796,3128,4332,4398,4841,6069,7287,7780,7147,8332,8261,7253,7002,7145,6004,4215,1834,1120,462,139,41,6,11858,12.2505062193,71117,73.4710111988,13821,14.2784825819,19.4341718576,16.67393169,36.1081035477,116.5542249958
"2024年 蘆洲區0 女",101563,2853,4065,3970,4376,5466,6733,7180,6925,8419,8906,8044,8669,8593,7170,5066,2410,1558,796,283,74,7,10888,10.7204395301,73311,72.1827831001,17364,17.0967773697,23.6853950976,14.8517957742,38.5371908718,159.4783247612
"2024年 五股區0 計",93860,3136,3628,3522,4084,5266,7044,7725,7091,8529,8177,7184,7362,7147,5647,4011,1952,1309,625,292,109,20,10286,10.9588749201,69609,74.1625825698,13965,14.8785425101,20.0620609404,14.7768248359,34.8388857763,135.7670620261
"2024年 五股區0 男",46641,1550,1872,1869,2143,2756,3591,4129,3686,4279,4046,3484,3564,3406,2658,1891,821,469,222,140,54,11,5291,11.3440963959,35084,75.2213717545,6266,13.4345318497,17.8599931593,15.0809485805,32.9409417398,118.4275184275
"2024年 五股區0 女",47219,1586,1756,1653,1941,2510,3453,3596,3405,4250,4131,3700,3798,3741,2989,2120,1131,840,403,152,55,9,4995,10.5783688769,34525,73.1167538491,7699,16.304877274,22.2997827661,14.4677769732,36.7675597393,154.1341341341
"2024年 泰山區0 計",77667,2259,3276,3842,4034,4372,4932,5354,5128,7157,7901,6252,5298,5157,4873,3997,2034,1054,510,175,57,5,9377,12.073338741,55585,71.5683623675,12705,16.3582988914,22.8568858505,16.8696590807,39.7265449312,135.491095233
"2024年 泰山區0 男",38166,1166,1664,2000,2114,2288,2587,2811,2590,3424,3866,3160,2537,2343,2137,1812,925,449,197,72,21,3,4830,12.6552428863,27720,72.6300896086,5616,14.7146675051,20.2597402597,17.4242424242,37.683982684,116.2732919255
"2024年 泰山區0 女",39501,1093,1612,1842,1920,2084,2345,2543,2538,3733,4035,3092,2761,2814,2736,2185,1109,605,313,103,36,2,4547,11.5111009848,27865,70.5425179109,7089,17.9463811043,25.4405167773,16.3179616006,41.7584783779,155.9049923026
"2024年 林口區0 計",136075,6133,8705,8871,6470,6587,7804,9071,10031,12633,12850,10132,9214,8584,7085,5689,3005,1762,911,368,142,28,23709,17.4234796987,93376,68.6209810766,18990,13.9555392247,20.337131597,25.3908927347,45.7280243317,80.0961660129
"2024年 林口區0 男",65856,3178,4504,4609,3331,3486,3993,4519,4742,5862,6028,4804,4284,3996,3287,2547,1343,780,371,124,58,10,12291,18.6634475219,45045,68.3992346939,8520,12.9373177843,18.9144189144,27.286047286,46.2004662005,69.3190139126
"2024年 林口區0 女",70219,2955,4201,4262,3139,3101,3811,4552,5289,6771,6822,5328,4930,4588,3798,3142,1662,982,540,244,84,18,11418,16.2605562597,48331,68.8289494296,10470,14.9104943107,21.6631147711,23.6245887733,45.2877035443,91.697320021
"2024年 深坑區0 計",23636,507,742,661,889,1375,1716,1751,1416,1699,1815,1906,2245,2218,1812,1345,704,448,260,81,38,8,1910,8.0808935522,17030,72.0511084786,4696,19.8679979692,27.5748678802,11.2155020552,38.7903699354,245.8638743456
"2024年 深坑區0 男",11726,257,394,347,460,735,918,986,749,875,849,912,1030,1103,854,604,312,195,94,32,17,3,998,8.5110011939,8617,73.4862698277,2111,18.0027289783,24.4980851805,11.581756992,36.0798421724,211.5230460922
"2024年 深坑區0 女",11910,250,348,314,429,640,798,765,667,824,966,994,1215,1115,958,741,392,253,166,49,21,5,912,7.6574307305,8413,70.6381192275,2585,21.704450042,30.7262569832,10.8403661001,41.5666230833,283.4429824561
"2024年 石碇區0 計",7068,125,114,158,253,400,463,351,349,413,494,564,644,742,671,510,286,263,178,63,21,6,397,5.6168647425,4673,66.1148839842,1998,28.2682512733,42.7562593623,8.4956130965,51.2518724588,503.274559194
"2024年 石碇區0 男",3853,52,63,75,149,194,239,200,200,204,263,334,398,436,392,293,148,122,61,23,4,3,190,4.9312224241,2617,67.9211004412,1046,27.1476771347,39.9694306458,7.2602216278,47.2296522736,550.5263157895
"2024年 石碇區0 女",3215,73,51,83,104,206,224,151,149,209,231,230,246,306,279,217,138,141,117,40,17,3,207,6.4385692068,2056,63.9502332815,952,29.6111975117,46.3035019455,10.0680933852,56.3715953307,459.9033816425
"2024年 坪林區0 計",6324,105,124,130,173,329,372,344,312,327,401,497,602,625,603,495,308,269,196,69,34,9,359,5.6767868438,3982,62.9664769133,1983,31.3567362429,49.7990959317,9.0155700653,58.814665997,552.3676880223
"2024年 坪林區0 男",3401,59,59,64,90,168,198,179,172,166,213,284,351,372,351,260,156,126,91,22,17,3,182,5.3513672449,2193,64.4810349897,1026,30.1675977654,46.7852257182,8.2991336069,55.0843593251,563.7362637363
"2024年 坪林區0 女",2923,46,65,66,83,161,174,165,140,161,188,213,251,253,252,235,152,143,105,47,17,6,177,6.0554225111,1789,61.2042422169,957,32.740335272,53.4935718278,9.8937954164,63.3873672443,540.6779661017
"2024年 三芝區0 計",22080,419,577,655,796,1214,1472,1503,1187,1537,1592,1787,2032,2099,1838,1455,752,593,334,173,59,6,1651,7.4773550725,15219,68.9266304348,5210,23.5960144928,34.2335238846,10.8482817531,45.0818056377,315.5663234403
"2024年 三芝區0 男",11349,214,293,356,395,616,786,855,636,788,845,912,1027,1078,960,734,367,265,138,61,21,2,863,7.6041942021,7938,69.9444885012,2548,22.4513172967,32.0987654321,10.8717561099,42.970521542,295.2491309386
"2024年 三芝區0 女",10731,205,284,299,401,598,686,648,551,749,747,875,1005,1021,878,721,385,328,196,112,38,4,788,7.3432112571,7281,67.8501537601,2662,24.8066349828,36.5609119626,10.822689191,47.3836011537,337.8172588832
"2024年 石門區0 計",10397,178,197,280,386,652,708,702,619,846,896,845,868,909,744,643,356,275,176,82,30,5,655,6.2998942003,7431,71.4725401558,2311,22.2275656439,31.0994482573,8.814426053,39.9138743103,352.8244274809
"2024年 石門區0 男",5431,105,99,140,223,324,390,375,323,413,432,448,466,511,401,334,186,135,84,30,11,1,344,6.3340084699,3905,71.9020438225,1182,21.7639477076,30.2688860435,8.8092189501,39.0781049936,343.6046511628
"2024年 石門區0 女",4966,73,98,140,163,328,318,327,296,433,464,397,402,398,343,309,170,140,92,52,19,4,311,6.262585582,3526,71.0028191704,1129,22.7345952477,32.0192853091,8.8201928531,40.8394781622,363.0225080386
"2024年 八里區0 計",42674,1312,1629,1430,1699,2549,3087,3210,2938,3439,3506,3420,3647,3557,2877,2070,1013,656,419,164,39,13,4371,10.2427707738,31052,72.7656184093,7251,16.9916108169,23.3511529048,14.0763879943,37.4275408991,165.8888126287
"2024年 八里區0 男",21151,702,860,741,904,1297,1614,1673,1514,1684,1700,1622,1758,1771,1378,955,473,263,153,71,14,4,2303,10.8883740721,15537,73.457519739,3311,15.6541061888,21.3104202871,14.8226813413,36.1331016284,143.7689969605
"2024年 八里區0 女",21523,610,769,689,795,1252,1473,1537,1424,1755,1806,1798,1889,1786,1499,1115,540,393,266,93,25,9,2068,9.6083259769,15515,72.0856757887,3940,18.3059982344,25.3947792459,13.3290364164,38.7238156623,190.5222437137
"2024年 平溪區0 計",4049,40,55,54,104,167,150,169,166,209,279,341,434,495,399,307,202,236,165,50,23,4,149,3.6799209681,2514,62.0894047913,1386,34.2306742406,55.1312649165,5.9268098648,61.0580747812,930.2013422819
"2024年 平溪區0 男",2272,25,20,35,54,75,81,97,97,118,163,213,293,329,263,157,98,92,44,12,6,0,80,3.5211267606,1520,66.9014084507,672,29.5774647887,44.2105263158,5.2631578947,49.4736842105,840
"2024年 平溪區0 女",1777,15,35,19,50,92,69,72,69,91,116,128,141,166,136,150,104,144,121,38,17,4,69,3.8829487901,994,55.9369724254,714,40.1800787845,71.8309859155,6.9416498994,78.7726358149,1034.7826086957
"2024年 雙溪區0 計",7686,98,130,157,250,327,382,392,315,457,542,617,769,791,736,617,364,341,245,125,26,5,385,5.0091074681,4842,62.9976580796,2459,31.9932344523,50.7847996696,7.95125981,58.7360594796,638.7012987013
"2024年 雙溪區0 男",4192,53,67,77,133,169,191,209,166,256,318,380,484,491,428,320,182,140,84,35,8,1,197,4.6994274809,2797,66.7223282443,1198,28.5782442748,42.8316052914,7.0432606364,49.8748659278,608.1218274112
"2024年 雙溪區0 女",3494,45,63,80,117,158,191,183,149,201,224,237,285,300,308,297,182,201,161,90,18,4,188,5.3806525472,2045,58.5289066972,1261,36.0904407556,61.662591687,9.1931540342,70.8557457213,670.7446808511
"2024年 貢寮區0 計",10719,163,145,160,270,489,570,562,527,728,910,1153,1162,1060,818,686,417,416,304,133,43,3,468,4.3660789253,7431,69.3254967814,2820,26.3084242933,37.9491320145,6.2979410577,44.2470730723,602.5641025641
"2024年 貢寮區0 男",5449,85,78,89,140,242,317,297,287,339,452,568,655,595,433,341,171,177,113,57,13,0,252,4.6247017801,3892,71.4259497155,1305,23.9493485043,33.5303186023,6.4748201439,40.0051387461,517.8571428571
"2024年 貢寮區0 女",5270,78,67,71,130,247,253,265,240,389,458,585,507,465,385,345,246,239,191,76,30,3,216,4.0986717268,3539,67.1537001898,1515,28.7476280835,42.8087030235,6.1034190449,48.9121220684,701.3888888889
"2024年 金山區0 計",20059,419,509,546,739,1117,1376,1384,1190,1576,1772,1705,1849,1695,1428,1117,601,524,327,146,35,4,1474,7.3483224488,14403,71.8031806172,4182,20.848496934,29.0356175797,10.2339790321,39.2695966118,283.7177747626
"2024年 金山區0 男",9909,227,264,282,385,567,705,674,578,717,842,857,955,873,719,534,282,247,136,51,12,2,773,7.8009889999,7153,72.1869007973,1983,20.0121102028,27.7226338599,10.8066545505,38.5292884105,256.5329883571
"2024年 金山區0 女",10150,192,245,264,354,550,671,710,612,859,930,848,894,822,709,583,319,277,191,95,23,2,701,6.9064039409,7250,71.4285714286,2199,21.6650246305,30.3310344828,9.6689655172,40,313.694721826
"2024年 萬里區0 計",20622,461,516,529,749,1091,1214,1281,1196,1551,1665,1739,1840,1892,1686,1369,718,575,358,142,49,1,1506,7.302880419,14218,68.9457860537,4898,23.7513335273,34.4492896329,10.5922070615,45.0414966943,325.2324037185
"2024年 萬里區0 男",10252,223,276,279,381,555,639,658,599,729,794,849,944,963,875,673,351,235,163,47,18,1,778,7.5887631682,7111,69.3620756925,2363,23.0491611393,33.230206722,10.9407959499,44.1710026719,303.7275064267
"2024年 萬里區0 女",10370,238,240,250,368,536,575,623,597,822,871,890,896,929,811,696,367,340,195,95,31,0,728,7.0202507232,7107,68.5342333655,2535,24.4455159113,35.6690586745,10.2434219783,45.9124806529,348.2142857143
"2024年 烏來區0 計",6309,298,306,259,308,339,440,492,442,487,457,421,422,473,444,355,161,103,68,25,9,0,863,13.6788714535,4281,67.8554446029,1165,18.4656839436,27.2132679281,20.1588413922,47.3721093203,134.9942062572
"2024年 烏來區0 男",3068,144,159,127,160,179,220,250,212,245,202,193,211,231,206,172,71,44,31,9,2,0,430,14.0156453716,2103,68.5462842243,535,17.4380704042,25.4398478364,20.446980504,45.8868283405,124.4186046512
"2024年 烏來區0 女",3241,154,147,132,148,160,220,242,230,242,255,228,211,242,238,183,90,59,37,16,7,0,433,13.3600740512,2178,67.2014810244,630,19.4384449244,28.9256198347,19.8806244261,48.8062442608,145.4965357968
